figure,topic,title,source,year,series,unit,value
Fig 13,structural fiscal balance,Figure 13: Operating balance before gains and losses excluding ACC (OBEGALx) and the structural balance,Source: The Treasury,2014,OBEGALx,% of GDP,-1.616951626443255
Fig 13,structural fiscal balance,Figure 13: Operating balance before gains and losses excluding ACC (OBEGALx) and the structural balance,Source: The Treasury,2015,OBEGALx,% of GDP,0.13543632459165747
Fig 13,structural fiscal balance,Figure 13: Operating balance before gains and losses excluding ACC (OBEGALx) and the structural balance,Source: The Treasury,2016,OBEGALx,% of GDP,0.8191434717625296
Fig 13,structural fiscal balance,Figure 13: Operating balance before gains and losses excluding ACC (OBEGALx) and the structural balance,Source: The Treasury,2017,OBEGALx,% of GDP,1.6866273253200714
Fig 13,structural fiscal balance,Figure 13: Operating balance before gains and losses excluding ACC (OBEGALx) and the structural balance,Source: The Treasury,2018,OBEGALx,% of GDP,2.0086742817349914
Fig 13,structural fiscal balance,Figure 13: Operating balance before gains and losses excluding ACC (OBEGALx) and the structural balance,Source: The Treasury,2019,OBEGALx,% of GDP,2.738702530014943
Fig 13,structural fiscal balance,Figure 13: Operating balance before gains and losses excluding ACC (OBEGALx) and the structural balance,Source: The Treasury,2020,OBEGALx,% of GDP,-6.580591944740911
Fig 13,structural fiscal balance,Figure 13: Operating balance before gains and losses excluding ACC (OBEGALx) and the structural balance,Source: The Treasury,2021,OBEGALx,% of GDP,-0.7452102984044522
Fig 13,structural fiscal balance,Figure 13: Operating balance before gains and losses excluding ACC (OBEGALx) and the structural balance,Source: The Treasury,2022,OBEGALx,% of GDP,-2.3690513950715855
Fig 13,structural fiscal balance,Figure 13: Operating balance before gains and losses excluding ACC (OBEGALx) and the structural balance,Source: The Treasury,2023,OBEGALx,% of GDP,-1.792816283025399
Fig 13,structural fiscal balance,Figure 13: Operating balance before gains and losses excluding ACC (OBEGALx) and the structural balance,Source: The Treasury,2024,OBEGALx,% of GDP,-2.0857206708160767
Fig 13,structural fiscal balance,Figure 13: Operating balance before gains and losses excluding ACC (OBEGALx) and the structural balance,Source: The Treasury,2014,Structural balance,% of GDP,-0.8206468091526451
Fig 13,structural fiscal balance,Figure 13: Operating balance before gains and losses excluding ACC (OBEGALx) and the structural balance,Source: The Treasury,2015,Structural balance,% of GDP,0.469464370754449
Fig 13,structural fiscal balance,Figure 13: Operating balance before gains and losses excluding ACC (OBEGALx) and the structural balance,Source: The Treasury,2016,Structural balance,% of GDP,1.174733286955359
Fig 13,structural fiscal balance,Figure 13: Operating balance before gains and losses excluding ACC (OBEGALx) and the structural balance,Source: The Treasury,2017,Structural balance,% of GDP,1.6497067484644072
Fig 13,structural fiscal balance,Figure 13: Operating balance before gains and losses excluding ACC (OBEGALx) and the structural balance,Source: The Treasury,2018,Structural balance,% of GDP,1.741552386794985
Fig 13,structural fiscal balance,Figure 13: Operating balance before gains and losses excluding ACC (OBEGALx) and the structural balance,Source: The Treasury,2019,Structural balance,% of GDP,2.189901114174168
Fig 13,structural fiscal balance,Figure 13: Operating balance before gains and losses excluding ACC (OBEGALx) and the structural balance,Source: The Treasury,2020,Structural balance,% of GDP,-2.806337060348167
Fig 13,structural fiscal balance,Figure 13: Operating balance before gains and losses excluding ACC (OBEGALx) and the structural balance,Source: The Treasury,2021,Structural balance,% of GDP,0.14252515742549926
Fig 13,structural fiscal balance,Figure 13: Operating balance before gains and losses excluding ACC (OBEGALx) and the structural balance,Source: The Treasury,2022,Structural balance,% of GDP,0.703279790280626
Fig 13,structural fiscal balance,Figure 13: Operating balance before gains and losses excluding ACC (OBEGALx) and the structural balance,Source: The Treasury,2023,Structural balance,% of GDP,-1.843172511298903
Fig 13,structural fiscal balance,Figure 13: Operating balance before gains and losses excluding ACC (OBEGALx) and the structural balance,Source: The Treasury,2024,Structural balance,% of GDP,-1.9345878264997132
Fig 15,old-age support ratio,Figure 15:  Ratio of 15–64 years to 65+ years,Source: Stats NZ,2006,LTFS 2006,Ratio,5.35153683716565
Fig 15,old-age support ratio,Figure 15:  Ratio of 15–64 years to 65+ years,Source: Stats NZ,2007,LTFS 2006,Ratio,5.244633886436292
Fig 15,old-age support ratio,Figure 15:  Ratio of 15–64 years to 65+ years,Source: Stats NZ,2008,LTFS 2006,Ratio,5.19329425381772
Fig 15,old-age support ratio,Figure 15:  Ratio of 15–64 years to 65+ years,Source: Stats NZ,2009,LTFS 2006,Ratio,5.107887216265905
Fig 15,old-age support ratio,Figure 15:  Ratio of 15–64 years to 65+ years,Source: Stats NZ,2010,LTFS 2006,Ratio,5.014001382414973
Fig 15,old-age support ratio,Figure 15:  Ratio of 15–64 years to 65+ years,Source: Stats NZ,2011,LTFS 2006,Ratio,4.906809727197575
Fig 15,old-age support ratio,Figure 15:  Ratio of 15–64 years to 65+ years,Source: Stats NZ,2012,LTFS 2006,Ratio,4.740347506335613
Fig 15,old-age support ratio,Figure 15:  Ratio of 15–64 years to 65+ years,Source: Stats NZ,2013,LTFS 2006,Ratio,4.59521336933425
Fig 15,old-age support ratio,Figure 15:  Ratio of 15–64 years to 65+ years,Source: Stats NZ,2014,LTFS 2006,Ratio,4.463146348622719
Fig 15,old-age support ratio,Figure 15:  Ratio of 15–64 years to 65+ years,Source: Stats NZ,2015,LTFS 2006,Ratio,4.339302798373595
Fig 15,old-age support ratio,Figure 15:  Ratio of 15–64 years to 65+ years,Source: Stats NZ,2016,LTFS 2006,Ratio,4.225648456745399
Fig 15,old-age support ratio,Figure 15:  Ratio of 15–64 years to 65+ years,Source: Stats NZ,2017,LTFS 2006,Ratio,4.1127599775154575
Fig 15,old-age support ratio,Figure 15:  Ratio of 15–64 years to 65+ years,Source: Stats NZ,2018,LTFS 2006,Ratio,4.007680135323166
Fig 15,old-age support ratio,Figure 15:  Ratio of 15–64 years to 65+ years,Source: Stats NZ,2019,LTFS 2006,Ratio,3.9042016806722692
Fig 15,old-age support ratio,Figure 15:  Ratio of 15–64 years to 65+ years,Source: Stats NZ,2020,LTFS 2006,Ratio,3.80057247009293
Fig 15,old-age support ratio,Figure 15:  Ratio of 15–64 years to 65+ years,Source: Stats NZ,2021,LTFS 2006,Ratio,3.6935231033367337
Fig 15,old-age support ratio,Figure 15:  Ratio of 15–64 years to 65+ years,Source: Stats NZ,2022,LTFS 2006,Ratio,3.5872818706962044
Fig 15,old-age support ratio,Figure 15:  Ratio of 15–64 years to 65+ years,Source: Stats NZ,2023,LTFS 2006,Ratio,3.4837023262341673
Fig 15,old-age support ratio,Figure 15:  Ratio of 15–64 years to 65+ years,Source: Stats NZ,2024,LTFS 2006,Ratio,3.3735972550929123
Fig 15,old-age support ratio,Figure 15:  Ratio of 15–64 years to 65+ years,Source: Stats NZ,2025,LTFS 2006,Ratio,3.2678495013002404
Fig 15,old-age support ratio,Figure 15:  Ratio of 15–64 years to 65+ years,Source: Stats NZ,2026,LTFS 2006,Ratio,3.159646457671592
Fig 15,old-age support ratio,Figure 15:  Ratio of 15–64 years to 65+ years,Source: Stats NZ,2027,LTFS 2006,Ratio,3.0540974329955244
Fig 15,old-age support ratio,Figure 15:  Ratio of 15–64 years to 65+ years,Source: Stats NZ,2028,LTFS 2006,Ratio,2.9567196358699994
Fig 15,old-age support ratio,Figure 15:  Ratio of 15–64 years to 65+ years,Source: Stats NZ,2029,LTFS 2006,Ratio,2.8697956608260933
Fig 15,old-age support ratio,Figure 15:  Ratio of 15–64 years to 65+ years,Source: Stats NZ,2030,LTFS 2006,Ratio,2.79631892542177
Fig 15,old-age support ratio,Figure 15:  Ratio of 15–64 years to 65+ years,Source: Stats NZ,2031,LTFS 2006,Ratio,2.7307756432818953
Fig 15,old-age support ratio,Figure 15:  Ratio of 15–64 years to 65+ years,Source: Stats NZ,2032,LTFS 2006,Ratio,2.6676393558501816
Fig 15,old-age support ratio,Figure 15:  Ratio of 15–64 years to 65+ years,Source: Stats NZ,2033,LTFS 2006,Ratio,2.60815200028398
Fig 15,old-age support ratio,Figure 15:  Ratio of 15–64 years to 65+ years,Source: Stats NZ,2034,LTFS 2006,Ratio,2.55180031309793
Fig 15,old-age support ratio,Figure 15:  Ratio of 15–64 years to 65+ years,Source: Stats NZ,2035,LTFS 2006,Ratio,2.5002048340843914
Fig 15,old-age support ratio,Figure 15:  Ratio of 15–64 years to 65+ years,Source: Stats NZ,2036,LTFS 2006,Ratio,2.448615193923101
Fig 15,old-age support ratio,Figure 15:  Ratio of 15–64 years to 65+ years,Source: Stats NZ,2037,LTFS 2006,Ratio,2.4019472289434267
Fig 15,old-age support ratio,Figure 15:  Ratio of 15–64 years to 65+ years,Source: Stats NZ,2038,LTFS 2006,Ratio,2.365367923227309
Fig 15,old-age support ratio,Figure 15:  Ratio of 15–64 years to 65+ years,Source: Stats NZ,2039,LTFS 2006,Ratio,2.336194391684498
Fig 15,old-age support ratio,Figure 15:  Ratio of 15–64 years to 65+ years,Source: Stats NZ,2040,LTFS 2006,Ratio,2.314920065408246
Fig 15,old-age support ratio,Figure 15:  Ratio of 15–64 years to 65+ years,Source: Stats NZ,2041,LTFS 2006,Ratio,2.3011373040455867
Fig 15,old-age support ratio,Figure 15:  Ratio of 15–64 years to 65+ years,Source: Stats NZ,2042,LTFS 2006,Ratio,2.2886819932972093
Fig 15,old-age support ratio,Figure 15:  Ratio of 15–64 years to 65+ years,Source: Stats NZ,2043,LTFS 2006,Ratio,2.280439440570338
Fig 15,old-age support ratio,Figure 15:  Ratio of 15–64 years to 65+ years,Source: Stats NZ,2044,LTFS 2006,Ratio,2.2701529781924705
Fig 15,old-age support ratio,Figure 15:  Ratio of 15–64 years to 65+ years,Source: Stats NZ,2045,LTFS 2006,Ratio,2.260506469671967
Fig 15,old-age support ratio,Figure 15:  Ratio of 15–64 years to 65+ years,Source: Stats NZ,2046,LTFS 2006,Ratio,2.2505755594437793
Fig 15,old-age support ratio,Figure 15:  Ratio of 15–64 years to 65+ years,Source: Stats NZ,2047,LTFS 2006,Ratio,2.241585353739885
Fig 15,old-age support ratio,Figure 15:  Ratio of 15–64 years to 65+ years,Source: Stats NZ,2048,LTFS 2006,Ratio,2.232922374429224
Fig 15,old-age support ratio,Figure 15:  Ratio of 15–64 years to 65+ years,Source: Stats NZ,2049,LTFS 2006,Ratio,2.226042828209271
Fig 15,old-age support ratio,Figure 15:  Ratio of 15–64 years to 65+ years,Source: Stats NZ,2050,LTFS 2006,Ratio,2.2203544977947907
Fig 15,old-age support ratio,Figure 15:  Ratio of 15–64 years to 65+ years,Source: Stats NZ,2051,LTFS 2006,Ratio,2.2147481851522057
Fig 15,old-age support ratio,Figure 15:  Ratio of 15–64 years to 65+ years,Source: Stats NZ,2052,LTFS 2006,Ratio,2.2086617433395817
Fig 15,old-age support ratio,Figure 15:  Ratio of 15–64 years to 65+ years,Source: Stats NZ,2053,LTFS 2006,Ratio,2.198469617404351
Fig 15,old-age support ratio,Figure 15:  Ratio of 15–64 years to 65+ years,Source: Stats NZ,2054,LTFS 2006,Ratio,2.1868731409097024
Fig 15,old-age support ratio,Figure 15:  Ratio of 15–64 years to 65+ years,Source: Stats NZ,2055,LTFS 2006,Ratio,2.1706027572463227
Fig 15,old-age support ratio,Figure 15:  Ratio of 15–64 years to 65+ years,Source: Stats NZ,2056,LTFS 2006,Ratio,2.1526321238924964
Fig 15,old-age support ratio,Figure 15:  Ratio of 15–64 years to 65+ years,Source: Stats NZ,2057,LTFS 2006,Ratio,2.1384516803782785
Fig 15,old-age support ratio,Figure 15:  Ratio of 15–64 years to 65+ years,Source: Stats NZ,2058,LTFS 2006,Ratio,2.12585780446095
Fig 15,old-age support ratio,Figure 15:  Ratio of 15–64 years to 65+ years,Source: Stats NZ,2059,LTFS 2006,Ratio,2.1157480948999687
Fig 15,old-age support ratio,Figure 15:  Ratio of 15–64 years to 65+ years,Source: Stats NZ,2060,LTFS 2006,Ratio,2.1059303777594405
Fig 15,old-age support ratio,Figure 15:  Ratio of 15–64 years to 65+ years,Source: Stats NZ,2061,LTFS 2006,Ratio,2.0981731498221263
Fig 15,old-age support ratio,Figure 15:  Ratio of 15–64 years to 65+ years,Source: Stats NZ,2062,LTFS 2006,Ratio,2.0909183554623807
Fig 15,old-age support ratio,Figure 15:  Ratio of 15–64 years to 65+ years,Source: Stats NZ,2063,LTFS 2006,Ratio,2.0820268797675263
Fig 15,old-age support ratio,Figure 15:  Ratio of 15–64 years to 65+ years,Source: Stats NZ,2064,LTFS 2006,Ratio,2.07698841362488
Fig 15,old-age support ratio,Figure 15:  Ratio of 15–64 years to 65+ years,Source: Stats NZ,2065,LTFS 2006,Ratio,2.068216728495247
Fig 15,old-age support ratio,Figure 15:  Ratio of 15–64 years to 65+ years,Source: Stats NZ,2006,LTFS 2025,Ratio,5.442780915896256
Fig 15,old-age support ratio,Figure 15:  Ratio of 15–64 years to 65+ years,Source: Stats NZ,2007,LTFS 2025,Ratio,5.344108128688368
Fig 15,old-age support ratio,Figure 15:  Ratio of 15–64 years to 65+ years,Source: Stats NZ,2008,LTFS 2025,Ratio,5.287946470291383
Fig 15,old-age support ratio,Figure 15:  Ratio of 15–64 years to 65+ years,Source: Stats NZ,2009,LTFS 2025,Ratio,5.203045500136773
Fig 15,old-age support ratio,Figure 15:  Ratio of 15–64 years to 65+ years,Source: Stats NZ,2010,LTFS 2025,Ratio,5.109916049908593
Fig 15,old-age support ratio,Figure 15:  Ratio of 15–64 years to 65+ years,Source: Stats NZ,2011,LTFS 2025,Ratio,4.987863115248684
Fig 15,old-age support ratio,Figure 15:  Ratio of 15–64 years to 65+ years,Source: Stats NZ,2012,LTFS 2025,Ratio,4.801565583694048
Fig 15,old-age support ratio,Figure 15:  Ratio of 15–64 years to 65+ years,Source: Stats NZ,2013,LTFS 2025,Ratio,4.644355341139634
Fig 15,old-age support ratio,Figure 15:  Ratio of 15–64 years to 65+ years,Source: Stats NZ,2014,LTFS 2025,Ratio,4.558324210136771
Fig 15,old-age support ratio,Figure 15:  Ratio of 15–64 years to 65+ years,Source: Stats NZ,2015,LTFS 2025,Ratio,4.510377034749263
Fig 15,old-age support ratio,Figure 15:  Ratio of 15–64 years to 65+ years,Source: Stats NZ,2016,LTFS 2025,Ratio,4.476487080178047
Fig 15,old-age support ratio,Figure 15:  Ratio of 15–64 years to 65+ years,Source: Stats NZ,2017,LTFS 2025,Ratio,4.431039072021966
Fig 15,old-age support ratio,Figure 15:  Ratio of 15–64 years to 65+ years,Source: Stats NZ,2018,LTFS 2025,Ratio,4.380294721946307
Fig 15,old-age support ratio,Figure 15:  Ratio of 15–64 years to 65+ years,Source: Stats NZ,2019,LTFS 2025,Ratio,4.301636572575851
Fig 15,old-age support ratio,Figure 15:  Ratio of 15–64 years to 65+ years,Source: Stats NZ,2020,LTFS 2025,Ratio,4.222208087926627
Fig 15,old-age support ratio,Figure 15:  Ratio of 15–64 years to 65+ years,Source: Stats NZ,2021,LTFS 2025,Ratio,4.0928178162697195
Fig 15,old-age support ratio,Figure 15:  Ratio of 15–64 years to 65+ years,Source: Stats NZ,2022,LTFS 2025,Ratio,3.9808052830827667
Fig 15,old-age support ratio,Figure 15:  Ratio of 15–64 years to 65+ years,Source: Stats NZ,2023,LTFS 2025,Ratio,3.98866678459815
Fig 15,old-age support ratio,Figure 15:  Ratio of 15–64 years to 65+ years,Source: Stats NZ,2024,LTFS 2025,Ratio,3.9352945214883968
Fig 15,old-age support ratio,Figure 15:  Ratio of 15–64 years to 65+ years,Source: Stats NZ,2025,LTFS 2025,Ratio,3.8474139213257175
Fig 15,old-age support ratio,Figure 15:  Ratio of 15–64 years to 65+ years,Source: Stats NZ,2026,LTFS 2025,Ratio,3.752927469761458
Fig 15,old-age support ratio,Figure 15:  Ratio of 15–64 years to 65+ years,Source: Stats NZ,2027,LTFS 2025,Ratio,3.6605328098032444
Fig 15,old-age support ratio,Figure 15:  Ratio of 15–64 years to 65+ years,Source: Stats NZ,2028,LTFS 2025,Ratio,3.575410987983812
Fig 15,old-age support ratio,Figure 15:  Ratio of 15–64 years to 65+ years,Source: Stats NZ,2029,LTFS 2025,Ratio,3.502684711886266
Fig 15,old-age support ratio,Figure 15:  Ratio of 15–64 years to 65+ years,Source: Stats NZ,2030,LTFS 2025,Ratio,3.4457337590839874
Fig 15,old-age support ratio,Figure 15:  Ratio of 15–64 years to 65+ years,Source: Stats NZ,2031,LTFS 2025,Ratio,3.396289252701044
Fig 15,old-age support ratio,Figure 15:  Ratio of 15–64 years to 65+ years,Source: Stats NZ,2032,LTFS 2025,Ratio,3.348472141430876
Fig 15,old-age support ratio,Figure 15:  Ratio of 15–64 years to 65+ years,Source: Stats NZ,2033,LTFS 2025,Ratio,3.3003825867273724
Fig 15,old-age support ratio,Figure 15:  Ratio of 15–64 years to 65+ years,Source: Stats NZ,2034,LTFS 2025,Ratio,3.2520158651436644
Fig 15,old-age support ratio,Figure 15:  Ratio of 15–64 years to 65+ years,Source: Stats NZ,2035,LTFS 2025,Ratio,3.2076445560198055
Fig 15,old-age support ratio,Figure 15:  Ratio of 15–64 years to 65+ years,Source: Stats NZ,2036,LTFS 2025,Ratio,3.1595840373688837
Fig 15,old-age support ratio,Figure 15:  Ratio of 15–64 years to 65+ years,Source: Stats NZ,2037,LTFS 2025,Ratio,3.1176341083916386
Fig 15,old-age support ratio,Figure 15:  Ratio of 15–64 years to 65+ years,Source: Stats NZ,2038,LTFS 2025,Ratio,3.0820595741747843
Fig 15,old-age support ratio,Figure 15:  Ratio of 15–64 years to 65+ years,Source: Stats NZ,2039,LTFS 2025,Ratio,3.054881468162144
Fig 15,old-age support ratio,Figure 15:  Ratio of 15–64 years to 65+ years,Source: Stats NZ,2040,LTFS 2025,Ratio,3.037860466197812
Fig 15,old-age support ratio,Figure 15:  Ratio of 15–64 years to 65+ years,Source: Stats NZ,2041,LTFS 2025,Ratio,3.0271765004755222
Fig 15,old-age support ratio,Figure 15:  Ratio of 15–64 years to 65+ years,Source: Stats NZ,2042,LTFS 2025,Ratio,3.016258872855828
Fig 15,old-age support ratio,Figure 15:  Ratio of 15–64 years to 65+ years,Source: Stats NZ,2043,LTFS 2025,Ratio,3.0082640496796196
Fig 15,old-age support ratio,Figure 15:  Ratio of 15–64 years to 65+ years,Source: Stats NZ,2044,LTFS 2025,Ratio,2.9949348050697866
Fig 15,old-age support ratio,Figure 15:  Ratio of 15–64 years to 65+ years,Source: Stats NZ,2045,LTFS 2025,Ratio,2.97861923496393
Fig 15,old-age support ratio,Figure 15:  Ratio of 15–64 years to 65+ years,Source: Stats NZ,2046,LTFS 2025,Ratio,2.9593468969121393
Fig 15,old-age support ratio,Figure 15:  Ratio of 15–64 years to 65+ years,Source: Stats NZ,2047,LTFS 2025,Ratio,2.93642588415557
Fig 15,old-age support ratio,Figure 15:  Ratio of 15–64 years to 65+ years,Source: Stats NZ,2048,LTFS 2025,Ratio,2.9087100863664497
Fig 15,old-age support ratio,Figure 15:  Ratio of 15–64 years to 65+ years,Source: Stats NZ,2049,LTFS 2025,Ratio,2.879052567998139
Fig 15,old-age support ratio,Figure 15:  Ratio of 15–64 years to 65+ years,Source: Stats NZ,2050,LTFS 2025,Ratio,2.8469521820137755
Fig 15,old-age support ratio,Figure 15:  Ratio of 15–64 years to 65+ years,Source: Stats NZ,2051,LTFS 2025,Ratio,2.8128373912953966
Fig 15,old-age support ratio,Figure 15:  Ratio of 15–64 years to 65+ years,Source: Stats NZ,2052,LTFS 2025,Ratio,2.772121208049466
Fig 15,old-age support ratio,Figure 15:  Ratio of 15–64 years to 65+ years,Source: Stats NZ,2053,LTFS 2025,Ratio,2.7261857051264573
Fig 15,old-age support ratio,Figure 15:  Ratio of 15–64 years to 65+ years,Source: Stats NZ,2054,LTFS 2025,Ratio,2.679402061769866
Fig 15,old-age support ratio,Figure 15:  Ratio of 15–64 years to 65+ years,Source: Stats NZ,2055,LTFS 2025,Ratio,2.627964648361842
Fig 15,old-age support ratio,Figure 15:  Ratio of 15–64 years to 65+ years,Source: Stats NZ,2056,LTFS 2025,Ratio,2.576683817902714
Fig 15,old-age support ratio,Figure 15:  Ratio of 15–64 years to 65+ years,Source: Stats NZ,2057,LTFS 2025,Ratio,2.5292287806632663
Fig 15,old-age support ratio,Figure 15:  Ratio of 15–64 years to 65+ years,Source: Stats NZ,2058,LTFS 2025,Ratio,2.487127489319935
Fig 15,old-age support ratio,Figure 15:  Ratio of 15–64 years to 65+ years,Source: Stats NZ,2059,LTFS 2025,Ratio,2.4519454120447386
Fig 15,old-age support ratio,Figure 15:  Ratio of 15–64 years to 65+ years,Source: Stats NZ,2060,LTFS 2025,Ratio,2.419707496780569
Fig 15,old-age support ratio,Figure 15:  Ratio of 15–64 years to 65+ years,Source: Stats NZ,2061,LTFS 2025,Ratio,2.392071367919508
Fig 15,old-age support ratio,Figure 15:  Ratio of 15–64 years to 65+ years,Source: Stats NZ,2062,LTFS 2025,Ratio,2.3685146907144694
Fig 15,old-age support ratio,Figure 15:  Ratio of 15–64 years to 65+ years,Source: Stats NZ,2063,LTFS 2025,Ratio,2.3470875024843965
Fig 15,old-age support ratio,Figure 15:  Ratio of 15–64 years to 65+ years,Source: Stats NZ,2064,LTFS 2025,Ratio,2.3296083249352364
Fig 15,old-age support ratio,Figure 15:  Ratio of 15–64 years to 65+ years,Source: Stats NZ,2065,LTFS 2025,Ratio,2.308740442510344
Fig 18,unchanged-policy revenue and expenditure,Figure 18: Projections of core Crown revenue and expenditure assuming no  change to fiscal policy,"Source: LTFM, The Treasury",2010,Core Crown expenditure,% of GDP,32.20320947743383
Fig 18,unchanged-policy revenue and expenditure,Figure 18: Projections of core Crown revenue and expenditure assuming no  change to fiscal policy,"Source: LTFM, The Treasury",2011,Core Crown expenditure,% of GDP,34.01246009180099
Fig 18,unchanged-policy revenue and expenditure,Figure 18: Projections of core Crown revenue and expenditure assuming no  change to fiscal policy,"Source: LTFM, The Treasury",2012,Core Crown expenditure,% of GDP,32.03529788984047
Fig 18,unchanged-policy revenue and expenditure,Figure 18: Projections of core Crown revenue and expenditure assuming no  change to fiscal policy,"Source: LTFM, The Treasury",2013,Core Crown expenditure,% of GDP,31.91944630742348
Fig 18,unchanged-policy revenue and expenditure,Figure 18: Projections of core Crown revenue and expenditure assuming no  change to fiscal policy,"Source: LTFM, The Treasury",2014,Core Crown expenditure,% of GDP,30.024762603827863
Fig 18,unchanged-policy revenue and expenditure,Figure 18: Projections of core Crown revenue and expenditure assuming no  change to fiscal policy,"Source: LTFM, The Treasury",2015,Core Crown expenditure,% of GDP,29.431167436715032
Fig 18,unchanged-policy revenue and expenditure,Figure 18: Projections of core Crown revenue and expenditure assuming no  change to fiscal policy,"Source: LTFM, The Treasury",2016,Core Crown expenditure,% of GDP,28.551842396950516
Fig 18,unchanged-policy revenue and expenditure,Figure 18: Projections of core Crown revenue and expenditure assuming no  change to fiscal policy,"Source: LTFM, The Treasury",2017,Core Crown expenditure,% of GDP,27.671490089750467
Fig 18,unchanged-policy revenue and expenditure,Figure 18: Projections of core Crown revenue and expenditure assuming no  change to fiscal policy,"Source: LTFM, The Treasury",2018,Core Crown expenditure,% of GDP,27.238461616472343
Fig 18,unchanged-policy revenue and expenditure,Figure 18: Projections of core Crown revenue and expenditure assuming no  change to fiscal policy,"Source: LTFM, The Treasury",2019,Core Crown expenditure,% of GDP,28.005036842376462
Fig 18,unchanged-policy revenue and expenditure,Figure 18: Projections of core Crown revenue and expenditure assuming no  change to fiscal policy,"Source: LTFM, The Treasury",2020,Core Crown expenditure,% of GDP,34.26365814419877
Fig 18,unchanged-policy revenue and expenditure,Figure 18: Projections of core Crown revenue and expenditure assuming no  change to fiscal policy,"Source: LTFM, The Treasury",2021,Core Crown expenditure,% of GDP,31.382410241327
Fig 18,unchanged-policy revenue and expenditure,Figure 18: Projections of core Crown revenue and expenditure assuming no  change to fiscal policy,"Source: LTFM, The Treasury",2022,Core Crown expenditure,% of GDP,34.35479989937547
Fig 18,unchanged-policy revenue and expenditure,Figure 18: Projections of core Crown revenue and expenditure assuming no  change to fiscal policy,"Source: LTFM, The Treasury",2023,Core Crown expenditure,% of GDP,31.770627099691946
Fig 18,unchanged-policy revenue and expenditure,Figure 18: Projections of core Crown revenue and expenditure assuming no  change to fiscal policy,"Source: LTFM, The Treasury",2024,Core Crown expenditure,% of GDP,33.0462981013832
Fig 18,unchanged-policy revenue and expenditure,Figure 18: Projections of core Crown revenue and expenditure assuming no  change to fiscal policy,"Source: LTFM, The Treasury",2025,Core Crown expenditure,% of GDP,32.68037541250333
Fig 18,unchanged-policy revenue and expenditure,Figure 18: Projections of core Crown revenue and expenditure assuming no  change to fiscal policy,"Source: LTFM, The Treasury",2026,Core Crown expenditure,% of GDP,32.93775631813242
Fig 18,unchanged-policy revenue and expenditure,Figure 18: Projections of core Crown revenue and expenditure assuming no  change to fiscal policy,"Source: LTFM, The Treasury",2027,Core Crown expenditure,% of GDP,32.053498545325155
Fig 18,unchanged-policy revenue and expenditure,Figure 18: Projections of core Crown revenue and expenditure assuming no  change to fiscal policy,"Source: LTFM, The Treasury",2028,Core Crown expenditure,% of GDP,31.31116905519641
Fig 18,unchanged-policy revenue and expenditure,Figure 18: Projections of core Crown revenue and expenditure assuming no  change to fiscal policy,"Source: LTFM, The Treasury",2029,Core Crown expenditure,% of GDP,30.90101159653668
Fig 18,unchanged-policy revenue and expenditure,Figure 18: Projections of core Crown revenue and expenditure assuming no  change to fiscal policy,"Source: LTFM, The Treasury",2030,Core Crown expenditure,% of GDP,31.261131675564375
Fig 18,unchanged-policy revenue and expenditure,Figure 18: Projections of core Crown revenue and expenditure assuming no  change to fiscal policy,"Source: LTFM, The Treasury",2031,Core Crown expenditure,% of GDP,31.60493178666836
Fig 18,unchanged-policy revenue and expenditure,Figure 18: Projections of core Crown revenue and expenditure assuming no  change to fiscal policy,"Source: LTFM, The Treasury",2032,Core Crown expenditure,% of GDP,32.01079741305076
Fig 18,unchanged-policy revenue and expenditure,Figure 18: Projections of core Crown revenue and expenditure assuming no  change to fiscal policy,"Source: LTFM, The Treasury",2033,Core Crown expenditure,% of GDP,32.45840753425205
Fig 18,unchanged-policy revenue and expenditure,Figure 18: Projections of core Crown revenue and expenditure assuming no  change to fiscal policy,"Source: LTFM, The Treasury",2034,Core Crown expenditure,% of GDP,32.879477079593435
Fig 18,unchanged-policy revenue and expenditure,Figure 18: Projections of core Crown revenue and expenditure assuming no  change to fiscal policy,"Source: LTFM, The Treasury",2035,Core Crown expenditure,% of GDP,33.240626181102535
Fig 18,unchanged-policy revenue and expenditure,Figure 18: Projections of core Crown revenue and expenditure assuming no  change to fiscal policy,"Source: LTFM, The Treasury",2036,Core Crown expenditure,% of GDP,33.44947473089185
Fig 18,unchanged-policy revenue and expenditure,Figure 18: Projections of core Crown revenue and expenditure assuming no  change to fiscal policy,"Source: LTFM, The Treasury",2037,Core Crown expenditure,% of GDP,33.62740692111085
Fig 18,unchanged-policy revenue and expenditure,Figure 18: Projections of core Crown revenue and expenditure assuming no  change to fiscal policy,"Source: LTFM, The Treasury",2038,Core Crown expenditure,% of GDP,33.80464709409494
Fig 18,unchanged-policy revenue and expenditure,Figure 18: Projections of core Crown revenue and expenditure assuming no  change to fiscal policy,"Source: LTFM, The Treasury",2039,Core Crown expenditure,% of GDP,33.988858082421395
Fig 18,unchanged-policy revenue and expenditure,Figure 18: Projections of core Crown revenue and expenditure assuming no  change to fiscal policy,"Source: LTFM, The Treasury",2040,Core Crown expenditure,% of GDP,34.20331180956796
Fig 18,unchanged-policy revenue and expenditure,Figure 18: Projections of core Crown revenue and expenditure assuming no  change to fiscal policy,"Source: LTFM, The Treasury",2041,Core Crown expenditure,% of GDP,34.42343362671754
Fig 18,unchanged-policy revenue and expenditure,Figure 18: Projections of core Crown revenue and expenditure assuming no  change to fiscal policy,"Source: LTFM, The Treasury",2042,Core Crown expenditure,% of GDP,34.65196386931109
Fig 18,unchanged-policy revenue and expenditure,Figure 18: Projections of core Crown revenue and expenditure assuming no  change to fiscal policy,"Source: LTFM, The Treasury",2043,Core Crown expenditure,% of GDP,34.88340930349621
Fig 18,unchanged-policy revenue and expenditure,Figure 18: Projections of core Crown revenue and expenditure assuming no  change to fiscal policy,"Source: LTFM, The Treasury",2044,Core Crown expenditure,% of GDP,35.12977238862932
Fig 18,unchanged-policy revenue and expenditure,Figure 18: Projections of core Crown revenue and expenditure assuming no  change to fiscal policy,"Source: LTFM, The Treasury",2045,Core Crown expenditure,% of GDP,35.38783711562463
Fig 18,unchanged-policy revenue and expenditure,Figure 18: Projections of core Crown revenue and expenditure assuming no  change to fiscal policy,"Source: LTFM, The Treasury",2046,Core Crown expenditure,% of GDP,35.659879770133664
Fig 18,unchanged-policy revenue and expenditure,Figure 18: Projections of core Crown revenue and expenditure assuming no  change to fiscal policy,"Source: LTFM, The Treasury",2047,Core Crown expenditure,% of GDP,35.94705813452754
Fig 18,unchanged-policy revenue and expenditure,Figure 18: Projections of core Crown revenue and expenditure assuming no  change to fiscal policy,"Source: LTFM, The Treasury",2048,Core Crown expenditure,% of GDP,36.253987654518696
Fig 18,unchanged-policy revenue and expenditure,Figure 18: Projections of core Crown revenue and expenditure assuming no  change to fiscal policy,"Source: LTFM, The Treasury",2049,Core Crown expenditure,% of GDP,36.57497182398849
Fig 18,unchanged-policy revenue and expenditure,Figure 18: Projections of core Crown revenue and expenditure assuming no  change to fiscal policy,"Source: LTFM, The Treasury",2050,Core Crown expenditure,% of GDP,36.911537701392845
Fig 18,unchanged-policy revenue and expenditure,Figure 18: Projections of core Crown revenue and expenditure assuming no  change to fiscal policy,"Source: LTFM, The Treasury",2051,Core Crown expenditure,% of GDP,37.263443957032145
Fig 18,unchanged-policy revenue and expenditure,Figure 18: Projections of core Crown revenue and expenditure assuming no  change to fiscal policy,"Source: LTFM, The Treasury",2052,Core Crown expenditure,% of GDP,37.641263944517775
Fig 18,unchanged-policy revenue and expenditure,Figure 18: Projections of core Crown revenue and expenditure assuming no  change to fiscal policy,"Source: LTFM, The Treasury",2053,Core Crown expenditure,% of GDP,38.04278441373675
Fig 18,unchanged-policy revenue and expenditure,Figure 18: Projections of core Crown revenue and expenditure assuming no  change to fiscal policy,"Source: LTFM, The Treasury",2054,Core Crown expenditure,% of GDP,38.46127272701013
Fig 18,unchanged-policy revenue and expenditure,Figure 18: Projections of core Crown revenue and expenditure assuming no  change to fiscal policy,"Source: LTFM, The Treasury",2055,Core Crown expenditure,% of GDP,38.91268191617211
Fig 18,unchanged-policy revenue and expenditure,Figure 18: Projections of core Crown revenue and expenditure assuming no  change to fiscal policy,"Source: LTFM, The Treasury",2056,Core Crown expenditure,% of GDP,39.37627754076731
Fig 18,unchanged-policy revenue and expenditure,Figure 18: Projections of core Crown revenue and expenditure assuming no  change to fiscal policy,"Source: LTFM, The Treasury",2057,Core Crown expenditure,% of GDP,39.84659284930038
Fig 18,unchanged-policy revenue and expenditure,Figure 18: Projections of core Crown revenue and expenditure assuming no  change to fiscal policy,"Source: LTFM, The Treasury",2058,Core Crown expenditure,% of GDP,40.32340713661018
Fig 18,unchanged-policy revenue and expenditure,Figure 18: Projections of core Crown revenue and expenditure assuming no  change to fiscal policy,"Source: LTFM, The Treasury",2059,Core Crown expenditure,% of GDP,40.799984547886666
Fig 18,unchanged-policy revenue and expenditure,Figure 18: Projections of core Crown revenue and expenditure assuming no  change to fiscal policy,"Source: LTFM, The Treasury",2060,Core Crown expenditure,% of GDP,41.28527894328545
Fig 18,unchanged-policy revenue and expenditure,Figure 18: Projections of core Crown revenue and expenditure assuming no  change to fiscal policy,"Source: LTFM, The Treasury",2061,Core Crown expenditure,% of GDP,41.7713732170898
Fig 18,unchanged-policy revenue and expenditure,Figure 18: Projections of core Crown revenue and expenditure assuming no  change to fiscal policy,"Source: LTFM, The Treasury",2062,Core Crown expenditure,% of GDP,42.263470913911824
Fig 18,unchanged-policy revenue and expenditure,Figure 18: Projections of core Crown revenue and expenditure assuming no  change to fiscal policy,"Source: LTFM, The Treasury",2063,Core Crown expenditure,% of GDP,42.76420426307095
Fig 18,unchanged-policy revenue and expenditure,Figure 18: Projections of core Crown revenue and expenditure assuming no  change to fiscal policy,"Source: LTFM, The Treasury",2064,Core Crown expenditure,% of GDP,43.267969240184314
Fig 18,unchanged-policy revenue and expenditure,Figure 18: Projections of core Crown revenue and expenditure assuming no  change to fiscal policy,"Source: LTFM, The Treasury",2065,Core Crown expenditure,% of GDP,43.79206669277217
Fig 18,unchanged-policy revenue and expenditure,Figure 18: Projections of core Crown revenue and expenditure assuming no  change to fiscal policy,"Source: LTFM, The Treasury",2010,Core Crown tax revenue,% of GDP,28.252420789144324
Fig 18,unchanged-policy revenue and expenditure,Figure 18: Projections of core Crown revenue and expenditure assuming no  change to fiscal policy,"Source: LTFM, The Treasury",2011,Core Crown tax revenue,% of GDP,27.753301827286048
Fig 18,unchanged-policy revenue and expenditure,Figure 18: Projections of core Crown revenue and expenditure assuming no  change to fiscal policy,"Source: LTFM, The Treasury",2012,Core Crown tax revenue,% of GDP,28.08031710479235
Fig 18,unchanged-policy revenue and expenditure,Figure 18: Projections of core Crown revenue and expenditure assuming no  change to fiscal policy,"Source: LTFM, The Treasury",2013,Core Crown tax revenue,% of GDP,29.110378085891696
Fig 18,unchanged-policy revenue and expenditure,Figure 18: Projections of core Crown revenue and expenditure assuming no  change to fiscal policy,"Source: LTFM, The Treasury",2014,Core Crown tax revenue,% of GDP,28.303192140088
Fig 18,unchanged-policy revenue and expenditure,Figure 18: Projections of core Crown revenue and expenditure assuming no  change to fiscal policy,"Source: LTFM, The Treasury",2015,Core Crown tax revenue,% of GDP,29.37016008329537
Fig 18,unchanged-policy revenue and expenditure,Figure 18: Projections of core Crown revenue and expenditure assuming no  change to fiscal policy,"Source: LTFM, The Treasury",2016,Core Crown tax revenue,% of GDP,29.398406512982323
Fig 18,unchanged-policy revenue and expenditure,Figure 18: Projections of core Crown revenue and expenditure assuming no  change to fiscal policy,"Source: LTFM, The Treasury",2017,Core Crown tax revenue,% of GDP,29.64447795386333
Fig 18,unchanged-policy revenue and expenditure,Figure 18: Projections of core Crown revenue and expenditure assuming no  change to fiscal policy,"Source: LTFM, The Treasury",2018,Core Crown tax revenue,% of GDP,29.33502807478948
Fig 18,unchanged-policy revenue and expenditure,Figure 18: Projections of core Crown revenue and expenditure assuming no  change to fiscal policy,"Source: LTFM, The Treasury",2019,Core Crown tax revenue,% of GDP,30.103184417993507
Fig 18,unchanged-policy revenue and expenditure,Figure 18: Projections of core Crown revenue and expenditure assuming no  change to fiscal policy,"Source: LTFM, The Treasury",2020,Core Crown tax revenue,% of GDP,28.94018530936842
Fig 18,unchanged-policy revenue and expenditure,Figure 18: Projections of core Crown revenue and expenditure assuming no  change to fiscal policy,"Source: LTFM, The Treasury",2021,Core Crown tax revenue,% of GDP,30.567891599421078
Fig 18,unchanged-policy revenue and expenditure,Figure 18: Projections of core Crown revenue and expenditure assuming no  change to fiscal policy,"Source: LTFM, The Treasury",2022,Core Crown tax revenue,% of GDP,32.13285718973192
Fig 18,unchanged-policy revenue and expenditure,Figure 18: Projections of core Crown revenue and expenditure assuming no  change to fiscal policy,"Source: LTFM, The Treasury",2023,Core Crown tax revenue,% of GDP,30.730649214164217
Fig 18,unchanged-policy revenue and expenditure,Figure 18: Projections of core Crown revenue and expenditure assuming no  change to fiscal policy,"Source: LTFM, The Treasury",2024,Core Crown tax revenue,% of GDP,31.672142683929987
Fig 18,unchanged-policy revenue and expenditure,Figure 18: Projections of core Crown revenue and expenditure assuming no  change to fiscal policy,"Source: LTFM, The Treasury",2025,Core Crown tax revenue,% of GDP,30.837324312647645
Fig 18,unchanged-policy revenue and expenditure,Figure 18: Projections of core Crown revenue and expenditure assuming no  change to fiscal policy,"Source: LTFM, The Treasury",2026,Core Crown tax revenue,% of GDP,30.61051912089453
Fig 18,unchanged-policy revenue and expenditure,Figure 18: Projections of core Crown revenue and expenditure assuming no  change to fiscal policy,"Source: LTFM, The Treasury",2027,Core Crown tax revenue,% of GDP,30.64717332607741
Fig 18,unchanged-policy revenue and expenditure,Figure 18: Projections of core Crown revenue and expenditure assuming no  change to fiscal policy,"Source: LTFM, The Treasury",2028,Core Crown tax revenue,% of GDP,30.820818342630563
Fig 18,unchanged-policy revenue and expenditure,Figure 18: Projections of core Crown revenue and expenditure assuming no  change to fiscal policy,"Source: LTFM, The Treasury",2029,Core Crown tax revenue,% of GDP,31.005185815516235
Fig 18,unchanged-policy revenue and expenditure,Figure 18: Projections of core Crown revenue and expenditure assuming no  change to fiscal policy,"Source: LTFM, The Treasury",2030,Core Crown tax revenue,% of GDP,30.846358840029207
Fig 18,unchanged-policy revenue and expenditure,Figure 18: Projections of core Crown revenue and expenditure assuming no  change to fiscal policy,"Source: LTFM, The Treasury",2031,Core Crown tax revenue,% of GDP,30.76961871220488
Fig 18,unchanged-policy revenue and expenditure,Figure 18: Projections of core Crown revenue and expenditure assuming no  change to fiscal policy,"Source: LTFM, The Treasury",2032,Core Crown tax revenue,% of GDP,30.731240661491576
Fig 18,unchanged-policy revenue and expenditure,Figure 18: Projections of core Crown revenue and expenditure assuming no  change to fiscal policy,"Source: LTFM, The Treasury",2033,Core Crown tax revenue,% of GDP,30.70081079860153
Fig 18,unchanged-policy revenue and expenditure,Figure 18: Projections of core Crown revenue and expenditure assuming no  change to fiscal policy,"Source: LTFM, The Treasury",2034,Core Crown tax revenue,% of GDP,30.671114337801857
Fig 18,unchanged-policy revenue and expenditure,Figure 18: Projections of core Crown revenue and expenditure assuming no  change to fiscal policy,"Source: LTFM, The Treasury",2035,Core Crown tax revenue,% of GDP,30.641608195628073
Fig 18,unchanged-policy revenue and expenditure,Figure 18: Projections of core Crown revenue and expenditure assuming no  change to fiscal policy,"Source: LTFM, The Treasury",2036,Core Crown tax revenue,% of GDP,30.612337312194622
Fig 18,unchanged-policy revenue and expenditure,Figure 18: Projections of core Crown revenue and expenditure assuming no  change to fiscal policy,"Source: LTFM, The Treasury",2037,Core Crown tax revenue,% of GDP,30.583234248737
Fig 18,unchanged-policy revenue and expenditure,Figure 18: Projections of core Crown revenue and expenditure assuming no  change to fiscal policy,"Source: LTFM, The Treasury",2038,Core Crown tax revenue,% of GDP,30.554337777046708
Fig 18,unchanged-policy revenue and expenditure,Figure 18: Projections of core Crown revenue and expenditure assuming no  change to fiscal policy,"Source: LTFM, The Treasury",2039,Core Crown tax revenue,% of GDP,30.527139407815568
Fig 18,unchanged-policy revenue and expenditure,Figure 18: Projections of core Crown revenue and expenditure assuming no  change to fiscal policy,"Source: LTFM, The Treasury",2040,Core Crown tax revenue,% of GDP,30.501741020667016
Fig 18,unchanged-policy revenue and expenditure,Figure 18: Projections of core Crown revenue and expenditure assuming no  change to fiscal policy,"Source: LTFM, The Treasury",2041,Core Crown tax revenue,% of GDP,30.477970730321008
Fig 18,unchanged-policy revenue and expenditure,Figure 18: Projections of core Crown revenue and expenditure assuming no  change to fiscal policy,"Source: LTFM, The Treasury",2042,Core Crown tax revenue,% of GDP,30.455605458355773
Fig 18,unchanged-policy revenue and expenditure,Figure 18: Projections of core Crown revenue and expenditure assuming no  change to fiscal policy,"Source: LTFM, The Treasury",2043,Core Crown tax revenue,% of GDP,30.434859602999897
Fig 18,unchanged-policy revenue and expenditure,Figure 18: Projections of core Crown revenue and expenditure assuming no  change to fiscal policy,"Source: LTFM, The Treasury",2044,Core Crown tax revenue,% of GDP,30.415830240614632
Fig 18,unchanged-policy revenue and expenditure,Figure 18: Projections of core Crown revenue and expenditure assuming no  change to fiscal policy,"Source: LTFM, The Treasury",2045,Core Crown tax revenue,% of GDP,30.396617926529313
Fig 18,unchanged-policy revenue and expenditure,Figure 18: Projections of core Crown revenue and expenditure assuming no  change to fiscal policy,"Source: LTFM, The Treasury",2046,Core Crown tax revenue,% of GDP,30.378850412097076
Fig 18,unchanged-policy revenue and expenditure,Figure 18: Projections of core Crown revenue and expenditure assuming no  change to fiscal policy,"Source: LTFM, The Treasury",2047,Core Crown tax revenue,% of GDP,30.36242109125417
Fig 18,unchanged-policy revenue and expenditure,Figure 18: Projections of core Crown revenue and expenditure assuming no  change to fiscal policy,"Source: LTFM, The Treasury",2048,Core Crown tax revenue,% of GDP,30.347267490889767
Fig 18,unchanged-policy revenue and expenditure,Figure 18: Projections of core Crown revenue and expenditure assuming no  change to fiscal policy,"Source: LTFM, The Treasury",2049,Core Crown tax revenue,% of GDP,30.333296120067494
Fig 18,unchanged-policy revenue and expenditure,Figure 18: Projections of core Crown revenue and expenditure assuming no  change to fiscal policy,"Source: LTFM, The Treasury",2050,Core Crown tax revenue,% of GDP,30.32042941456873
Fig 18,unchanged-policy revenue and expenditure,Figure 18: Projections of core Crown revenue and expenditure assuming no  change to fiscal policy,"Source: LTFM, The Treasury",2051,Core Crown tax revenue,% of GDP,30.308431597035714
Fig 18,unchanged-policy revenue and expenditure,Figure 18: Projections of core Crown revenue and expenditure assuming no  change to fiscal policy,"Source: LTFM, The Treasury",2052,Core Crown tax revenue,% of GDP,30.29735494008316
Fig 18,unchanged-policy revenue and expenditure,Figure 18: Projections of core Crown revenue and expenditure assuming no  change to fiscal policy,"Source: LTFM, The Treasury",2053,Core Crown tax revenue,% of GDP,30.286838440111186
Fig 18,unchanged-policy revenue and expenditure,Figure 18: Projections of core Crown revenue and expenditure assuming no  change to fiscal policy,"Source: LTFM, The Treasury",2054,Core Crown tax revenue,% of GDP,30.276577087652008
Fig 18,unchanged-policy revenue and expenditure,Figure 18: Projections of core Crown revenue and expenditure assuming no  change to fiscal policy,"Source: LTFM, The Treasury",2055,Core Crown tax revenue,% of GDP,30.265224068681036
Fig 18,unchanged-policy revenue and expenditure,Figure 18: Projections of core Crown revenue and expenditure assuming no  change to fiscal policy,"Source: LTFM, The Treasury",2056,Core Crown tax revenue,% of GDP,30.252829060205936
Fig 18,unchanged-policy revenue and expenditure,Figure 18: Projections of core Crown revenue and expenditure assuming no  change to fiscal policy,"Source: LTFM, The Treasury",2057,Core Crown tax revenue,% of GDP,30.240505785199467
Fig 18,unchanged-policy revenue and expenditure,Figure 18: Projections of core Crown revenue and expenditure assuming no  change to fiscal policy,"Source: LTFM, The Treasury",2058,Core Crown tax revenue,% of GDP,30.227784570091792
Fig 18,unchanged-policy revenue and expenditure,Figure 18: Projections of core Crown revenue and expenditure assuming no  change to fiscal policy,"Source: LTFM, The Treasury",2059,Core Crown tax revenue,% of GDP,30.214637747346902
Fig 18,unchanged-policy revenue and expenditure,Figure 18: Projections of core Crown revenue and expenditure assuming no  change to fiscal policy,"Source: LTFM, The Treasury",2060,Core Crown tax revenue,% of GDP,30.20107568958345
Fig 18,unchanged-policy revenue and expenditure,Figure 18: Projections of core Crown revenue and expenditure assuming no  change to fiscal policy,"Source: LTFM, The Treasury",2061,Core Crown tax revenue,% of GDP,30.186956701292655
Fig 18,unchanged-policy revenue and expenditure,Figure 18: Projections of core Crown revenue and expenditure assuming no  change to fiscal policy,"Source: LTFM, The Treasury",2062,Core Crown tax revenue,% of GDP,30.172583513680046
Fig 18,unchanged-policy revenue and expenditure,Figure 18: Projections of core Crown revenue and expenditure assuming no  change to fiscal policy,"Source: LTFM, The Treasury",2063,Core Crown tax revenue,% of GDP,30.157791559662016
Fig 18,unchanged-policy revenue and expenditure,Figure 18: Projections of core Crown revenue and expenditure assuming no  change to fiscal policy,"Source: LTFM, The Treasury",2064,Core Crown tax revenue,% of GDP,30.142721225605445
Fig 18,unchanged-policy revenue and expenditure,Figure 18: Projections of core Crown revenue and expenditure assuming no  change to fiscal policy,"Source: LTFM, The Treasury",2065,Core Crown tax revenue,% of GDP,30.12828253875357
Fig 19,unchanged-policy net debt,Figure 19: Projection of net core Crown debt assuming no change to fiscal policy,"Source: LTFM, The Treasury",2010,LTFS 2006,% of GDP,12.836404683877525
Fig 19,unchanged-policy net debt,Figure 19: Projection of net core Crown debt assuming no change to fiscal policy,"Source: LTFM, The Treasury",2011,LTFS 2006,% of GDP,13.510539464867374
Fig 19,unchanged-policy net debt,Figure 19: Projection of net core Crown debt assuming no change to fiscal policy,"Source: LTFM, The Treasury",2012,LTFS 2006,% of GDP,14.217133633053322
Fig 19,unchanged-policy net debt,Figure 19: Projection of net core Crown debt assuming no change to fiscal policy,"Source: LTFM, The Treasury",2013,LTFS 2006,% of GDP,14.863503780470811
Fig 19,unchanged-policy net debt,Figure 19: Projection of net core Crown debt assuming no change to fiscal policy,"Source: LTFM, The Treasury",2014,LTFS 2006,% of GDP,15.45575445466019
Fig 19,unchanged-policy net debt,Figure 19: Projection of net core Crown debt assuming no change to fiscal policy,"Source: LTFM, The Treasury",2015,LTFS 2006,% of GDP,15.996242203802865
Fig 19,unchanged-policy net debt,Figure 19: Projection of net core Crown debt assuming no change to fiscal policy,"Source: LTFM, The Treasury",2016,LTFS 2006,% of GDP,16.50264122408857
Fig 19,unchanged-policy net debt,Figure 19: Projection of net core Crown debt assuming no change to fiscal policy,"Source: LTFM, The Treasury",2017,LTFS 2006,% of GDP,17.038604929830665
Fig 19,unchanged-policy net debt,Figure 19: Projection of net core Crown debt assuming no change to fiscal policy,"Source: LTFM, The Treasury",2018,LTFS 2006,% of GDP,17.574262657934543
Fig 19,unchanged-policy net debt,Figure 19: Projection of net core Crown debt assuming no change to fiscal policy,"Source: LTFM, The Treasury",2019,LTFS 2006,% of GDP,18.1104800780628
Fig 19,unchanged-policy net debt,Figure 19: Projection of net core Crown debt assuming no change to fiscal policy,"Source: LTFM, The Treasury",2020,LTFS 2006,% of GDP,18.647506474476902
Fig 19,unchanged-policy net debt,Figure 19: Projection of net core Crown debt assuming no change to fiscal policy,"Source: LTFM, The Treasury",2021,LTFS 2006,% of GDP,19.228273892608268
Fig 19,unchanged-policy net debt,Figure 19: Projection of net core Crown debt assuming no change to fiscal policy,"Source: LTFM, The Treasury",2022,LTFS 2006,% of GDP,19.907224138167525
Fig 19,unchanged-policy net debt,Figure 19: Projection of net core Crown debt assuming no change to fiscal policy,"Source: LTFM, The Treasury",2023,LTFS 2006,% of GDP,20.656779731706752
Fig 19,unchanged-policy net debt,Figure 19: Projection of net core Crown debt assuming no change to fiscal policy,"Source: LTFM, The Treasury",2024,LTFS 2006,% of GDP,21.510952066038357
Fig 19,unchanged-policy net debt,Figure 19: Projection of net core Crown debt assuming no change to fiscal policy,"Source: LTFM, The Treasury",2025,LTFS 2006,% of GDP,22.497439755577638
Fig 19,unchanged-policy net debt,Figure 19: Projection of net core Crown debt assuming no change to fiscal policy,"Source: LTFM, The Treasury",2026,LTFS 2006,% of GDP,23.635844316261764
Fig 19,unchanged-policy net debt,Figure 19: Projection of net core Crown debt assuming no change to fiscal policy,"Source: LTFM, The Treasury",2027,LTFS 2006,% of GDP,24.947319222353386
Fig 19,unchanged-policy net debt,Figure 19: Projection of net core Crown debt assuming no change to fiscal policy,"Source: LTFM, The Treasury",2028,LTFS 2006,% of GDP,26.411209695647305
Fig 19,unchanged-policy net debt,Figure 19: Projection of net core Crown debt assuming no change to fiscal policy,"Source: LTFM, The Treasury",2029,LTFS 2006,% of GDP,28.03035057958716
Fig 19,unchanged-policy net debt,Figure 19: Projection of net core Crown debt assuming no change to fiscal policy,"Source: LTFM, The Treasury",2030,LTFS 2006,% of GDP,29.795661243645604
Fig 19,unchanged-policy net debt,Figure 19: Projection of net core Crown debt assuming no change to fiscal policy,"Source: LTFM, The Treasury",2031,LTFS 2006,% of GDP,31.719251939426833
Fig 19,unchanged-policy net debt,Figure 19: Projection of net core Crown debt assuming no change to fiscal policy,"Source: LTFM, The Treasury",2032,LTFS 2006,% of GDP,33.854700528397764
Fig 19,unchanged-policy net debt,Figure 19: Projection of net core Crown debt assuming no change to fiscal policy,"Source: LTFM, The Treasury",2033,LTFS 2006,% of GDP,36.18192752742595
Fig 19,unchanged-policy net debt,Figure 19: Projection of net core Crown debt assuming no change to fiscal policy,"Source: LTFM, The Treasury",2034,LTFS 2006,% of GDP,38.69085112673842
Fig 19,unchanged-policy net debt,Figure 19: Projection of net core Crown debt assuming no change to fiscal policy,"Source: LTFM, The Treasury",2035,LTFS 2006,% of GDP,41.3808705508796
Fig 19,unchanged-policy net debt,Figure 19: Projection of net core Crown debt assuming no change to fiscal policy,"Source: LTFM, The Treasury",2036,LTFS 2006,% of GDP,44.255071091976525
Fig 19,unchanged-policy net debt,Figure 19: Projection of net core Crown debt assuming no change to fiscal policy,"Source: LTFM, The Treasury",2037,LTFS 2006,% of GDP,47.32362733908588
Fig 19,unchanged-policy net debt,Figure 19: Projection of net core Crown debt assuming no change to fiscal policy,"Source: LTFM, The Treasury",2038,LTFS 2006,% of GDP,50.557416246700704
Fig 19,unchanged-policy net debt,Figure 19: Projection of net core Crown debt assuming no change to fiscal policy,"Source: LTFM, The Treasury",2039,LTFS 2006,% of GDP,53.95885008603985
Fig 19,unchanged-policy net debt,Figure 19: Projection of net core Crown debt assuming no change to fiscal policy,"Source: LTFM, The Treasury",2040,LTFS 2006,% of GDP,57.510394384529874
Fig 19,unchanged-policy net debt,Figure 19: Projection of net core Crown debt assuming no change to fiscal policy,"Source: LTFM, The Treasury",2041,LTFS 2006,% of GDP,61.20992100357429
Fig 19,unchanged-policy net debt,Figure 19: Projection of net core Crown debt assuming no change to fiscal policy,"Source: LTFM, The Treasury",2042,LTFS 2006,% of GDP,65.10381617725487
Fig 19,unchanged-policy net debt,Figure 19: Projection of net core Crown debt assuming no change to fiscal policy,"Source: LTFM, The Treasury",2043,LTFS 2006,% of GDP,69.1529640794176
Fig 19,unchanged-policy net debt,Figure 19: Projection of net core Crown debt assuming no change to fiscal policy,"Source: LTFM, The Treasury",2044,LTFS 2006,% of GDP,73.3858428230527
Fig 19,unchanged-policy net debt,Figure 19: Projection of net core Crown debt assuming no change to fiscal policy,"Source: LTFM, The Treasury",2045,LTFS 2006,% of GDP,77.77650211114737
Fig 19,unchanged-policy net debt,Figure 19: Projection of net core Crown debt assuming no change to fiscal policy,"Source: LTFM, The Treasury",2046,LTFS 2006,% of GDP,82.34044810148843
Fig 19,unchanged-policy net debt,Figure 19: Projection of net core Crown debt assuming no change to fiscal policy,"Source: LTFM, The Treasury",2047,LTFS 2006,% of GDP,87.06577645673725
Fig 19,unchanged-policy net debt,Figure 19: Projection of net core Crown debt assuming no change to fiscal policy,"Source: LTFM, The Treasury",2048,LTFS 2006,% of GDP,91.95402632477824
Fig 19,unchanged-policy net debt,Figure 19: Projection of net core Crown debt assuming no change to fiscal policy,"Source: LTFM, The Treasury",2049,LTFS 2006,% of GDP,96.97364222588514
Fig 19,unchanged-policy net debt,Figure 19: Projection of net core Crown debt assuming no change to fiscal policy,"Source: LTFM, The Treasury",2050,LTFS 2006,% of GDP,102.14514818994031
Fig 19,unchanged-policy net debt,Figure 19: Projection of net core Crown debt assuming no change to fiscal policy,"Source: LTFM, The Treasury",2010,LTFS 2021,% of GDP,13.548243258307407
Fig 19,unchanged-policy net debt,Figure 19: Projection of net core Crown debt assuming no change to fiscal policy,"Source: LTFM, The Treasury",2011,LTFS 2021,% of GDP,19.46855426772173
Fig 19,unchanged-policy net debt,Figure 19: Projection of net core Crown debt assuming no change to fiscal policy,"Source: LTFM, The Treasury",2012,LTFS 2021,% of GDP,23.546769643993994
Fig 19,unchanged-policy net debt,Figure 19: Projection of net core Crown debt assuming no change to fiscal policy,"Source: LTFM, The Treasury",2013,LTFS 2021,% of GDP,25.474147173822786
Fig 19,unchanged-policy net debt,Figure 19: Projection of net core Crown debt assuming no change to fiscal policy,"Source: LTFM, The Treasury",2014,LTFS 2021,% of GDP,25.273691845754193
Fig 19,unchanged-policy net debt,Figure 19: Projection of net core Crown debt assuming no change to fiscal policy,"Source: LTFM, The Treasury",2015,LTFS 2021,% of GDP,24.659478673949558
Fig 19,unchanged-policy net debt,Figure 19: Projection of net core Crown debt assuming no change to fiscal policy,"Source: LTFM, The Treasury",2016,LTFS 2021,% of GDP,23.90010466917203
Fig 19,unchanged-policy net debt,Figure 19: Projection of net core Crown debt assuming no change to fiscal policy,"Source: LTFM, The Treasury",2017,LTFS 2021,% of GDP,21.55939526403735
Fig 19,unchanged-policy net debt,Figure 19: Projection of net core Crown debt assuming no change to fiscal policy,"Source: LTFM, The Treasury",2018,LTFS 2021,% of GDP,19.43390040189421
Fig 19,unchanged-policy net debt,Figure 19: Projection of net core Crown debt assuming no change to fiscal policy,"Source: LTFM, The Treasury",2019,LTFS 2021,% of GDP,18.608848679015406
Fig 19,unchanged-policy net debt,Figure 19: Projection of net core Crown debt assuming no change to fiscal policy,"Source: LTFM, The Treasury",2020,LTFS 2021,% of GDP,26.33848467234451
Fig 19,unchanged-policy net debt,Figure 19: Projection of net core Crown debt assuming no change to fiscal policy,"Source: LTFM, The Treasury",2021,LTFS 2021,% of GDP,33.987840872729876
Fig 19,unchanged-policy net debt,Figure 19: Projection of net core Crown debt assuming no change to fiscal policy,"Source: LTFM, The Treasury",2022,LTFS 2021,% of GDP,43.83545585031251
Fig 19,unchanged-policy net debt,Figure 19: Projection of net core Crown debt assuming no change to fiscal policy,"Source: LTFM, The Treasury",2023,LTFS 2021,% of GDP,48.01965147157345
Fig 19,unchanged-policy net debt,Figure 19: Projection of net core Crown debt assuming no change to fiscal policy,"Source: LTFM, The Treasury",2024,LTFS 2021,% of GDP,46.89763835647122
Fig 19,unchanged-policy net debt,Figure 19: Projection of net core Crown debt assuming no change to fiscal policy,"Source: LTFM, The Treasury",2025,LTFS 2021,% of GDP,43.626535389367504
Fig 19,unchanged-policy net debt,Figure 19: Projection of net core Crown debt assuming no change to fiscal policy,"Source: LTFM, The Treasury",2026,LTFS 2021,% of GDP,41.34936709205884
Fig 19,unchanged-policy net debt,Figure 19: Projection of net core Crown debt assuming no change to fiscal policy,"Source: LTFM, The Treasury",2027,LTFS 2021,% of GDP,41.299352600643566
Fig 19,unchanged-policy net debt,Figure 19: Projection of net core Crown debt assuming no change to fiscal policy,"Source: LTFM, The Treasury",2028,LTFS 2021,% of GDP,41.56881262279536
Fig 19,unchanged-policy net debt,Figure 19: Projection of net core Crown debt assuming no change to fiscal policy,"Source: LTFM, The Treasury",2029,LTFS 2021,% of GDP,42.11564125090039
Fig 19,unchanged-policy net debt,Figure 19: Projection of net core Crown debt assuming no change to fiscal policy,"Source: LTFM, The Treasury",2030,LTFS 2021,% of GDP,42.93426005405321
Fig 19,unchanged-policy net debt,Figure 19: Projection of net core Crown debt assuming no change to fiscal policy,"Source: LTFM, The Treasury",2031,LTFS 2021,% of GDP,43.96662628393112
Fig 19,unchanged-policy net debt,Figure 19: Projection of net core Crown debt assuming no change to fiscal policy,"Source: LTFM, The Treasury",2032,LTFS 2021,% of GDP,45.22995900883613
Fig 19,unchanged-policy net debt,Figure 19: Projection of net core Crown debt assuming no change to fiscal policy,"Source: LTFM, The Treasury",2033,LTFS 2021,% of GDP,46.759869729990314
Fig 19,unchanged-policy net debt,Figure 19: Projection of net core Crown debt assuming no change to fiscal policy,"Source: LTFM, The Treasury",2034,LTFS 2021,% of GDP,48.529675173833006
Fig 19,unchanged-policy net debt,Figure 19: Projection of net core Crown debt assuming no change to fiscal policy,"Source: LTFM, The Treasury",2035,LTFS 2021,% of GDP,50.529367848738985
Fig 19,unchanged-policy net debt,Figure 19: Projection of net core Crown debt assuming no change to fiscal policy,"Source: LTFM, The Treasury",2036,LTFS 2021,% of GDP,52.7673203329145
Fig 19,unchanged-policy net debt,Figure 19: Projection of net core Crown debt assuming no change to fiscal policy,"Source: LTFM, The Treasury",2037,LTFS 2021,% of GDP,55.245767320824925
Fig 19,unchanged-policy net debt,Figure 19: Projection of net core Crown debt assuming no change to fiscal policy,"Source: LTFM, The Treasury",2038,LTFS 2021,% of GDP,57.96246252998235
Fig 19,unchanged-policy net debt,Figure 19: Projection of net core Crown debt assuming no change to fiscal policy,"Source: LTFM, The Treasury",2039,LTFS 2021,% of GDP,60.92530156946636
Fig 19,unchanged-policy net debt,Figure 19: Projection of net core Crown debt assuming no change to fiscal policy,"Source: LTFM, The Treasury",2040,LTFS 2021,% of GDP,64.13981159459408
Fig 19,unchanged-policy net debt,Figure 19: Projection of net core Crown debt assuming no change to fiscal policy,"Source: LTFM, The Treasury",2041,LTFS 2021,% of GDP,67.60759830849425
Fig 19,unchanged-policy net debt,Figure 19: Projection of net core Crown debt assuming no change to fiscal policy,"Source: LTFM, The Treasury",2042,LTFS 2021,% of GDP,71.34396798280788
Fig 19,unchanged-policy net debt,Figure 19: Projection of net core Crown debt assuming no change to fiscal policy,"Source: LTFM, The Treasury",2043,LTFS 2021,% of GDP,75.34811066114727
Fig 19,unchanged-policy net debt,Figure 19: Projection of net core Crown debt assuming no change to fiscal policy,"Source: LTFM, The Treasury",2044,LTFS 2021,% of GDP,79.62848714089007
Fig 19,unchanged-policy net debt,Figure 19: Projection of net core Crown debt assuming no change to fiscal policy,"Source: LTFM, The Treasury",2045,LTFS 2021,% of GDP,84.16331810969936
Fig 19,unchanged-policy net debt,Figure 19: Projection of net core Crown debt assuming no change to fiscal policy,"Source: LTFM, The Treasury",2046,LTFS 2021,% of GDP,88.95052414379767
Fig 19,unchanged-policy net debt,Figure 19: Projection of net core Crown debt assuming no change to fiscal policy,"Source: LTFM, The Treasury",2047,LTFS 2021,% of GDP,94.00607799698373
Fig 19,unchanged-policy net debt,Figure 19: Projection of net core Crown debt assuming no change to fiscal policy,"Source: LTFM, The Treasury",2048,LTFS 2021,% of GDP,99.33359667321064
Fig 19,unchanged-policy net debt,Figure 19: Projection of net core Crown debt assuming no change to fiscal policy,"Source: LTFM, The Treasury",2049,LTFS 2021,% of GDP,104.9281700040627
Fig 19,unchanged-policy net debt,Figure 19: Projection of net core Crown debt assuming no change to fiscal policy,"Source: LTFM, The Treasury",2050,LTFS 2021,% of GDP,110.80484492676321
Fig 19,unchanged-policy net debt,Figure 19: Projection of net core Crown debt assuming no change to fiscal policy,"Source: LTFM, The Treasury",2051,LTFS 2021,% of GDP,116.97779124268848
Fig 19,unchanged-policy net debt,Figure 19: Projection of net core Crown debt assuming no change to fiscal policy,"Source: LTFM, The Treasury",2052,LTFS 2021,% of GDP,123.45504122815846
Fig 19,unchanged-policy net debt,Figure 19: Projection of net core Crown debt assuming no change to fiscal policy,"Source: LTFM, The Treasury",2053,LTFS 2021,% of GDP,130.24121896748707
Fig 19,unchanged-policy net debt,Figure 19: Projection of net core Crown debt assuming no change to fiscal policy,"Source: LTFM, The Treasury",2054,LTFS 2021,% of GDP,137.35949327654998
Fig 19,unchanged-policy net debt,Figure 19: Projection of net core Crown debt assuming no change to fiscal policy,"Source: LTFM, The Treasury",2055,LTFS 2021,% of GDP,144.81912363583186
Fig 19,unchanged-policy net debt,Figure 19: Projection of net core Crown debt assuming no change to fiscal policy,"Source: LTFM, The Treasury",2056,LTFS 2021,% of GDP,152.61689472522258
Fig 19,unchanged-policy net debt,Figure 19: Projection of net core Crown debt assuming no change to fiscal policy,"Source: LTFM, The Treasury",2057,LTFS 2021,% of GDP,160.772461170071
Fig 19,unchanged-policy net debt,Figure 19: Projection of net core Crown debt assuming no change to fiscal policy,"Source: LTFM, The Treasury",2058,LTFS 2021,% of GDP,169.27069626680364
Fig 19,unchanged-policy net debt,Figure 19: Projection of net core Crown debt assuming no change to fiscal policy,"Source: LTFM, The Treasury",2059,LTFS 2021,% of GDP,178.12468480125045
Fig 19,unchanged-policy net debt,Figure 19: Projection of net core Crown debt assuming no change to fiscal policy,"Source: LTFM, The Treasury",2060,LTFS 2021,% of GDP,187.35778717507296
Fig 19,unchanged-policy net debt,Figure 19: Projection of net core Crown debt assuming no change to fiscal policy,"Source: LTFM, The Treasury",2061,LTFS 2021,% of GDP,196.94431310166559
Fig 19,unchanged-policy net debt,Figure 19: Projection of net core Crown debt assuming no change to fiscal policy,"Source: LTFM, The Treasury",2010,LTFS 2025,% of GDP,13.548243258307407
Fig 19,unchanged-policy net debt,Figure 19: Projection of net core Crown debt assuming no change to fiscal policy,"Source: LTFM, The Treasury",2011,LTFS 2025,% of GDP,19.46855426772173
Fig 19,unchanged-policy net debt,Figure 19: Projection of net core Crown debt assuming no change to fiscal policy,"Source: LTFM, The Treasury",2012,LTFS 2025,% of GDP,23.546769643993994
Fig 19,unchanged-policy net debt,Figure 19: Projection of net core Crown debt assuming no change to fiscal policy,"Source: LTFM, The Treasury",2013,LTFS 2025,% of GDP,25.474147173822786
Fig 19,unchanged-policy net debt,Figure 19: Projection of net core Crown debt assuming no change to fiscal policy,"Source: LTFM, The Treasury",2014,LTFS 2025,% of GDP,25.273691845754193
Fig 19,unchanged-policy net debt,Figure 19: Projection of net core Crown debt assuming no change to fiscal policy,"Source: LTFM, The Treasury",2015,LTFS 2025,% of GDP,24.659478673949558
Fig 19,unchanged-policy net debt,Figure 19: Projection of net core Crown debt assuming no change to fiscal policy,"Source: LTFM, The Treasury",2016,LTFS 2025,% of GDP,23.90010466917203
Fig 19,unchanged-policy net debt,Figure 19: Projection of net core Crown debt assuming no change to fiscal policy,"Source: LTFM, The Treasury",2017,LTFS 2025,% of GDP,21.55939526403735
Fig 19,unchanged-policy net debt,Figure 19: Projection of net core Crown debt assuming no change to fiscal policy,"Source: LTFM, The Treasury",2018,LTFS 2025,% of GDP,19.43390040189421
Fig 19,unchanged-policy net debt,Figure 19: Projection of net core Crown debt assuming no change to fiscal policy,"Source: LTFM, The Treasury",2019,LTFS 2025,% of GDP,18.59380635853043
Fig 19,unchanged-policy net debt,Figure 19: Projection of net core Crown debt assuming no change to fiscal policy,"Source: LTFM, The Treasury",2020,LTFS 2025,% of GDP,26.24901221858068
Fig 19,unchanged-policy net debt,Figure 19: Projection of net core Crown debt assuming no change to fiscal policy,"Source: LTFM, The Treasury",2021,LTFS 2025,% of GDP,29.7268727085293
Fig 19,unchanged-policy net debt,Figure 19: Projection of net core Crown debt assuming no change to fiscal policy,"Source: LTFM, The Treasury",2022,LTFS 2025,% of GDP,35.238545756816755
Fig 19,unchanged-policy net debt,Figure 19: Projection of net core Crown debt assuming no change to fiscal policy,"Source: LTFM, The Treasury",2023,LTFS 2025,% of GDP,38.66869880736253
Fig 19,unchanged-policy net debt,Figure 19: Projection of net core Crown debt assuming no change to fiscal policy,"Source: LTFM, The Treasury",2024,LTFS 2025,% of GDP,41.71536438892877
Fig 19,unchanged-policy net debt,Figure 19: Projection of net core Crown debt assuming no change to fiscal policy,"Source: LTFM, The Treasury",2025,LTFS 2025,% of GDP,42.66226663112321
Fig 19,unchanged-policy net debt,Figure 19: Projection of net core Crown debt assuming no change to fiscal policy,"Source: LTFM, The Treasury",2026,LTFS 2025,% of GDP,43.85625153352728
Fig 19,unchanged-policy net debt,Figure 19: Projection of net core Crown debt assuming no change to fiscal policy,"Source: LTFM, The Treasury",2027,LTFS 2025,% of GDP,45.720325679720375
Fig 19,unchanged-policy net debt,Figure 19: Projection of net core Crown debt assuming no change to fiscal policy,"Source: LTFM, The Treasury",2028,LTFS 2025,% of GDP,45.96997999464926
Fig 19,unchanged-policy net debt,Figure 19: Projection of net core Crown debt assuming no change to fiscal policy,"Source: LTFM, The Treasury",2029,LTFS 2025,% of GDP,45.50753450532509
Fig 19,unchanged-policy net debt,Figure 19: Projection of net core Crown debt assuming no change to fiscal policy,"Source: LTFM, The Treasury",2030,LTFS 2025,% of GDP,45.99463986385218
Fig 19,unchanged-policy net debt,Figure 19: Projection of net core Crown debt assuming no change to fiscal policy,"Source: LTFM, The Treasury",2031,LTFS 2025,% of GDP,46.74575579894423
Fig 19,unchanged-policy net debt,Figure 19: Projection of net core Crown debt assuming no change to fiscal policy,"Source: LTFM, The Treasury",2032,LTFS 2025,% of GDP,47.902018331619956
Fig 19,unchanged-policy net debt,Figure 19: Projection of net core Crown debt assuming no change to fiscal policy,"Source: LTFM, The Treasury",2033,LTFS 2025,% of GDP,49.47445158822168
Fig 19,unchanged-policy net debt,Figure 19: Projection of net core Crown debt assuming no change to fiscal policy,"Source: LTFM, The Treasury",2034,LTFS 2025,% of GDP,51.410059238652636
Fig 19,unchanged-policy net debt,Figure 19: Projection of net core Crown debt assuming no change to fiscal policy,"Source: LTFM, The Treasury",2035,LTFS 2025,% of GDP,53.63963355688769
Fig 19,unchanged-policy net debt,Figure 19: Projection of net core Crown debt assuming no change to fiscal policy,"Source: LTFM, The Treasury",2036,LTFS 2025,% of GDP,55.79288650302623
Fig 19,unchanged-policy net debt,Figure 19: Projection of net core Crown debt assuming no change to fiscal policy,"Source: LTFM, The Treasury",2037,LTFS 2025,% of GDP,58.04232463976312
Fig 19,unchanged-policy net debt,Figure 19: Projection of net core Crown debt assuming no change to fiscal policy,"Source: LTFM, The Treasury",2038,LTFS 2025,% of GDP,60.498660534783376
Fig 19,unchanged-policy net debt,Figure 19: Projection of net core Crown debt assuming no change to fiscal policy,"Source: LTFM, The Treasury",2039,LTFS 2025,% of GDP,63.17415971925221
Fig 19,unchanged-policy net debt,Figure 19: Projection of net core Crown debt assuming no change to fiscal policy,"Source: LTFM, The Treasury",2040,LTFS 2025,% of GDP,66.00279401446791
Fig 19,unchanged-policy net debt,Figure 19: Projection of net core Crown debt assuming no change to fiscal policy,"Source: LTFM, The Treasury",2041,LTFS 2025,% of GDP,68.99272731695878
Fig 19,unchanged-policy net debt,Figure 19: Projection of net core Crown debt assuming no change to fiscal policy,"Source: LTFM, The Treasury",2042,LTFS 2025,% of GDP,72.14380568100638
Fig 19,unchanged-policy net debt,Figure 19: Projection of net core Crown debt assuming no change to fiscal policy,"Source: LTFM, The Treasury",2043,LTFS 2025,% of GDP,75.45883598356383
Fig 19,unchanged-policy net debt,Figure 19: Projection of net core Crown debt assuming no change to fiscal policy,"Source: LTFM, The Treasury",2044,LTFS 2025,% of GDP,78.94030412675619
Fig 19,unchanged-policy net debt,Figure 19: Projection of net core Crown debt assuming no change to fiscal policy,"Source: LTFM, The Treasury",2045,LTFS 2025,% of GDP,82.59222105704687
Fig 19,unchanged-policy net debt,Figure 19: Projection of net core Crown debt assuming no change to fiscal policy,"Source: LTFM, The Treasury",2046,LTFS 2025,% of GDP,86.41937043224341
Fig 19,unchanged-policy net debt,Figure 19: Projection of net core Crown debt assuming no change to fiscal policy,"Source: LTFM, The Treasury",2047,LTFS 2025,% of GDP,90.42636944310347
Fig 19,unchanged-policy net debt,Figure 19: Projection of net core Crown debt assuming no change to fiscal policy,"Source: LTFM, The Treasury",2048,LTFS 2025,% of GDP,94.62047661789171
Fig 19,unchanged-policy net debt,Figure 19: Projection of net core Crown debt assuming no change to fiscal policy,"Source: LTFM, The Treasury",2049,LTFS 2025,% of GDP,99.00777145746747
Fig 19,unchanged-policy net debt,Figure 19: Projection of net core Crown debt assuming no change to fiscal policy,"Source: LTFM, The Treasury",2050,LTFS 2025,% of GDP,103.59208253345477
Fig 19,unchanged-policy net debt,Figure 19: Projection of net core Crown debt assuming no change to fiscal policy,"Source: LTFM, The Treasury",2051,LTFS 2025,% of GDP,108.37763071072106
Fig 19,unchanged-policy net debt,Figure 19: Projection of net core Crown debt assuming no change to fiscal policy,"Source: LTFM, The Treasury",2052,LTFS 2025,% of GDP,113.37678136034725
Fig 19,unchanged-policy net debt,Figure 19: Projection of net core Crown debt assuming no change to fiscal policy,"Source: LTFM, The Treasury",2053,LTFS 2025,% of GDP,118.595341758323
Fig 19,unchanged-policy net debt,Figure 19: Projection of net core Crown debt assuming no change to fiscal policy,"Source: LTFM, The Treasury",2054,LTFS 2025,% of GDP,124.03839608169436
Fig 19,unchanged-policy net debt,Figure 19: Projection of net core Crown debt assuming no change to fiscal policy,"Source: LTFM, The Treasury",2055,LTFS 2025,% of GDP,129.71358707590875
Fig 19,unchanged-policy net debt,Figure 19: Projection of net core Crown debt assuming no change to fiscal policy,"Source: LTFM, The Treasury",2056,LTFS 2025,% of GDP,135.63550650685855
Fig 19,unchanged-policy net debt,Figure 19: Projection of net core Crown debt assuming no change to fiscal policy,"Source: LTFM, The Treasury",2057,LTFS 2025,% of GDP,141.8031796262347
Fig 19,unchanged-policy net debt,Figure 19: Projection of net core Crown debt assuming no change to fiscal policy,"Source: LTFM, The Treasury",2058,LTFS 2025,% of GDP,148.21684127458337
Fig 19,unchanged-policy net debt,Figure 19: Projection of net core Crown debt assuming no change to fiscal policy,"Source: LTFM, The Treasury",2059,LTFS 2025,% of GDP,154.87340162203637
Fig 19,unchanged-policy net debt,Figure 19: Projection of net core Crown debt assuming no change to fiscal policy,"Source: LTFM, The Treasury",2060,LTFS 2025,% of GDP,161.77874586949704
Fig 19,unchanged-policy net debt,Figure 19: Projection of net core Crown debt assuming no change to fiscal policy,"Source: LTFM, The Treasury",2061,LTFS 2025,% of GDP,168.92589308825092
Fig 19,unchanged-policy net debt,Figure 19: Projection of net core Crown debt assuming no change to fiscal policy,"Source: LTFM, The Treasury",2062,LTFS 2025,% of GDP,176.32532755945135
Fig 19,unchanged-policy net debt,Figure 19: Projection of net core Crown debt assuming no change to fiscal policy,"Source: LTFM, The Treasury",2063,LTFS 2025,% of GDP,183.97419005984332
Fig 19,unchanged-policy net debt,Figure 19: Projection of net core Crown debt assuming no change to fiscal policy,"Source: LTFM, The Treasury",2064,LTFS 2025,% of GDP,191.87530189258945
Fig 19,unchanged-policy net debt,Figure 19: Projection of net core Crown debt assuming no change to fiscal policy,"Source: LTFM, The Treasury",2065,LTFS 2025,% of GDP,200.04067114934801
Fig 20,OLG and LTFM net debt projections,Figure 20: Net core Crown debt projections assuming no change to fiscal policy,"Sources: OLG Model, LTFM, the Treasury",2025,LTFM,% of GDP,42.66226663112322
Fig 20,OLG and LTFM net debt projections,Figure 20: Net core Crown debt projections assuming no change to fiscal policy,"Sources: OLG Model, LTFM, the Treasury",2026,LTFM,% of GDP,43.85625153352728
Fig 20,OLG and LTFM net debt projections,Figure 20: Net core Crown debt projections assuming no change to fiscal policy,"Sources: OLG Model, LTFM, the Treasury",2027,LTFM,% of GDP,45.720325679720375
Fig 20,OLG and LTFM net debt projections,Figure 20: Net core Crown debt projections assuming no change to fiscal policy,"Sources: OLG Model, LTFM, the Treasury",2028,LTFM,% of GDP,45.96997999464925
Fig 20,OLG and LTFM net debt projections,Figure 20: Net core Crown debt projections assuming no change to fiscal policy,"Sources: OLG Model, LTFM, the Treasury",2029,LTFM,% of GDP,45.50753450532508
Fig 20,OLG and LTFM net debt projections,Figure 20: Net core Crown debt projections assuming no change to fiscal policy,"Sources: OLG Model, LTFM, the Treasury",2030,LTFM,% of GDP,45.99463986385218
Fig 20,OLG and LTFM net debt projections,Figure 20: Net core Crown debt projections assuming no change to fiscal policy,"Sources: OLG Model, LTFM, the Treasury",2031,LTFM,% of GDP,46.74575579894423
Fig 20,OLG and LTFM net debt projections,Figure 20: Net core Crown debt projections assuming no change to fiscal policy,"Sources: OLG Model, LTFM, the Treasury",2032,LTFM,% of GDP,47.902018331619956
Fig 20,OLG and LTFM net debt projections,Figure 20: Net core Crown debt projections assuming no change to fiscal policy,"Sources: OLG Model, LTFM, the Treasury",2033,LTFM,% of GDP,49.47445158822168
Fig 20,OLG and LTFM net debt projections,Figure 20: Net core Crown debt projections assuming no change to fiscal policy,"Sources: OLG Model, LTFM, the Treasury",2034,LTFM,% of GDP,51.410059238652636
Fig 20,OLG and LTFM net debt projections,Figure 20: Net core Crown debt projections assuming no change to fiscal policy,"Sources: OLG Model, LTFM, the Treasury",2035,LTFM,% of GDP,53.63963355688769
Fig 20,OLG and LTFM net debt projections,Figure 20: Net core Crown debt projections assuming no change to fiscal policy,"Sources: OLG Model, LTFM, the Treasury",2036,LTFM,% of GDP,55.79288650302623
Fig 20,OLG and LTFM net debt projections,Figure 20: Net core Crown debt projections assuming no change to fiscal policy,"Sources: OLG Model, LTFM, the Treasury",2037,LTFM,% of GDP,58.04232463976312
Fig 20,OLG and LTFM net debt projections,Figure 20: Net core Crown debt projections assuming no change to fiscal policy,"Sources: OLG Model, LTFM, the Treasury",2038,LTFM,% of GDP,60.498660534783376
Fig 20,OLG and LTFM net debt projections,Figure 20: Net core Crown debt projections assuming no change to fiscal policy,"Sources: OLG Model, LTFM, the Treasury",2039,LTFM,% of GDP,63.17415971925221
Fig 20,OLG and LTFM net debt projections,Figure 20: Net core Crown debt projections assuming no change to fiscal policy,"Sources: OLG Model, LTFM, the Treasury",2040,LTFM,% of GDP,66.00279401446791
Fig 20,OLG and LTFM net debt projections,Figure 20: Net core Crown debt projections assuming no change to fiscal policy,"Sources: OLG Model, LTFM, the Treasury",2041,LTFM,% of GDP,68.99272731695878
Fig 20,OLG and LTFM net debt projections,Figure 20: Net core Crown debt projections assuming no change to fiscal policy,"Sources: OLG Model, LTFM, the Treasury",2042,LTFM,% of GDP,72.14380568100638
Fig 20,OLG and LTFM net debt projections,Figure 20: Net core Crown debt projections assuming no change to fiscal policy,"Sources: OLG Model, LTFM, the Treasury",2043,LTFM,% of GDP,75.45883598356383
Fig 20,OLG and LTFM net debt projections,Figure 20: Net core Crown debt projections assuming no change to fiscal policy,"Sources: OLG Model, LTFM, the Treasury",2044,LTFM,% of GDP,78.94030412675619
Fig 20,OLG and LTFM net debt projections,Figure 20: Net core Crown debt projections assuming no change to fiscal policy,"Sources: OLG Model, LTFM, the Treasury",2045,LTFM,% of GDP,82.59222105704687
Fig 20,OLG and LTFM net debt projections,Figure 20: Net core Crown debt projections assuming no change to fiscal policy,"Sources: OLG Model, LTFM, the Treasury",2046,LTFM,% of GDP,86.41937043224341
Fig 20,OLG and LTFM net debt projections,Figure 20: Net core Crown debt projections assuming no change to fiscal policy,"Sources: OLG Model, LTFM, the Treasury",2047,LTFM,% of GDP,90.42636944310347
Fig 20,OLG and LTFM net debt projections,Figure 20: Net core Crown debt projections assuming no change to fiscal policy,"Sources: OLG Model, LTFM, the Treasury",2048,LTFM,% of GDP,94.62047661789171
Fig 20,OLG and LTFM net debt projections,Figure 20: Net core Crown debt projections assuming no change to fiscal policy,"Sources: OLG Model, LTFM, the Treasury",2049,LTFM,% of GDP,99.00777145746747
Fig 20,OLG and LTFM net debt projections,Figure 20: Net core Crown debt projections assuming no change to fiscal policy,"Sources: OLG Model, LTFM, the Treasury",2050,LTFM,% of GDP,103.59208253345477
Fig 20,OLG and LTFM net debt projections,Figure 20: Net core Crown debt projections assuming no change to fiscal policy,"Sources: OLG Model, LTFM, the Treasury",2051,LTFM,% of GDP,108.37763071072106
Fig 20,OLG and LTFM net debt projections,Figure 20: Net core Crown debt projections assuming no change to fiscal policy,"Sources: OLG Model, LTFM, the Treasury",2052,LTFM,% of GDP,113.37678136034725
Fig 20,OLG and LTFM net debt projections,Figure 20: Net core Crown debt projections assuming no change to fiscal policy,"Sources: OLG Model, LTFM, the Treasury",2053,LTFM,% of GDP,118.595341758323
Fig 20,OLG and LTFM net debt projections,Figure 20: Net core Crown debt projections assuming no change to fiscal policy,"Sources: OLG Model, LTFM, the Treasury",2054,LTFM,% of GDP,124.03839608169436
Fig 20,OLG and LTFM net debt projections,Figure 20: Net core Crown debt projections assuming no change to fiscal policy,"Sources: OLG Model, LTFM, the Treasury",2055,LTFM,% of GDP,129.71358707590875
Fig 20,OLG and LTFM net debt projections,Figure 20: Net core Crown debt projections assuming no change to fiscal policy,"Sources: OLG Model, LTFM, the Treasury",2056,LTFM,% of GDP,135.63550650685855
Fig 20,OLG and LTFM net debt projections,Figure 20: Net core Crown debt projections assuming no change to fiscal policy,"Sources: OLG Model, LTFM, the Treasury",2057,LTFM,% of GDP,141.8031796262347
Fig 20,OLG and LTFM net debt projections,Figure 20: Net core Crown debt projections assuming no change to fiscal policy,"Sources: OLG Model, LTFM, the Treasury",2058,LTFM,% of GDP,148.21684127458337
Fig 20,OLG and LTFM net debt projections,Figure 20: Net core Crown debt projections assuming no change to fiscal policy,"Sources: OLG Model, LTFM, the Treasury",2059,LTFM,% of GDP,154.87340162203637
Fig 20,OLG and LTFM net debt projections,Figure 20: Net core Crown debt projections assuming no change to fiscal policy,"Sources: OLG Model, LTFM, the Treasury",2060,LTFM,% of GDP,161.77874586949704
Fig 20,OLG and LTFM net debt projections,Figure 20: Net core Crown debt projections assuming no change to fiscal policy,"Sources: OLG Model, LTFM, the Treasury",2061,LTFM,% of GDP,168.92589308825092
Fig 20,OLG and LTFM net debt projections,Figure 20: Net core Crown debt projections assuming no change to fiscal policy,"Sources: OLG Model, LTFM, the Treasury",2062,LTFM,% of GDP,176.32532755945135
Fig 20,OLG and LTFM net debt projections,Figure 20: Net core Crown debt projections assuming no change to fiscal policy,"Sources: OLG Model, LTFM, the Treasury",2063,LTFM,% of GDP,183.97419005984332
Fig 20,OLG and LTFM net debt projections,Figure 20: Net core Crown debt projections assuming no change to fiscal policy,"Sources: OLG Model, LTFM, the Treasury",2064,LTFM,% of GDP,191.87530189258945
Fig 20,OLG and LTFM net debt projections,Figure 20: Net core Crown debt projections assuming no change to fiscal policy,"Sources: OLG Model, LTFM, the Treasury",2065,LTFM,% of GDP,200.04067114934801
Fig 20,OLG and LTFM net debt projections,Figure 20: Net core Crown debt projections assuming no change to fiscal policy,"Sources: OLG Model, LTFM, the Treasury",2025,OLG,% of GDP,42.4720157750103
Fig 20,OLG and LTFM net debt projections,Figure 20: Net core Crown debt projections assuming no change to fiscal policy,"Sources: OLG Model, LTFM, the Treasury",2026,OLG,% of GDP,42.5762029910025
Fig 20,OLG and LTFM net debt projections,Figure 20: Net core Crown debt projections assuming no change to fiscal policy,"Sources: OLG Model, LTFM, the Treasury",2027,OLG,% of GDP,42.8865007003015
Fig 20,OLG and LTFM net debt projections,Figure 20: Net core Crown debt projections assuming no change to fiscal policy,"Sources: OLG Model, LTFM, the Treasury",2028,OLG,% of GDP,43.4083131715847
Fig 20,OLG and LTFM net debt projections,Figure 20: Net core Crown debt projections assuming no change to fiscal policy,"Sources: OLG Model, LTFM, the Treasury",2029,OLG,% of GDP,44.1383280829867
Fig 20,OLG and LTFM net debt projections,Figure 20: Net core Crown debt projections assuming no change to fiscal policy,"Sources: OLG Model, LTFM, the Treasury",2030,OLG,% of GDP,45.083010317918
Fig 20,OLG and LTFM net debt projections,Figure 20: Net core Crown debt projections assuming no change to fiscal policy,"Sources: OLG Model, LTFM, the Treasury",2031,OLG,% of GDP,46.2222303783547
Fig 20,OLG and LTFM net debt projections,Figure 20: Net core Crown debt projections assuming no change to fiscal policy,"Sources: OLG Model, LTFM, the Treasury",2032,OLG,% of GDP,47.564900640418
Fig 20,OLG and LTFM net debt projections,Figure 20: Net core Crown debt projections assuming no change to fiscal policy,"Sources: OLG Model, LTFM, the Treasury",2033,OLG,% of GDP,49.122383898462
Fig 20,OLG and LTFM net debt projections,Figure 20: Net core Crown debt projections assuming no change to fiscal policy,"Sources: OLG Model, LTFM, the Treasury",2034,OLG,% of GDP,50.890821569152
Fig 20,OLG and LTFM net debt projections,Figure 20: Net core Crown debt projections assuming no change to fiscal policy,"Sources: OLG Model, LTFM, the Treasury",2035,OLG,% of GDP,52.8751447653404
Fig 20,OLG and LTFM net debt projections,Figure 20: Net core Crown debt projections assuming no change to fiscal policy,"Sources: OLG Model, LTFM, the Treasury",2036,OLG,% of GDP,55.0752359102802
Fig 20,OLG and LTFM net debt projections,Figure 20: Net core Crown debt projections assuming no change to fiscal policy,"Sources: OLG Model, LTFM, the Treasury",2037,OLG,% of GDP,57.4954363543314
Fig 20,OLG and LTFM net debt projections,Figure 20: Net core Crown debt projections assuming no change to fiscal policy,"Sources: OLG Model, LTFM, the Treasury",2038,OLG,% of GDP,60.1204685500965
Fig 20,OLG and LTFM net debt projections,Figure 20: Net core Crown debt projections assuming no change to fiscal policy,"Sources: OLG Model, LTFM, the Treasury",2039,OLG,% of GDP,62.941063805169
Fig 20,OLG and LTFM net debt projections,Figure 20: Net core Crown debt projections assuming no change to fiscal policy,"Sources: OLG Model, LTFM, the Treasury",2040,OLG,% of GDP,65.9367639818327
Fig 20,OLG and LTFM net debt projections,Figure 20: Net core Crown debt projections assuming no change to fiscal policy,"Sources: OLG Model, LTFM, the Treasury",2041,OLG,% of GDP,69.1051076001465
Fig 20,OLG and LTFM net debt projections,Figure 20: Net core Crown debt projections assuming no change to fiscal policy,"Sources: OLG Model, LTFM, the Treasury",2042,OLG,% of GDP,72.4329608543341
Fig 20,OLG and LTFM net debt projections,Figure 20: Net core Crown debt projections assuming no change to fiscal policy,"Sources: OLG Model, LTFM, the Treasury",2043,OLG,% of GDP,75.9290134575949
Fig 20,OLG and LTFM net debt projections,Figure 20: Net core Crown debt projections assuming no change to fiscal policy,"Sources: OLG Model, LTFM, the Treasury",2044,OLG,% of GDP,79.6380698156682
Fig 20,OLG and LTFM net debt projections,Figure 20: Net core Crown debt projections assuming no change to fiscal policy,"Sources: OLG Model, LTFM, the Treasury",2045,OLG,% of GDP,83.5517540710816
Fig 20,OLG and LTFM net debt projections,Figure 20: Net core Crown debt projections assuming no change to fiscal policy,"Sources: OLG Model, LTFM, the Treasury",2046,OLG,% of GDP,87.6572619652491
Fig 20,OLG and LTFM net debt projections,Figure 20: Net core Crown debt projections assuming no change to fiscal policy,"Sources: OLG Model, LTFM, the Treasury",2047,OLG,% of GDP,91.9847424249878
Fig 20,OLG and LTFM net debt projections,Figure 20: Net core Crown debt projections assuming no change to fiscal policy,"Sources: OLG Model, LTFM, the Treasury",2048,OLG,% of GDP,96.552918941897
Fig 20,OLG and LTFM net debt projections,Figure 20: Net core Crown debt projections assuming no change to fiscal policy,"Sources: OLG Model, LTFM, the Treasury",2049,OLG,% of GDP,101.371453182329
Fig 20,OLG and LTFM net debt projections,Figure 20: Net core Crown debt projections assuming no change to fiscal policy,"Sources: OLG Model, LTFM, the Treasury",2050,OLG,% of GDP,106.453085247328
Fig 20,OLG and LTFM net debt projections,Figure 20: Net core Crown debt projections assuming no change to fiscal policy,"Sources: OLG Model, LTFM, the Treasury",2051,OLG,% of GDP,111.811086941035
Fig 20,OLG and LTFM net debt projections,Figure 20: Net core Crown debt projections assuming no change to fiscal policy,"Sources: OLG Model, LTFM, the Treasury",2052,OLG,% of GDP,117.470642981767
Fig 20,OLG and LTFM net debt projections,Figure 20: Net core Crown debt projections assuming no change to fiscal policy,"Sources: OLG Model, LTFM, the Treasury",2053,OLG,% of GDP,123.453745782054
Fig 20,OLG and LTFM net debt projections,Figure 20: Net core Crown debt projections assuming no change to fiscal policy,"Sources: OLG Model, LTFM, the Treasury",2054,OLG,% of GDP,129.766772594144
Fig 20,OLG and LTFM net debt projections,Figure 20: Net core Crown debt projections assuming no change to fiscal policy,"Sources: OLG Model, LTFM, the Treasury",2055,OLG,% of GDP,136.430850315996
Fig 20,OLG and LTFM net debt projections,Figure 20: Net core Crown debt projections assuming no change to fiscal policy,"Sources: OLG Model, LTFM, the Treasury",2056,OLG,% of GDP,143.450523571874
Fig 20,OLG and LTFM net debt projections,Figure 20: Net core Crown debt projections assuming no change to fiscal policy,"Sources: OLG Model, LTFM, the Treasury",2057,OLG,% of GDP,150.805172866716
Fig 20,OLG and LTFM net debt projections,Figure 20: Net core Crown debt projections assuming no change to fiscal policy,"Sources: OLG Model, LTFM, the Treasury",2058,OLG,% of GDP,158.468462451391
Fig 20,OLG and LTFM net debt projections,Figure 20: Net core Crown debt projections assuming no change to fiscal policy,"Sources: OLG Model, LTFM, the Treasury",2059,OLG,% of GDP,166.414100394403
Fig 20,OLG and LTFM net debt projections,Figure 20: Net core Crown debt projections assuming no change to fiscal policy,"Sources: OLG Model, LTFM, the Treasury",2060,OLG,% of GDP,174.633206978571
Fig 20,OLG and LTFM net debt projections,Figure 20: Net core Crown debt projections assuming no change to fiscal policy,"Sources: OLG Model, LTFM, the Treasury",2061,OLG,% of GDP,183.102827698804
Fig 20,OLG and LTFM net debt projections,Figure 20: Net core Crown debt projections assuming no change to fiscal policy,"Sources: OLG Model, LTFM, the Treasury",2062,OLG,% of GDP,191.796707938592
Fig 20,OLG and LTFM net debt projections,Figure 20: Net core Crown debt projections assuming no change to fiscal policy,"Sources: OLG Model, LTFM, the Treasury",2063,OLG,% of GDP,200.704937209583
Fig 20,OLG and LTFM net debt projections,Figure 20: Net core Crown debt projections assuming no change to fiscal policy,"Sources: OLG Model, LTFM, the Treasury",2064,OLG,% of GDP,209.789171441814
Fig 20,OLG and LTFM net debt projections,Figure 20: Net core Crown debt projections assuming no change to fiscal policy,"Sources: OLG Model, LTFM, the Treasury",2065,OLG,% of GDP,219.096136862206
Fig 21,interest-rate sensitivity,Figure 21: Net debt under alternative interest rate assumptions,"Source: LTFM, The Treasury",2005,Baseline,% of GDP,12.6771251833429
Fig 21,interest-rate sensitivity,Figure 21: Net debt under alternative interest rate assumptions,"Source: LTFM, The Treasury",2006,Baseline,% of GDP,9.828041202009024
Fig 21,interest-rate sensitivity,Figure 21: Net debt under alternative interest rate assumptions,"Source: LTFM, The Treasury",2007,Baseline,% of GDP,7.524962506343983
Fig 21,interest-rate sensitivity,Figure 21: Net debt under alternative interest rate assumptions,"Source: LTFM, The Treasury",2008,Baseline,% of GDP,5.430530188729188
Fig 21,interest-rate sensitivity,Figure 21: Net debt under alternative interest rate assumptions,"Source: LTFM, The Treasury",2009,Baseline,% of GDP,9.017878778301043
Fig 21,interest-rate sensitivity,Figure 21: Net debt under alternative interest rate assumptions,"Source: LTFM, The Treasury",2010,Baseline,% of GDP,13.54831190810375
Fig 21,interest-rate sensitivity,Figure 21: Net debt under alternative interest rate assumptions,"Source: LTFM, The Treasury",2011,Baseline,% of GDP,19.47034905724461
Fig 21,interest-rate sensitivity,Figure 21: Net debt under alternative interest rate assumptions,"Source: LTFM, The Treasury",2012,Baseline,% of GDP,23.546331965594316
Fig 21,interest-rate sensitivity,Figure 21: Net debt under alternative interest rate assumptions,"Source: LTFM, The Treasury",2013,Baseline,% of GDP,25.47414717382279
Fig 21,interest-rate sensitivity,Figure 21: Net debt under alternative interest rate assumptions,"Source: LTFM, The Treasury",2014,Baseline,% of GDP,25.281901362997836
Fig 21,interest-rate sensitivity,Figure 21: Net debt under alternative interest rate assumptions,"Source: LTFM, The Treasury",2015,Baseline,% of GDP,24.659578967918268
Fig 21,interest-rate sensitivity,Figure 21: Net debt under alternative interest rate assumptions,"Source: LTFM, The Treasury",2016,Baseline,% of GDP,23.89844320257677
Fig 21,interest-rate sensitivity,Figure 21: Net debt under alternative interest rate assumptions,"Source: LTFM, The Treasury",2017,Baseline,% of GDP,21.56041119923444
Fig 21,interest-rate sensitivity,Figure 21: Net debt under alternative interest rate assumptions,"Source: LTFM, The Treasury",2018,Baseline,% of GDP,19.436002663809045
Fig 21,interest-rate sensitivity,Figure 21: Net debt under alternative interest rate assumptions,"Source: LTFM, The Treasury",2019,Baseline,% of GDP,18.59380635853043
Fig 21,interest-rate sensitivity,Figure 21: Net debt under alternative interest rate assumptions,"Source: LTFM, The Treasury",2020,Baseline,% of GDP,26.24901221858068
Fig 21,interest-rate sensitivity,Figure 21: Net debt under alternative interest rate assumptions,"Source: LTFM, The Treasury",2021,Baseline,% of GDP,29.726872708529303
Fig 21,interest-rate sensitivity,Figure 21: Net debt under alternative interest rate assumptions,"Source: LTFM, The Treasury",2022,Baseline,% of GDP,35.238545756816755
Fig 21,interest-rate sensitivity,Figure 21: Net debt under alternative interest rate assumptions,"Source: LTFM, The Treasury",2023,Baseline,% of GDP,38.66869880736253
Fig 21,interest-rate sensitivity,Figure 21: Net debt under alternative interest rate assumptions,"Source: LTFM, The Treasury",2024,Baseline,% of GDP,41.71536438892877
Fig 21,interest-rate sensitivity,Figure 21: Net debt under alternative interest rate assumptions,"Source: LTFM, The Treasury",2025,Baseline,% of GDP,42.66226663112322
Fig 21,interest-rate sensitivity,Figure 21: Net debt under alternative interest rate assumptions,"Source: LTFM, The Treasury",2026,Baseline,% of GDP,43.85625153352728
Fig 21,interest-rate sensitivity,Figure 21: Net debt under alternative interest rate assumptions,"Source: LTFM, The Treasury",2027,Baseline,% of GDP,45.720325679720375
Fig 21,interest-rate sensitivity,Figure 21: Net debt under alternative interest rate assumptions,"Source: LTFM, The Treasury",2028,Baseline,% of GDP,45.96997999464925
Fig 21,interest-rate sensitivity,Figure 21: Net debt under alternative interest rate assumptions,"Source: LTFM, The Treasury",2029,Baseline,% of GDP,45.50753450532508
Fig 21,interest-rate sensitivity,Figure 21: Net debt under alternative interest rate assumptions,"Source: LTFM, The Treasury",2030,Baseline,% of GDP,45.99463986385218
Fig 21,interest-rate sensitivity,Figure 21: Net debt under alternative interest rate assumptions,"Source: LTFM, The Treasury",2031,Baseline,% of GDP,46.74575579894423
Fig 21,interest-rate sensitivity,Figure 21: Net debt under alternative interest rate assumptions,"Source: LTFM, The Treasury",2032,Baseline,% of GDP,47.902018331619956
Fig 21,interest-rate sensitivity,Figure 21: Net debt under alternative interest rate assumptions,"Source: LTFM, The Treasury",2033,Baseline,% of GDP,49.47445158822168
Fig 21,interest-rate sensitivity,Figure 21: Net debt under alternative interest rate assumptions,"Source: LTFM, The Treasury",2034,Baseline,% of GDP,51.410059238652636
Fig 21,interest-rate sensitivity,Figure 21: Net debt under alternative interest rate assumptions,"Source: LTFM, The Treasury",2035,Baseline,% of GDP,53.63963355688769
Fig 21,interest-rate sensitivity,Figure 21: Net debt under alternative interest rate assumptions,"Source: LTFM, The Treasury",2036,Baseline,% of GDP,55.79288650302623
Fig 21,interest-rate sensitivity,Figure 21: Net debt under alternative interest rate assumptions,"Source: LTFM, The Treasury",2037,Baseline,% of GDP,58.04232463976312
Fig 21,interest-rate sensitivity,Figure 21: Net debt under alternative interest rate assumptions,"Source: LTFM, The Treasury",2038,Baseline,% of GDP,60.498660534783376
Fig 21,interest-rate sensitivity,Figure 21: Net debt under alternative interest rate assumptions,"Source: LTFM, The Treasury",2039,Baseline,% of GDP,63.17415971925221
Fig 21,interest-rate sensitivity,Figure 21: Net debt under alternative interest rate assumptions,"Source: LTFM, The Treasury",2040,Baseline,% of GDP,66.00279401446791
Fig 21,interest-rate sensitivity,Figure 21: Net debt under alternative interest rate assumptions,"Source: LTFM, The Treasury",2041,Baseline,% of GDP,68.99272731695878
Fig 21,interest-rate sensitivity,Figure 21: Net debt under alternative interest rate assumptions,"Source: LTFM, The Treasury",2042,Baseline,% of GDP,72.14380568100638
Fig 21,interest-rate sensitivity,Figure 21: Net debt under alternative interest rate assumptions,"Source: LTFM, The Treasury",2043,Baseline,% of GDP,75.45883598356383
Fig 21,interest-rate sensitivity,Figure 21: Net debt under alternative interest rate assumptions,"Source: LTFM, The Treasury",2044,Baseline,% of GDP,78.94030412675619
Fig 21,interest-rate sensitivity,Figure 21: Net debt under alternative interest rate assumptions,"Source: LTFM, The Treasury",2045,Baseline,% of GDP,82.59222105704687
Fig 21,interest-rate sensitivity,Figure 21: Net debt under alternative interest rate assumptions,"Source: LTFM, The Treasury",2046,Baseline,% of GDP,86.41937043224341
Fig 21,interest-rate sensitivity,Figure 21: Net debt under alternative interest rate assumptions,"Source: LTFM, The Treasury",2047,Baseline,% of GDP,90.42636944310347
Fig 21,interest-rate sensitivity,Figure 21: Net debt under alternative interest rate assumptions,"Source: LTFM, The Treasury",2048,Baseline,% of GDP,94.62047661789171
Fig 21,interest-rate sensitivity,Figure 21: Net debt under alternative interest rate assumptions,"Source: LTFM, The Treasury",2049,Baseline,% of GDP,99.00777145746747
Fig 21,interest-rate sensitivity,Figure 21: Net debt under alternative interest rate assumptions,"Source: LTFM, The Treasury",2050,Baseline,% of GDP,103.59208253345477
Fig 21,interest-rate sensitivity,Figure 21: Net debt under alternative interest rate assumptions,"Source: LTFM, The Treasury",2051,Baseline,% of GDP,108.37763071072106
Fig 21,interest-rate sensitivity,Figure 21: Net debt under alternative interest rate assumptions,"Source: LTFM, The Treasury",2052,Baseline,% of GDP,113.37678136034725
Fig 21,interest-rate sensitivity,Figure 21: Net debt under alternative interest rate assumptions,"Source: LTFM, The Treasury",2053,Baseline,% of GDP,118.595341758323
Fig 21,interest-rate sensitivity,Figure 21: Net debt under alternative interest rate assumptions,"Source: LTFM, The Treasury",2054,Baseline,% of GDP,124.03839608169436
Fig 21,interest-rate sensitivity,Figure 21: Net debt under alternative interest rate assumptions,"Source: LTFM, The Treasury",2055,Baseline,% of GDP,129.71358707590875
Fig 21,interest-rate sensitivity,Figure 21: Net debt under alternative interest rate assumptions,"Source: LTFM, The Treasury",2056,Baseline,% of GDP,135.63550650685855
Fig 21,interest-rate sensitivity,Figure 21: Net debt under alternative interest rate assumptions,"Source: LTFM, The Treasury",2057,Baseline,% of GDP,141.8031796262347
Fig 21,interest-rate sensitivity,Figure 21: Net debt under alternative interest rate assumptions,"Source: LTFM, The Treasury",2058,Baseline,% of GDP,148.21684127458337
Fig 21,interest-rate sensitivity,Figure 21: Net debt under alternative interest rate assumptions,"Source: LTFM, The Treasury",2059,Baseline,% of GDP,154.87340162203637
Fig 21,interest-rate sensitivity,Figure 21: Net debt under alternative interest rate assumptions,"Source: LTFM, The Treasury",2060,Baseline,% of GDP,161.77874586949704
Fig 21,interest-rate sensitivity,Figure 21: Net debt under alternative interest rate assumptions,"Source: LTFM, The Treasury",2061,Baseline,% of GDP,168.92589308825092
Fig 21,interest-rate sensitivity,Figure 21: Net debt under alternative interest rate assumptions,"Source: LTFM, The Treasury",2062,Baseline,% of GDP,176.32532755945135
Fig 21,interest-rate sensitivity,Figure 21: Net debt under alternative interest rate assumptions,"Source: LTFM, The Treasury",2063,Baseline,% of GDP,183.97419005984332
Fig 21,interest-rate sensitivity,Figure 21: Net debt under alternative interest rate assumptions,"Source: LTFM, The Treasury",2064,Baseline,% of GDP,191.87530189258945
Fig 21,interest-rate sensitivity,Figure 21: Net debt under alternative interest rate assumptions,"Source: LTFM, The Treasury",2065,Baseline,% of GDP,200.04067114934801
Fig 21,interest-rate sensitivity,Figure 21: Net debt under alternative interest rate assumptions,"Source: LTFM, The Treasury",2005,High,% of GDP,12.6771251833429
Fig 21,interest-rate sensitivity,Figure 21: Net debt under alternative interest rate assumptions,"Source: LTFM, The Treasury",2006,High,% of GDP,9.828041202009024
Fig 21,interest-rate sensitivity,Figure 21: Net debt under alternative interest rate assumptions,"Source: LTFM, The Treasury",2007,High,% of GDP,7.524962506343983
Fig 21,interest-rate sensitivity,Figure 21: Net debt under alternative interest rate assumptions,"Source: LTFM, The Treasury",2008,High,% of GDP,5.430530188729188
Fig 21,interest-rate sensitivity,Figure 21: Net debt under alternative interest rate assumptions,"Source: LTFM, The Treasury",2009,High,% of GDP,9.017878778301043
Fig 21,interest-rate sensitivity,Figure 21: Net debt under alternative interest rate assumptions,"Source: LTFM, The Treasury",2010,High,% of GDP,13.54831190810375
Fig 21,interest-rate sensitivity,Figure 21: Net debt under alternative interest rate assumptions,"Source: LTFM, The Treasury",2011,High,% of GDP,19.47034905724461
Fig 21,interest-rate sensitivity,Figure 21: Net debt under alternative interest rate assumptions,"Source: LTFM, The Treasury",2012,High,% of GDP,23.546331965594316
Fig 21,interest-rate sensitivity,Figure 21: Net debt under alternative interest rate assumptions,"Source: LTFM, The Treasury",2013,High,% of GDP,25.47414717382279
Fig 21,interest-rate sensitivity,Figure 21: Net debt under alternative interest rate assumptions,"Source: LTFM, The Treasury",2014,High,% of GDP,25.281901362997836
Fig 21,interest-rate sensitivity,Figure 21: Net debt under alternative interest rate assumptions,"Source: LTFM, The Treasury",2015,High,% of GDP,24.659578967918268
Fig 21,interest-rate sensitivity,Figure 21: Net debt under alternative interest rate assumptions,"Source: LTFM, The Treasury",2016,High,% of GDP,23.89844320257677
Fig 21,interest-rate sensitivity,Figure 21: Net debt under alternative interest rate assumptions,"Source: LTFM, The Treasury",2017,High,% of GDP,21.56041119923444
Fig 21,interest-rate sensitivity,Figure 21: Net debt under alternative interest rate assumptions,"Source: LTFM, The Treasury",2018,High,% of GDP,19.436002663809045
Fig 21,interest-rate sensitivity,Figure 21: Net debt under alternative interest rate assumptions,"Source: LTFM, The Treasury",2019,High,% of GDP,18.59380635853043
Fig 21,interest-rate sensitivity,Figure 21: Net debt under alternative interest rate assumptions,"Source: LTFM, The Treasury",2020,High,% of GDP,26.24901221858068
Fig 21,interest-rate sensitivity,Figure 21: Net debt under alternative interest rate assumptions,"Source: LTFM, The Treasury",2021,High,% of GDP,29.726872708529303
Fig 21,interest-rate sensitivity,Figure 21: Net debt under alternative interest rate assumptions,"Source: LTFM, The Treasury",2022,High,% of GDP,35.238545756816755
Fig 21,interest-rate sensitivity,Figure 21: Net debt under alternative interest rate assumptions,"Source: LTFM, The Treasury",2023,High,% of GDP,38.66869880736253
Fig 21,interest-rate sensitivity,Figure 21: Net debt under alternative interest rate assumptions,"Source: LTFM, The Treasury",2024,High,% of GDP,41.71536438892877
Fig 21,interest-rate sensitivity,Figure 21: Net debt under alternative interest rate assumptions,"Source: LTFM, The Treasury",2025,High,% of GDP,42.66226663112322
Fig 21,interest-rate sensitivity,Figure 21: Net debt under alternative interest rate assumptions,"Source: LTFM, The Treasury",2026,High,% of GDP,43.85625153352728
Fig 21,interest-rate sensitivity,Figure 21: Net debt under alternative interest rate assumptions,"Source: LTFM, The Treasury",2027,High,% of GDP,45.720325679720375
Fig 21,interest-rate sensitivity,Figure 21: Net debt under alternative interest rate assumptions,"Source: LTFM, The Treasury",2028,High,% of GDP,45.96997999464925
Fig 21,interest-rate sensitivity,Figure 21: Net debt under alternative interest rate assumptions,"Source: LTFM, The Treasury",2029,High,% of GDP,45.50753450532508
Fig 21,interest-rate sensitivity,Figure 21: Net debt under alternative interest rate assumptions,"Source: LTFM, The Treasury",2030,High,% of GDP,46.13181084639662
Fig 21,interest-rate sensitivity,Figure 21: Net debt under alternative interest rate assumptions,"Source: LTFM, The Treasury",2031,High,% of GDP,47.15867594163662
Fig 21,interest-rate sensitivity,Figure 21: Net debt under alternative interest rate assumptions,"Source: LTFM, The Treasury",2032,High,% of GDP,48.744753023260856
Fig 21,interest-rate sensitivity,Figure 21: Net debt under alternative interest rate assumptions,"Source: LTFM, The Treasury",2033,High,% of GDP,50.954692070795026
Fig 21,interest-rate sensitivity,Figure 21: Net debt under alternative interest rate assumptions,"Source: LTFM, The Treasury",2034,High,% of GDP,53.789874197925755
Fig 21,interest-rate sensitivity,Figure 21: Net debt under alternative interest rate assumptions,"Source: LTFM, The Treasury",2035,High,% of GDP,56.97887398055115
Fig 21,interest-rate sensitivity,Figure 21: Net debt under alternative interest rate assumptions,"Source: LTFM, The Treasury",2036,High,% of GDP,60.15452665093118
Fig 21,interest-rate sensitivity,Figure 21: Net debt under alternative interest rate assumptions,"Source: LTFM, The Treasury",2037,High,% of GDP,63.491328406
Fig 21,interest-rate sensitivity,Figure 21: Net debt under alternative interest rate assumptions,"Source: LTFM, The Treasury",2038,High,% of GDP,67.10574974995762
Fig 21,interest-rate sensitivity,Figure 21: Net debt under alternative interest rate assumptions,"Source: LTFM, The Treasury",2039,High,% of GDP,71.01582644189823
Fig 21,interest-rate sensitivity,Figure 21: Net debt under alternative interest rate assumptions,"Source: LTFM, The Treasury",2040,High,% of GDP,75.15981652050962
Fig 21,interest-rate sensitivity,Figure 21: Net debt under alternative interest rate assumptions,"Source: LTFM, The Treasury",2041,High,% of GDP,79.55115253391303
Fig 21,interest-rate sensitivity,Figure 21: Net debt under alternative interest rate assumptions,"Source: LTFM, The Treasury",2042,High,% of GDP,84.19369060334047
Fig 21,interest-rate sensitivity,Figure 21: Net debt under alternative interest rate assumptions,"Source: LTFM, The Treasury",2043,High,% of GDP,89.09638845225254
Fig 21,interest-rate sensitivity,Figure 21: Net debt under alternative interest rate assumptions,"Source: LTFM, The Treasury",2044,High,% of GDP,94.26781235129069
Fig 21,interest-rate sensitivity,Figure 21: Net debt under alternative interest rate assumptions,"Source: LTFM, The Treasury",2045,High,% of GDP,99.71797385887642
Fig 21,interest-rate sensitivity,Figure 21: Net debt under alternative interest rate assumptions,"Source: LTFM, The Treasury",2046,High,% of GDP,105.45855276902691
Fig 21,interest-rate sensitivity,Figure 21: Net debt under alternative interest rate assumptions,"Source: LTFM, The Treasury",2047,High,% of GDP,111.50113809208068
Fig 21,interest-rate sensitivity,Figure 21: Net debt under alternative interest rate assumptions,"Source: LTFM, The Treasury",2048,High,% of GDP,117.86044762957376
Fig 21,interest-rate sensitivity,Figure 21: Net debt under alternative interest rate assumptions,"Source: LTFM, The Treasury",2049,High,% of GDP,124.55093728048617
Fig 21,interest-rate sensitivity,Figure 21: Net debt under alternative interest rate assumptions,"Source: LTFM, The Treasury",2050,High,% of GDP,131.58404081171525
Fig 21,interest-rate sensitivity,Figure 21: Net debt under alternative interest rate assumptions,"Source: LTFM, The Treasury",2051,High,% of GDP,138.97164059926595
Fig 21,interest-rate sensitivity,Figure 21: Net debt under alternative interest rate assumptions,"Source: LTFM, The Treasury",2052,High,% of GDP,146.7367692835256
Fig 21,interest-rate sensitivity,Figure 21: Net debt under alternative interest rate assumptions,"Source: LTFM, The Treasury",2053,High,% of GDP,154.89359119356632
Fig 21,interest-rate sensitivity,Figure 21: Net debt under alternative interest rate assumptions,"Source: LTFM, The Treasury",2054,High,% of GDP,163.45571397963099
Fig 21,interest-rate sensitivity,Figure 21: Net debt under alternative interest rate assumptions,"Source: LTFM, The Treasury",2055,High,% of GDP,172.4399891756223
Fig 21,interest-rate sensitivity,Figure 21: Net debt under alternative interest rate assumptions,"Source: LTFM, The Treasury",2056,High,% of GDP,181.87167768081852
Fig 21,interest-rate sensitivity,Figure 21: Net debt under alternative interest rate assumptions,"Source: LTFM, The Treasury",2057,High,% of GDP,191.75686708761
Fig 21,interest-rate sensitivity,Figure 21: Net debt under alternative interest rate assumptions,"Source: LTFM, The Treasury",2058,High,% of GDP,202.10614311911962
Fig 21,interest-rate sensitivity,Figure 21: Net debt under alternative interest rate assumptions,"Source: LTFM, The Treasury",2059,High,% of GDP,212.92411923495865
Fig 21,interest-rate sensitivity,Figure 21: Net debt under alternative interest rate assumptions,"Source: LTFM, The Treasury",2060,High,% of GDP,224.22787170877538
Fig 21,interest-rate sensitivity,Figure 21: Net debt under alternative interest rate assumptions,"Source: LTFM, The Treasury",2061,High,% of GDP,236.01709806420942
Fig 21,interest-rate sensitivity,Figure 21: Net debt under alternative interest rate assumptions,"Source: LTFM, The Treasury",2062,High,% of GDP,248.31654826782082
Fig 21,interest-rate sensitivity,Figure 21: Net debt under alternative interest rate assumptions,"Source: LTFM, The Treasury",2063,High,% of GDP,261.1307046200349
Fig 21,interest-rate sensitivity,Figure 21: Net debt under alternative interest rate assumptions,"Source: LTFM, The Treasury",2064,High,% of GDP,274.4744446759002
Fig 21,interest-rate sensitivity,Figure 21: Net debt under alternative interest rate assumptions,"Source: LTFM, The Treasury",2065,High,% of GDP,288.37588354514185
Fig 21,interest-rate sensitivity,Figure 21: Net debt under alternative interest rate assumptions,"Source: LTFM, The Treasury",2005,Low,% of GDP,12.6771251833429
Fig 21,interest-rate sensitivity,Figure 21: Net debt under alternative interest rate assumptions,"Source: LTFM, The Treasury",2006,Low,% of GDP,9.828041202009024
Fig 21,interest-rate sensitivity,Figure 21: Net debt under alternative interest rate assumptions,"Source: LTFM, The Treasury",2007,Low,% of GDP,7.524962506343983
Fig 21,interest-rate sensitivity,Figure 21: Net debt under alternative interest rate assumptions,"Source: LTFM, The Treasury",2008,Low,% of GDP,5.430530188729188
Fig 21,interest-rate sensitivity,Figure 21: Net debt under alternative interest rate assumptions,"Source: LTFM, The Treasury",2009,Low,% of GDP,9.017878778301043
Fig 21,interest-rate sensitivity,Figure 21: Net debt under alternative interest rate assumptions,"Source: LTFM, The Treasury",2010,Low,% of GDP,13.54831190810375
Fig 21,interest-rate sensitivity,Figure 21: Net debt under alternative interest rate assumptions,"Source: LTFM, The Treasury",2011,Low,% of GDP,19.47034905724461
Fig 21,interest-rate sensitivity,Figure 21: Net debt under alternative interest rate assumptions,"Source: LTFM, The Treasury",2012,Low,% of GDP,23.546331965594316
Fig 21,interest-rate sensitivity,Figure 21: Net debt under alternative interest rate assumptions,"Source: LTFM, The Treasury",2013,Low,% of GDP,25.47414717382279
Fig 21,interest-rate sensitivity,Figure 21: Net debt under alternative interest rate assumptions,"Source: LTFM, The Treasury",2014,Low,% of GDP,25.281901362997836
Fig 21,interest-rate sensitivity,Figure 21: Net debt under alternative interest rate assumptions,"Source: LTFM, The Treasury",2015,Low,% of GDP,24.659578967918268
Fig 21,interest-rate sensitivity,Figure 21: Net debt under alternative interest rate assumptions,"Source: LTFM, The Treasury",2016,Low,% of GDP,23.89844320257677
Fig 21,interest-rate sensitivity,Figure 21: Net debt under alternative interest rate assumptions,"Source: LTFM, The Treasury",2017,Low,% of GDP,21.56041119923444
Fig 21,interest-rate sensitivity,Figure 21: Net debt under alternative interest rate assumptions,"Source: LTFM, The Treasury",2018,Low,% of GDP,19.436002663809045
Fig 21,interest-rate sensitivity,Figure 21: Net debt under alternative interest rate assumptions,"Source: LTFM, The Treasury",2019,Low,% of GDP,18.59380635853043
Fig 21,interest-rate sensitivity,Figure 21: Net debt under alternative interest rate assumptions,"Source: LTFM, The Treasury",2020,Low,% of GDP,26.24901221858068
Fig 21,interest-rate sensitivity,Figure 21: Net debt under alternative interest rate assumptions,"Source: LTFM, The Treasury",2021,Low,% of GDP,29.726872708529303
Fig 21,interest-rate sensitivity,Figure 21: Net debt under alternative interest rate assumptions,"Source: LTFM, The Treasury",2022,Low,% of GDP,35.238545756816755
Fig 21,interest-rate sensitivity,Figure 21: Net debt under alternative interest rate assumptions,"Source: LTFM, The Treasury",2023,Low,% of GDP,38.66869880736253
Fig 21,interest-rate sensitivity,Figure 21: Net debt under alternative interest rate assumptions,"Source: LTFM, The Treasury",2024,Low,% of GDP,41.71536438892877
Fig 21,interest-rate sensitivity,Figure 21: Net debt under alternative interest rate assumptions,"Source: LTFM, The Treasury",2025,Low,% of GDP,42.66226663112322
Fig 21,interest-rate sensitivity,Figure 21: Net debt under alternative interest rate assumptions,"Source: LTFM, The Treasury",2026,Low,% of GDP,43.85625153352728
Fig 21,interest-rate sensitivity,Figure 21: Net debt under alternative interest rate assumptions,"Source: LTFM, The Treasury",2027,Low,% of GDP,45.720325679720375
Fig 21,interest-rate sensitivity,Figure 21: Net debt under alternative interest rate assumptions,"Source: LTFM, The Treasury",2028,Low,% of GDP,45.96997999464925
Fig 21,interest-rate sensitivity,Figure 21: Net debt under alternative interest rate assumptions,"Source: LTFM, The Treasury",2029,Low,% of GDP,45.50753450532508
Fig 21,interest-rate sensitivity,Figure 21: Net debt under alternative interest rate assumptions,"Source: LTFM, The Treasury",2030,Low,% of GDP,45.85694310575081
Fig 21,interest-rate sensitivity,Figure 21: Net debt under alternative interest rate assumptions,"Source: LTFM, The Treasury",2031,Low,% of GDP,46.323181152787555
Fig 21,interest-rate sensitivity,Figure 21: Net debt under alternative interest rate assumptions,"Source: LTFM, The Treasury",2032,Low,% of GDP,47.03745765480633
Fig 21,interest-rate sensitivity,Figure 21: Net debt under alternative interest rate assumptions,"Source: LTFM, The Treasury",2033,Low,% of GDP,47.9690038775335
Fig 21,interest-rate sensitivity,Figure 21: Net debt under alternative interest rate assumptions,"Source: LTFM, The Treasury",2034,Low,% of GDP,49.022576175860415
Fig 21,interest-rate sensitivity,Figure 21: Net debt under alternative interest rate assumptions,"Source: LTFM, The Treasury",2035,Low,% of GDP,50.34001359530831
Fig 21,interest-rate sensitivity,Figure 21: Net debt under alternative interest rate assumptions,"Source: LTFM, The Treasury",2036,Low,% of GDP,51.549549477316546
Fig 21,interest-rate sensitivity,Figure 21: Net debt under alternative interest rate assumptions,"Source: LTFM, The Treasury",2037,Low,% of GDP,52.82352530188099
Fig 21,interest-rate sensitivity,Figure 21: Net debt under alternative interest rate assumptions,"Source: LTFM, The Treasury",2038,Low,% of GDP,54.26878014583089
Fig 21,interest-rate sensitivity,Figure 21: Net debt under alternative interest rate assumptions,"Source: LTFM, The Treasury",2039,Low,% of GDP,55.893817205969555
Fig 21,interest-rate sensitivity,Figure 21: Net debt under alternative interest rate assumptions,"Source: LTFM, The Treasury",2040,Low,% of GDP,57.63044045339759
Fig 21,interest-rate sensitivity,Figure 21: Net debt under alternative interest rate assumptions,"Source: LTFM, The Treasury",2041,Low,% of GDP,59.48392704817679
Fig 21,interest-rate sensitivity,Figure 21: Net debt under alternative interest rate assumptions,"Source: LTFM, The Treasury",2042,Low,% of GDP,61.45249974728544
Fig 21,interest-rate sensitivity,Figure 21: Net debt under alternative interest rate assumptions,"Source: LTFM, The Treasury",2043,Low,% of GDP,63.53555460128989
Fig 21,interest-rate sensitivity,Figure 21: Net debt under alternative interest rate assumptions,"Source: LTFM, The Treasury",2044,Low,% of GDP,65.7324298027324
Fig 21,interest-rate sensitivity,Figure 21: Net debt under alternative interest rate assumptions,"Source: LTFM, The Treasury",2045,Low,% of GDP,68.04423793761602
Fig 21,interest-rate sensitivity,Figure 21: Net debt under alternative interest rate assumptions,"Source: LTFM, The Treasury",2046,Low,% of GDP,70.4722818490664
Fig 21,interest-rate sensitivity,Figure 21: Net debt under alternative interest rate assumptions,"Source: LTFM, The Treasury",2047,Low,% of GDP,73.01783820006983
Fig 21,interest-rate sensitivity,Figure 21: Net debt under alternative interest rate assumptions,"Source: LTFM, The Treasury",2048,Low,% of GDP,75.68461793130196
Fig 21,interest-rate sensitivity,Figure 21: Net debt under alternative interest rate assumptions,"Source: LTFM, The Treasury",2049,Low,% of GDP,78.47462124242672
Fig 21,interest-rate sensitivity,Figure 21: Net debt under alternative interest rate assumptions,"Source: LTFM, The Treasury",2050,Low,% of GDP,81.38844447778166
Fig 21,interest-rate sensitivity,Figure 21: Net debt under alternative interest rate assumptions,"Source: LTFM, The Treasury",2051,Low,% of GDP,84.42721532074519
Fig 21,interest-rate sensitivity,Figure 21: Net debt under alternative interest rate assumptions,"Source: LTFM, The Treasury",2052,Low,% of GDP,87.59806203636435
Fig 21,interest-rate sensitivity,Figure 21: Net debt under alternative interest rate assumptions,"Source: LTFM, The Treasury",2053,Low,% of GDP,90.90360262464282
Fig 21,interest-rate sensitivity,Figure 21: Net debt under alternative interest rate assumptions,"Source: LTFM, The Treasury",2054,Low,% of GDP,94.34577845210353
Fig 21,interest-rate sensitivity,Figure 21: Net debt under alternative interest rate assumptions,"Source: LTFM, The Treasury",2055,Low,% of GDP,97.92874543631349
Fig 21,interest-rate sensitivity,Figure 21: Net debt under alternative interest rate assumptions,"Source: LTFM, The Treasury",2056,Low,% of GDP,101.6627069219674
Fig 21,interest-rate sensitivity,Figure 21: Net debt under alternative interest rate assumptions,"Source: LTFM, The Treasury",2057,Low,% of GDP,105.54512812161832
Fig 21,interest-rate sensitivity,Figure 21: Net debt under alternative interest rate assumptions,"Source: LTFM, The Treasury",2058,Low,% of GDP,109.57242929283193
Fig 21,interest-rate sensitivity,Figure 21: Net debt under alternative interest rate assumptions,"Source: LTFM, The Treasury",2059,Low,% of GDP,113.73980446145482
Fig 21,interest-rate sensitivity,Figure 21: Net debt under alternative interest rate assumptions,"Source: LTFM, The Treasury",2060,Low,% of GDP,118.04909274798858
Fig 21,interest-rate sensitivity,Figure 21: Net debt under alternative interest rate assumptions,"Source: LTFM, The Treasury",2061,Low,% of GDP,122.49261582600171
Fig 21,interest-rate sensitivity,Figure 21: Net debt under alternative interest rate assumptions,"Source: LTFM, The Treasury",2062,Low,% of GDP,127.07504912998343
Fig 21,interest-rate sensitivity,Figure 21: Net debt under alternative interest rate assumptions,"Source: LTFM, The Treasury",2063,Low,% of GDP,131.79271244209744
Fig 21,interest-rate sensitivity,Figure 21: Net debt under alternative interest rate assumptions,"Source: LTFM, The Treasury",2064,Low,% of GDP,136.6445353165402
Fig 21,interest-rate sensitivity,Figure 21: Net debt under alternative interest rate assumptions,"Source: LTFM, The Treasury",2065,Low,% of GDP,141.63619519106732
Fig 22,health expenditure and productivity,Figure 22:  Health expenditure under higher Total Factor Productivity (TFP) growth assumptions,"Source:  OLG model, The Treasury",2025,Health spending (baseline),% of GDP,6.93035268827518
Fig 22,health expenditure and productivity,Figure 22:  Health expenditure under higher Total Factor Productivity (TFP) growth assumptions,"Source:  OLG model, The Treasury",2026,Health spending (baseline),% of GDP,7.05723013646299
Fig 22,health expenditure and productivity,Figure 22:  Health expenditure under higher Total Factor Productivity (TFP) growth assumptions,"Source:  OLG model, The Treasury",2027,Health spending (baseline),% of GDP,7.18133140389957
Fig 22,health expenditure and productivity,Figure 22:  Health expenditure under higher Total Factor Productivity (TFP) growth assumptions,"Source:  OLG model, The Treasury",2028,Health spending (baseline),% of GDP,7.28904440480162
Fig 22,health expenditure and productivity,Figure 22:  Health expenditure under higher Total Factor Productivity (TFP) growth assumptions,"Source:  OLG model, The Treasury",2029,Health spending (baseline),% of GDP,7.39263537795314
Fig 22,health expenditure and productivity,Figure 22:  Health expenditure under higher Total Factor Productivity (TFP) growth assumptions,"Source:  OLG model, The Treasury",2030,Health spending (baseline),% of GDP,7.49454378468677
Fig 22,health expenditure and productivity,Figure 22:  Health expenditure under higher Total Factor Productivity (TFP) growth assumptions,"Source:  OLG model, The Treasury",2031,Health spending (baseline),% of GDP,7.59227248505939
Fig 22,health expenditure and productivity,Figure 22:  Health expenditure under higher Total Factor Productivity (TFP) growth assumptions,"Source:  OLG model, The Treasury",2032,Health spending (baseline),% of GDP,7.69942956117242
Fig 22,health expenditure and productivity,Figure 22:  Health expenditure under higher Total Factor Productivity (TFP) growth assumptions,"Source:  OLG model, The Treasury",2033,Health spending (baseline),% of GDP,7.79922099358649
Fig 22,health expenditure and productivity,Figure 22:  Health expenditure under higher Total Factor Productivity (TFP) growth assumptions,"Source:  OLG model, The Treasury",2034,Health spending (baseline),% of GDP,7.89798683965323
Fig 22,health expenditure and productivity,Figure 22:  Health expenditure under higher Total Factor Productivity (TFP) growth assumptions,"Source:  OLG model, The Treasury",2035,Health spending (baseline),% of GDP,7.99658795238663
Fig 22,health expenditure and productivity,Figure 22:  Health expenditure under higher Total Factor Productivity (TFP) growth assumptions,"Source:  OLG model, The Treasury",2036,Health spending (baseline),% of GDP,8.09651997318224
Fig 22,health expenditure and productivity,Figure 22:  Health expenditure under higher Total Factor Productivity (TFP) growth assumptions,"Source:  OLG model, The Treasury",2037,Health spending (baseline),% of GDP,8.19929353398562
Fig 22,health expenditure and productivity,Figure 22:  Health expenditure under higher Total Factor Productivity (TFP) growth assumptions,"Source:  OLG model, The Treasury",2038,Health spending (baseline),% of GDP,8.29326495780575
Fig 22,health expenditure and productivity,Figure 22:  Health expenditure under higher Total Factor Productivity (TFP) growth assumptions,"Source:  OLG model, The Treasury",2039,Health spending (baseline),% of GDP,8.3832007882542
Fig 22,health expenditure and productivity,Figure 22:  Health expenditure under higher Total Factor Productivity (TFP) growth assumptions,"Source:  OLG model, The Treasury",2040,Health spending (baseline),% of GDP,8.46718999512261
Fig 22,health expenditure and productivity,Figure 22:  Health expenditure under higher Total Factor Productivity (TFP) growth assumptions,"Source:  OLG model, The Treasury",2041,Health spending (baseline),% of GDP,8.55073270312242
Fig 22,health expenditure and productivity,Figure 22:  Health expenditure under higher Total Factor Productivity (TFP) growth assumptions,"Source:  OLG model, The Treasury",2042,Health spending (baseline),% of GDP,8.63279767089077
Fig 22,health expenditure and productivity,Figure 22:  Health expenditure under higher Total Factor Productivity (TFP) growth assumptions,"Source:  OLG model, The Treasury",2043,Health spending (baseline),% of GDP,8.71297125956006
Fig 22,health expenditure and productivity,Figure 22:  Health expenditure under higher Total Factor Productivity (TFP) growth assumptions,"Source:  OLG model, The Treasury",2044,Health spending (baseline),% of GDP,8.80377205790406
Fig 22,health expenditure and productivity,Figure 22:  Health expenditure under higher Total Factor Productivity (TFP) growth assumptions,"Source:  OLG model, The Treasury",2045,Health spending (baseline),% of GDP,8.89608590024558
Fig 22,health expenditure and productivity,Figure 22:  Health expenditure under higher Total Factor Productivity (TFP) growth assumptions,"Source:  OLG model, The Treasury",2046,Health spending (baseline),% of GDP,8.98745410598432
Fig 22,health expenditure and productivity,Figure 22:  Health expenditure under higher Total Factor Productivity (TFP) growth assumptions,"Source:  OLG model, The Treasury",2047,Health spending (baseline),% of GDP,9.08248195788848
Fig 22,health expenditure and productivity,Figure 22:  Health expenditure under higher Total Factor Productivity (TFP) growth assumptions,"Source:  OLG model, The Treasury",2048,Health spending (baseline),% of GDP,9.18060029604627
Fig 22,health expenditure and productivity,Figure 22:  Health expenditure under higher Total Factor Productivity (TFP) growth assumptions,"Source:  OLG model, The Treasury",2049,Health spending (baseline),% of GDP,9.28023644192268
Fig 22,health expenditure and productivity,Figure 22:  Health expenditure under higher Total Factor Productivity (TFP) growth assumptions,"Source:  OLG model, The Treasury",2050,Health spending (baseline),% of GDP,9.3816057922831
Fig 22,health expenditure and productivity,Figure 22:  Health expenditure under higher Total Factor Productivity (TFP) growth assumptions,"Source:  OLG model, The Treasury",2051,Health spending (baseline),% of GDP,9.48638325023065
Fig 22,health expenditure and productivity,Figure 22:  Health expenditure under higher Total Factor Productivity (TFP) growth assumptions,"Source:  OLG model, The Treasury",2052,Health spending (baseline),% of GDP,9.5977588225832
Fig 22,health expenditure and productivity,Figure 22:  Health expenditure under higher Total Factor Productivity (TFP) growth assumptions,"Source:  OLG model, The Treasury",2053,Health spending (baseline),% of GDP,9.71483349846427
Fig 22,health expenditure and productivity,Figure 22:  Health expenditure under higher Total Factor Productivity (TFP) growth assumptions,"Source:  OLG model, The Treasury",2054,Health spending (baseline),% of GDP,9.83500047157704
Fig 22,health expenditure and productivity,Figure 22:  Health expenditure under higher Total Factor Productivity (TFP) growth assumptions,"Source:  OLG model, The Treasury",2055,Health spending (baseline),% of GDP,9.9611679596602
Fig 22,health expenditure and productivity,Figure 22:  Health expenditure under higher Total Factor Productivity (TFP) growth assumptions,"Source:  OLG model, The Treasury",2056,Health spending (baseline),% of GDP,10.0912383758556
Fig 22,health expenditure and productivity,Figure 22:  Health expenditure under higher Total Factor Productivity (TFP) growth assumptions,"Source:  OLG model, The Treasury",2057,Health spending (baseline),% of GDP,10.2213795822685
Fig 22,health expenditure and productivity,Figure 22:  Health expenditure under higher Total Factor Productivity (TFP) growth assumptions,"Source:  OLG model, The Treasury",2058,Health spending (baseline),% of GDP,10.3491030267204
Fig 22,health expenditure and productivity,Figure 22:  Health expenditure under higher Total Factor Productivity (TFP) growth assumptions,"Source:  OLG model, The Treasury",2059,Health spending (baseline),% of GDP,10.4722190265951
Fig 22,health expenditure and productivity,Figure 22:  Health expenditure under higher Total Factor Productivity (TFP) growth assumptions,"Source:  OLG model, The Treasury",2060,Health spending (baseline),% of GDP,10.5947083656632
Fig 22,health expenditure and productivity,Figure 22:  Health expenditure under higher Total Factor Productivity (TFP) growth assumptions,"Source:  OLG model, The Treasury",2061,Health spending (baseline),% of GDP,10.7127484070208
Fig 22,health expenditure and productivity,Figure 22:  Health expenditure under higher Total Factor Productivity (TFP) growth assumptions,"Source:  OLG model, The Treasury",2062,Health spending (baseline),% of GDP,10.829335077866
Fig 22,health expenditure and productivity,Figure 22:  Health expenditure under higher Total Factor Productivity (TFP) growth assumptions,"Source:  OLG model, The Treasury",2063,Health spending (baseline),% of GDP,10.9465882037338
Fig 22,health expenditure and productivity,Figure 22:  Health expenditure under higher Total Factor Productivity (TFP) growth assumptions,"Source:  OLG model, The Treasury",2064,Health spending (baseline),% of GDP,11.0620257940145
Fig 22,health expenditure and productivity,Figure 22:  Health expenditure under higher Total Factor Productivity (TFP) growth assumptions,"Source:  OLG model, The Treasury",2065,Health spending (baseline),% of GDP,11.1862374234788
Fig 22,health expenditure and productivity,Figure 22:  Health expenditure under higher Total Factor Productivity (TFP) growth assumptions,"Source:  OLG model, The Treasury",2025,Health spending (high productivity growth),% of GDP,7.00499602479823
Fig 22,health expenditure and productivity,Figure 22:  Health expenditure under higher Total Factor Productivity (TFP) growth assumptions,"Source:  OLG model, The Treasury",2026,Health spending (high productivity growth),% of GDP,7.12969607981243
Fig 22,health expenditure and productivity,Figure 22:  Health expenditure under higher Total Factor Productivity (TFP) growth assumptions,"Source:  OLG model, The Treasury",2027,Health spending (high productivity growth),% of GDP,7.25637804018486
Fig 22,health expenditure and productivity,Figure 22:  Health expenditure under higher Total Factor Productivity (TFP) growth assumptions,"Source:  OLG model, The Treasury",2028,Health spending (high productivity growth),% of GDP,7.36746853148289
Fig 22,health expenditure and productivity,Figure 22:  Health expenditure under higher Total Factor Productivity (TFP) growth assumptions,"Source:  OLG model, The Treasury",2029,Health spending (high productivity growth),% of GDP,7.47357914672022
Fig 22,health expenditure and productivity,Figure 22:  Health expenditure under higher Total Factor Productivity (TFP) growth assumptions,"Source:  OLG model, The Treasury",2030,Health spending (high productivity growth),% of GDP,7.57737362305424
Fig 22,health expenditure and productivity,Figure 22:  Health expenditure under higher Total Factor Productivity (TFP) growth assumptions,"Source:  OLG model, The Treasury",2031,Health spending (high productivity growth),% of GDP,7.67679497347866
Fig 22,health expenditure and productivity,Figure 22:  Health expenditure under higher Total Factor Productivity (TFP) growth assumptions,"Source:  OLG model, The Treasury",2032,Health spending (high productivity growth),% of GDP,7.78548622592572
Fig 22,health expenditure and productivity,Figure 22:  Health expenditure under higher Total Factor Productivity (TFP) growth assumptions,"Source:  OLG model, The Treasury",2033,Health spending (high productivity growth),% of GDP,7.88654377328219
Fig 22,health expenditure and productivity,Figure 22:  Health expenditure under higher Total Factor Productivity (TFP) growth assumptions,"Source:  OLG model, The Treasury",2034,Health spending (high productivity growth),% of GDP,7.98635856519665
Fig 22,health expenditure and productivity,Figure 22:  Health expenditure under higher Total Factor Productivity (TFP) growth assumptions,"Source:  OLG model, The Treasury",2035,Health spending (high productivity growth),% of GDP,8.08578425824745
Fig 22,health expenditure and productivity,Figure 22:  Health expenditure under higher Total Factor Productivity (TFP) growth assumptions,"Source:  OLG model, The Treasury",2036,Health spending (high productivity growth),% of GDP,8.18650100599165
Fig 22,health expenditure and productivity,Figure 22:  Health expenditure under higher Total Factor Productivity (TFP) growth assumptions,"Source:  OLG model, The Treasury",2037,Health spending (high productivity growth),% of GDP,8.28986703264487
Fig 22,health expenditure and productivity,Figure 22:  Health expenditure under higher Total Factor Productivity (TFP) growth assumptions,"Source:  OLG model, The Treasury",2038,Health spending (high productivity growth),% of GDP,8.38420850416831
Fig 22,health expenditure and productivity,Figure 22:  Health expenditure under higher Total Factor Productivity (TFP) growth assumptions,"Source:  OLG model, The Treasury",2039,Health spending (high productivity growth),% of GDP,8.47413996095531
Fig 22,health expenditure and productivity,Figure 22:  Health expenditure under higher Total Factor Productivity (TFP) growth assumptions,"Source:  OLG model, The Treasury",2040,Health spending (high productivity growth),% of GDP,8.55766707681521
Fig 22,health expenditure and productivity,Figure 22:  Health expenditure under higher Total Factor Productivity (TFP) growth assumptions,"Source:  OLG model, The Treasury",2041,Health spending (high productivity growth),% of GDP,8.63989707615738
Fig 22,health expenditure and productivity,Figure 22:  Health expenditure under higher Total Factor Productivity (TFP) growth assumptions,"Source:  OLG model, The Treasury",2042,Health spending (high productivity growth),% of GDP,8.71981980979102
Fig 22,health expenditure and productivity,Figure 22:  Health expenditure under higher Total Factor Productivity (TFP) growth assumptions,"Source:  OLG model, The Treasury",2043,Health spending (high productivity growth),% of GDP,8.79691002459206
Fig 22,health expenditure and productivity,Figure 22:  Health expenditure under higher Total Factor Productivity (TFP) growth assumptions,"Source:  OLG model, The Treasury",2044,Health spending (high productivity growth),% of GDP,8.88350473475419
Fig 22,health expenditure and productivity,Figure 22:  Health expenditure under higher Total Factor Productivity (TFP) growth assumptions,"Source:  OLG model, The Treasury",2045,Health spending (high productivity growth),% of GDP,8.97160570591085
Fig 22,health expenditure and productivity,Figure 22:  Health expenditure under higher Total Factor Productivity (TFP) growth assumptions,"Source:  OLG model, The Treasury",2046,Health spending (high productivity growth),% of GDP,9.0586991242319
Fig 22,health expenditure and productivity,Figure 22:  Health expenditure under higher Total Factor Productivity (TFP) growth assumptions,"Source:  OLG model, The Treasury",2047,Health spending (high productivity growth),% of GDP,9.14929872871278
Fig 22,health expenditure and productivity,Figure 22:  Health expenditure under higher Total Factor Productivity (TFP) growth assumptions,"Source:  OLG model, The Treasury",2048,Health spending (high productivity growth),% of GDP,9.24269563623225
Fig 22,health expenditure and productivity,Figure 22:  Health expenditure under higher Total Factor Productivity (TFP) growth assumptions,"Source:  OLG model, The Treasury",2049,Health spending (high productivity growth),% of GDP,9.33721918822274
Fig 22,health expenditure and productivity,Figure 22:  Health expenditure under higher Total Factor Productivity (TFP) growth assumptions,"Source:  OLG model, The Treasury",2050,Health spending (high productivity growth),% of GDP,9.43297268276723
Fig 22,health expenditure and productivity,Figure 22:  Health expenditure under higher Total Factor Productivity (TFP) growth assumptions,"Source:  OLG model, The Treasury",2051,Health spending (high productivity growth),% of GDP,9.53185727340845
Fig 22,health expenditure and productivity,Figure 22:  Health expenditure under higher Total Factor Productivity (TFP) growth assumptions,"Source:  OLG model, The Treasury",2052,Health spending (high productivity growth),% of GDP,9.63693864274401
Fig 22,health expenditure and productivity,Figure 22:  Health expenditure under higher Total Factor Productivity (TFP) growth assumptions,"Source:  OLG model, The Treasury",2053,Health spending (high productivity growth),% of GDP,9.74753364050946
Fig 22,health expenditure and productivity,Figure 22:  Health expenditure under higher Total Factor Productivity (TFP) growth assumptions,"Source:  OLG model, The Treasury",2054,Health spending (high productivity growth),% of GDP,9.86128829234815
Fig 22,health expenditure and productivity,Figure 22:  Health expenditure under higher Total Factor Productivity (TFP) growth assumptions,"Source:  OLG model, The Treasury",2055,Health spending (high productivity growth),% of GDP,9.98120890452742
Fig 22,health expenditure and productivity,Figure 22:  Health expenditure under higher Total Factor Productivity (TFP) growth assumptions,"Source:  OLG model, The Treasury",2056,Health spending (high productivity growth),% of GDP,10.1050247211953
Fig 22,health expenditure and productivity,Figure 22:  Health expenditure under higher Total Factor Productivity (TFP) growth assumptions,"Source:  OLG model, The Treasury",2057,Health spending (high productivity growth),% of GDP,10.2288450686758
Fig 22,health expenditure and productivity,Figure 22:  Health expenditure under higher Total Factor Productivity (TFP) growth assumptions,"Source:  OLG model, The Treasury",2058,Health spending (high productivity growth),% of GDP,10.3506802490758
Fig 22,health expenditure and productivity,Figure 22:  Health expenditure under higher Total Factor Productivity (TFP) growth assumptions,"Source:  OLG model, The Treasury",2059,Health spending (high productivity growth),% of GDP,10.4685844813433
Fig 22,health expenditure and productivity,Figure 22:  Health expenditure under higher Total Factor Productivity (TFP) growth assumptions,"Source:  OLG model, The Treasury",2060,Health spending (high productivity growth),% of GDP,10.5863504727763
Fig 22,health expenditure and productivity,Figure 22:  Health expenditure under higher Total Factor Productivity (TFP) growth assumptions,"Source:  OLG model, The Treasury",2061,Health spending (high productivity growth),% of GDP,10.7003131567264
Fig 22,health expenditure and productivity,Figure 22:  Health expenditure under higher Total Factor Productivity (TFP) growth assumptions,"Source:  OLG model, The Treasury",2062,Health spending (high productivity growth),% of GDP,10.8134750838905
Fig 22,health expenditure and productivity,Figure 22:  Health expenditure under higher Total Factor Productivity (TFP) growth assumptions,"Source:  OLG model, The Treasury",2063,Health spending (high productivity growth),% of GDP,10.9277076363693
Fig 22,health expenditure and productivity,Figure 22:  Health expenditure under higher Total Factor Productivity (TFP) growth assumptions,"Source:  OLG model, The Treasury",2064,Health spending (high productivity growth),% of GDP,11.0404976700496
Fig 22,health expenditure and productivity,Figure 22:  Health expenditure under higher Total Factor Productivity (TFP) growth assumptions,"Source:  OLG model, The Treasury",2065,Health spending (high productivity growth),% of GDP,11.1624583257538
Fig 23,superannuation expenditure and productivity,Figure 23:  Superannuation expenditure under higher TFP growth assumption,"Source: OLG model, The Treasury",2025,Pension spending (baseline),% of GDP,5.61967070833638
Fig 23,superannuation expenditure and productivity,Figure 23:  Superannuation expenditure under higher TFP growth assumption,"Source: OLG model, The Treasury",2026,Pension spending (baseline),% of GDP,5.74042825085764
Fig 23,superannuation expenditure and productivity,Figure 23:  Superannuation expenditure under higher TFP growth assumption,"Source: OLG model, The Treasury",2027,Pension spending (baseline),% of GDP,5.87379231910894
Fig 23,superannuation expenditure and productivity,Figure 23:  Superannuation expenditure under higher TFP growth assumption,"Source: OLG model, The Treasury",2028,Pension spending (baseline),% of GDP,5.99872726758299
Fig 23,superannuation expenditure and productivity,Figure 23:  Superannuation expenditure under higher TFP growth assumption,"Source: OLG model, The Treasury",2029,Pension spending (baseline),% of GDP,6.10317953349647
Fig 23,superannuation expenditure and productivity,Figure 23:  Superannuation expenditure under higher TFP growth assumption,"Source: OLG model, The Treasury",2030,Pension spending (baseline),% of GDP,6.18780247703274
Fig 23,superannuation expenditure and productivity,Figure 23:  Superannuation expenditure under higher TFP growth assumption,"Source: OLG model, The Treasury",2031,Pension spending (baseline),% of GDP,6.25701958917057
Fig 23,superannuation expenditure and productivity,Figure 23:  Superannuation expenditure under higher TFP growth assumption,"Source: OLG model, The Treasury",2032,Pension spending (baseline),% of GDP,6.32088979231745
Fig 23,superannuation expenditure and productivity,Figure 23:  Superannuation expenditure under higher TFP growth assumption,"Source: OLG model, The Treasury",2033,Pension spending (baseline),% of GDP,6.3842847990057
Fig 23,superannuation expenditure and productivity,Figure 23:  Superannuation expenditure under higher TFP growth assumption,"Source: OLG model, The Treasury",2034,Pension spending (baseline),% of GDP,6.44891074756986
Fig 23,superannuation expenditure and productivity,Figure 23:  Superannuation expenditure under higher TFP growth assumption,"Source: OLG model, The Treasury",2035,Pension spending (baseline),% of GDP,6.50799912328468
Fig 23,superannuation expenditure and productivity,Figure 23:  Superannuation expenditure under higher TFP growth assumption,"Source: OLG model, The Treasury",2036,Pension spending (baseline),% of GDP,6.57409431104486
Fig 23,superannuation expenditure and productivity,Figure 23:  Superannuation expenditure under higher TFP growth assumption,"Source: OLG model, The Treasury",2037,Pension spending (baseline),% of GDP,6.63029745428213
Fig 23,superannuation expenditure and productivity,Figure 23:  Superannuation expenditure under higher TFP growth assumption,"Source: OLG model, The Treasury",2038,Pension spending (baseline),% of GDP,6.67178142405238
Fig 23,superannuation expenditure and productivity,Figure 23:  Superannuation expenditure under higher TFP growth assumption,"Source: OLG model, The Treasury",2039,Pension spending (baseline),% of GDP,6.70175433357478
Fig 23,superannuation expenditure and productivity,Figure 23:  Superannuation expenditure under higher TFP growth assumption,"Source: OLG model, The Treasury",2040,Pension spending (baseline),% of GDP,6.71295982758848
Fig 23,superannuation expenditure and productivity,Figure 23:  Superannuation expenditure under higher TFP growth assumption,"Source: OLG model, The Treasury",2041,Pension spending (baseline),% of GDP,6.71281419730328
Fig 23,superannuation expenditure and productivity,Figure 23:  Superannuation expenditure under higher TFP growth assumption,"Source: OLG model, The Treasury",2042,Pension spending (baseline),% of GDP,6.71105743963092
Fig 23,superannuation expenditure and productivity,Figure 23:  Superannuation expenditure under higher TFP growth assumption,"Source: OLG model, The Treasury",2043,Pension spending (baseline),% of GDP,6.70117372930913
Fig 23,superannuation expenditure and productivity,Figure 23:  Superannuation expenditure under higher TFP growth assumption,"Source: OLG model, The Treasury",2044,Pension spending (baseline),% of GDP,6.7065257444011
Fig 23,superannuation expenditure and productivity,Figure 23:  Superannuation expenditure under higher TFP growth assumption,"Source: OLG model, The Treasury",2045,Pension spending (baseline),% of GDP,6.72179780670306
Fig 23,superannuation expenditure and productivity,Figure 23:  Superannuation expenditure under higher TFP growth assumption,"Source: OLG model, The Treasury",2046,Pension spending (baseline),% of GDP,6.74149414773666
Fig 23,superannuation expenditure and productivity,Figure 23:  Superannuation expenditure under higher TFP growth assumption,"Source: OLG model, The Treasury",2047,Pension spending (baseline),% of GDP,6.76951771533289
Fig 23,superannuation expenditure and productivity,Figure 23:  Superannuation expenditure under higher TFP growth assumption,"Source: OLG model, The Treasury",2048,Pension spending (baseline),% of GDP,6.80668310748676
Fig 23,superannuation expenditure and productivity,Figure 23:  Superannuation expenditure under higher TFP growth assumption,"Source: OLG model, The Treasury",2049,Pension spending (baseline),% of GDP,6.84974157670056
Fig 23,superannuation expenditure and productivity,Figure 23:  Superannuation expenditure under higher TFP growth assumption,"Source: OLG model, The Treasury",2050,Pension spending (baseline),% of GDP,6.89889827366133
Fig 23,superannuation expenditure and productivity,Figure 23:  Superannuation expenditure under higher TFP growth assumption,"Source: OLG model, The Treasury",2051,Pension spending (baseline),% of GDP,6.95406172057157
Fig 23,superannuation expenditure and productivity,Figure 23:  Superannuation expenditure under higher TFP growth assumption,"Source: OLG model, The Treasury",2052,Pension spending (baseline),% of GDP,7.02375258029601
Fig 23,superannuation expenditure and productivity,Figure 23:  Superannuation expenditure under higher TFP growth assumption,"Source: OLG model, The Treasury",2053,Pension spending (baseline),% of GDP,7.10778692470746
Fig 23,superannuation expenditure and productivity,Figure 23:  Superannuation expenditure under higher TFP growth assumption,"Source: OLG model, The Treasury",2054,Pension spending (baseline),% of GDP,7.19807310019038
Fig 23,superannuation expenditure and productivity,Figure 23:  Superannuation expenditure under higher TFP growth assumption,"Source: OLG model, The Treasury",2055,Pension spending (baseline),% of GDP,7.30113136862491
Fig 23,superannuation expenditure and productivity,Figure 23:  Superannuation expenditure under higher TFP growth assumption,"Source: OLG model, The Treasury",2056,Pension spending (baseline),% of GDP,7.40973204414815
Fig 23,superannuation expenditure and productivity,Figure 23:  Superannuation expenditure under higher TFP growth assumption,"Source: OLG model, The Treasury",2057,Pension spending (baseline),% of GDP,7.51293147400194
Fig 23,superannuation expenditure and productivity,Figure 23:  Superannuation expenditure under higher TFP growth assumption,"Source: OLG model, The Treasury",2058,Pension spending (baseline),% of GDP,7.6068031209675
Fig 23,superannuation expenditure and productivity,Figure 23:  Superannuation expenditure under higher TFP growth assumption,"Source: OLG model, The Treasury",2059,Pension spending (baseline),% of GDP,7.68702410571204
Fig 23,superannuation expenditure and productivity,Figure 23:  Superannuation expenditure under higher TFP growth assumption,"Source: OLG model, The Treasury",2060,Pension spending (baseline),% of GDP,7.76132817440065
Fig 23,superannuation expenditure and productivity,Figure 23:  Superannuation expenditure under higher TFP growth assumption,"Source: OLG model, The Treasury",2061,Pension spending (baseline),% of GDP,7.82620690094443
Fig 23,superannuation expenditure and productivity,Figure 23:  Superannuation expenditure under higher TFP growth assumption,"Source: OLG model, The Treasury",2062,Pension spending (baseline),% of GDP,7.8799338917638
Fig 23,superannuation expenditure and productivity,Figure 23:  Superannuation expenditure under higher TFP growth assumption,"Source: OLG model, The Treasury",2063,Pension spending (baseline),% of GDP,7.92564632087798
Fig 23,superannuation expenditure and productivity,Figure 23:  Superannuation expenditure under higher TFP growth assumption,"Source: OLG model, The Treasury",2064,Pension spending (baseline),% of GDP,7.95891750498372
Fig 23,superannuation expenditure and productivity,Figure 23:  Superannuation expenditure under higher TFP growth assumption,"Source: OLG model, The Treasury",2065,Pension spending (baseline),% of GDP,7.99715886702217
Fig 23,superannuation expenditure and productivity,Figure 23:  Superannuation expenditure under higher TFP growth assumption,"Source: OLG model, The Treasury",2025,Pension spending (high productivity growth),% of GDP,5.60687651029526
Fig 23,superannuation expenditure and productivity,Figure 23:  Superannuation expenditure under higher TFP growth assumption,"Source: OLG model, The Treasury",2026,Pension spending (high productivity growth),% of GDP,5.74166054950581
Fig 23,superannuation expenditure and productivity,Figure 23:  Superannuation expenditure under higher TFP growth assumption,"Source: OLG model, The Treasury",2027,Pension spending (high productivity growth),% of GDP,5.88049982840974
Fig 23,superannuation expenditure and productivity,Figure 23:  Superannuation expenditure under higher TFP growth assumption,"Source: OLG model, The Treasury",2028,Pension spending (high productivity growth),% of GDP,6.00870977694949
Fig 23,superannuation expenditure and productivity,Figure 23:  Superannuation expenditure under higher TFP growth assumption,"Source: OLG model, The Treasury",2029,Pension spending (high productivity growth),% of GDP,6.1160864098439
Fig 23,superannuation expenditure and productivity,Figure 23:  Superannuation expenditure under higher TFP growth assumption,"Source: OLG model, The Treasury",2030,Pension spending (high productivity growth),% of GDP,6.20358926987381
Fig 23,superannuation expenditure and productivity,Figure 23:  Superannuation expenditure under higher TFP growth assumption,"Source: OLG model, The Treasury",2031,Pension spending (high productivity growth),% of GDP,6.27562891313759
Fig 23,superannuation expenditure and productivity,Figure 23:  Superannuation expenditure under higher TFP growth assumption,"Source: OLG model, The Treasury",2032,Pension spending (high productivity growth),% of GDP,6.34235177817624
Fig 23,superannuation expenditure and productivity,Figure 23:  Superannuation expenditure under higher TFP growth assumption,"Source: OLG model, The Treasury",2033,Pension spending (high productivity growth),% of GDP,6.40861995003933
Fig 23,superannuation expenditure and productivity,Figure 23:  Superannuation expenditure under higher TFP growth assumption,"Source: OLG model, The Treasury",2034,Pension spending (high productivity growth),% of GDP,6.47614474904324
Fig 23,superannuation expenditure and productivity,Figure 23:  Superannuation expenditure under higher TFP growth assumption,"Source: OLG model, The Treasury",2035,Pension spending (high productivity growth),% of GDP,6.53810823494021
Fig 23,superannuation expenditure and productivity,Figure 23:  Superannuation expenditure under higher TFP growth assumption,"Source: OLG model, The Treasury",2036,Pension spending (high productivity growth),% of GDP,6.60710640183195
Fig 23,superannuation expenditure and productivity,Figure 23:  Superannuation expenditure under higher TFP growth assumption,"Source: OLG model, The Treasury",2037,Pension spending (high productivity growth),% of GDP,6.66612063860424
Fig 23,superannuation expenditure and productivity,Figure 23:  Superannuation expenditure under higher TFP growth assumption,"Source: OLG model, The Treasury",2038,Pension spending (high productivity growth),% of GDP,6.71030131648308
Fig 23,superannuation expenditure and productivity,Figure 23:  Superannuation expenditure under higher TFP growth assumption,"Source: OLG model, The Treasury",2039,Pension spending (high productivity growth),% of GDP,6.74289359032788
Fig 23,superannuation expenditure and productivity,Figure 23:  Superannuation expenditure under higher TFP growth assumption,"Source: OLG model, The Treasury",2040,Pension spending (high productivity growth),% of GDP,6.75655520742453
Fig 23,superannuation expenditure and productivity,Figure 23:  Superannuation expenditure under higher TFP growth assumption,"Source: OLG model, The Treasury",2041,Pension spending (high productivity growth),% of GDP,6.7588072034793
Fig 23,superannuation expenditure and productivity,Figure 23:  Superannuation expenditure under higher TFP growth assumption,"Source: OLG model, The Treasury",2042,Pension spending (high productivity growth),% of GDP,6.75941320049842
Fig 23,superannuation expenditure and productivity,Figure 23:  Superannuation expenditure under higher TFP growth assumption,"Source: OLG model, The Treasury",2043,Pension spending (high productivity growth),% of GDP,6.75178071803214
Fig 23,superannuation expenditure and productivity,Figure 23:  Superannuation expenditure under higher TFP growth assumption,"Source: OLG model, The Treasury",2044,Pension spending (high productivity growth),% of GDP,6.75953133067267
Fig 23,superannuation expenditure and productivity,Figure 23:  Superannuation expenditure under higher TFP growth assumption,"Source: OLG model, The Treasury",2045,Pension spending (high productivity growth),% of GDP,6.77642519307184
Fig 23,superannuation expenditure and productivity,Figure 23:  Superannuation expenditure under higher TFP growth assumption,"Source: OLG model, The Treasury",2046,Pension spending (high productivity growth),% of GDP,6.79754244170141
Fig 23,superannuation expenditure and productivity,Figure 23:  Superannuation expenditure under higher TFP growth assumption,"Source: OLG model, The Treasury",2047,Pension spending (high productivity growth),% of GDP,6.82698327314362
Fig 23,superannuation expenditure and productivity,Figure 23:  Superannuation expenditure under higher TFP growth assumption,"Source: OLG model, The Treasury",2048,Pension spending (high productivity growth),% of GDP,6.86562181269095
Fig 23,superannuation expenditure and productivity,Figure 23:  Superannuation expenditure under higher TFP growth assumption,"Source: OLG model, The Treasury",2049,Pension spending (high productivity growth),% of GDP,6.91017002625893
Fig 23,superannuation expenditure and productivity,Figure 23:  Superannuation expenditure under higher TFP growth assumption,"Source: OLG model, The Treasury",2050,Pension spending (high productivity growth),% of GDP,6.96087673534085
Fig 23,superannuation expenditure and productivity,Figure 23:  Superannuation expenditure under higher TFP growth assumption,"Source: OLG model, The Treasury",2051,Pension spending (high productivity growth),% of GDP,7.01759581884093
Fig 23,superannuation expenditure and productivity,Figure 23:  Superannuation expenditure under higher TFP growth assumption,"Source: OLG model, The Treasury",2052,Pension spending (high productivity growth),% of GDP,7.08898765756653
Fig 23,superannuation expenditure and productivity,Figure 23:  Superannuation expenditure under higher TFP growth assumption,"Source: OLG model, The Treasury",2053,Pension spending (high productivity growth),% of GDP,7.17478604600025
Fig 23,superannuation expenditure and productivity,Figure 23:  Superannuation expenditure under higher TFP growth assumption,"Source: OLG model, The Treasury",2054,Pension spending (high productivity growth),% of GDP,7.2667792284023
Fig 23,superannuation expenditure and productivity,Figure 23:  Superannuation expenditure under higher TFP growth assumption,"Source: OLG model, The Treasury",2055,Pension spending (high productivity growth),% of GDP,7.37159424986652
Fig 23,superannuation expenditure and productivity,Figure 23:  Superannuation expenditure under higher TFP growth assumption,"Source: OLG model, The Treasury",2056,Pension spending (high productivity growth),% of GDP,7.48194109910432
Fig 23,superannuation expenditure and productivity,Figure 23:  Superannuation expenditure under higher TFP growth assumption,"Source: OLG model, The Treasury",2057,Pension spending (high productivity growth),% of GDP,7.58676708767491
Fig 23,superannuation expenditure and productivity,Figure 23:  Superannuation expenditure under higher TFP growth assumption,"Source: OLG model, The Treasury",2058,Pension spending (high productivity growth),% of GDP,7.68201590896857
Fig 23,superannuation expenditure and productivity,Figure 23:  Superannuation expenditure under higher TFP growth assumption,"Source: OLG model, The Treasury",2059,Pension spending (high productivity growth),% of GDP,7.76330768877705
Fig 23,superannuation expenditure and productivity,Figure 23:  Superannuation expenditure under higher TFP growth assumption,"Source: OLG model, The Treasury",2060,Pension spending (high productivity growth),% of GDP,7.83853195569753
Fig 23,superannuation expenditure and productivity,Figure 23:  Superannuation expenditure under higher TFP growth assumption,"Source: OLG model, The Treasury",2061,Pension spending (high productivity growth),% of GDP,7.90407088352823
Fig 23,superannuation expenditure and productivity,Figure 23:  Superannuation expenditure under higher TFP growth assumption,"Source: OLG model, The Treasury",2062,Pension spending (high productivity growth),% of GDP,7.95822489018556
Fig 23,superannuation expenditure and productivity,Figure 23:  Superannuation expenditure under higher TFP growth assumption,"Source: OLG model, The Treasury",2063,Pension spending (high productivity growth),% of GDP,8.0042564354581
Fig 23,superannuation expenditure and productivity,Figure 23:  Superannuation expenditure under higher TFP growth assumption,"Source: OLG model, The Treasury",2064,Pension spending (high productivity growth),% of GDP,8.03768504342633
Fig 23,superannuation expenditure and productivity,Figure 23:  Superannuation expenditure under higher TFP growth assumption,"Source: OLG model, The Treasury",2065,Pension spending (high productivity growth),% of GDP,8.07611792295606
Fig 26,demographic sensitivity of expenditure,Figure 26: Total government expenditure under alternative demographic scenarios,"Source: OLG model, The Treasury",2025,Baseline,% of GDP,29.6764169443801
Fig 26,demographic sensitivity of expenditure,Figure 26: Total government expenditure under alternative demographic scenarios,"Source: OLG model, The Treasury",2026,Baseline,% of GDP,29.9288740460006
Fig 26,demographic sensitivity of expenditure,Figure 26: Total government expenditure under alternative demographic scenarios,"Source: OLG model, The Treasury",2027,Baseline,% of GDP,30.189998400744
Fig 26,demographic sensitivity of expenditure,Figure 26: Total government expenditure under alternative demographic scenarios,"Source: OLG model, The Treasury",2028,Baseline,% of GDP,30.4281416226092
Fig 26,demographic sensitivity of expenditure,Figure 26: Total government expenditure under alternative demographic scenarios,"Source: OLG model, The Treasury",2029,Baseline,% of GDP,30.6427259021557
Fig 26,demographic sensitivity of expenditure,Figure 26: Total government expenditure under alternative demographic scenarios,"Source: OLG model, The Treasury",2030,Baseline,% of GDP,30.8350360978655
Fig 26,demographic sensitivity of expenditure,Figure 26: Total government expenditure under alternative demographic scenarios,"Source: OLG model, The Treasury",2031,Baseline,% of GDP,31.0076855784004
Fig 26,demographic sensitivity of expenditure,Figure 26: Total government expenditure under alternative demographic scenarios,"Source: OLG model, The Treasury",2032,Baseline,% of GDP,31.1848133524742
Fig 26,demographic sensitivity of expenditure,Figure 26: Total government expenditure under alternative demographic scenarios,"Source: OLG model, The Treasury",2033,Baseline,% of GDP,31.3541206031229
Fig 26,demographic sensitivity of expenditure,Figure 26: Total government expenditure under alternative demographic scenarios,"Source: OLG model, The Treasury",2034,Baseline,% of GDP,31.5238428852705
Fig 26,demographic sensitivity of expenditure,Figure 26: Total government expenditure under alternative demographic scenarios,"Source: OLG model, The Treasury",2035,Baseline,% of GDP,31.6869981832678
Fig 26,demographic sensitivity of expenditure,Figure 26: Total government expenditure under alternative demographic scenarios,"Source: OLG model, The Treasury",2036,Baseline,% of GDP,31.8590914660899
Fig 26,demographic sensitivity of expenditure,Figure 26: Total government expenditure under alternative demographic scenarios,"Source: OLG model, The Treasury",2037,Baseline,% of GDP,32.023098996904
Fig 26,demographic sensitivity of expenditure,Figure 26: Total government expenditure under alternative demographic scenarios,"Source: OLG model, The Treasury",2038,Baseline,% of GDP,32.1621566659163
Fig 26,demographic sensitivity of expenditure,Figure 26: Total government expenditure under alternative demographic scenarios,"Source: OLG model, The Treasury",2039,Baseline,% of GDP,32.2846100511443
Fig 26,demographic sensitivity of expenditure,Figure 26: Total government expenditure under alternative demographic scenarios,"Source: OLG model, The Treasury",2040,Baseline,% of GDP,32.3804366924492
Fig 26,demographic sensitivity of expenditure,Figure 26: Total government expenditure under alternative demographic scenarios,"Source: OLG model, The Treasury",2041,Baseline,% of GDP,32.4630913519562
Fig 26,demographic sensitivity of expenditure,Figure 26: Total government expenditure under alternative demographic scenarios,"Source: OLG model, The Treasury",2042,Baseline,% of GDP,32.5425912585023
Fig 26,demographic sensitivity of expenditure,Figure 26: Total government expenditure under alternative demographic scenarios,"Source: OLG model, The Treasury",2043,Baseline,% of GDP,32.6107376550573
Fig 26,demographic sensitivity of expenditure,Figure 26: Total government expenditure under alternative demographic scenarios,"Source: OLG model, The Treasury",2044,Baseline,% of GDP,32.7050422790224
Fig 26,demographic sensitivity of expenditure,Figure 26: Total government expenditure under alternative demographic scenarios,"Source: OLG model, The Treasury",2045,Baseline,% of GDP,32.8115079132381
Fig 26,demographic sensitivity of expenditure,Figure 26: Total government expenditure under alternative demographic scenarios,"Source: OLG model, The Treasury",2046,Baseline,% of GDP,32.9225277840163
Fig 26,demographic sensitivity of expenditure,Figure 26: Total government expenditure under alternative demographic scenarios,"Source: OLG model, The Treasury",2047,Baseline,% of GDP,33.0469575142196
Fig 26,demographic sensitivity of expenditure,Figure 26: Total government expenditure under alternative demographic scenarios,"Source: OLG model, The Treasury",2048,Baseline,% of GDP,33.1849221719265
Fig 26,demographic sensitivity of expenditure,Figure 26: Total government expenditure under alternative demographic scenarios,"Source: OLG model, The Treasury",2049,Baseline,% of GDP,33.331339768809
Fig 26,demographic sensitivity of expenditure,Figure 26: Total government expenditure under alternative demographic scenarios,"Source: OLG model, The Treasury",2050,Baseline,% of GDP,33.4866516593645
Fig 26,demographic sensitivity of expenditure,Figure 26: Total government expenditure under alternative demographic scenarios,"Source: OLG model, The Treasury",2051,Baseline,% of GDP,33.652530297584
Fig 26,demographic sensitivity of expenditure,Figure 26: Total government expenditure under alternative demographic scenarios,"Source: OLG model, The Treasury",2052,Baseline,% of GDP,33.8416719891049
Fig 26,demographic sensitivity of expenditure,Figure 26: Total government expenditure under alternative demographic scenarios,"Source: OLG model, The Treasury",2053,Baseline,% of GDP,34.0529544570567
Fig 26,demographic sensitivity of expenditure,Figure 26: Total government expenditure under alternative demographic scenarios,"Source: OLG model, The Treasury",2054,Baseline,% of GDP,34.2748296238066
Fig 26,demographic sensitivity of expenditure,Figure 26: Total government expenditure under alternative demographic scenarios,"Source: OLG model, The Treasury",2055,Baseline,% of GDP,34.5174531480284
Fig 26,demographic sensitivity of expenditure,Figure 26: Total government expenditure under alternative demographic scenarios,"Source: OLG model, The Treasury",2056,Baseline,% of GDP,34.7709750210684
Fig 26,demographic sensitivity of expenditure,Figure 26: Total government expenditure under alternative demographic scenarios,"Source: OLG model, The Treasury",2057,Baseline,% of GDP,35.0193708788393
Fig 26,demographic sensitivity of expenditure,Figure 26: Total government expenditure under alternative demographic scenarios,"Source: OLG model, The Treasury",2058,Baseline,% of GDP,35.2558693562044
Fig 26,demographic sensitivity of expenditure,Figure 26: Total government expenditure under alternative demographic scenarios,"Source: OLG model, The Treasury",2059,Baseline,% of GDP,35.4735471813457
Fig 26,demographic sensitivity of expenditure,Figure 26: Total government expenditure under alternative demographic scenarios,"Source: OLG model, The Treasury",2060,Baseline,% of GDP,35.6850304740865
Fig 26,demographic sensitivity of expenditure,Figure 26: Total government expenditure under alternative demographic scenarios,"Source: OLG model, The Treasury",2061,Baseline,% of GDP,35.8824182513604
Fig 26,demographic sensitivity of expenditure,Figure 26: Total government expenditure under alternative demographic scenarios,"Source: OLG model, The Treasury",2062,Baseline,% of GDP,36.0666720984408
Fig 26,demographic sensitivity of expenditure,Figure 26: Total government expenditure under alternative demographic scenarios,"Source: OLG model, The Treasury",2063,Baseline,% of GDP,36.2432585649243
Fig 26,demographic sensitivity of expenditure,Figure 26: Total government expenditure under alternative demographic scenarios,"Source: OLG model, The Treasury",2064,Baseline,% of GDP,36.4046280590998
Fig 26,demographic sensitivity of expenditure,Figure 26: Total government expenditure under alternative demographic scenarios,"Source: OLG model, The Treasury",2065,Baseline,% of GDP,36.5808291730144
Fig 26,demographic sensitivity of expenditure,Figure 26: Total government expenditure under alternative demographic scenarios,"Source: OLG model, The Treasury",2025,High fertility,% of GDP,29.6655551098828
Fig 26,demographic sensitivity of expenditure,Figure 26: Total government expenditure under alternative demographic scenarios,"Source: OLG model, The Treasury",2026,High fertility,% of GDP,29.9161527907808
Fig 26,demographic sensitivity of expenditure,Figure 26: Total government expenditure under alternative demographic scenarios,"Source: OLG model, The Treasury",2027,High fertility,% of GDP,30.2108275108204
Fig 26,demographic sensitivity of expenditure,Figure 26: Total government expenditure under alternative demographic scenarios,"Source: OLG model, The Treasury",2028,High fertility,% of GDP,30.4812663071413
Fig 26,demographic sensitivity of expenditure,Figure 26: Total government expenditure under alternative demographic scenarios,"Source: OLG model, The Treasury",2029,High fertility,% of GDP,30.7263741079764
Fig 26,demographic sensitivity of expenditure,Figure 26: Total government expenditure under alternative demographic scenarios,"Source: OLG model, The Treasury",2030,High fertility,% of GDP,30.9482903685614
Fig 26,demographic sensitivity of expenditure,Figure 26: Total government expenditure under alternative demographic scenarios,"Source: OLG model, The Treasury",2031,High fertility,% of GDP,31.1495413167952
Fig 26,demographic sensitivity of expenditure,Figure 26: Total government expenditure under alternative demographic scenarios,"Source: OLG model, The Treasury",2032,High fertility,% of GDP,31.3455104825963
Fig 26,demographic sensitivity of expenditure,Figure 26: Total government expenditure under alternative demographic scenarios,"Source: OLG model, The Treasury",2033,High fertility,% of GDP,31.5327989166106
Fig 26,demographic sensitivity of expenditure,Figure 26: Total government expenditure under alternative demographic scenarios,"Source: OLG model, The Treasury",2034,High fertility,% of GDP,31.7194989930651
Fig 26,demographic sensitivity of expenditure,Figure 26: Total government expenditure under alternative demographic scenarios,"Source: OLG model, The Treasury",2035,High fertility,% of GDP,31.8990562461317
Fig 26,demographic sensitivity of expenditure,Figure 26: Total government expenditure under alternative demographic scenarios,"Source: OLG model, The Treasury",2036,High fertility,% of GDP,32.0871086107108
Fig 26,demographic sensitivity of expenditure,Figure 26: Total government expenditure under alternative demographic scenarios,"Source: OLG model, The Treasury",2037,High fertility,% of GDP,32.2708998903127
Fig 26,demographic sensitivity of expenditure,Figure 26: Total government expenditure under alternative demographic scenarios,"Source: OLG model, The Treasury",2038,High fertility,% of GDP,32.4289321713254
Fig 26,demographic sensitivity of expenditure,Figure 26: Total government expenditure under alternative demographic scenarios,"Source: OLG model, The Treasury",2039,High fertility,% of GDP,32.5694113876261
Fig 26,demographic sensitivity of expenditure,Figure 26: Total government expenditure under alternative demographic scenarios,"Source: OLG model, The Treasury",2040,High fertility,% of GDP,32.682605695313796
Fig 26,demographic sensitivity of expenditure,Figure 26: Total government expenditure under alternative demographic scenarios,"Source: OLG model, The Treasury",2041,High fertility,% of GDP,32.7819368139585
Fig 26,demographic sensitivity of expenditure,Figure 26: Total government expenditure under alternative demographic scenarios,"Source: OLG model, The Treasury",2042,High fertility,% of GDP,32.8863054437173
Fig 26,demographic sensitivity of expenditure,Figure 26: Total government expenditure under alternative demographic scenarios,"Source: OLG model, The Treasury",2043,High fertility,% of GDP,32.9784940523056
Fig 26,demographic sensitivity of expenditure,Figure 26: Total government expenditure under alternative demographic scenarios,"Source: OLG model, The Treasury",2044,High fertility,% of GDP,33.0961307834688
Fig 26,demographic sensitivity of expenditure,Figure 26: Total government expenditure under alternative demographic scenarios,"Source: OLG model, The Treasury",2045,High fertility,% of GDP,33.2254744697824
Fig 26,demographic sensitivity of expenditure,Figure 26: Total government expenditure under alternative demographic scenarios,"Source: OLG model, The Treasury",2046,High fertility,% of GDP,33.3592352422057
Fig 26,demographic sensitivity of expenditure,Figure 26: Total government expenditure under alternative demographic scenarios,"Source: OLG model, The Treasury",2047,High fertility,% of GDP,33.5143388766897
Fig 26,demographic sensitivity of expenditure,Figure 26: Total government expenditure under alternative demographic scenarios,"Source: OLG model, The Treasury",2048,High fertility,% of GDP,33.6081952759011
Fig 26,demographic sensitivity of expenditure,Figure 26: Total government expenditure under alternative demographic scenarios,"Source: OLG model, The Treasury",2049,High fertility,% of GDP,33.7061029537311
Fig 26,demographic sensitivity of expenditure,Figure 26: Total government expenditure under alternative demographic scenarios,"Source: OLG model, The Treasury",2050,High fertility,% of GDP,33.8092697518118
Fig 26,demographic sensitivity of expenditure,Figure 26: Total government expenditure under alternative demographic scenarios,"Source: OLG model, The Treasury",2051,High fertility,% of GDP,33.9196965707547
Fig 26,demographic sensitivity of expenditure,Figure 26: Total government expenditure under alternative demographic scenarios,"Source: OLG model, The Treasury",2052,High fertility,% of GDP,34.0551593006219
Fig 26,demographic sensitivity of expenditure,Figure 26: Total government expenditure under alternative demographic scenarios,"Source: OLG model, The Treasury",2053,High fertility,% of GDP,34.2077684041098
Fig 26,demographic sensitivity of expenditure,Figure 26: Total government expenditure under alternative demographic scenarios,"Source: OLG model, The Treasury",2054,High fertility,% of GDP,34.3661604079106
Fig 26,demographic sensitivity of expenditure,Figure 26: Total government expenditure under alternative demographic scenarios,"Source: OLG model, The Treasury",2055,High fertility,% of GDP,34.539989693419
Fig 26,demographic sensitivity of expenditure,Figure 26: Total government expenditure under alternative demographic scenarios,"Source: OLG model, The Treasury",2056,High fertility,% of GDP,34.7194294751277
Fig 26,demographic sensitivity of expenditure,Figure 26: Total government expenditure under alternative demographic scenarios,"Source: OLG model, The Treasury",2057,High fertility,% of GDP,34.8956460312689
Fig 26,demographic sensitivity of expenditure,Figure 26: Total government expenditure under alternative demographic scenarios,"Source: OLG model, The Treasury",2058,High fertility,% of GDP,35.0559219600564
Fig 26,demographic sensitivity of expenditure,Figure 26: Total government expenditure under alternative demographic scenarios,"Source: OLG model, The Treasury",2059,High fertility,% of GDP,35.1941902633847
Fig 26,demographic sensitivity of expenditure,Figure 26: Total government expenditure under alternative demographic scenarios,"Source: OLG model, The Treasury",2060,High fertility,% of GDP,35.3228561862808
Fig 26,demographic sensitivity of expenditure,Figure 26: Total government expenditure under alternative demographic scenarios,"Source: OLG model, The Treasury",2061,High fertility,% of GDP,35.4348511131528
Fig 26,demographic sensitivity of expenditure,Figure 26: Total government expenditure under alternative demographic scenarios,"Source: OLG model, The Treasury",2062,High fertility,% of GDP,35.5353410719642
Fig 26,demographic sensitivity of expenditure,Figure 26: Total government expenditure under alternative demographic scenarios,"Source: OLG model, The Treasury",2063,High fertility,% of GDP,35.6256149946668
Fig 26,demographic sensitivity of expenditure,Figure 26: Total government expenditure under alternative demographic scenarios,"Source: OLG model, The Treasury",2064,High fertility,% of GDP,35.6987458685382
Fig 26,demographic sensitivity of expenditure,Figure 26: Total government expenditure under alternative demographic scenarios,"Source: OLG model, The Treasury",2065,High fertility,% of GDP,35.7829852057733
Fig 26,demographic sensitivity of expenditure,Figure 26: Total government expenditure under alternative demographic scenarios,"Source: OLG model, The Treasury",2025,High-skilled migration,% of GDP,29.7319205365681
Fig 26,demographic sensitivity of expenditure,Figure 26: Total government expenditure under alternative demographic scenarios,"Source: OLG model, The Treasury",2026,High-skilled migration,% of GDP,29.9718453480927
Fig 26,demographic sensitivity of expenditure,Figure 26: Total government expenditure under alternative demographic scenarios,"Source: OLG model, The Treasury",2027,High-skilled migration,% of GDP,30.2138830160946
Fig 26,demographic sensitivity of expenditure,Figure 26: Total government expenditure under alternative demographic scenarios,"Source: OLG model, The Treasury",2028,High-skilled migration,% of GDP,30.4289219455443
Fig 26,demographic sensitivity of expenditure,Figure 26: Total government expenditure under alternative demographic scenarios,"Source: OLG model, The Treasury",2029,High-skilled migration,% of GDP,30.616408835
Fig 26,demographic sensitivity of expenditure,Figure 26: Total government expenditure under alternative demographic scenarios,"Source: OLG model, The Treasury",2030,High-skilled migration,% of GDP,30.7785998124568
Fig 26,demographic sensitivity of expenditure,Figure 26: Total government expenditure under alternative demographic scenarios,"Source: OLG model, The Treasury",2031,High-skilled migration,% of GDP,30.919365166104
Fig 26,demographic sensitivity of expenditure,Figure 26: Total government expenditure under alternative demographic scenarios,"Source: OLG model, The Treasury",2032,High-skilled migration,% of GDP,31.0634558325529
Fig 26,demographic sensitivity of expenditure,Figure 26: Total government expenditure under alternative demographic scenarios,"Source: OLG model, The Treasury",2033,High-skilled migration,% of GDP,31.1990265035801
Fig 26,demographic sensitivity of expenditure,Figure 26: Total government expenditure under alternative demographic scenarios,"Source: OLG model, The Treasury",2034,High-skilled migration,% of GDP,31.3345309037446
Fig 26,demographic sensitivity of expenditure,Figure 26: Total government expenditure under alternative demographic scenarios,"Source: OLG model, The Treasury",2035,High-skilled migration,% of GDP,31.4630307447448
Fig 26,demographic sensitivity of expenditure,Figure 26: Total government expenditure under alternative demographic scenarios,"Source: OLG model, The Treasury",2036,High-skilled migration,% of GDP,31.6003349035425
Fig 26,demographic sensitivity of expenditure,Figure 26: Total government expenditure under alternative demographic scenarios,"Source: OLG model, The Treasury",2037,High-skilled migration,% of GDP,31.7293268477055
Fig 26,demographic sensitivity of expenditure,Figure 26: Total government expenditure under alternative demographic scenarios,"Source: OLG model, The Treasury",2038,High-skilled migration,% of GDP,31.8338660349114
Fig 26,demographic sensitivity of expenditure,Figure 26: Total government expenditure under alternative demographic scenarios,"Source: OLG model, The Treasury",2039,High-skilled migration,% of GDP,31.922265083749
Fig 26,demographic sensitivity of expenditure,Figure 26: Total government expenditure under alternative demographic scenarios,"Source: OLG model, The Treasury",2040,High-skilled migration,% of GDP,31.9848638495777
Fig 26,demographic sensitivity of expenditure,Figure 26: Total government expenditure under alternative demographic scenarios,"Source: OLG model, The Treasury",2041,High-skilled migration,% of GDP,32.0345648936598
Fig 26,demographic sensitivity of expenditure,Figure 26: Total government expenditure under alternative demographic scenarios,"Source: OLG model, The Treasury",2042,High-skilled migration,% of GDP,32.0817619327545
Fig 26,demographic sensitivity of expenditure,Figure 26: Total government expenditure under alternative demographic scenarios,"Source: OLG model, The Treasury",2043,High-skilled migration,% of GDP,32.1183900150913
Fig 26,demographic sensitivity of expenditure,Figure 26: Total government expenditure under alternative demographic scenarios,"Source: OLG model, The Treasury",2044,High-skilled migration,% of GDP,32.1809911467226
Fig 26,demographic sensitivity of expenditure,Figure 26: Total government expenditure under alternative demographic scenarios,"Source: OLG model, The Treasury",2045,High-skilled migration,% of GDP,32.2563448850807
Fig 26,demographic sensitivity of expenditure,Figure 26: Total government expenditure under alternative demographic scenarios,"Source: OLG model, The Treasury",2046,High-skilled migration,% of GDP,32.3373701775572
Fig 26,demographic sensitivity of expenditure,Figure 26: Total government expenditure under alternative demographic scenarios,"Source: OLG model, The Treasury",2047,High-skilled migration,% of GDP,32.4323995011427
Fig 26,demographic sensitivity of expenditure,Figure 26: Total government expenditure under alternative demographic scenarios,"Source: OLG model, The Treasury",2048,High-skilled migration,% of GDP,32.5415464205172
Fig 26,demographic sensitivity of expenditure,Figure 26: Total government expenditure under alternative demographic scenarios,"Source: OLG model, The Treasury",2049,High-skilled migration,% of GDP,32.659940989693
Fig 26,demographic sensitivity of expenditure,Figure 26: Total government expenditure under alternative demographic scenarios,"Source: OLG model, The Treasury",2050,High-skilled migration,% of GDP,32.787482007838904
Fig 26,demographic sensitivity of expenditure,Figure 26: Total government expenditure under alternative demographic scenarios,"Source: OLG model, The Treasury",2051,High-skilled migration,% of GDP,32.9261416712221
Fig 26,demographic sensitivity of expenditure,Figure 26: Total government expenditure under alternative demographic scenarios,"Source: OLG model, The Treasury",2052,High-skilled migration,% of GDP,33.0874074716034
Fig 26,demographic sensitivity of expenditure,Figure 26: Total government expenditure under alternative demographic scenarios,"Source: OLG model, The Treasury",2053,High-skilled migration,% of GDP,33.2706068520859
Fig 26,demographic sensitivity of expenditure,Figure 26: Total government expenditure under alternative demographic scenarios,"Source: OLG model, The Treasury",2054,High-skilled migration,% of GDP,33.4644063161939
Fig 26,demographic sensitivity of expenditure,Figure 26: Total government expenditure under alternative demographic scenarios,"Source: OLG model, The Treasury",2055,High-skilled migration,% of GDP,33.6793986444668
Fig 26,demographic sensitivity of expenditure,Figure 26: Total government expenditure under alternative demographic scenarios,"Source: OLG model, The Treasury",2056,High-skilled migration,% of GDP,33.9059378057223
Fig 26,demographic sensitivity of expenditure,Figure 26: Total government expenditure under alternative demographic scenarios,"Source: OLG model, The Treasury",2057,High-skilled migration,% of GDP,34.1281296258951
Fig 26,demographic sensitivity of expenditure,Figure 26: Total government expenditure under alternative demographic scenarios,"Source: OLG model, The Treasury",2058,High-skilled migration,% of GDP,34.3393086714763
Fig 26,demographic sensitivity of expenditure,Figure 26: Total government expenditure under alternative demographic scenarios,"Source: OLG model, The Treasury",2059,High-skilled migration,% of GDP,34.532796794106
Fig 26,demographic sensitivity of expenditure,Figure 26: Total government expenditure under alternative demographic scenarios,"Source: OLG model, The Treasury",2060,High-skilled migration,% of GDP,34.721017238646
Fig 26,demographic sensitivity of expenditure,Figure 26: Total government expenditure under alternative demographic scenarios,"Source: OLG model, The Treasury",2061,High-skilled migration,% of GDP,34.8961338982235
Fig 26,demographic sensitivity of expenditure,Figure 26: Total government expenditure under alternative demographic scenarios,"Source: OLG model, The Treasury",2062,High-skilled migration,% of GDP,35.0593362751827
Fig 26,demographic sensitivity of expenditure,Figure 26: Total government expenditure under alternative demographic scenarios,"Source: OLG model, The Treasury",2063,High-skilled migration,% of GDP,35.2159685802282
Fig 26,demographic sensitivity of expenditure,Figure 26: Total government expenditure under alternative demographic scenarios,"Source: OLG model, The Treasury",2064,High-skilled migration,% of GDP,35.3584625702293
Fig 26,demographic sensitivity of expenditure,Figure 26: Total government expenditure under alternative demographic scenarios,"Source: OLG model, The Treasury",2065,High-skilled migration,% of GDP,35.5160415962207
Fig 28,favourable and unfavourable fiscal scenarios,Figure 28:  Core Crown net debt paths under fiscal favourable and unfavourable scenarios,"Source: LTFM, The Treasury",2005,Baseline,% of GDP,12.6771251833429
Fig 28,favourable and unfavourable fiscal scenarios,Figure 28:  Core Crown net debt paths under fiscal favourable and unfavourable scenarios,"Source: LTFM, The Treasury",2006,Baseline,% of GDP,9.828041202009024
Fig 28,favourable and unfavourable fiscal scenarios,Figure 28:  Core Crown net debt paths under fiscal favourable and unfavourable scenarios,"Source: LTFM, The Treasury",2007,Baseline,% of GDP,7.524962506343983
Fig 28,favourable and unfavourable fiscal scenarios,Figure 28:  Core Crown net debt paths under fiscal favourable and unfavourable scenarios,"Source: LTFM, The Treasury",2008,Baseline,% of GDP,5.430530188729188
Fig 28,favourable and unfavourable fiscal scenarios,Figure 28:  Core Crown net debt paths under fiscal favourable and unfavourable scenarios,"Source: LTFM, The Treasury",2009,Baseline,% of GDP,9.017878778301043
Fig 28,favourable and unfavourable fiscal scenarios,Figure 28:  Core Crown net debt paths under fiscal favourable and unfavourable scenarios,"Source: LTFM, The Treasury",2010,Baseline,% of GDP,13.54831190810375
Fig 28,favourable and unfavourable fiscal scenarios,Figure 28:  Core Crown net debt paths under fiscal favourable and unfavourable scenarios,"Source: LTFM, The Treasury",2011,Baseline,% of GDP,19.47034905724461
Fig 28,favourable and unfavourable fiscal scenarios,Figure 28:  Core Crown net debt paths under fiscal favourable and unfavourable scenarios,"Source: LTFM, The Treasury",2012,Baseline,% of GDP,23.546331965594316
Fig 28,favourable and unfavourable fiscal scenarios,Figure 28:  Core Crown net debt paths under fiscal favourable and unfavourable scenarios,"Source: LTFM, The Treasury",2013,Baseline,% of GDP,25.47414717382279
Fig 28,favourable and unfavourable fiscal scenarios,Figure 28:  Core Crown net debt paths under fiscal favourable and unfavourable scenarios,"Source: LTFM, The Treasury",2014,Baseline,% of GDP,25.281901362997836
Fig 28,favourable and unfavourable fiscal scenarios,Figure 28:  Core Crown net debt paths under fiscal favourable and unfavourable scenarios,"Source: LTFM, The Treasury",2015,Baseline,% of GDP,24.659578967918268
Fig 28,favourable and unfavourable fiscal scenarios,Figure 28:  Core Crown net debt paths under fiscal favourable and unfavourable scenarios,"Source: LTFM, The Treasury",2016,Baseline,% of GDP,23.89844320257677
Fig 28,favourable and unfavourable fiscal scenarios,Figure 28:  Core Crown net debt paths under fiscal favourable and unfavourable scenarios,"Source: LTFM, The Treasury",2017,Baseline,% of GDP,21.56041119923444
Fig 28,favourable and unfavourable fiscal scenarios,Figure 28:  Core Crown net debt paths under fiscal favourable and unfavourable scenarios,"Source: LTFM, The Treasury",2018,Baseline,% of GDP,19.436002663809045
Fig 28,favourable and unfavourable fiscal scenarios,Figure 28:  Core Crown net debt paths under fiscal favourable and unfavourable scenarios,"Source: LTFM, The Treasury",2019,Baseline,% of GDP,18.59380635853043
Fig 28,favourable and unfavourable fiscal scenarios,Figure 28:  Core Crown net debt paths under fiscal favourable and unfavourable scenarios,"Source: LTFM, The Treasury",2020,Baseline,% of GDP,26.24901221858068
Fig 28,favourable and unfavourable fiscal scenarios,Figure 28:  Core Crown net debt paths under fiscal favourable and unfavourable scenarios,"Source: LTFM, The Treasury",2021,Baseline,% of GDP,29.726872708529303
Fig 28,favourable and unfavourable fiscal scenarios,Figure 28:  Core Crown net debt paths under fiscal favourable and unfavourable scenarios,"Source: LTFM, The Treasury",2022,Baseline,% of GDP,35.238545756816755
Fig 28,favourable and unfavourable fiscal scenarios,Figure 28:  Core Crown net debt paths under fiscal favourable and unfavourable scenarios,"Source: LTFM, The Treasury",2023,Baseline,% of GDP,38.66869880736253
Fig 28,favourable and unfavourable fiscal scenarios,Figure 28:  Core Crown net debt paths under fiscal favourable and unfavourable scenarios,"Source: LTFM, The Treasury",2024,Baseline,% of GDP,41.71536438892877
Fig 28,favourable and unfavourable fiscal scenarios,Figure 28:  Core Crown net debt paths under fiscal favourable and unfavourable scenarios,"Source: LTFM, The Treasury",2025,Baseline,% of GDP,42.66226663112322
Fig 28,favourable and unfavourable fiscal scenarios,Figure 28:  Core Crown net debt paths under fiscal favourable and unfavourable scenarios,"Source: LTFM, The Treasury",2026,Baseline,% of GDP,43.85625153352728
Fig 28,favourable and unfavourable fiscal scenarios,Figure 28:  Core Crown net debt paths under fiscal favourable and unfavourable scenarios,"Source: LTFM, The Treasury",2027,Baseline,% of GDP,45.720325679720375
Fig 28,favourable and unfavourable fiscal scenarios,Figure 28:  Core Crown net debt paths under fiscal favourable and unfavourable scenarios,"Source: LTFM, The Treasury",2028,Baseline,% of GDP,45.96997999464925
Fig 28,favourable and unfavourable fiscal scenarios,Figure 28:  Core Crown net debt paths under fiscal favourable and unfavourable scenarios,"Source: LTFM, The Treasury",2029,Baseline,% of GDP,45.50753450532508
Fig 28,favourable and unfavourable fiscal scenarios,Figure 28:  Core Crown net debt paths under fiscal favourable and unfavourable scenarios,"Source: LTFM, The Treasury",2030,Baseline,% of GDP,45.99463986385218
Fig 28,favourable and unfavourable fiscal scenarios,Figure 28:  Core Crown net debt paths under fiscal favourable and unfavourable scenarios,"Source: LTFM, The Treasury",2031,Baseline,% of GDP,46.74575579894423
Fig 28,favourable and unfavourable fiscal scenarios,Figure 28:  Core Crown net debt paths under fiscal favourable and unfavourable scenarios,"Source: LTFM, The Treasury",2032,Baseline,% of GDP,47.902018331619956
Fig 28,favourable and unfavourable fiscal scenarios,Figure 28:  Core Crown net debt paths under fiscal favourable and unfavourable scenarios,"Source: LTFM, The Treasury",2033,Baseline,% of GDP,49.47445158822168
Fig 28,favourable and unfavourable fiscal scenarios,Figure 28:  Core Crown net debt paths under fiscal favourable and unfavourable scenarios,"Source: LTFM, The Treasury",2034,Baseline,% of GDP,51.410059238652636
Fig 28,favourable and unfavourable fiscal scenarios,Figure 28:  Core Crown net debt paths under fiscal favourable and unfavourable scenarios,"Source: LTFM, The Treasury",2035,Baseline,% of GDP,53.63963355688769
Fig 28,favourable and unfavourable fiscal scenarios,Figure 28:  Core Crown net debt paths under fiscal favourable and unfavourable scenarios,"Source: LTFM, The Treasury",2036,Baseline,% of GDP,55.79288650302623
Fig 28,favourable and unfavourable fiscal scenarios,Figure 28:  Core Crown net debt paths under fiscal favourable and unfavourable scenarios,"Source: LTFM, The Treasury",2037,Baseline,% of GDP,58.04232463976312
Fig 28,favourable and unfavourable fiscal scenarios,Figure 28:  Core Crown net debt paths under fiscal favourable and unfavourable scenarios,"Source: LTFM, The Treasury",2038,Baseline,% of GDP,60.498660534783376
Fig 28,favourable and unfavourable fiscal scenarios,Figure 28:  Core Crown net debt paths under fiscal favourable and unfavourable scenarios,"Source: LTFM, The Treasury",2039,Baseline,% of GDP,63.17415971925221
Fig 28,favourable and unfavourable fiscal scenarios,Figure 28:  Core Crown net debt paths under fiscal favourable and unfavourable scenarios,"Source: LTFM, The Treasury",2040,Baseline,% of GDP,66.00279401446791
Fig 28,favourable and unfavourable fiscal scenarios,Figure 28:  Core Crown net debt paths under fiscal favourable and unfavourable scenarios,"Source: LTFM, The Treasury",2041,Baseline,% of GDP,68.99272731695878
Fig 28,favourable and unfavourable fiscal scenarios,Figure 28:  Core Crown net debt paths under fiscal favourable and unfavourable scenarios,"Source: LTFM, The Treasury",2042,Baseline,% of GDP,72.14380568100638
Fig 28,favourable and unfavourable fiscal scenarios,Figure 28:  Core Crown net debt paths under fiscal favourable and unfavourable scenarios,"Source: LTFM, The Treasury",2043,Baseline,% of GDP,75.45883598356383
Fig 28,favourable and unfavourable fiscal scenarios,Figure 28:  Core Crown net debt paths under fiscal favourable and unfavourable scenarios,"Source: LTFM, The Treasury",2044,Baseline,% of GDP,78.94030412675619
Fig 28,favourable and unfavourable fiscal scenarios,Figure 28:  Core Crown net debt paths under fiscal favourable and unfavourable scenarios,"Source: LTFM, The Treasury",2045,Baseline,% of GDP,82.59222105704687
Fig 28,favourable and unfavourable fiscal scenarios,Figure 28:  Core Crown net debt paths under fiscal favourable and unfavourable scenarios,"Source: LTFM, The Treasury",2046,Baseline,% of GDP,86.41937043224341
Fig 28,favourable and unfavourable fiscal scenarios,Figure 28:  Core Crown net debt paths under fiscal favourable and unfavourable scenarios,"Source: LTFM, The Treasury",2047,Baseline,% of GDP,90.42636944310347
Fig 28,favourable and unfavourable fiscal scenarios,Figure 28:  Core Crown net debt paths under fiscal favourable and unfavourable scenarios,"Source: LTFM, The Treasury",2048,Baseline,% of GDP,94.62047661789171
Fig 28,favourable and unfavourable fiscal scenarios,Figure 28:  Core Crown net debt paths under fiscal favourable and unfavourable scenarios,"Source: LTFM, The Treasury",2049,Baseline,% of GDP,99.00777145746747
Fig 28,favourable and unfavourable fiscal scenarios,Figure 28:  Core Crown net debt paths under fiscal favourable and unfavourable scenarios,"Source: LTFM, The Treasury",2050,Baseline,% of GDP,103.59208253345477
Fig 28,favourable and unfavourable fiscal scenarios,Figure 28:  Core Crown net debt paths under fiscal favourable and unfavourable scenarios,"Source: LTFM, The Treasury",2051,Baseline,% of GDP,108.37763071072106
Fig 28,favourable and unfavourable fiscal scenarios,Figure 28:  Core Crown net debt paths under fiscal favourable and unfavourable scenarios,"Source: LTFM, The Treasury",2052,Baseline,% of GDP,113.37678136034725
Fig 28,favourable and unfavourable fiscal scenarios,Figure 28:  Core Crown net debt paths under fiscal favourable and unfavourable scenarios,"Source: LTFM, The Treasury",2053,Baseline,% of GDP,118.595341758323
Fig 28,favourable and unfavourable fiscal scenarios,Figure 28:  Core Crown net debt paths under fiscal favourable and unfavourable scenarios,"Source: LTFM, The Treasury",2054,Baseline,% of GDP,124.03839608169436
Fig 28,favourable and unfavourable fiscal scenarios,Figure 28:  Core Crown net debt paths under fiscal favourable and unfavourable scenarios,"Source: LTFM, The Treasury",2055,Baseline,% of GDP,129.71358707590875
Fig 28,favourable and unfavourable fiscal scenarios,Figure 28:  Core Crown net debt paths under fiscal favourable and unfavourable scenarios,"Source: LTFM, The Treasury",2056,Baseline,% of GDP,135.63550650685855
Fig 28,favourable and unfavourable fiscal scenarios,Figure 28:  Core Crown net debt paths under fiscal favourable and unfavourable scenarios,"Source: LTFM, The Treasury",2057,Baseline,% of GDP,141.8031796262347
Fig 28,favourable and unfavourable fiscal scenarios,Figure 28:  Core Crown net debt paths under fiscal favourable and unfavourable scenarios,"Source: LTFM, The Treasury",2058,Baseline,% of GDP,148.21684127458337
Fig 28,favourable and unfavourable fiscal scenarios,Figure 28:  Core Crown net debt paths under fiscal favourable and unfavourable scenarios,"Source: LTFM, The Treasury",2059,Baseline,% of GDP,154.87340162203637
Fig 28,favourable and unfavourable fiscal scenarios,Figure 28:  Core Crown net debt paths under fiscal favourable and unfavourable scenarios,"Source: LTFM, The Treasury",2060,Baseline,% of GDP,161.77874586949704
Fig 28,favourable and unfavourable fiscal scenarios,Figure 28:  Core Crown net debt paths under fiscal favourable and unfavourable scenarios,"Source: LTFM, The Treasury",2061,Baseline,% of GDP,168.92589308825092
Fig 28,favourable and unfavourable fiscal scenarios,Figure 28:  Core Crown net debt paths under fiscal favourable and unfavourable scenarios,"Source: LTFM, The Treasury",2062,Baseline,% of GDP,176.32532755945135
Fig 28,favourable and unfavourable fiscal scenarios,Figure 28:  Core Crown net debt paths under fiscal favourable and unfavourable scenarios,"Source: LTFM, The Treasury",2063,Baseline,% of GDP,183.97419005984332
Fig 28,favourable and unfavourable fiscal scenarios,Figure 28:  Core Crown net debt paths under fiscal favourable and unfavourable scenarios,"Source: LTFM, The Treasury",2064,Baseline,% of GDP,191.87530189258945
Fig 28,favourable and unfavourable fiscal scenarios,Figure 28:  Core Crown net debt paths under fiscal favourable and unfavourable scenarios,"Source: LTFM, The Treasury",2065,Baseline,% of GDP,200.04067114934801
Fig 28,favourable and unfavourable fiscal scenarios,Figure 28:  Core Crown net debt paths under fiscal favourable and unfavourable scenarios,"Source: LTFM, The Treasury",2005,Favourable,% of GDP,12.6771251833429
Fig 28,favourable and unfavourable fiscal scenarios,Figure 28:  Core Crown net debt paths under fiscal favourable and unfavourable scenarios,"Source: LTFM, The Treasury",2006,Favourable,% of GDP,9.828041202009024
Fig 28,favourable and unfavourable fiscal scenarios,Figure 28:  Core Crown net debt paths under fiscal favourable and unfavourable scenarios,"Source: LTFM, The Treasury",2007,Favourable,% of GDP,7.524962506343983
Fig 28,favourable and unfavourable fiscal scenarios,Figure 28:  Core Crown net debt paths under fiscal favourable and unfavourable scenarios,"Source: LTFM, The Treasury",2008,Favourable,% of GDP,5.430530188729188
Fig 28,favourable and unfavourable fiscal scenarios,Figure 28:  Core Crown net debt paths under fiscal favourable and unfavourable scenarios,"Source: LTFM, The Treasury",2009,Favourable,% of GDP,9.017878778301043
Fig 28,favourable and unfavourable fiscal scenarios,Figure 28:  Core Crown net debt paths under fiscal favourable and unfavourable scenarios,"Source: LTFM, The Treasury",2010,Favourable,% of GDP,13.54831190810375
Fig 28,favourable and unfavourable fiscal scenarios,Figure 28:  Core Crown net debt paths under fiscal favourable and unfavourable scenarios,"Source: LTFM, The Treasury",2011,Favourable,% of GDP,19.47034905724461
Fig 28,favourable and unfavourable fiscal scenarios,Figure 28:  Core Crown net debt paths under fiscal favourable and unfavourable scenarios,"Source: LTFM, The Treasury",2012,Favourable,% of GDP,23.546331965594316
Fig 28,favourable and unfavourable fiscal scenarios,Figure 28:  Core Crown net debt paths under fiscal favourable and unfavourable scenarios,"Source: LTFM, The Treasury",2013,Favourable,% of GDP,25.47414717382279
Fig 28,favourable and unfavourable fiscal scenarios,Figure 28:  Core Crown net debt paths under fiscal favourable and unfavourable scenarios,"Source: LTFM, The Treasury",2014,Favourable,% of GDP,25.281901362997836
Fig 28,favourable and unfavourable fiscal scenarios,Figure 28:  Core Crown net debt paths under fiscal favourable and unfavourable scenarios,"Source: LTFM, The Treasury",2015,Favourable,% of GDP,24.659578967918268
Fig 28,favourable and unfavourable fiscal scenarios,Figure 28:  Core Crown net debt paths under fiscal favourable and unfavourable scenarios,"Source: LTFM, The Treasury",2016,Favourable,% of GDP,23.89844320257677
Fig 28,favourable and unfavourable fiscal scenarios,Figure 28:  Core Crown net debt paths under fiscal favourable and unfavourable scenarios,"Source: LTFM, The Treasury",2017,Favourable,% of GDP,21.56041119923444
Fig 28,favourable and unfavourable fiscal scenarios,Figure 28:  Core Crown net debt paths under fiscal favourable and unfavourable scenarios,"Source: LTFM, The Treasury",2018,Favourable,% of GDP,19.436002663809045
Fig 28,favourable and unfavourable fiscal scenarios,Figure 28:  Core Crown net debt paths under fiscal favourable and unfavourable scenarios,"Source: LTFM, The Treasury",2019,Favourable,% of GDP,18.59380635853043
Fig 28,favourable and unfavourable fiscal scenarios,Figure 28:  Core Crown net debt paths under fiscal favourable and unfavourable scenarios,"Source: LTFM, The Treasury",2020,Favourable,% of GDP,26.24901221858068
Fig 28,favourable and unfavourable fiscal scenarios,Figure 28:  Core Crown net debt paths under fiscal favourable and unfavourable scenarios,"Source: LTFM, The Treasury",2021,Favourable,% of GDP,29.726872708529303
Fig 28,favourable and unfavourable fiscal scenarios,Figure 28:  Core Crown net debt paths under fiscal favourable and unfavourable scenarios,"Source: LTFM, The Treasury",2022,Favourable,% of GDP,35.238545756816755
Fig 28,favourable and unfavourable fiscal scenarios,Figure 28:  Core Crown net debt paths under fiscal favourable and unfavourable scenarios,"Source: LTFM, The Treasury",2023,Favourable,% of GDP,38.66869880736253
Fig 28,favourable and unfavourable fiscal scenarios,Figure 28:  Core Crown net debt paths under fiscal favourable and unfavourable scenarios,"Source: LTFM, The Treasury",2024,Favourable,% of GDP,41.71536438892877
Fig 28,favourable and unfavourable fiscal scenarios,Figure 28:  Core Crown net debt paths under fiscal favourable and unfavourable scenarios,"Source: LTFM, The Treasury",2025,Favourable,% of GDP,42.66226663112322
Fig 28,favourable and unfavourable fiscal scenarios,Figure 28:  Core Crown net debt paths under fiscal favourable and unfavourable scenarios,"Source: LTFM, The Treasury",2026,Favourable,% of GDP,43.85625153352728
Fig 28,favourable and unfavourable fiscal scenarios,Figure 28:  Core Crown net debt paths under fiscal favourable and unfavourable scenarios,"Source: LTFM, The Treasury",2027,Favourable,% of GDP,45.720325679720375
Fig 28,favourable and unfavourable fiscal scenarios,Figure 28:  Core Crown net debt paths under fiscal favourable and unfavourable scenarios,"Source: LTFM, The Treasury",2028,Favourable,% of GDP,45.96997999464925
Fig 28,favourable and unfavourable fiscal scenarios,Figure 28:  Core Crown net debt paths under fiscal favourable and unfavourable scenarios,"Source: LTFM, The Treasury",2029,Favourable,% of GDP,45.50753450532508
Fig 28,favourable and unfavourable fiscal scenarios,Figure 28:  Core Crown net debt paths under fiscal favourable and unfavourable scenarios,"Source: LTFM, The Treasury",2030,Favourable,% of GDP,45.804992337329885
Fig 28,favourable and unfavourable fiscal scenarios,Figure 28:  Core Crown net debt paths under fiscal favourable and unfavourable scenarios,"Source: LTFM, The Treasury",2031,Favourable,% of GDP,46.173425979863666
Fig 28,favourable and unfavourable fiscal scenarios,Figure 28:  Core Crown net debt paths under fiscal favourable and unfavourable scenarios,"Source: LTFM, The Treasury",2032,Favourable,% of GDP,46.73564855153582
Fig 28,favourable and unfavourable fiscal scenarios,Figure 28:  Core Crown net debt paths under fiscal favourable and unfavourable scenarios,"Source: LTFM, The Treasury",2033,Favourable,% of GDP,47.465286934836016
Fig 28,favourable and unfavourable fiscal scenarios,Figure 28:  Core Crown net debt paths under fiscal favourable and unfavourable scenarios,"Source: LTFM, The Treasury",2034,Favourable,% of GDP,48.26168215031665
Fig 28,favourable and unfavourable fiscal scenarios,Figure 28:  Core Crown net debt paths under fiscal favourable and unfavourable scenarios,"Source: LTFM, The Treasury",2035,Favourable,% of GDP,49.271835750037766
Fig 28,favourable and unfavourable fiscal scenarios,Figure 28:  Core Crown net debt paths under fiscal favourable and unfavourable scenarios,"Source: LTFM, The Treasury",2036,Favourable,% of GDP,50.12024552038448
Fig 28,favourable and unfavourable fiscal scenarios,Figure 28:  Core Crown net debt paths under fiscal favourable and unfavourable scenarios,"Source: LTFM, The Treasury",2037,Favourable,% of GDP,50.98854646927293
Fig 28,favourable and unfavourable fiscal scenarios,Figure 28:  Core Crown net debt paths under fiscal favourable and unfavourable scenarios,"Source: LTFM, The Treasury",2038,Favourable,% of GDP,52.01583655898092
Fig 28,favourable and unfavourable fiscal scenarios,Figure 28:  Core Crown net debt paths under fiscal favourable and unfavourable scenarios,"Source: LTFM, The Treasury",2039,Favourable,% of GDP,53.18808023490905
Fig 28,favourable and unfavourable fiscal scenarios,Figure 28:  Core Crown net debt paths under fiscal favourable and unfavourable scenarios,"Source: LTFM, The Treasury",2040,Favourable,% of GDP,54.434602875636585
Fig 28,favourable and unfavourable fiscal scenarios,Figure 28:  Core Crown net debt paths under fiscal favourable and unfavourable scenarios,"Source: LTFM, The Treasury",2041,Favourable,% of GDP,55.763944333898344
Fig 28,favourable and unfavourable fiscal scenarios,Figure 28:  Core Crown net debt paths under fiscal favourable and unfavourable scenarios,"Source: LTFM, The Treasury",2042,Favourable,% of GDP,57.17820966335475
Fig 28,favourable and unfavourable fiscal scenarios,Figure 28:  Core Crown net debt paths under fiscal favourable and unfavourable scenarios,"Source: LTFM, The Treasury",2043,Favourable,% of GDP,58.671600949151646
Fig 28,favourable and unfavourable fiscal scenarios,Figure 28:  Core Crown net debt paths under fiscal favourable and unfavourable scenarios,"Source: LTFM, The Treasury",2044,Favourable,% of GDP,60.241199611115704
Fig 28,favourable and unfavourable fiscal scenarios,Figure 28:  Core Crown net debt paths under fiscal favourable and unfavourable scenarios,"Source: LTFM, The Treasury",2045,Favourable,% of GDP,61.88280872022521
Fig 28,favourable and unfavourable fiscal scenarios,Figure 28:  Core Crown net debt paths under fiscal favourable and unfavourable scenarios,"Source: LTFM, The Treasury",2046,Favourable,% of GDP,63.59334471103235
Fig 28,favourable and unfavourable fiscal scenarios,Figure 28:  Core Crown net debt paths under fiscal favourable and unfavourable scenarios,"Source: LTFM, The Treasury",2047,Favourable,% of GDP,65.36602336053838
Fig 28,favourable and unfavourable fiscal scenarios,Figure 28:  Core Crown net debt paths under fiscal favourable and unfavourable scenarios,"Source: LTFM, The Treasury",2048,Favourable,% of GDP,67.19754110236889
Fig 28,favourable and unfavourable fiscal scenarios,Figure 28:  Core Crown net debt paths under fiscal favourable and unfavourable scenarios,"Source: LTFM, The Treasury",2049,Favourable,% of GDP,69.07981686714668
Fig 28,favourable and unfavourable fiscal scenarios,Figure 28:  Core Crown net debt paths under fiscal favourable and unfavourable scenarios,"Source: LTFM, The Treasury",2050,Favourable,% of GDP,71.00196901502422
Fig 28,favourable and unfavourable fiscal scenarios,Figure 28:  Core Crown net debt paths under fiscal favourable and unfavourable scenarios,"Source: LTFM, The Treasury",2051,Favourable,% of GDP,72.96465616525823
Fig 28,favourable and unfavourable fiscal scenarios,Figure 28:  Core Crown net debt paths under fiscal favourable and unfavourable scenarios,"Source: LTFM, The Treasury",2052,Favourable,% of GDP,74.95632693122681
Fig 28,favourable and unfavourable fiscal scenarios,Figure 28:  Core Crown net debt paths under fiscal favourable and unfavourable scenarios,"Source: LTFM, The Treasury",2053,Favourable,% of GDP,76.97083104202008
Fig 28,favourable and unfavourable fiscal scenarios,Figure 28:  Core Crown net debt paths under fiscal favourable and unfavourable scenarios,"Source: LTFM, The Treasury",2054,Favourable,% of GDP,79.00640563446156
Fig 28,favourable and unfavourable fiscal scenarios,Figure 28:  Core Crown net debt paths under fiscal favourable and unfavourable scenarios,"Source: LTFM, The Treasury",2055,Favourable,% of GDP,81.06196903602573
Fig 28,favourable and unfavourable fiscal scenarios,Figure 28:  Core Crown net debt paths under fiscal favourable and unfavourable scenarios,"Source: LTFM, The Treasury",2056,Favourable,% of GDP,83.13569627673597
Fig 28,favourable and unfavourable fiscal scenarios,Figure 28:  Core Crown net debt paths under fiscal favourable and unfavourable scenarios,"Source: LTFM, The Treasury",2057,Favourable,% of GDP,85.22921794522172
Fig 28,favourable and unfavourable fiscal scenarios,Figure 28:  Core Crown net debt paths under fiscal favourable and unfavourable scenarios,"Source: LTFM, The Treasury",2058,Favourable,% of GDP,87.3370598808948
Fig 28,favourable and unfavourable fiscal scenarios,Figure 28:  Core Crown net debt paths under fiscal favourable and unfavourable scenarios,"Source: LTFM, The Treasury",2059,Favourable,% of GDP,89.45607397704629
Fig 28,favourable and unfavourable fiscal scenarios,Figure 28:  Core Crown net debt paths under fiscal favourable and unfavourable scenarios,"Source: LTFM, The Treasury",2060,Favourable,% of GDP,91.59624796788134
Fig 28,favourable and unfavourable fiscal scenarios,Figure 28:  Core Crown net debt paths under fiscal favourable and unfavourable scenarios,"Source: LTFM, The Treasury",2061,Favourable,% of GDP,93.75460815269001
Fig 28,favourable and unfavourable fiscal scenarios,Figure 28:  Core Crown net debt paths under fiscal favourable and unfavourable scenarios,"Source: LTFM, The Treasury",2062,Favourable,% of GDP,95.93422989554196
Fig 28,favourable and unfavourable fiscal scenarios,Figure 28:  Core Crown net debt paths under fiscal favourable and unfavourable scenarios,"Source: LTFM, The Treasury",2063,Favourable,% of GDP,98.1396180361902
Fig 28,favourable and unfavourable fiscal scenarios,Figure 28:  Core Crown net debt paths under fiscal favourable and unfavourable scenarios,"Source: LTFM, The Treasury",2064,Favourable,% of GDP,100.37542719521493
Fig 28,favourable and unfavourable fiscal scenarios,Figure 28:  Core Crown net debt paths under fiscal favourable and unfavourable scenarios,"Source: LTFM, The Treasury",2065,Favourable,% of GDP,102.64643119027485
Fig 28,favourable and unfavourable fiscal scenarios,Figure 28:  Core Crown net debt paths under fiscal favourable and unfavourable scenarios,"Source: LTFM, The Treasury",2005,Unfavourable,% of GDP,12.6771251833429
Fig 28,favourable and unfavourable fiscal scenarios,Figure 28:  Core Crown net debt paths under fiscal favourable and unfavourable scenarios,"Source: LTFM, The Treasury",2006,Unfavourable,% of GDP,9.828041202009024
Fig 28,favourable and unfavourable fiscal scenarios,Figure 28:  Core Crown net debt paths under fiscal favourable and unfavourable scenarios,"Source: LTFM, The Treasury",2007,Unfavourable,% of GDP,7.524962506343983
Fig 28,favourable and unfavourable fiscal scenarios,Figure 28:  Core Crown net debt paths under fiscal favourable and unfavourable scenarios,"Source: LTFM, The Treasury",2008,Unfavourable,% of GDP,5.430530188729188
Fig 28,favourable and unfavourable fiscal scenarios,Figure 28:  Core Crown net debt paths under fiscal favourable and unfavourable scenarios,"Source: LTFM, The Treasury",2009,Unfavourable,% of GDP,9.017878778301043
Fig 28,favourable and unfavourable fiscal scenarios,Figure 28:  Core Crown net debt paths under fiscal favourable and unfavourable scenarios,"Source: LTFM, The Treasury",2010,Unfavourable,% of GDP,13.54831190810375
Fig 28,favourable and unfavourable fiscal scenarios,Figure 28:  Core Crown net debt paths under fiscal favourable and unfavourable scenarios,"Source: LTFM, The Treasury",2011,Unfavourable,% of GDP,19.47034905724461
Fig 28,favourable and unfavourable fiscal scenarios,Figure 28:  Core Crown net debt paths under fiscal favourable and unfavourable scenarios,"Source: LTFM, The Treasury",2012,Unfavourable,% of GDP,23.546331965594316
Fig 28,favourable and unfavourable fiscal scenarios,Figure 28:  Core Crown net debt paths under fiscal favourable and unfavourable scenarios,"Source: LTFM, The Treasury",2013,Unfavourable,% of GDP,25.47414717382279
Fig 28,favourable and unfavourable fiscal scenarios,Figure 28:  Core Crown net debt paths under fiscal favourable and unfavourable scenarios,"Source: LTFM, The Treasury",2014,Unfavourable,% of GDP,25.281901362997836
Fig 28,favourable and unfavourable fiscal scenarios,Figure 28:  Core Crown net debt paths under fiscal favourable and unfavourable scenarios,"Source: LTFM, The Treasury",2015,Unfavourable,% of GDP,24.659578967918268
Fig 28,favourable and unfavourable fiscal scenarios,Figure 28:  Core Crown net debt paths under fiscal favourable and unfavourable scenarios,"Source: LTFM, The Treasury",2016,Unfavourable,% of GDP,23.89844320257677
Fig 28,favourable and unfavourable fiscal scenarios,Figure 28:  Core Crown net debt paths under fiscal favourable and unfavourable scenarios,"Source: LTFM, The Treasury",2017,Unfavourable,% of GDP,21.56041119923444
Fig 28,favourable and unfavourable fiscal scenarios,Figure 28:  Core Crown net debt paths under fiscal favourable and unfavourable scenarios,"Source: LTFM, The Treasury",2018,Unfavourable,% of GDP,19.436002663809045
Fig 28,favourable and unfavourable fiscal scenarios,Figure 28:  Core Crown net debt paths under fiscal favourable and unfavourable scenarios,"Source: LTFM, The Treasury",2019,Unfavourable,% of GDP,18.59380635853043
Fig 28,favourable and unfavourable fiscal scenarios,Figure 28:  Core Crown net debt paths under fiscal favourable and unfavourable scenarios,"Source: LTFM, The Treasury",2020,Unfavourable,% of GDP,26.24901221858068
Fig 28,favourable and unfavourable fiscal scenarios,Figure 28:  Core Crown net debt paths under fiscal favourable and unfavourable scenarios,"Source: LTFM, The Treasury",2021,Unfavourable,% of GDP,29.726872708529303
Fig 28,favourable and unfavourable fiscal scenarios,Figure 28:  Core Crown net debt paths under fiscal favourable and unfavourable scenarios,"Source: LTFM, The Treasury",2022,Unfavourable,% of GDP,35.238545756816755
Fig 28,favourable and unfavourable fiscal scenarios,Figure 28:  Core Crown net debt paths under fiscal favourable and unfavourable scenarios,"Source: LTFM, The Treasury",2023,Unfavourable,% of GDP,38.66869880736253
Fig 28,favourable and unfavourable fiscal scenarios,Figure 28:  Core Crown net debt paths under fiscal favourable and unfavourable scenarios,"Source: LTFM, The Treasury",2024,Unfavourable,% of GDP,41.71536438892877
Fig 28,favourable and unfavourable fiscal scenarios,Figure 28:  Core Crown net debt paths under fiscal favourable and unfavourable scenarios,"Source: LTFM, The Treasury",2025,Unfavourable,% of GDP,42.66226663112322
Fig 28,favourable and unfavourable fiscal scenarios,Figure 28:  Core Crown net debt paths under fiscal favourable and unfavourable scenarios,"Source: LTFM, The Treasury",2026,Unfavourable,% of GDP,43.85625153352728
Fig 28,favourable and unfavourable fiscal scenarios,Figure 28:  Core Crown net debt paths under fiscal favourable and unfavourable scenarios,"Source: LTFM, The Treasury",2027,Unfavourable,% of GDP,45.720325679720375
Fig 28,favourable and unfavourable fiscal scenarios,Figure 28:  Core Crown net debt paths under fiscal favourable and unfavourable scenarios,"Source: LTFM, The Treasury",2028,Unfavourable,% of GDP,45.96997999464925
Fig 28,favourable and unfavourable fiscal scenarios,Figure 28:  Core Crown net debt paths under fiscal favourable and unfavourable scenarios,"Source: LTFM, The Treasury",2029,Unfavourable,% of GDP,45.50753450532508
Fig 28,favourable and unfavourable fiscal scenarios,Figure 28:  Core Crown net debt paths under fiscal favourable and unfavourable scenarios,"Source: LTFM, The Treasury",2030,Unfavourable,% of GDP,44.90808167025704
Fig 28,favourable and unfavourable fiscal scenarios,Figure 28:  Core Crown net debt paths under fiscal favourable and unfavourable scenarios,"Source: LTFM, The Treasury",2031,Unfavourable,% of GDP,44.63567234851971
Fig 28,favourable and unfavourable fiscal scenarios,Figure 28:  Core Crown net debt paths under fiscal favourable and unfavourable scenarios,"Source: LTFM, The Treasury",2032,Unfavourable,% of GDP,44.849861542154265
Fig 28,favourable and unfavourable fiscal scenarios,Figure 28:  Core Crown net debt paths under fiscal favourable and unfavourable scenarios,"Source: LTFM, The Treasury",2033,Unfavourable,% of GDP,45.63440046094025
Fig 28,favourable and unfavourable fiscal scenarios,Figure 28:  Core Crown net debt paths under fiscal favourable and unfavourable scenarios,"Source: LTFM, The Treasury",2034,Unfavourable,% of GDP,46.91118189406463
Fig 28,favourable and unfavourable fiscal scenarios,Figure 28:  Core Crown net debt paths under fiscal favourable and unfavourable scenarios,"Source: LTFM, The Treasury",2035,Unfavourable,% of GDP,48.496892830365226
Fig 28,favourable and unfavourable fiscal scenarios,Figure 28:  Core Crown net debt paths under fiscal favourable and unfavourable scenarios,"Source: LTFM, The Treasury",2036,Unfavourable,% of GDP,50.40553112364088
Fig 28,favourable and unfavourable fiscal scenarios,Figure 28:  Core Crown net debt paths under fiscal favourable and unfavourable scenarios,"Source: LTFM, The Treasury",2037,Unfavourable,% of GDP,52.65330326477075
Fig 28,favourable and unfavourable fiscal scenarios,Figure 28:  Core Crown net debt paths under fiscal favourable and unfavourable scenarios,"Source: LTFM, The Treasury",2038,Unfavourable,% of GDP,55.272436147338475
Fig 28,favourable and unfavourable fiscal scenarios,Figure 28:  Core Crown net debt paths under fiscal favourable and unfavourable scenarios,"Source: LTFM, The Treasury",2039,Unfavourable,% of GDP,58.28922646793638
Fig 28,favourable and unfavourable fiscal scenarios,Figure 28:  Core Crown net debt paths under fiscal favourable and unfavourable scenarios,"Source: LTFM, The Treasury",2040,Unfavourable,% of GDP,61.737888627809426
Fig 28,favourable and unfavourable fiscal scenarios,Figure 28:  Core Crown net debt paths under fiscal favourable and unfavourable scenarios,"Source: LTFM, The Treasury",2041,Unfavourable,% of GDP,65.64272445926305
Fig 28,favourable and unfavourable fiscal scenarios,Figure 28:  Core Crown net debt paths under fiscal favourable and unfavourable scenarios,"Source: LTFM, The Treasury",2042,Unfavourable,% of GDP,70.01933906904605
Fig 28,favourable and unfavourable fiscal scenarios,Figure 28:  Core Crown net debt paths under fiscal favourable and unfavourable scenarios,"Source: LTFM, The Treasury",2043,Unfavourable,% of GDP,74.90053325988953
Fig 28,favourable and unfavourable fiscal scenarios,Figure 28:  Core Crown net debt paths under fiscal favourable and unfavourable scenarios,"Source: LTFM, The Treasury",2044,Unfavourable,% of GDP,80.32166831281658
Fig 28,favourable and unfavourable fiscal scenarios,Figure 28:  Core Crown net debt paths under fiscal favourable and unfavourable scenarios,"Source: LTFM, The Treasury",2045,Unfavourable,% of GDP,86.31272346082385
Fig 28,favourable and unfavourable fiscal scenarios,Figure 28:  Core Crown net debt paths under fiscal favourable and unfavourable scenarios,"Source: LTFM, The Treasury",2046,Unfavourable,% of GDP,92.91665661543627
Fig 28,favourable and unfavourable fiscal scenarios,Figure 28:  Core Crown net debt paths under fiscal favourable and unfavourable scenarios,"Source: LTFM, The Treasury",2047,Unfavourable,% of GDP,100.16915441025134
Fig 28,favourable and unfavourable fiscal scenarios,Figure 28:  Core Crown net debt paths under fiscal favourable and unfavourable scenarios,"Source: LTFM, The Treasury",2048,Unfavourable,% of GDP,108.1107019877114
Fig 28,favourable and unfavourable fiscal scenarios,Figure 28:  Core Crown net debt paths under fiscal favourable and unfavourable scenarios,"Source: LTFM, The Treasury",2049,Unfavourable,% of GDP,116.78553892304055
Fig 28,favourable and unfavourable fiscal scenarios,Figure 28:  Core Crown net debt paths under fiscal favourable and unfavourable scenarios,"Source: LTFM, The Treasury",2050,Unfavourable,% of GDP,126.24324933163753
Fig 28,favourable and unfavourable fiscal scenarios,Figure 28:  Core Crown net debt paths under fiscal favourable and unfavourable scenarios,"Source: LTFM, The Treasury",2051,Unfavourable,% of GDP,136.5202374381035
Fig 28,favourable and unfavourable fiscal scenarios,Figure 28:  Core Crown net debt paths under fiscal favourable and unfavourable scenarios,"Source: LTFM, The Treasury",2052,Unfavourable,% of GDP,147.67989272031636
Fig 28,favourable and unfavourable fiscal scenarios,Figure 28:  Core Crown net debt paths under fiscal favourable and unfavourable scenarios,"Source: LTFM, The Treasury",2053,Unfavourable,% of GDP,159.77036880591805
Fig 28,favourable and unfavourable fiscal scenarios,Figure 28:  Core Crown net debt paths under fiscal favourable and unfavourable scenarios,"Source: LTFM, The Treasury",2054,Unfavourable,% of GDP,172.83375802016724
Fig 28,favourable and unfavourable fiscal scenarios,Figure 28:  Core Crown net debt paths under fiscal favourable and unfavourable scenarios,"Source: LTFM, The Treasury",2055,Unfavourable,% of GDP,186.9233793170923
Fig 28,favourable and unfavourable fiscal scenarios,Figure 28:  Core Crown net debt paths under fiscal favourable and unfavourable scenarios,"Source: LTFM, The Treasury",2056,Unfavourable,% of GDP,202.10369274369336
Fig 28,favourable and unfavourable fiscal scenarios,Figure 28:  Core Crown net debt paths under fiscal favourable and unfavourable scenarios,"Source: LTFM, The Treasury",2057,Unfavourable,% of GDP,218.40457689076084
Fig 28,favourable and unfavourable fiscal scenarios,Figure 28:  Core Crown net debt paths under fiscal favourable and unfavourable scenarios,"Source: LTFM, The Treasury",2058,Unfavourable,% of GDP,235.8734534616879
Fig 28,favourable and unfavourable fiscal scenarios,Figure 28:  Core Crown net debt paths under fiscal favourable and unfavourable scenarios,"Source: LTFM, The Treasury",2059,Unfavourable,% of GDP,254.54035058201808
Fig 28,favourable and unfavourable fiscal scenarios,Figure 28:  Core Crown net debt paths under fiscal favourable and unfavourable scenarios,"Source: LTFM, The Treasury",2060,Unfavourable,% of GDP,274.4493336950193
Fig 28,favourable and unfavourable fiscal scenarios,Figure 28:  Core Crown net debt paths under fiscal favourable and unfavourable scenarios,"Source: LTFM, The Treasury",2061,Unfavourable,% of GDP,295.6257494282207
Fig 28,favourable and unfavourable fiscal scenarios,Figure 28:  Core Crown net debt paths under fiscal favourable and unfavourable scenarios,"Source: LTFM, The Treasury",2062,Unfavourable,% of GDP,318.1508140141605
Fig 28,favourable and unfavourable fiscal scenarios,Figure 28:  Core Crown net debt paths under fiscal favourable and unfavourable scenarios,"Source: LTFM, The Treasury",2063,Unfavourable,% of GDP,342.0259993413259
Fig 28,favourable and unfavourable fiscal scenarios,Figure 28:  Core Crown net debt paths under fiscal favourable and unfavourable scenarios,"Source: LTFM, The Treasury",2064,Unfavourable,% of GDP,367.3363682629801
Fig 28,favourable and unfavourable fiscal scenarios,Figure 28:  Core Crown net debt paths under fiscal favourable and unfavourable scenarios,"Source: LTFM, The Treasury",2065,Unfavourable,% of GDP,394.1439669576779
Fig 5,10-year government bond rate,Figure 5: 10-year government bond rate by Long-term Fiscal Statement publication,"Source: LTFM, The Treasury",2001,Actual,%,6.5
Fig 5,10-year government bond rate,Figure 5: 10-year government bond rate by Long-term Fiscal Statement publication,"Source: LTFM, The Treasury",2002,Actual,%,6.800000000000001
Fig 5,10-year government bond rate,Figure 5: 10-year government bond rate by Long-term Fiscal Statement publication,"Source: LTFM, The Treasury",2003,Actual,%,5.6000000000000005
Fig 5,10-year government bond rate,Figure 5: 10-year government bond rate by Long-term Fiscal Statement publication,"Source: LTFM, The Treasury",2004,Actual,%,6.2
Fig 5,10-year government bond rate,Figure 5: 10-year government bond rate by Long-term Fiscal Statement publication,"Source: LTFM, The Treasury",2005,Actual,%,6.02
Fig 5,10-year government bond rate,Figure 5: 10-year government bond rate by Long-term Fiscal Statement publication,"Source: LTFM, The Treasury",2006,Actual,%,5.79
Fig 5,10-year government bond rate,Figure 5: 10-year government bond rate by Long-term Fiscal Statement publication,"Source: LTFM, The Treasury",2007,Actual,%,5.96
Fig 5,10-year government bond rate,Figure 5: 10-year government bond rate by Long-term Fiscal Statement publication,"Source: LTFM, The Treasury",2008,Actual,%,6.41
Fig 5,10-year government bond rate,Figure 5: 10-year government bond rate by Long-term Fiscal Statement publication,"Source: LTFM, The Treasury",2009,Actual,%,5.43
Fig 5,10-year government bond rate,Figure 5: 10-year government bond rate by Long-term Fiscal Statement publication,"Source: LTFM, The Treasury",2010,Actual,%,5.82
Fig 5,10-year government bond rate,Figure 5: 10-year government bond rate by Long-term Fiscal Statement publication,"Source: LTFM, The Treasury",2011,Actual,%,5.42
Fig 5,10-year government bond rate,Figure 5: 10-year government bond rate by Long-term Fiscal Statement publication,"Source: LTFM, The Treasury",2012,Actual,%,4.14
Fig 5,10-year government bond rate,Figure 5: 10-year government bond rate by Long-term Fiscal Statement publication,"Source: LTFM, The Treasury",2013,Actual,%,3.5700000000000003
Fig 5,10-year government bond rate,Figure 5: 10-year government bond rate by Long-term Fiscal Statement publication,"Source: LTFM, The Treasury",2014,Actual,%,4.55
Fig 5,10-year government bond rate,Figure 5: 10-year government bond rate by Long-term Fiscal Statement publication,"Source: LTFM, The Treasury",2015,Actual,%,3.7699999999999996
Fig 5,10-year government bond rate,Figure 5: 10-year government bond rate by Long-term Fiscal Statement publication,"Source: LTFM, The Treasury",2016,Actual,%,3.16
Fig 5,10-year government bond rate,Figure 5: 10-year government bond rate by Long-term Fiscal Statement publication,"Source: LTFM, The Treasury",2017,Actual,%,2.86
Fig 5,10-year government bond rate,Figure 5: 10-year government bond rate by Long-term Fiscal Statement publication,"Source: LTFM, The Treasury",2018,Actual,%,2.88
Fig 5,10-year government bond rate,Figure 5: 10-year government bond rate by Long-term Fiscal Statement publication,"Source: LTFM, The Treasury",2019,Actual,%,2.31
Fig 5,10-year government bond rate,Figure 5: 10-year government bond rate by Long-term Fiscal Statement publication,"Source: LTFM, The Treasury",2020,Actual,%,1.18
Fig 5,10-year government bond rate,Figure 5: 10-year government bond rate by Long-term Fiscal Statement publication,"Source: LTFM, The Treasury",2021,Actual,%,1.16
Fig 5,10-year government bond rate,Figure 5: 10-year government bond rate by Long-term Fiscal Statement publication,"Source: LTFM, The Treasury",2022,Actual,%,2.65
Fig 5,10-year government bond rate,Figure 5: 10-year government bond rate by Long-term Fiscal Statement publication,"Source: LTFM, The Treasury",2023,Actual,%,4.15
Fig 5,10-year government bond rate,Figure 5: 10-year government bond rate by Long-term Fiscal Statement publication,"Source: LTFM, The Treasury",2024,Actual,%,4.8500000000000005
Fig 5,10-year government bond rate,Figure 5: 10-year government bond rate by Long-term Fiscal Statement publication,"Source: LTFM, The Treasury",2004,LTFS 2006,%,6.2
Fig 5,10-year government bond rate,Figure 5: 10-year government bond rate by Long-term Fiscal Statement publication,"Source: LTFM, The Treasury",2005,LTFS 2006,%,5.800000000000001
Fig 5,10-year government bond rate,Figure 5: 10-year government bond rate by Long-term Fiscal Statement publication,"Source: LTFM, The Treasury",2006,LTFS 2006,%,5.800000000000001
Fig 5,10-year government bond rate,Figure 5: 10-year government bond rate by Long-term Fiscal Statement publication,"Source: LTFM, The Treasury",2007,LTFS 2006,%,5.8999999999999995
Fig 5,10-year government bond rate,Figure 5: 10-year government bond rate by Long-term Fiscal Statement publication,"Source: LTFM, The Treasury",2008,LTFS 2006,%,6
Fig 5,10-year government bond rate,Figure 5: 10-year government bond rate by Long-term Fiscal Statement publication,"Source: LTFM, The Treasury",2009,LTFS 2006,%,6
Fig 5,10-year government bond rate,Figure 5: 10-year government bond rate by Long-term Fiscal Statement publication,"Source: LTFM, The Treasury",2010,LTFS 2006,%,6
Fig 5,10-year government bond rate,Figure 5: 10-year government bond rate by Long-term Fiscal Statement publication,"Source: LTFM, The Treasury",2011,LTFS 2006,%,6
Fig 5,10-year government bond rate,Figure 5: 10-year government bond rate by Long-term Fiscal Statement publication,"Source: LTFM, The Treasury",2012,LTFS 2006,%,6
Fig 5,10-year government bond rate,Figure 5: 10-year government bond rate by Long-term Fiscal Statement publication,"Source: LTFM, The Treasury",2013,LTFS 2006,%,6
Fig 5,10-year government bond rate,Figure 5: 10-year government bond rate by Long-term Fiscal Statement publication,"Source: LTFM, The Treasury",2014,LTFS 2006,%,6
Fig 5,10-year government bond rate,Figure 5: 10-year government bond rate by Long-term Fiscal Statement publication,"Source: LTFM, The Treasury",2015,LTFS 2006,%,6
Fig 5,10-year government bond rate,Figure 5: 10-year government bond rate by Long-term Fiscal Statement publication,"Source: LTFM, The Treasury",2016,LTFS 2006,%,6
Fig 5,10-year government bond rate,Figure 5: 10-year government bond rate by Long-term Fiscal Statement publication,"Source: LTFM, The Treasury",2017,LTFS 2006,%,6
Fig 5,10-year government bond rate,Figure 5: 10-year government bond rate by Long-term Fiscal Statement publication,"Source: LTFM, The Treasury",2018,LTFS 2006,%,6
Fig 5,10-year government bond rate,Figure 5: 10-year government bond rate by Long-term Fiscal Statement publication,"Source: LTFM, The Treasury",2019,LTFS 2006,%,6
Fig 5,10-year government bond rate,Figure 5: 10-year government bond rate by Long-term Fiscal Statement publication,"Source: LTFM, The Treasury",2020,LTFS 2006,%,6
Fig 5,10-year government bond rate,Figure 5: 10-year government bond rate by Long-term Fiscal Statement publication,"Source: LTFM, The Treasury",2021,LTFS 2006,%,6
Fig 5,10-year government bond rate,Figure 5: 10-year government bond rate by Long-term Fiscal Statement publication,"Source: LTFM, The Treasury",2022,LTFS 2006,%,6
Fig 5,10-year government bond rate,Figure 5: 10-year government bond rate by Long-term Fiscal Statement publication,"Source: LTFM, The Treasury",2023,LTFS 2006,%,6
Fig 5,10-year government bond rate,Figure 5: 10-year government bond rate by Long-term Fiscal Statement publication,"Source: LTFM, The Treasury",2024,LTFS 2006,%,6
Fig 5,10-year government bond rate,Figure 5: 10-year government bond rate by Long-term Fiscal Statement publication,"Source: LTFM, The Treasury",2025,LTFS 2006,%,6
Fig 5,10-year government bond rate,Figure 5: 10-year government bond rate by Long-term Fiscal Statement publication,"Source: LTFM, The Treasury",2026,LTFS 2006,%,6
Fig 5,10-year government bond rate,Figure 5: 10-year government bond rate by Long-term Fiscal Statement publication,"Source: LTFM, The Treasury",2027,LTFS 2006,%,6
Fig 5,10-year government bond rate,Figure 5: 10-year government bond rate by Long-term Fiscal Statement publication,"Source: LTFM, The Treasury",2028,LTFS 2006,%,6
Fig 5,10-year government bond rate,Figure 5: 10-year government bond rate by Long-term Fiscal Statement publication,"Source: LTFM, The Treasury",2029,LTFS 2006,%,6
Fig 5,10-year government bond rate,Figure 5: 10-year government bond rate by Long-term Fiscal Statement publication,"Source: LTFM, The Treasury",2030,LTFS 2006,%,6
Fig 5,10-year government bond rate,Figure 5: 10-year government bond rate by Long-term Fiscal Statement publication,"Source: LTFM, The Treasury",2031,LTFS 2006,%,6
Fig 5,10-year government bond rate,Figure 5: 10-year government bond rate by Long-term Fiscal Statement publication,"Source: LTFM, The Treasury",2032,LTFS 2006,%,6
Fig 5,10-year government bond rate,Figure 5: 10-year government bond rate by Long-term Fiscal Statement publication,"Source: LTFM, The Treasury",2033,LTFS 2006,%,6
Fig 5,10-year government bond rate,Figure 5: 10-year government bond rate by Long-term Fiscal Statement publication,"Source: LTFM, The Treasury",2034,LTFS 2006,%,6
Fig 5,10-year government bond rate,Figure 5: 10-year government bond rate by Long-term Fiscal Statement publication,"Source: LTFM, The Treasury",2035,LTFS 2006,%,6
Fig 5,10-year government bond rate,Figure 5: 10-year government bond rate by Long-term Fiscal Statement publication,"Source: LTFM, The Treasury",2036,LTFS 2006,%,6
Fig 5,10-year government bond rate,Figure 5: 10-year government bond rate by Long-term Fiscal Statement publication,"Source: LTFM, The Treasury",2037,LTFS 2006,%,6
Fig 5,10-year government bond rate,Figure 5: 10-year government bond rate by Long-term Fiscal Statement publication,"Source: LTFM, The Treasury",2038,LTFS 2006,%,6
Fig 5,10-year government bond rate,Figure 5: 10-year government bond rate by Long-term Fiscal Statement publication,"Source: LTFM, The Treasury",2039,LTFS 2006,%,6
Fig 5,10-year government bond rate,Figure 5: 10-year government bond rate by Long-term Fiscal Statement publication,"Source: LTFM, The Treasury",2040,LTFS 2006,%,6
Fig 5,10-year government bond rate,Figure 5: 10-year government bond rate by Long-term Fiscal Statement publication,"Source: LTFM, The Treasury",2041,LTFS 2006,%,6
Fig 5,10-year government bond rate,Figure 5: 10-year government bond rate by Long-term Fiscal Statement publication,"Source: LTFM, The Treasury",2042,LTFS 2006,%,6
Fig 5,10-year government bond rate,Figure 5: 10-year government bond rate by Long-term Fiscal Statement publication,"Source: LTFM, The Treasury",2043,LTFS 2006,%,6
Fig 5,10-year government bond rate,Figure 5: 10-year government bond rate by Long-term Fiscal Statement publication,"Source: LTFM, The Treasury",2044,LTFS 2006,%,6
Fig 5,10-year government bond rate,Figure 5: 10-year government bond rate by Long-term Fiscal Statement publication,"Source: LTFM, The Treasury",2045,LTFS 2006,%,6
Fig 5,10-year government bond rate,Figure 5: 10-year government bond rate by Long-term Fiscal Statement publication,"Source: LTFM, The Treasury",2046,LTFS 2006,%,6
Fig 5,10-year government bond rate,Figure 5: 10-year government bond rate by Long-term Fiscal Statement publication,"Source: LTFM, The Treasury",2047,LTFS 2006,%,6
Fig 5,10-year government bond rate,Figure 5: 10-year government bond rate by Long-term Fiscal Statement publication,"Source: LTFM, The Treasury",2048,LTFS 2006,%,6
Fig 5,10-year government bond rate,Figure 5: 10-year government bond rate by Long-term Fiscal Statement publication,"Source: LTFM, The Treasury",2049,LTFS 2006,%,6
Fig 5,10-year government bond rate,Figure 5: 10-year government bond rate by Long-term Fiscal Statement publication,"Source: LTFM, The Treasury",2050,LTFS 2006,%,6
Fig 5,10-year government bond rate,Figure 5: 10-year government bond rate by Long-term Fiscal Statement publication,"Source: LTFM, The Treasury",2016,LTFS 2016,%,3.25
Fig 5,10-year government bond rate,Figure 5: 10-year government bond rate by Long-term Fiscal Statement publication,"Source: LTFM, The Treasury",2017,LTFS 2016,%,3.11
Fig 5,10-year government bond rate,Figure 5: 10-year government bond rate by Long-term Fiscal Statement publication,"Source: LTFM, The Treasury",2018,LTFS 2016,%,3.5900000000000003
Fig 5,10-year government bond rate,Figure 5: 10-year government bond rate by Long-term Fiscal Statement publication,"Source: LTFM, The Treasury",2019,LTFS 2016,%,4.130000000000001
Fig 5,10-year government bond rate,Figure 5: 10-year government bond rate by Long-term Fiscal Statement publication,"Source: LTFM, The Treasury",2020,LTFS 2016,%,4.35
Fig 5,10-year government bond rate,Figure 5: 10-year government bond rate by Long-term Fiscal Statement publication,"Source: LTFM, The Treasury",2021,LTFS 2016,%,4.55
Fig 5,10-year government bond rate,Figure 5: 10-year government bond rate by Long-term Fiscal Statement publication,"Source: LTFM, The Treasury",2022,LTFS 2016,%,4.75
Fig 5,10-year government bond rate,Figure 5: 10-year government bond rate by Long-term Fiscal Statement publication,"Source: LTFM, The Treasury",2023,LTFS 2016,%,4.95
Fig 5,10-year government bond rate,Figure 5: 10-year government bond rate by Long-term Fiscal Statement publication,"Source: LTFM, The Treasury",2024,LTFS 2016,%,5.1499999999999995
Fig 5,10-year government bond rate,Figure 5: 10-year government bond rate by Long-term Fiscal Statement publication,"Source: LTFM, The Treasury",2025,LTFS 2016,%,5.3
Fig 5,10-year government bond rate,Figure 5: 10-year government bond rate by Long-term Fiscal Statement publication,"Source: LTFM, The Treasury",2026,LTFS 2016,%,5.3
Fig 5,10-year government bond rate,Figure 5: 10-year government bond rate by Long-term Fiscal Statement publication,"Source: LTFM, The Treasury",2027,LTFS 2016,%,5.3
Fig 5,10-year government bond rate,Figure 5: 10-year government bond rate by Long-term Fiscal Statement publication,"Source: LTFM, The Treasury",2028,LTFS 2016,%,5.3
Fig 5,10-year government bond rate,Figure 5: 10-year government bond rate by Long-term Fiscal Statement publication,"Source: LTFM, The Treasury",2029,LTFS 2016,%,5.3
Fig 5,10-year government bond rate,Figure 5: 10-year government bond rate by Long-term Fiscal Statement publication,"Source: LTFM, The Treasury",2030,LTFS 2016,%,5.3
Fig 5,10-year government bond rate,Figure 5: 10-year government bond rate by Long-term Fiscal Statement publication,"Source: LTFM, The Treasury",2031,LTFS 2016,%,5.3
Fig 5,10-year government bond rate,Figure 5: 10-year government bond rate by Long-term Fiscal Statement publication,"Source: LTFM, The Treasury",2032,LTFS 2016,%,5.3
Fig 5,10-year government bond rate,Figure 5: 10-year government bond rate by Long-term Fiscal Statement publication,"Source: LTFM, The Treasury",2033,LTFS 2016,%,5.3
Fig 5,10-year government bond rate,Figure 5: 10-year government bond rate by Long-term Fiscal Statement publication,"Source: LTFM, The Treasury",2034,LTFS 2016,%,5.3
Fig 5,10-year government bond rate,Figure 5: 10-year government bond rate by Long-term Fiscal Statement publication,"Source: LTFM, The Treasury",2035,LTFS 2016,%,5.3
Fig 5,10-year government bond rate,Figure 5: 10-year government bond rate by Long-term Fiscal Statement publication,"Source: LTFM, The Treasury",2036,LTFS 2016,%,5.3
Fig 5,10-year government bond rate,Figure 5: 10-year government bond rate by Long-term Fiscal Statement publication,"Source: LTFM, The Treasury",2037,LTFS 2016,%,5.3
Fig 5,10-year government bond rate,Figure 5: 10-year government bond rate by Long-term Fiscal Statement publication,"Source: LTFM, The Treasury",2038,LTFS 2016,%,5.3
Fig 5,10-year government bond rate,Figure 5: 10-year government bond rate by Long-term Fiscal Statement publication,"Source: LTFM, The Treasury",2039,LTFS 2016,%,5.3
Fig 5,10-year government bond rate,Figure 5: 10-year government bond rate by Long-term Fiscal Statement publication,"Source: LTFM, The Treasury",2040,LTFS 2016,%,5.3
Fig 5,10-year government bond rate,Figure 5: 10-year government bond rate by Long-term Fiscal Statement publication,"Source: LTFM, The Treasury",2041,LTFS 2016,%,5.3
Fig 5,10-year government bond rate,Figure 5: 10-year government bond rate by Long-term Fiscal Statement publication,"Source: LTFM, The Treasury",2042,LTFS 2016,%,5.3
Fig 5,10-year government bond rate,Figure 5: 10-year government bond rate by Long-term Fiscal Statement publication,"Source: LTFM, The Treasury",2043,LTFS 2016,%,5.3
Fig 5,10-year government bond rate,Figure 5: 10-year government bond rate by Long-term Fiscal Statement publication,"Source: LTFM, The Treasury",2044,LTFS 2016,%,5.3
Fig 5,10-year government bond rate,Figure 5: 10-year government bond rate by Long-term Fiscal Statement publication,"Source: LTFM, The Treasury",2045,LTFS 2016,%,5.3
Fig 5,10-year government bond rate,Figure 5: 10-year government bond rate by Long-term Fiscal Statement publication,"Source: LTFM, The Treasury",2046,LTFS 2016,%,5.3
Fig 5,10-year government bond rate,Figure 5: 10-year government bond rate by Long-term Fiscal Statement publication,"Source: LTFM, The Treasury",2047,LTFS 2016,%,5.3
Fig 5,10-year government bond rate,Figure 5: 10-year government bond rate by Long-term Fiscal Statement publication,"Source: LTFM, The Treasury",2048,LTFS 2016,%,5.3
Fig 5,10-year government bond rate,Figure 5: 10-year government bond rate by Long-term Fiscal Statement publication,"Source: LTFM, The Treasury",2049,LTFS 2016,%,5.3
Fig 5,10-year government bond rate,Figure 5: 10-year government bond rate by Long-term Fiscal Statement publication,"Source: LTFM, The Treasury",2050,LTFS 2016,%,5.3
Fig 5,10-year government bond rate,Figure 5: 10-year government bond rate by Long-term Fiscal Statement publication,"Source: LTFM, The Treasury",2021,LTFS 2021,%,1.16
Fig 5,10-year government bond rate,Figure 5: 10-year government bond rate by Long-term Fiscal Statement publication,"Source: LTFM, The Treasury",2022,LTFS 2021,%,2.06
Fig 5,10-year government bond rate,Figure 5: 10-year government bond rate by Long-term Fiscal Statement publication,"Source: LTFM, The Treasury",2023,LTFS 2021,%,2.35
Fig 5,10-year government bond rate,Figure 5: 10-year government bond rate by Long-term Fiscal Statement publication,"Source: LTFM, The Treasury",2024,LTFS 2021,%,2.58
Fig 5,10-year government bond rate,Figure 5: 10-year government bond rate by Long-term Fiscal Statement publication,"Source: LTFM, The Treasury",2025,LTFS 2021,%,2.8
Fig 5,10-year government bond rate,Figure 5: 10-year government bond rate by Long-term Fiscal Statement publication,"Source: LTFM, The Treasury",2026,LTFS 2021,%,2.9465116279069767
Fig 5,10-year government bond rate,Figure 5: 10-year government bond rate by Long-term Fiscal Statement publication,"Source: LTFM, The Treasury",2027,LTFS 2021,%,3.085630321858453
Fig 5,10-year government bond rate,Figure 5: 10-year government bond rate by Long-term Fiscal Statement publication,"Source: LTFM, The Treasury",2028,LTFS 2021,%,3.2163429695614427
Fig 5,10-year government bond rate,Figure 5: 10-year government bond rate by Long-term Fiscal Statement publication,"Source: LTFM, The Treasury",2029,LTFS 2021,%,3.337927132512614
Fig 5,10-year government bond rate,Figure 5: 10-year government bond rate by Long-term Fiscal Statement publication,"Source: LTFM, The Treasury",2030,LTFS 2021,%,3.449950241623324
Fig 5,10-year government bond rate,Figure 5: 10-year government bond rate by Long-term Fiscal Statement publication,"Source: LTFM, The Treasury",2031,LTFS 2021,%,3.552251266133909
Fig 5,10-year government bond rate,Figure 5: 10-year government bond rate by Long-term Fiscal Statement publication,"Source: LTFM, The Treasury",2032,LTFS 2021,%,3.644909105202253
Fig 5,10-year government bond rate,Figure 5: 10-year government bond rate by Long-term Fiscal Statement publication,"Source: LTFM, The Treasury",2033,LTFS 2021,%,3.728202597080744
Fig 5,10-year government bond rate,Figure 5: 10-year government bond rate by Long-term Fiscal Statement publication,"Source: LTFM, The Treasury",2034,LTFS 2021,%,3.8025668957749623
Fig 5,10-year government bond rate,Figure 5: 10-year government bond rate by Long-term Fiscal Statement publication,"Source: LTFM, The Treasury",2035,LTFS 2021,%,3.868550244204801
Fig 5,10-year government bond rate,Figure 5: 10-year government bond rate by Long-term Fiscal Statement publication,"Source: LTFM, The Treasury",2036,LTFS 2021,%,3.926774141581904
Fig 5,10-year government bond rate,Figure 5: 10-year government bond rate by Long-term Fiscal Statement publication,"Source: LTFM, The Treasury",2037,LTFS 2021,%,3.9778988037844347
Fig 5,10-year government bond rate,Figure 5: 10-year government bond rate by Long-term Fiscal Statement publication,"Source: LTFM, The Treasury",2038,LTFS 2021,%,4.022594825753857
Fig 5,10-year government bond rate,Figure 5: 10-year government bond rate by Long-term Fiscal Statement publication,"Source: LTFM, The Treasury",2039,LTFS 2021,%,4.06729084772328
Fig 5,10-year government bond rate,Figure 5: 10-year government bond rate by Long-term Fiscal Statement publication,"Source: LTFM, The Treasury",2040,LTFS 2021,%,4.111986869692702
Fig 5,10-year government bond rate,Figure 5: 10-year government bond rate by Long-term Fiscal Statement publication,"Source: LTFM, The Treasury",2041,LTFS 2021,%,4.156682891662125
Fig 5,10-year government bond rate,Figure 5: 10-year government bond rate by Long-term Fiscal Statement publication,"Source: LTFM, The Treasury",2042,LTFS 2021,%,4.2013789136315465
Fig 5,10-year government bond rate,Figure 5: 10-year government bond rate by Long-term Fiscal Statement publication,"Source: LTFM, The Treasury",2043,LTFS 2021,%,4.246074935600969
Fig 5,10-year government bond rate,Figure 5: 10-year government bond rate by Long-term Fiscal Statement publication,"Source: LTFM, The Treasury",2044,LTFS 2021,%,4.290770957570392
Fig 5,10-year government bond rate,Figure 5: 10-year government bond rate by Long-term Fiscal Statement publication,"Source: LTFM, The Treasury",2045,LTFS 2021,%,4.3
Fig 5,10-year government bond rate,Figure 5: 10-year government bond rate by Long-term Fiscal Statement publication,"Source: LTFM, The Treasury",2046,LTFS 2021,%,4.3
Fig 5,10-year government bond rate,Figure 5: 10-year government bond rate by Long-term Fiscal Statement publication,"Source: LTFM, The Treasury",2047,LTFS 2021,%,4.3
Fig 5,10-year government bond rate,Figure 5: 10-year government bond rate by Long-term Fiscal Statement publication,"Source: LTFM, The Treasury",2048,LTFS 2021,%,4.3
Fig 5,10-year government bond rate,Figure 5: 10-year government bond rate by Long-term Fiscal Statement publication,"Source: LTFM, The Treasury",2049,LTFS 2021,%,4.3
Fig 5,10-year government bond rate,Figure 5: 10-year government bond rate by Long-term Fiscal Statement publication,"Source: LTFM, The Treasury",2050,LTFS 2021,%,4.3
Fig 5,10-year government bond rate,Figure 5: 10-year government bond rate by Long-term Fiscal Statement publication,"Source: LTFM, The Treasury",2024,LTFS 2025,%,4.8500000000000005
Fig 5,10-year government bond rate,Figure 5: 10-year government bond rate by Long-term Fiscal Statement publication,"Source: LTFM, The Treasury",2025,LTFS 2025,%,4.44
Fig 5,10-year government bond rate,Figure 5: 10-year government bond rate by Long-term Fiscal Statement publication,"Source: LTFM, The Treasury",2026,LTFS 2025,%,4.3
Fig 5,10-year government bond rate,Figure 5: 10-year government bond rate by Long-term Fiscal Statement publication,"Source: LTFM, The Treasury",2027,LTFS 2025,%,4.29
Fig 5,10-year government bond rate,Figure 5: 10-year government bond rate by Long-term Fiscal Statement publication,"Source: LTFM, The Treasury",2028,LTFS 2025,%,4.24
Fig 5,10-year government bond rate,Figure 5: 10-year government bond rate by Long-term Fiscal Statement publication,"Source: LTFM, The Treasury",2029,LTFS 2025,%,4.26
Fig 5,10-year government bond rate,Figure 5: 10-year government bond rate by Long-term Fiscal Statement publication,"Source: LTFM, The Treasury",2030,LTFS 2025,%,4.3
Fig 5,10-year government bond rate,Figure 5: 10-year government bond rate by Long-term Fiscal Statement publication,"Source: LTFM, The Treasury",2031,LTFS 2025,%,4.3
Fig 5,10-year government bond rate,Figure 5: 10-year government bond rate by Long-term Fiscal Statement publication,"Source: LTFM, The Treasury",2032,LTFS 2025,%,4.3
Fig 5,10-year government bond rate,Figure 5: 10-year government bond rate by Long-term Fiscal Statement publication,"Source: LTFM, The Treasury",2033,LTFS 2025,%,4.3
Fig 5,10-year government bond rate,Figure 5: 10-year government bond rate by Long-term Fiscal Statement publication,"Source: LTFM, The Treasury",2034,LTFS 2025,%,4.3
Fig 5,10-year government bond rate,Figure 5: 10-year government bond rate by Long-term Fiscal Statement publication,"Source: LTFM, The Treasury",2035,LTFS 2025,%,4.3
Fig 5,10-year government bond rate,Figure 5: 10-year government bond rate by Long-term Fiscal Statement publication,"Source: LTFM, The Treasury",2036,LTFS 2025,%,4.3
Fig 5,10-year government bond rate,Figure 5: 10-year government bond rate by Long-term Fiscal Statement publication,"Source: LTFM, The Treasury",2037,LTFS 2025,%,4.3
Fig 5,10-year government bond rate,Figure 5: 10-year government bond rate by Long-term Fiscal Statement publication,"Source: LTFM, The Treasury",2038,LTFS 2025,%,4.3
Fig 5,10-year government bond rate,Figure 5: 10-year government bond rate by Long-term Fiscal Statement publication,"Source: LTFM, The Treasury",2039,LTFS 2025,%,4.3
Fig 5,10-year government bond rate,Figure 5: 10-year government bond rate by Long-term Fiscal Statement publication,"Source: LTFM, The Treasury",2040,LTFS 2025,%,4.3
Fig 5,10-year government bond rate,Figure 5: 10-year government bond rate by Long-term Fiscal Statement publication,"Source: LTFM, The Treasury",2041,LTFS 2025,%,4.3
Fig 5,10-year government bond rate,Figure 5: 10-year government bond rate by Long-term Fiscal Statement publication,"Source: LTFM, The Treasury",2042,LTFS 2025,%,4.3
Fig 5,10-year government bond rate,Figure 5: 10-year government bond rate by Long-term Fiscal Statement publication,"Source: LTFM, The Treasury",2043,LTFS 2025,%,4.3
Fig 5,10-year government bond rate,Figure 5: 10-year government bond rate by Long-term Fiscal Statement publication,"Source: LTFM, The Treasury",2044,LTFS 2025,%,4.3
Fig 5,10-year government bond rate,Figure 5: 10-year government bond rate by Long-term Fiscal Statement publication,"Source: LTFM, The Treasury",2045,LTFS 2025,%,4.3
Fig 5,10-year government bond rate,Figure 5: 10-year government bond rate by Long-term Fiscal Statement publication,"Source: LTFM, The Treasury",2046,LTFS 2025,%,4.3
Fig 5,10-year government bond rate,Figure 5: 10-year government bond rate by Long-term Fiscal Statement publication,"Source: LTFM, The Treasury",2047,LTFS 2025,%,4.3
Fig 5,10-year government bond rate,Figure 5: 10-year government bond rate by Long-term Fiscal Statement publication,"Source: LTFM, The Treasury",2048,LTFS 2025,%,4.3
Fig 5,10-year government bond rate,Figure 5: 10-year government bond rate by Long-term Fiscal Statement publication,"Source: LTFM, The Treasury",2049,LTFS 2025,%,4.3
Fig 5,10-year government bond rate,Figure 5: 10-year government bond rate by Long-term Fiscal Statement publication,"Source: LTFM, The Treasury",2050,LTFS 2025,%,4.3
Fig 6,productivity growth,Figure 6: New Zealand productivity growth,"Sources: Stats NZ; LTFM, The Treasury",1993,Annual labour productivity growth (hours worked measure),%,0.15977300765144253
Fig 6,productivity growth,Figure 6: New Zealand productivity growth,"Sources: Stats NZ; LTFM, The Treasury",1994,Annual labour productivity growth (hours worked measure),%,1.506082142172649
Fig 6,productivity growth,Figure 6: New Zealand productivity growth,"Sources: Stats NZ; LTFM, The Treasury",1995,Annual labour productivity growth (hours worked measure),%,-0.008388624649136034
Fig 6,productivity growth,Figure 6: New Zealand productivity growth,"Sources: Stats NZ; LTFM, The Treasury",1996,Annual labour productivity growth (hours worked measure),%,0.43828112092050286
Fig 6,productivity growth,Figure 6: New Zealand productivity growth,"Sources: Stats NZ; LTFM, The Treasury",1997,Annual labour productivity growth (hours worked measure),%,2.9280828268073877
Fig 6,productivity growth,Figure 6: New Zealand productivity growth,"Sources: Stats NZ; LTFM, The Treasury",1998,Annual labour productivity growth (hours worked measure),%,1.6730726936318163
Fig 6,productivity growth,Figure 6: New Zealand productivity growth,"Sources: Stats NZ; LTFM, The Treasury",1999,Annual labour productivity growth (hours worked measure),%,1.3731273669357558
Fig 6,productivity growth,Figure 6: New Zealand productivity growth,"Sources: Stats NZ; LTFM, The Treasury",2000,Annual labour productivity growth (hours worked measure),%,3.42440713440888
Fig 6,productivity growth,Figure 6: New Zealand productivity growth,"Sources: Stats NZ; LTFM, The Treasury",2001,Annual labour productivity growth (hours worked measure),%,-0.08018297984833112
Fig 6,productivity growth,Figure 6: New Zealand productivity growth,"Sources: Stats NZ; LTFM, The Treasury",2002,Annual labour productivity growth (hours worked measure),%,1.6614061630303212
Fig 6,productivity growth,Figure 6: New Zealand productivity growth,"Sources: Stats NZ; LTFM, The Treasury",2003,Annual labour productivity growth (hours worked measure),%,2.1400528735130875
Fig 6,productivity growth,Figure 6: New Zealand productivity growth,"Sources: Stats NZ; LTFM, The Treasury",2004,Annual labour productivity growth (hours worked measure),%,1.3326281189232514
Fig 6,productivity growth,Figure 6: New Zealand productivity growth,"Sources: Stats NZ; LTFM, The Treasury",2005,Annual labour productivity growth (hours worked measure),%,0.7061461609018993
Fig 6,productivity growth,Figure 6: New Zealand productivity growth,"Sources: Stats NZ; LTFM, The Treasury",2006,Annual labour productivity growth (hours worked measure),%,1.0208957230847027
Fig 6,productivity growth,Figure 6: New Zealand productivity growth,"Sources: Stats NZ; LTFM, The Treasury",2007,Annual labour productivity growth (hours worked measure),%,2.086743627284404
Fig 6,productivity growth,Figure 6: New Zealand productivity growth,"Sources: Stats NZ; LTFM, The Treasury",2008,Annual labour productivity growth (hours worked measure),%,2.0283265945309603
Fig 6,productivity growth,Figure 6: New Zealand productivity growth,"Sources: Stats NZ; LTFM, The Treasury",2009,Annual labour productivity growth (hours worked measure),%,-0.2530896702166885
Fig 6,productivity growth,Figure 6: New Zealand productivity growth,"Sources: Stats NZ; LTFM, The Treasury",2010,Annual labour productivity growth (hours worked measure),%,2.9327707059153107
Fig 6,productivity growth,Figure 6: New Zealand productivity growth,"Sources: Stats NZ; LTFM, The Treasury",2011,Annual labour productivity growth (hours worked measure),%,-0.7628166149794224
Fig 6,productivity growth,Figure 6: New Zealand productivity growth,"Sources: Stats NZ; LTFM, The Treasury",2012,Annual labour productivity growth (hours worked measure),%,2.1492416503762213
Fig 6,productivity growth,Figure 6: New Zealand productivity growth,"Sources: Stats NZ; LTFM, The Treasury",2013,Annual labour productivity growth (hours worked measure),%,1.347158361481382
Fig 6,productivity growth,Figure 6: New Zealand productivity growth,"Sources: Stats NZ; LTFM, The Treasury",2014,Annual labour productivity growth (hours worked measure),%,-0.636083496124662
Fig 6,productivity growth,Figure 6: New Zealand productivity growth,"Sources: Stats NZ; LTFM, The Treasury",2015,Annual labour productivity growth (hours worked measure),%,0.980941324950968
Fig 6,productivity growth,Figure 6: New Zealand productivity growth,"Sources: Stats NZ; LTFM, The Treasury",2016,Annual labour productivity growth (hours worked measure),%,0.4067432836260432
Fig 6,productivity growth,Figure 6: New Zealand productivity growth,"Sources: Stats NZ; LTFM, The Treasury",2017,Annual labour productivity growth (hours worked measure),%,-1.5529428445181903
Fig 6,productivity growth,Figure 6: New Zealand productivity growth,"Sources: Stats NZ; LTFM, The Treasury",2018,Annual labour productivity growth (hours worked measure),%,-0.7564605896921206
Fig 6,productivity growth,Figure 6: New Zealand productivity growth,"Sources: Stats NZ; LTFM, The Treasury",2019,Annual labour productivity growth (hours worked measure),%,0.7831655062706222
Fig 6,productivity growth,Figure 6: New Zealand productivity growth,"Sources: Stats NZ; LTFM, The Treasury",2020,Annual labour productivity growth (hours worked measure),%,0.5854790133211552
Fig 6,productivity growth,Figure 6: New Zealand productivity growth,"Sources: Stats NZ; LTFM, The Treasury",2021,Annual labour productivity growth (hours worked measure),%,2.90168119770402
Fig 6,productivity growth,Figure 6: New Zealand productivity growth,"Sources: Stats NZ; LTFM, The Treasury",2022,Annual labour productivity growth (hours worked measure),%,1.743137628925906
Fig 6,productivity growth,Figure 6: New Zealand productivity growth,"Sources: Stats NZ; LTFM, The Treasury",2023,Annual labour productivity growth (hours worked measure),%,-0.8697161201015491
Fig 6,productivity growth,Figure 6: New Zealand productivity growth,"Sources: Stats NZ; LTFM, The Treasury",2024,Annual labour productivity growth (hours worked measure),%,-0.4807108522379422
Fig 6,productivity growth,Figure 6: New Zealand productivity growth,"Sources: Stats NZ; LTFM, The Treasury",1993,"Average over 20 years (2004/05–2023/24) ie, 0.7%",%,0.7180305295251508
Fig 6,productivity growth,Figure 6: New Zealand productivity growth,"Sources: Stats NZ; LTFM, The Treasury",1994,"Average over 20 years (2004/05–2023/24) ie, 0.7%",%,0.7180305295251508
Fig 6,productivity growth,Figure 6: New Zealand productivity growth,"Sources: Stats NZ; LTFM, The Treasury",1995,"Average over 20 years (2004/05–2023/24) ie, 0.7%",%,0.7180305295251508
Fig 6,productivity growth,Figure 6: New Zealand productivity growth,"Sources: Stats NZ; LTFM, The Treasury",1996,"Average over 20 years (2004/05–2023/24) ie, 0.7%",%,0.7180305295251508
Fig 6,productivity growth,Figure 6: New Zealand productivity growth,"Sources: Stats NZ; LTFM, The Treasury",1997,"Average over 20 years (2004/05–2023/24) ie, 0.7%",%,0.7180305295251508
Fig 6,productivity growth,Figure 6: New Zealand productivity growth,"Sources: Stats NZ; LTFM, The Treasury",1998,"Average over 20 years (2004/05–2023/24) ie, 0.7%",%,0.7180305295251508
Fig 6,productivity growth,Figure 6: New Zealand productivity growth,"Sources: Stats NZ; LTFM, The Treasury",1999,"Average over 20 years (2004/05–2023/24) ie, 0.7%",%,0.7180305295251508
Fig 6,productivity growth,Figure 6: New Zealand productivity growth,"Sources: Stats NZ; LTFM, The Treasury",2000,"Average over 20 years (2004/05–2023/24) ie, 0.7%",%,0.7180305295251508
Fig 6,productivity growth,Figure 6: New Zealand productivity growth,"Sources: Stats NZ; LTFM, The Treasury",2001,"Average over 20 years (2004/05–2023/24) ie, 0.7%",%,0.7180305295251508
Fig 6,productivity growth,Figure 6: New Zealand productivity growth,"Sources: Stats NZ; LTFM, The Treasury",2002,"Average over 20 years (2004/05–2023/24) ie, 0.7%",%,0.7180305295251508
Fig 6,productivity growth,Figure 6: New Zealand productivity growth,"Sources: Stats NZ; LTFM, The Treasury",2003,"Average over 20 years (2004/05–2023/24) ie, 0.7%",%,0.7180305295251508
Fig 6,productivity growth,Figure 6: New Zealand productivity growth,"Sources: Stats NZ; LTFM, The Treasury",2004,"Average over 20 years (2004/05–2023/24) ie, 0.7%",%,0.7180305295251508
Fig 6,productivity growth,Figure 6: New Zealand productivity growth,"Sources: Stats NZ; LTFM, The Treasury",2005,"Average over 20 years (2004/05–2023/24) ie, 0.7%",%,0.7180305295251508
Fig 6,productivity growth,Figure 6: New Zealand productivity growth,"Sources: Stats NZ; LTFM, The Treasury",2006,"Average over 20 years (2004/05–2023/24) ie, 0.7%",%,0.7180305295251508
Fig 6,productivity growth,Figure 6: New Zealand productivity growth,"Sources: Stats NZ; LTFM, The Treasury",2007,"Average over 20 years (2004/05–2023/24) ie, 0.7%",%,0.7180305295251508
Fig 6,productivity growth,Figure 6: New Zealand productivity growth,"Sources: Stats NZ; LTFM, The Treasury",2008,"Average over 20 years (2004/05–2023/24) ie, 0.7%",%,0.7180305295251508
Fig 6,productivity growth,Figure 6: New Zealand productivity growth,"Sources: Stats NZ; LTFM, The Treasury",2009,"Average over 20 years (2004/05–2023/24) ie, 0.7%",%,0.7180305295251508
Fig 6,productivity growth,Figure 6: New Zealand productivity growth,"Sources: Stats NZ; LTFM, The Treasury",2010,"Average over 20 years (2004/05–2023/24) ie, 0.7%",%,0.7180305295251508
Fig 6,productivity growth,Figure 6: New Zealand productivity growth,"Sources: Stats NZ; LTFM, The Treasury",2011,"Average over 20 years (2004/05–2023/24) ie, 0.7%",%,0.7180305295251508
Fig 6,productivity growth,Figure 6: New Zealand productivity growth,"Sources: Stats NZ; LTFM, The Treasury",2012,"Average over 20 years (2004/05–2023/24) ie, 0.7%",%,0.7180305295251508
Fig 6,productivity growth,Figure 6: New Zealand productivity growth,"Sources: Stats NZ; LTFM, The Treasury",2013,"Average over 20 years (2004/05–2023/24) ie, 0.7%",%,0.7180305295251508
Fig 6,productivity growth,Figure 6: New Zealand productivity growth,"Sources: Stats NZ; LTFM, The Treasury",2014,"Average over 20 years (2004/05–2023/24) ie, 0.7%",%,0.7180305295251508
Fig 6,productivity growth,Figure 6: New Zealand productivity growth,"Sources: Stats NZ; LTFM, The Treasury",2015,"Average over 20 years (2004/05–2023/24) ie, 0.7%",%,0.7180305295251508
Fig 6,productivity growth,Figure 6: New Zealand productivity growth,"Sources: Stats NZ; LTFM, The Treasury",2016,"Average over 20 years (2004/05–2023/24) ie, 0.7%",%,0.7180305295251508
Fig 6,productivity growth,Figure 6: New Zealand productivity growth,"Sources: Stats NZ; LTFM, The Treasury",2017,"Average over 20 years (2004/05–2023/24) ie, 0.7%",%,0.7180305295251508
Fig 6,productivity growth,Figure 6: New Zealand productivity growth,"Sources: Stats NZ; LTFM, The Treasury",2018,"Average over 20 years (2004/05–2023/24) ie, 0.7%",%,0.7180305295251508
Fig 6,productivity growth,Figure 6: New Zealand productivity growth,"Sources: Stats NZ; LTFM, The Treasury",2019,"Average over 20 years (2004/05–2023/24) ie, 0.7%",%,0.7180305295251508
Fig 6,productivity growth,Figure 6: New Zealand productivity growth,"Sources: Stats NZ; LTFM, The Treasury",2020,"Average over 20 years (2004/05–2023/24) ie, 0.7%",%,0.7180305295251508
Fig 6,productivity growth,Figure 6: New Zealand productivity growth,"Sources: Stats NZ; LTFM, The Treasury",2021,"Average over 20 years (2004/05–2023/24) ie, 0.7%",%,0.7180305295251508
Fig 6,productivity growth,Figure 6: New Zealand productivity growth,"Sources: Stats NZ; LTFM, The Treasury",2022,"Average over 20 years (2004/05–2023/24) ie, 0.7%",%,0.7180305295251508
Fig 6,productivity growth,Figure 6: New Zealand productivity growth,"Sources: Stats NZ; LTFM, The Treasury",2023,"Average over 20 years (2004/05–2023/24) ie, 0.7%",%,0.7180305295251508
Fig 6,productivity growth,Figure 6: New Zealand productivity growth,"Sources: Stats NZ; LTFM, The Treasury",2024,"Average over 20 years (2004/05–2023/24) ie, 0.7%",%,0.7180305295251508
Fig 6,productivity growth,Figure 6: New Zealand productivity growth,"Sources: Stats NZ; LTFM, The Treasury",1993,"Average over 30 years (1994/95–2023/24) ie, 1.0%",%,0.9747699094725519
Fig 6,productivity growth,Figure 6: New Zealand productivity growth,"Sources: Stats NZ; LTFM, The Treasury",1994,"Average over 30 years (1994/95–2023/24) ie, 1.0%",%,0.9747699094725519
Fig 6,productivity growth,Figure 6: New Zealand productivity growth,"Sources: Stats NZ; LTFM, The Treasury",1995,"Average over 30 years (1994/95–2023/24) ie, 1.0%",%,0.9747699094725519
Fig 6,productivity growth,Figure 6: New Zealand productivity growth,"Sources: Stats NZ; LTFM, The Treasury",1996,"Average over 30 years (1994/95–2023/24) ie, 1.0%",%,0.9747699094725519
Fig 6,productivity growth,Figure 6: New Zealand productivity growth,"Sources: Stats NZ; LTFM, The Treasury",1997,"Average over 30 years (1994/95–2023/24) ie, 1.0%",%,0.9747699094725519
Fig 6,productivity growth,Figure 6: New Zealand productivity growth,"Sources: Stats NZ; LTFM, The Treasury",1998,"Average over 30 years (1994/95–2023/24) ie, 1.0%",%,0.9747699094725519
Fig 6,productivity growth,Figure 6: New Zealand productivity growth,"Sources: Stats NZ; LTFM, The Treasury",1999,"Average over 30 years (1994/95–2023/24) ie, 1.0%",%,0.9747699094725519
Fig 6,productivity growth,Figure 6: New Zealand productivity growth,"Sources: Stats NZ; LTFM, The Treasury",2000,"Average over 30 years (1994/95–2023/24) ie, 1.0%",%,0.9747699094725519
Fig 6,productivity growth,Figure 6: New Zealand productivity growth,"Sources: Stats NZ; LTFM, The Treasury",2001,"Average over 30 years (1994/95–2023/24) ie, 1.0%",%,0.9747699094725519
Fig 6,productivity growth,Figure 6: New Zealand productivity growth,"Sources: Stats NZ; LTFM, The Treasury",2002,"Average over 30 years (1994/95–2023/24) ie, 1.0%",%,0.9747699094725519
Fig 6,productivity growth,Figure 6: New Zealand productivity growth,"Sources: Stats NZ; LTFM, The Treasury",2003,"Average over 30 years (1994/95–2023/24) ie, 1.0%",%,0.9747699094725519
Fig 6,productivity growth,Figure 6: New Zealand productivity growth,"Sources: Stats NZ; LTFM, The Treasury",2004,"Average over 30 years (1994/95–2023/24) ie, 1.0%",%,0.9747699094725519
Fig 6,productivity growth,Figure 6: New Zealand productivity growth,"Sources: Stats NZ; LTFM, The Treasury",2005,"Average over 30 years (1994/95–2023/24) ie, 1.0%",%,0.9747699094725519
Fig 6,productivity growth,Figure 6: New Zealand productivity growth,"Sources: Stats NZ; LTFM, The Treasury",2006,"Average over 30 years (1994/95–2023/24) ie, 1.0%",%,0.9747699094725519
Fig 6,productivity growth,Figure 6: New Zealand productivity growth,"Sources: Stats NZ; LTFM, The Treasury",2007,"Average over 30 years (1994/95–2023/24) ie, 1.0%",%,0.9747699094725519
Fig 6,productivity growth,Figure 6: New Zealand productivity growth,"Sources: Stats NZ; LTFM, The Treasury",2008,"Average over 30 years (1994/95–2023/24) ie, 1.0%",%,0.9747699094725519
Fig 6,productivity growth,Figure 6: New Zealand productivity growth,"Sources: Stats NZ; LTFM, The Treasury",2009,"Average over 30 years (1994/95–2023/24) ie, 1.0%",%,0.9747699094725519
Fig 6,productivity growth,Figure 6: New Zealand productivity growth,"Sources: Stats NZ; LTFM, The Treasury",2010,"Average over 30 years (1994/95–2023/24) ie, 1.0%",%,0.9747699094725519
Fig 6,productivity growth,Figure 6: New Zealand productivity growth,"Sources: Stats NZ; LTFM, The Treasury",2011,"Average over 30 years (1994/95–2023/24) ie, 1.0%",%,0.9747699094725519
Fig 6,productivity growth,Figure 6: New Zealand productivity growth,"Sources: Stats NZ; LTFM, The Treasury",2012,"Average over 30 years (1994/95–2023/24) ie, 1.0%",%,0.9747699094725519
Fig 6,productivity growth,Figure 6: New Zealand productivity growth,"Sources: Stats NZ; LTFM, The Treasury",2013,"Average over 30 years (1994/95–2023/24) ie, 1.0%",%,0.9747699094725519
Fig 6,productivity growth,Figure 6: New Zealand productivity growth,"Sources: Stats NZ; LTFM, The Treasury",2014,"Average over 30 years (1994/95–2023/24) ie, 1.0%",%,0.9747699094725519
Fig 6,productivity growth,Figure 6: New Zealand productivity growth,"Sources: Stats NZ; LTFM, The Treasury",2015,"Average over 30 years (1994/95–2023/24) ie, 1.0%",%,0.9747699094725519
Fig 6,productivity growth,Figure 6: New Zealand productivity growth,"Sources: Stats NZ; LTFM, The Treasury",2016,"Average over 30 years (1994/95–2023/24) ie, 1.0%",%,0.9747699094725519
Fig 6,productivity growth,Figure 6: New Zealand productivity growth,"Sources: Stats NZ; LTFM, The Treasury",2017,"Average over 30 years (1994/95–2023/24) ie, 1.0%",%,0.9747699094725519
Fig 6,productivity growth,Figure 6: New Zealand productivity growth,"Sources: Stats NZ; LTFM, The Treasury",2018,"Average over 30 years (1994/95–2023/24) ie, 1.0%",%,0.9747699094725519
Fig 6,productivity growth,Figure 6: New Zealand productivity growth,"Sources: Stats NZ; LTFM, The Treasury",2019,"Average over 30 years (1994/95–2023/24) ie, 1.0%",%,0.9747699094725519
Fig 6,productivity growth,Figure 6: New Zealand productivity growth,"Sources: Stats NZ; LTFM, The Treasury",2020,"Average over 30 years (1994/95–2023/24) ie, 1.0%",%,0.9747699094725519
Fig 6,productivity growth,Figure 6: New Zealand productivity growth,"Sources: Stats NZ; LTFM, The Treasury",2021,"Average over 30 years (1994/95–2023/24) ie, 1.0%",%,0.9747699094725519
Fig 6,productivity growth,Figure 6: New Zealand productivity growth,"Sources: Stats NZ; LTFM, The Treasury",2022,"Average over 30 years (1994/95–2023/24) ie, 1.0%",%,0.9747699094725519
Fig 6,productivity growth,Figure 6: New Zealand productivity growth,"Sources: Stats NZ; LTFM, The Treasury",2023,"Average over 30 years (1994/95–2023/24) ie, 1.0%",%,0.9747699094725519
Fig 6,productivity growth,Figure 6: New Zealand productivity growth,"Sources: Stats NZ; LTFM, The Treasury",2024,"Average over 30 years (1994/95–2023/24) ie, 1.0%",%,0.9747699094725519
Fig 8,historical debt versus earlier projections,Figure 8: Net core Crown debt by Long-term Fiscal Statement publication,"Source: LTFM, The Treasury",2010,2006,% of GDP,12.836404683877525
Fig 8,historical debt versus earlier projections,Figure 8: Net core Crown debt by Long-term Fiscal Statement publication,"Source: LTFM, The Treasury",2011,2006,% of GDP,13.510539464867374
Fig 8,historical debt versus earlier projections,Figure 8: Net core Crown debt by Long-term Fiscal Statement publication,"Source: LTFM, The Treasury",2012,2006,% of GDP,14.217133633053322
Fig 8,historical debt versus earlier projections,Figure 8: Net core Crown debt by Long-term Fiscal Statement publication,"Source: LTFM, The Treasury",2013,2006,% of GDP,14.863503780470811
Fig 8,historical debt versus earlier projections,Figure 8: Net core Crown debt by Long-term Fiscal Statement publication,"Source: LTFM, The Treasury",2014,2006,% of GDP,15.45575445466019
Fig 8,historical debt versus earlier projections,Figure 8: Net core Crown debt by Long-term Fiscal Statement publication,"Source: LTFM, The Treasury",2015,2006,% of GDP,15.996242203802865
Fig 8,historical debt versus earlier projections,Figure 8: Net core Crown debt by Long-term Fiscal Statement publication,"Source: LTFM, The Treasury",2016,2006,% of GDP,16.50264122408857
Fig 8,historical debt versus earlier projections,Figure 8: Net core Crown debt by Long-term Fiscal Statement publication,"Source: LTFM, The Treasury",2017,2006,% of GDP,17.038604929830665
Fig 8,historical debt versus earlier projections,Figure 8: Net core Crown debt by Long-term Fiscal Statement publication,"Source: LTFM, The Treasury",2018,2006,% of GDP,17.574262657934543
Fig 8,historical debt versus earlier projections,Figure 8: Net core Crown debt by Long-term Fiscal Statement publication,"Source: LTFM, The Treasury",2019,2006,% of GDP,18.1104800780628
Fig 8,historical debt versus earlier projections,Figure 8: Net core Crown debt by Long-term Fiscal Statement publication,"Source: LTFM, The Treasury",2020,2006,% of GDP,18.647506474476902
Fig 8,historical debt versus earlier projections,Figure 8: Net core Crown debt by Long-term Fiscal Statement publication,"Source: LTFM, The Treasury",2021,2006,% of GDP,19.228273892608268
Fig 8,historical debt versus earlier projections,Figure 8: Net core Crown debt by Long-term Fiscal Statement publication,"Source: LTFM, The Treasury",2022,2006,% of GDP,19.907224138167525
Fig 8,historical debt versus earlier projections,Figure 8: Net core Crown debt by Long-term Fiscal Statement publication,"Source: LTFM, The Treasury",2023,2006,% of GDP,20.656779731706752
Fig 8,historical debt versus earlier projections,Figure 8: Net core Crown debt by Long-term Fiscal Statement publication,"Source: LTFM, The Treasury",2024,2006,% of GDP,21.510952066038357
Fig 8,historical debt versus earlier projections,Figure 8: Net core Crown debt by Long-term Fiscal Statement publication,"Source: LTFM, The Treasury",2025,2006,% of GDP,22.497439755577638
Fig 8,historical debt versus earlier projections,Figure 8: Net core Crown debt by Long-term Fiscal Statement publication,"Source: LTFM, The Treasury",2026,2006,% of GDP,23.635844316261764
Fig 8,historical debt versus earlier projections,Figure 8: Net core Crown debt by Long-term Fiscal Statement publication,"Source: LTFM, The Treasury",2027,2006,% of GDP,24.947319222353386
Fig 8,historical debt versus earlier projections,Figure 8: Net core Crown debt by Long-term Fiscal Statement publication,"Source: LTFM, The Treasury",2028,2006,% of GDP,26.411209695647305
Fig 8,historical debt versus earlier projections,Figure 8: Net core Crown debt by Long-term Fiscal Statement publication,"Source: LTFM, The Treasury",2029,2006,% of GDP,28.03035057958716
Fig 8,historical debt versus earlier projections,Figure 8: Net core Crown debt by Long-term Fiscal Statement publication,"Source: LTFM, The Treasury",2030,2006,% of GDP,29.795661243645604
Fig 8,historical debt versus earlier projections,Figure 8: Net core Crown debt by Long-term Fiscal Statement publication,"Source: LTFM, The Treasury",2031,2006,% of GDP,31.719251939426833
Fig 8,historical debt versus earlier projections,Figure 8: Net core Crown debt by Long-term Fiscal Statement publication,"Source: LTFM, The Treasury",2032,2006,% of GDP,33.854700528397764
Fig 8,historical debt versus earlier projections,Figure 8: Net core Crown debt by Long-term Fiscal Statement publication,"Source: LTFM, The Treasury",2033,2006,% of GDP,36.18192752742595
Fig 8,historical debt versus earlier projections,Figure 8: Net core Crown debt by Long-term Fiscal Statement publication,"Source: LTFM, The Treasury",2034,2006,% of GDP,38.69085112673842
Fig 8,historical debt versus earlier projections,Figure 8: Net core Crown debt by Long-term Fiscal Statement publication,"Source: LTFM, The Treasury",2035,2006,% of GDP,41.3808705508796
Fig 8,historical debt versus earlier projections,Figure 8: Net core Crown debt by Long-term Fiscal Statement publication,"Source: LTFM, The Treasury",2036,2006,% of GDP,44.255071091976525
Fig 8,historical debt versus earlier projections,Figure 8: Net core Crown debt by Long-term Fiscal Statement publication,"Source: LTFM, The Treasury",2037,2006,% of GDP,47.32362733908588
Fig 8,historical debt versus earlier projections,Figure 8: Net core Crown debt by Long-term Fiscal Statement publication,"Source: LTFM, The Treasury",2038,2006,% of GDP,50.557416246700704
Fig 8,historical debt versus earlier projections,Figure 8: Net core Crown debt by Long-term Fiscal Statement publication,"Source: LTFM, The Treasury",2039,2006,% of GDP,53.95885008603985
Fig 8,historical debt versus earlier projections,Figure 8: Net core Crown debt by Long-term Fiscal Statement publication,"Source: LTFM, The Treasury",2040,2006,% of GDP,57.510394384529874
Fig 8,historical debt versus earlier projections,Figure 8: Net core Crown debt by Long-term Fiscal Statement publication,"Source: LTFM, The Treasury",2041,2006,% of GDP,61.20992100357429
Fig 8,historical debt versus earlier projections,Figure 8: Net core Crown debt by Long-term Fiscal Statement publication,"Source: LTFM, The Treasury",2042,2006,% of GDP,65.10381617725487
Fig 8,historical debt versus earlier projections,Figure 8: Net core Crown debt by Long-term Fiscal Statement publication,"Source: LTFM, The Treasury",2043,2006,% of GDP,69.1529640794176
Fig 8,historical debt versus earlier projections,Figure 8: Net core Crown debt by Long-term Fiscal Statement publication,"Source: LTFM, The Treasury",2044,2006,% of GDP,73.3858428230527
Fig 8,historical debt versus earlier projections,Figure 8: Net core Crown debt by Long-term Fiscal Statement publication,"Source: LTFM, The Treasury",2045,2006,% of GDP,77.77650211114737
Fig 8,historical debt versus earlier projections,Figure 8: Net core Crown debt by Long-term Fiscal Statement publication,"Source: LTFM, The Treasury",2046,2006,% of GDP,82.34044810148843
Fig 8,historical debt versus earlier projections,Figure 8: Net core Crown debt by Long-term Fiscal Statement publication,"Source: LTFM, The Treasury",2047,2006,% of GDP,87.06577645673725
Fig 8,historical debt versus earlier projections,Figure 8: Net core Crown debt by Long-term Fiscal Statement publication,"Source: LTFM, The Treasury",2048,2006,% of GDP,91.95402632477824
Fig 8,historical debt versus earlier projections,Figure 8: Net core Crown debt by Long-term Fiscal Statement publication,"Source: LTFM, The Treasury",2049,2006,% of GDP,96.97364222588514
Fig 8,historical debt versus earlier projections,Figure 8: Net core Crown debt by Long-term Fiscal Statement publication,"Source: LTFM, The Treasury",2050,2006,% of GDP,102.14514818994031
Fig 8,historical debt versus earlier projections,Figure 8: Net core Crown debt by Long-term Fiscal Statement publication,"Source: LTFM, The Treasury",2008,2009,% of GDP,5.723468004262749
Fig 8,historical debt versus earlier projections,Figure 8: Net core Crown debt by Long-term Fiscal Statement publication,"Source: LTFM, The Treasury",2009,2009,% of GDP,9.58921867426116
Fig 8,historical debt versus earlier projections,Figure 8: Net core Crown debt by Long-term Fiscal Statement publication,"Source: LTFM, The Treasury",2010,2009,% of GDP,15.606298969639395
Fig 8,historical debt versus earlier projections,Figure 8: Net core Crown debt by Long-term Fiscal Statement publication,"Source: LTFM, The Treasury",2011,2009,% of GDP,21.759899631643336
Fig 8,historical debt versus earlier projections,Figure 8: Net core Crown debt by Long-term Fiscal Statement publication,"Source: LTFM, The Treasury",2012,2009,% of GDP,27.103055408987487
Fig 8,historical debt versus earlier projections,Figure 8: Net core Crown debt by Long-term Fiscal Statement publication,"Source: LTFM, The Treasury",2013,2009,% of GDP,30.926636767976802
Fig 8,historical debt versus earlier projections,Figure 8: Net core Crown debt by Long-term Fiscal Statement publication,"Source: LTFM, The Treasury",2014,2009,% of GDP,33.67200483512999
Fig 8,historical debt versus earlier projections,Figure 8: Net core Crown debt by Long-term Fiscal Statement publication,"Source: LTFM, The Treasury",2015,2009,% of GDP,35.64979733924034
Fig 8,historical debt versus earlier projections,Figure 8: Net core Crown debt by Long-term Fiscal Statement publication,"Source: LTFM, The Treasury",2016,2009,% of GDP,37.17519174556572
Fig 8,historical debt versus earlier projections,Figure 8: Net core Crown debt by Long-term Fiscal Statement publication,"Source: LTFM, The Treasury",2017,2009,% of GDP,39.13115002477678
Fig 8,historical debt versus earlier projections,Figure 8: Net core Crown debt by Long-term Fiscal Statement publication,"Source: LTFM, The Treasury",2018,2009,% of GDP,41.00074996653721
Fig 8,historical debt versus earlier projections,Figure 8: Net core Crown debt by Long-term Fiscal Statement publication,"Source: LTFM, The Treasury",2019,2009,% of GDP,42.822479095577975
Fig 8,historical debt versus earlier projections,Figure 8: Net core Crown debt by Long-term Fiscal Statement publication,"Source: LTFM, The Treasury",2020,2009,% of GDP,44.5958199391257
Fig 8,historical debt versus earlier projections,Figure 8: Net core Crown debt by Long-term Fiscal Statement publication,"Source: LTFM, The Treasury",2021,2009,% of GDP,47.24642525155065
Fig 8,historical debt versus earlier projections,Figure 8: Net core Crown debt by Long-term Fiscal Statement publication,"Source: LTFM, The Treasury",2022,2009,% of GDP,49.88951496238169
Fig 8,historical debt versus earlier projections,Figure 8: Net core Crown debt by Long-term Fiscal Statement publication,"Source: LTFM, The Treasury",2023,2009,% of GDP,52.41884334735539
Fig 8,historical debt versus earlier projections,Figure 8: Net core Crown debt by Long-term Fiscal Statement publication,"Source: LTFM, The Treasury",2024,2009,% of GDP,55.26122983724584
Fig 8,historical debt versus earlier projections,Figure 8: Net core Crown debt by Long-term Fiscal Statement publication,"Source: LTFM, The Treasury",2025,2009,% of GDP,58.43583710033394
Fig 8,historical debt versus earlier projections,Figure 8: Net core Crown debt by Long-term Fiscal Statement publication,"Source: LTFM, The Treasury",2026,2009,% of GDP,61.98880137502232
Fig 8,historical debt versus earlier projections,Figure 8: Net core Crown debt by Long-term Fiscal Statement publication,"Source: LTFM, The Treasury",2027,2009,% of GDP,65.9893477023685
Fig 8,historical debt versus earlier projections,Figure 8: Net core Crown debt by Long-term Fiscal Statement publication,"Source: LTFM, The Treasury",2028,2009,% of GDP,70.31217044392555
Fig 8,historical debt versus earlier projections,Figure 8: Net core Crown debt by Long-term Fiscal Statement publication,"Source: LTFM, The Treasury",2029,2009,% of GDP,74.82636522114053
Fig 8,historical debt versus earlier projections,Figure 8: Net core Crown debt by Long-term Fiscal Statement publication,"Source: LTFM, The Treasury",2030,2009,% of GDP,79.52425189990254
Fig 8,historical debt versus earlier projections,Figure 8: Net core Crown debt by Long-term Fiscal Statement publication,"Source: LTFM, The Treasury",2031,2009,% of GDP,84.43419957031199
Fig 8,historical debt versus earlier projections,Figure 8: Net core Crown debt by Long-term Fiscal Statement publication,"Source: LTFM, The Treasury",2032,2009,% of GDP,89.57817740277177
Fig 8,historical debt versus earlier projections,Figure 8: Net core Crown debt by Long-term Fiscal Statement publication,"Source: LTFM, The Treasury",2033,2009,% of GDP,94.91365127042823
Fig 8,historical debt versus earlier projections,Figure 8: Net core Crown debt by Long-term Fiscal Statement publication,"Source: LTFM, The Treasury",2034,2009,% of GDP,100.47395519619609
Fig 8,historical debt versus earlier projections,Figure 8: Net core Crown debt by Long-term Fiscal Statement publication,"Source: LTFM, The Treasury",2035,2009,% of GDP,106.23038573417097
Fig 8,historical debt versus earlier projections,Figure 8: Net core Crown debt by Long-term Fiscal Statement publication,"Source: LTFM, The Treasury",2036,2009,% of GDP,112.23971145934254
Fig 8,historical debt versus earlier projections,Figure 8: Net core Crown debt by Long-term Fiscal Statement publication,"Source: LTFM, The Treasury",2037,2009,% of GDP,118.51479718807963
Fig 8,historical debt versus earlier projections,Figure 8: Net core Crown debt by Long-term Fiscal Statement publication,"Source: LTFM, The Treasury",2038,2009,% of GDP,124.99667567447584
Fig 8,historical debt versus earlier projections,Figure 8: Net core Crown debt by Long-term Fiscal Statement publication,"Source: LTFM, The Treasury",2039,2009,% of GDP,131.7266039729189
Fig 8,historical debt versus earlier projections,Figure 8: Net core Crown debt by Long-term Fiscal Statement publication,"Source: LTFM, The Treasury",2040,2009,% of GDP,138.67260491084403
Fig 8,historical debt versus earlier projections,Figure 8: Net core Crown debt by Long-term Fiscal Statement publication,"Source: LTFM, The Treasury",2041,2009,% of GDP,145.8737328967977
Fig 8,historical debt versus earlier projections,Figure 8: Net core Crown debt by Long-term Fiscal Statement publication,"Source: LTFM, The Treasury",2042,2009,% of GDP,153.36545993045672
Fig 8,historical debt versus earlier projections,Figure 8: Net core Crown debt by Long-term Fiscal Statement publication,"Source: LTFM, The Treasury",2043,2009,% of GDP,161.11084663161054
Fig 8,historical debt versus earlier projections,Figure 8: Net core Crown debt by Long-term Fiscal Statement publication,"Source: LTFM, The Treasury",2044,2009,% of GDP,169.13259444749596
Fig 8,historical debt versus earlier projections,Figure 8: Net core Crown debt by Long-term Fiscal Statement publication,"Source: LTFM, The Treasury",2045,2009,% of GDP,177.4159585968494
Fig 8,historical debt versus earlier projections,Figure 8: Net core Crown debt by Long-term Fiscal Statement publication,"Source: LTFM, The Treasury",2046,2009,% of GDP,186.00350300417654
Fig 8,historical debt versus earlier projections,Figure 8: Net core Crown debt by Long-term Fiscal Statement publication,"Source: LTFM, The Treasury",2047,2009,% of GDP,194.87591260050482
Fig 8,historical debt versus earlier projections,Figure 8: Net core Crown debt by Long-term Fiscal Statement publication,"Source: LTFM, The Treasury",2048,2009,% of GDP,204.07224396359817
Fig 8,historical debt versus earlier projections,Figure 8: Net core Crown debt by Long-term Fiscal Statement publication,"Source: LTFM, The Treasury",2049,2009,% of GDP,213.566021732284
Fig 8,historical debt versus earlier projections,Figure 8: Net core Crown debt by Long-term Fiscal Statement publication,"Source: LTFM, The Treasury",2050,2009,% of GDP,223.37859274478444
Fig 8,historical debt versus earlier projections,Figure 8: Net core Crown debt by Long-term Fiscal Statement publication,"Source: LTFM, The Treasury",2008,2013,% of GDP,5.524617886879435
Fig 8,historical debt versus earlier projections,Figure 8: Net core Crown debt by Long-term Fiscal Statement publication,"Source: LTFM, The Treasury",2009,2013,% of GDP,9.22921822014481
Fig 8,historical debt versus earlier projections,Figure 8: Net core Crown debt by Long-term Fiscal Statement publication,"Source: LTFM, The Treasury",2010,2013,% of GDP,13.94070845368565
Fig 8,historical debt versus earlier projections,Figure 8: Net core Crown debt by Long-term Fiscal Statement publication,"Source: LTFM, The Treasury",2011,2013,% of GDP,20.040552553512388
Fig 8,historical debt versus earlier projections,Figure 8: Net core Crown debt by Long-term Fiscal Statement publication,"Source: LTFM, The Treasury",2012,2013,% of GDP,24.306484959250156
Fig 8,historical debt versus earlier projections,Figure 8: Net core Crown debt by Long-term Fiscal Statement publication,"Source: LTFM, The Treasury",2013,2013,% of GDP,27.096855651783546
Fig 8,historical debt versus earlier projections,Figure 8: Net core Crown debt by Long-term Fiscal Statement publication,"Source: LTFM, The Treasury",2014,2013,% of GDP,28.41916346339494
Fig 8,historical debt versus earlier projections,Figure 8: Net core Crown debt by Long-term Fiscal Statement publication,"Source: LTFM, The Treasury",2015,2013,% of GDP,28.674869932844167
Fig 8,historical debt versus earlier projections,Figure 8: Net core Crown debt by Long-term Fiscal Statement publication,"Source: LTFM, The Treasury",2016,2013,% of GDP,28.490984790923218
Fig 8,historical debt versus earlier projections,Figure 8: Net core Crown debt by Long-term Fiscal Statement publication,"Source: LTFM, The Treasury",2017,2013,% of GDP,28.638953080328978
Fig 8,historical debt versus earlier projections,Figure 8: Net core Crown debt by Long-term Fiscal Statement publication,"Source: LTFM, The Treasury",2018,2013,% of GDP,28.657175740621526
Fig 8,historical debt versus earlier projections,Figure 8: Net core Crown debt by Long-term Fiscal Statement publication,"Source: LTFM, The Treasury",2019,2013,% of GDP,28.02957147588183
Fig 8,historical debt versus earlier projections,Figure 8: Net core Crown debt by Long-term Fiscal Statement publication,"Source: LTFM, The Treasury",2020,2013,% of GDP,27.371275400696547
Fig 8,historical debt versus earlier projections,Figure 8: Net core Crown debt by Long-term Fiscal Statement publication,"Source: LTFM, The Treasury",2021,2013,% of GDP,27.625982705491438
Fig 8,historical debt versus earlier projections,Figure 8: Net core Crown debt by Long-term Fiscal Statement publication,"Source: LTFM, The Treasury",2022,2013,% of GDP,27.98122931083346
Fig 8,historical debt versus earlier projections,Figure 8: Net core Crown debt by Long-term Fiscal Statement publication,"Source: LTFM, The Treasury",2023,2013,% of GDP,28.48397948911643
Fig 8,historical debt versus earlier projections,Figure 8: Net core Crown debt by Long-term Fiscal Statement publication,"Source: LTFM, The Treasury",2024,2013,% of GDP,29.14987211302702
Fig 8,historical debt versus earlier projections,Figure 8: Net core Crown debt by Long-term Fiscal Statement publication,"Source: LTFM, The Treasury",2025,2013,% of GDP,29.98444076534474
Fig 8,historical debt versus earlier projections,Figure 8: Net core Crown debt by Long-term Fiscal Statement publication,"Source: LTFM, The Treasury",2026,2013,% of GDP,31.013166065395005
Fig 8,historical debt versus earlier projections,Figure 8: Net core Crown debt by Long-term Fiscal Statement publication,"Source: LTFM, The Treasury",2027,2013,% of GDP,32.210383038203446
Fig 8,historical debt versus earlier projections,Figure 8: Net core Crown debt by Long-term Fiscal Statement publication,"Source: LTFM, The Treasury",2028,2013,% of GDP,33.60657576131567
Fig 8,historical debt versus earlier projections,Figure 8: Net core Crown debt by Long-term Fiscal Statement publication,"Source: LTFM, The Treasury",2029,2013,% of GDP,35.22255974209133
Fig 8,historical debt versus earlier projections,Figure 8: Net core Crown debt by Long-term Fiscal Statement publication,"Source: LTFM, The Treasury",2030,2013,% of GDP,37.05550845792631
Fig 8,historical debt versus earlier projections,Figure 8: Net core Crown debt by Long-term Fiscal Statement publication,"Source: LTFM, The Treasury",2031,2013,% of GDP,39.114153652523385
Fig 8,historical debt versus earlier projections,Figure 8: Net core Crown debt by Long-term Fiscal Statement publication,"Source: LTFM, The Treasury",2032,2013,% of GDP,41.3919314743708
Fig 8,historical debt versus earlier projections,Figure 8: Net core Crown debt by Long-term Fiscal Statement publication,"Source: LTFM, The Treasury",2033,2013,% of GDP,43.86375611552923
Fig 8,historical debt versus earlier projections,Figure 8: Net core Crown debt by Long-term Fiscal Statement publication,"Source: LTFM, The Treasury",2034,2013,% of GDP,46.545229272910454
Fig 8,historical debt versus earlier projections,Figure 8: Net core Crown debt by Long-term Fiscal Statement publication,"Source: LTFM, The Treasury",2035,2013,% of GDP,49.435031139875264
Fig 8,historical debt versus earlier projections,Figure 8: Net core Crown debt by Long-term Fiscal Statement publication,"Source: LTFM, The Treasury",2036,2013,% of GDP,52.546390381492756
Fig 8,historical debt versus earlier projections,Figure 8: Net core Crown debt by Long-term Fiscal Statement publication,"Source: LTFM, The Treasury",2037,2013,% of GDP,55.87775490452146
Fig 8,historical debt versus earlier projections,Figure 8: Net core Crown debt by Long-term Fiscal Statement publication,"Source: LTFM, The Treasury",2038,2013,% of GDP,59.436311869455416
Fig 8,historical debt versus earlier projections,Figure 8: Net core Crown debt by Long-term Fiscal Statement publication,"Source: LTFM, The Treasury",2039,2013,% of GDP,63.21842850167094
Fig 8,historical debt versus earlier projections,Figure 8: Net core Crown debt by Long-term Fiscal Statement publication,"Source: LTFM, The Treasury",2040,2013,% of GDP,67.20897644823847
Fig 8,historical debt versus earlier projections,Figure 8: Net core Crown debt by Long-term Fiscal Statement publication,"Source: LTFM, The Treasury",2041,2013,% of GDP,71.41046071427975
Fig 8,historical debt versus earlier projections,Figure 8: Net core Crown debt by Long-term Fiscal Statement publication,"Source: LTFM, The Treasury",2042,2013,% of GDP,75.8205139560578
Fig 8,historical debt versus earlier projections,Figure 8: Net core Crown debt by Long-term Fiscal Statement publication,"Source: LTFM, The Treasury",2043,2013,% of GDP,80.4348857642301
Fig 8,historical debt versus earlier projections,Figure 8: Net core Crown debt by Long-term Fiscal Statement publication,"Source: LTFM, The Treasury",2044,2013,% of GDP,85.25270519483765
Fig 8,historical debt versus earlier projections,Figure 8: Net core Crown debt by Long-term Fiscal Statement publication,"Source: LTFM, The Treasury",2045,2013,% of GDP,90.28334465393003
Fig 8,historical debt versus earlier projections,Figure 8: Net core Crown debt by Long-term Fiscal Statement publication,"Source: LTFM, The Treasury",2046,2013,% of GDP,95.54469419785777
Fig 8,historical debt versus earlier projections,Figure 8: Net core Crown debt by Long-term Fiscal Statement publication,"Source: LTFM, The Treasury",2047,2013,% of GDP,101.01372136608262
Fig 8,historical debt versus earlier projections,Figure 8: Net core Crown debt by Long-term Fiscal Statement publication,"Source: LTFM, The Treasury",2048,2013,% of GDP,106.71533090312863
Fig 8,historical debt versus earlier projections,Figure 8: Net core Crown debt by Long-term Fiscal Statement publication,"Source: LTFM, The Treasury",2049,2013,% of GDP,112.67762375897354
Fig 8,historical debt versus earlier projections,Figure 8: Net core Crown debt by Long-term Fiscal Statement publication,"Source: LTFM, The Treasury",2050,2013,% of GDP,118.88875347135294
Fig 8,historical debt versus earlier projections,Figure 8: Net core Crown debt by Long-term Fiscal Statement publication,"Source: LTFM, The Treasury",2051,2013,% of GDP,125.36600263846327
Fig 8,historical debt versus earlier projections,Figure 8: Net core Crown debt by Long-term Fiscal Statement publication,"Source: LTFM, The Treasury",2052,2013,% of GDP,132.14281018809595
Fig 8,historical debt versus earlier projections,Figure 8: Net core Crown debt by Long-term Fiscal Statement publication,"Source: LTFM, The Treasury",2053,2013,% of GDP,139.22023253107233
Fig 8,historical debt versus earlier projections,Figure 8: Net core Crown debt by Long-term Fiscal Statement publication,"Source: LTFM, The Treasury",2054,2013,% of GDP,146.6070948247949
Fig 8,historical debt versus earlier projections,Figure 8: Net core Crown debt by Long-term Fiscal Statement publication,"Source: LTFM, The Treasury",2055,2013,% of GDP,154.3066327504889
Fig 8,historical debt versus earlier projections,Figure 8: Net core Crown debt by Long-term Fiscal Statement publication,"Source: LTFM, The Treasury",2056,2013,% of GDP,162.35237439098225
Fig 8,historical debt versus earlier projections,Figure 8: Net core Crown debt by Long-term Fiscal Statement publication,"Source: LTFM, The Treasury",2057,2013,% of GDP,170.76638914715446
Fig 8,historical debt versus earlier projections,Figure 8: Net core Crown debt by Long-term Fiscal Statement publication,"Source: LTFM, The Treasury",2058,2013,% of GDP,179.54573729572533
Fig 8,historical debt versus earlier projections,Figure 8: Net core Crown debt by Long-term Fiscal Statement publication,"Source: LTFM, The Treasury",2059,2013,% of GDP,188.70854426748303
Fig 8,historical debt versus earlier projections,Figure 8: Net core Crown debt by Long-term Fiscal Statement publication,"Source: LTFM, The Treasury",2060,2013,% of GDP,198.25778166289905
Fig 8,historical debt versus earlier projections,Figure 8: Net core Crown debt by Long-term Fiscal Statement publication,"Source: LTFM, The Treasury",2015,2016,% of GDP,25.097690206142893
Fig 8,historical debt versus earlier projections,Figure 8: Net core Crown debt by Long-term Fiscal Statement publication,"Source: LTFM, The Treasury",2016,2016,% of GDP,24.896252288846423
Fig 8,historical debt versus earlier projections,Figure 8: Net core Crown debt by Long-term Fiscal Statement publication,"Source: LTFM, The Treasury",2017,2016,% of GDP,25.591031141014163
Fig 8,historical debt versus earlier projections,Figure 8: Net core Crown debt by Long-term Fiscal Statement publication,"Source: LTFM, The Treasury",2018,2016,% of GDP,24.964731852436607
Fig 8,historical debt versus earlier projections,Figure 8: Net core Crown debt by Long-term Fiscal Statement publication,"Source: LTFM, The Treasury",2019,2016,% of GDP,23.05730755716666
Fig 8,historical debt versus earlier projections,Figure 8: Net core Crown debt by Long-term Fiscal Statement publication,"Source: LTFM, The Treasury",2020,2016,% of GDP,20.839266018249276
Fig 8,historical debt versus earlier projections,Figure 8: Net core Crown debt by Long-term Fiscal Statement publication,"Source: LTFM, The Treasury",2021,2016,% of GDP,20.512064513167772
Fig 8,historical debt versus earlier projections,Figure 8: Net core Crown debt by Long-term Fiscal Statement publication,"Source: LTFM, The Treasury",2022,2016,% of GDP,20.73533129773098
Fig 8,historical debt versus earlier projections,Figure 8: Net core Crown debt by Long-term Fiscal Statement publication,"Source: LTFM, The Treasury",2023,2016,% of GDP,21.30610935216179
Fig 8,historical debt versus earlier projections,Figure 8: Net core Crown debt by Long-term Fiscal Statement publication,"Source: LTFM, The Treasury",2024,2016,% of GDP,22.179450076739677
Fig 8,historical debt versus earlier projections,Figure 8: Net core Crown debt by Long-term Fiscal Statement publication,"Source: LTFM, The Treasury",2025,2016,% of GDP,23.279044908493905
Fig 8,historical debt versus earlier projections,Figure 8: Net core Crown debt by Long-term Fiscal Statement publication,"Source: LTFM, The Treasury",2026,2016,% of GDP,24.679520036911345
Fig 8,historical debt versus earlier projections,Figure 8: Net core Crown debt by Long-term Fiscal Statement publication,"Source: LTFM, The Treasury",2027,2016,% of GDP,26.317473958853732
Fig 8,historical debt versus earlier projections,Figure 8: Net core Crown debt by Long-term Fiscal Statement publication,"Source: LTFM, The Treasury",2028,2016,% of GDP,28.155103696868167
Fig 8,historical debt versus earlier projections,Figure 8: Net core Crown debt by Long-term Fiscal Statement publication,"Source: LTFM, The Treasury",2029,2016,% of GDP,30.22716171206035
Fig 8,historical debt versus earlier projections,Figure 8: Net core Crown debt by Long-term Fiscal Statement publication,"Source: LTFM, The Treasury",2030,2016,% of GDP,32.53479086859874
Fig 8,historical debt versus earlier projections,Figure 8: Net core Crown debt by Long-term Fiscal Statement publication,"Source: LTFM, The Treasury",2031,2016,% of GDP,35.08898930272424
Fig 8,historical debt versus earlier projections,Figure 8: Net core Crown debt by Long-term Fiscal Statement publication,"Source: LTFM, The Treasury",2032,2016,% of GDP,37.90171491383817
Fig 8,historical debt versus earlier projections,Figure 8: Net core Crown debt by Long-term Fiscal Statement publication,"Source: LTFM, The Treasury",2033,2016,% of GDP,40.974601963666366
Fig 8,historical debt versus earlier projections,Figure 8: Net core Crown debt by Long-term Fiscal Statement publication,"Source: LTFM, The Treasury",2034,2016,% of GDP,44.27345084357589
Fig 8,historical debt versus earlier projections,Figure 8: Net core Crown debt by Long-term Fiscal Statement publication,"Source: LTFM, The Treasury",2035,2016,% of GDP,47.78008759071785
Fig 8,historical debt versus earlier projections,Figure 8: Net core Crown debt by Long-term Fiscal Statement publication,"Source: LTFM, The Treasury",2036,2016,% of GDP,51.50227758469078
Fig 8,historical debt versus earlier projections,Figure 8: Net core Crown debt by Long-term Fiscal Statement publication,"Source: LTFM, The Treasury",2037,2016,% of GDP,55.43441089056604
Fig 8,historical debt versus earlier projections,Figure 8: Net core Crown debt by Long-term Fiscal Statement publication,"Source: LTFM, The Treasury",2038,2016,% of GDP,59.57741707973111
Fig 8,historical debt versus earlier projections,Figure 8: Net core Crown debt by Long-term Fiscal Statement publication,"Source: LTFM, The Treasury",2039,2016,% of GDP,63.92458017519183
Fig 8,historical debt versus earlier projections,Figure 8: Net core Crown debt by Long-term Fiscal Statement publication,"Source: LTFM, The Treasury",2040,2016,% of GDP,68.46551237370237
Fig 8,historical debt versus earlier projections,Figure 8: Net core Crown debt by Long-term Fiscal Statement publication,"Source: LTFM, The Treasury",2041,2016,% of GDP,73.19398372148017
Fig 8,historical debt versus earlier projections,Figure 8: Net core Crown debt by Long-term Fiscal Statement publication,"Source: LTFM, The Treasury",2042,2016,% of GDP,78.11662857695052
Fig 8,historical debt versus earlier projections,Figure 8: Net core Crown debt by Long-term Fiscal Statement publication,"Source: LTFM, The Treasury",2043,2016,% of GDP,83.22534952186216
Fig 8,historical debt versus earlier projections,Figure 8: Net core Crown debt by Long-term Fiscal Statement publication,"Source: LTFM, The Treasury",2044,2016,% of GDP,88.52079405222045
Fig 8,historical debt versus earlier projections,Figure 8: Net core Crown debt by Long-term Fiscal Statement publication,"Source: LTFM, The Treasury",2045,2016,% of GDP,94.0015725794018
Fig 8,historical debt versus earlier projections,Figure 8: Net core Crown debt by Long-term Fiscal Statement publication,"Source: LTFM, The Treasury",2046,2016,% of GDP,99.67918518010683
Fig 8,historical debt versus earlier projections,Figure 8: Net core Crown debt by Long-term Fiscal Statement publication,"Source: LTFM, The Treasury",2047,2016,% of GDP,105.54920319976715
Fig 8,historical debt versus earlier projections,Figure 8: Net core Crown debt by Long-term Fiscal Statement publication,"Source: LTFM, The Treasury",2048,2016,% of GDP,111.62505707906686
Fig 8,historical debt versus earlier projections,Figure 8: Net core Crown debt by Long-term Fiscal Statement publication,"Source: LTFM, The Treasury",2049,2016,% of GDP,117.9194102992134
Fig 8,historical debt versus earlier projections,Figure 8: Net core Crown debt by Long-term Fiscal Statement publication,"Source: LTFM, The Treasury",2050,2016,% of GDP,124.43815780587579
Fig 8,historical debt versus earlier projections,Figure 8: Net core Crown debt by Long-term Fiscal Statement publication,"Source: LTFM, The Treasury",2051,2016,% of GDP,131.1875688570508
Fig 8,historical debt versus earlier projections,Figure 8: Net core Crown debt by Long-term Fiscal Statement publication,"Source: LTFM, The Treasury",2052,2016,% of GDP,138.20953373930578
Fig 8,historical debt versus earlier projections,Figure 8: Net core Crown debt by Long-term Fiscal Statement publication,"Source: LTFM, The Treasury",2053,2016,% of GDP,145.5009759279464
Fig 8,historical debt versus earlier projections,Figure 8: Net core Crown debt by Long-term Fiscal Statement publication,"Source: LTFM, The Treasury",2054,2016,% of GDP,153.0983480904347
Fig 8,historical debt versus earlier projections,Figure 8: Net core Crown debt by Long-term Fiscal Statement publication,"Source: LTFM, The Treasury",2055,2016,% of GDP,161.01877743387817
Fig 8,historical debt versus earlier projections,Figure 8: Net core Crown debt by Long-term Fiscal Statement publication,"Source: LTFM, The Treasury",2056,2016,% of GDP,169.27112913897201
Fig 8,historical debt versus earlier projections,Figure 8: Net core Crown debt by Long-term Fiscal Statement publication,"Source: LTFM, The Treasury",2057,2016,% of GDP,177.86455108312552
Fig 8,historical debt versus earlier projections,Figure 8: Net core Crown debt by Long-term Fiscal Statement publication,"Source: LTFM, The Treasury",2058,2016,% of GDP,186.80913366802125
Fig 8,historical debt versus earlier projections,Figure 8: Net core Crown debt by Long-term Fiscal Statement publication,"Source: LTFM, The Treasury",2059,2016,% of GDP,196.1017890856677
Fig 8,historical debt versus earlier projections,Figure 8: Net core Crown debt by Long-term Fiscal Statement publication,"Source: LTFM, The Treasury",2060,2016,% of GDP,205.7674870526938
Fig 8,historical debt versus earlier projections,Figure 8: Net core Crown debt by Long-term Fiscal Statement publication,"Source: LTFM, The Treasury",2020,2021,% of GDP,26.33848467234451
Fig 8,historical debt versus earlier projections,Figure 8: Net core Crown debt by Long-term Fiscal Statement publication,"Source: LTFM, The Treasury",2021,2021,% of GDP,33.987840872729876
Fig 8,historical debt versus earlier projections,Figure 8: Net core Crown debt by Long-term Fiscal Statement publication,"Source: LTFM, The Treasury",2022,2021,% of GDP,43.83545585031251
Fig 8,historical debt versus earlier projections,Figure 8: Net core Crown debt by Long-term Fiscal Statement publication,"Source: LTFM, The Treasury",2023,2021,% of GDP,48.01965147157345
Fig 8,historical debt versus earlier projections,Figure 8: Net core Crown debt by Long-term Fiscal Statement publication,"Source: LTFM, The Treasury",2024,2021,% of GDP,46.89763835647122
Fig 8,historical debt versus earlier projections,Figure 8: Net core Crown debt by Long-term Fiscal Statement publication,"Source: LTFM, The Treasury",2025,2021,% of GDP,43.626535389367504
Fig 8,historical debt versus earlier projections,Figure 8: Net core Crown debt by Long-term Fiscal Statement publication,"Source: LTFM, The Treasury",2026,2021,% of GDP,41.34936709205884
Fig 8,historical debt versus earlier projections,Figure 8: Net core Crown debt by Long-term Fiscal Statement publication,"Source: LTFM, The Treasury",2027,2021,% of GDP,41.299352600643566
Fig 8,historical debt versus earlier projections,Figure 8: Net core Crown debt by Long-term Fiscal Statement publication,"Source: LTFM, The Treasury",2028,2021,% of GDP,41.56881262279536
Fig 8,historical debt versus earlier projections,Figure 8: Net core Crown debt by Long-term Fiscal Statement publication,"Source: LTFM, The Treasury",2029,2021,% of GDP,42.11564125090039
Fig 8,historical debt versus earlier projections,Figure 8: Net core Crown debt by Long-term Fiscal Statement publication,"Source: LTFM, The Treasury",2030,2021,% of GDP,42.93426005405321
Fig 8,historical debt versus earlier projections,Figure 8: Net core Crown debt by Long-term Fiscal Statement publication,"Source: LTFM, The Treasury",2031,2021,% of GDP,43.96662628393112
Fig 8,historical debt versus earlier projections,Figure 8: Net core Crown debt by Long-term Fiscal Statement publication,"Source: LTFM, The Treasury",2032,2021,% of GDP,45.22995900883613
Fig 8,historical debt versus earlier projections,Figure 8: Net core Crown debt by Long-term Fiscal Statement publication,"Source: LTFM, The Treasury",2033,2021,% of GDP,46.759869729990314
Fig 8,historical debt versus earlier projections,Figure 8: Net core Crown debt by Long-term Fiscal Statement publication,"Source: LTFM, The Treasury",2034,2021,% of GDP,48.529675173833006
Fig 8,historical debt versus earlier projections,Figure 8: Net core Crown debt by Long-term Fiscal Statement publication,"Source: LTFM, The Treasury",2035,2021,% of GDP,50.529367848738985
Fig 8,historical debt versus earlier projections,Figure 8: Net core Crown debt by Long-term Fiscal Statement publication,"Source: LTFM, The Treasury",2036,2021,% of GDP,52.7673203329145
Fig 8,historical debt versus earlier projections,Figure 8: Net core Crown debt by Long-term Fiscal Statement publication,"Source: LTFM, The Treasury",2037,2021,% of GDP,55.245767320824925
Fig 8,historical debt versus earlier projections,Figure 8: Net core Crown debt by Long-term Fiscal Statement publication,"Source: LTFM, The Treasury",2038,2021,% of GDP,57.96246252998235
Fig 8,historical debt versus earlier projections,Figure 8: Net core Crown debt by Long-term Fiscal Statement publication,"Source: LTFM, The Treasury",2039,2021,% of GDP,60.92530156946636
Fig 8,historical debt versus earlier projections,Figure 8: Net core Crown debt by Long-term Fiscal Statement publication,"Source: LTFM, The Treasury",2040,2021,% of GDP,64.13981159459408
Fig 8,historical debt versus earlier projections,Figure 8: Net core Crown debt by Long-term Fiscal Statement publication,"Source: LTFM, The Treasury",2041,2021,% of GDP,67.60759830849425
Fig 8,historical debt versus earlier projections,Figure 8: Net core Crown debt by Long-term Fiscal Statement publication,"Source: LTFM, The Treasury",2042,2021,% of GDP,71.34396798280788
Fig 8,historical debt versus earlier projections,Figure 8: Net core Crown debt by Long-term Fiscal Statement publication,"Source: LTFM, The Treasury",2043,2021,% of GDP,75.34811066114727
Fig 8,historical debt versus earlier projections,Figure 8: Net core Crown debt by Long-term Fiscal Statement publication,"Source: LTFM, The Treasury",2044,2021,% of GDP,79.62848714089007
Fig 8,historical debt versus earlier projections,Figure 8: Net core Crown debt by Long-term Fiscal Statement publication,"Source: LTFM, The Treasury",2045,2021,% of GDP,84.16331810969936
Fig 8,historical debt versus earlier projections,Figure 8: Net core Crown debt by Long-term Fiscal Statement publication,"Source: LTFM, The Treasury",2046,2021,% of GDP,88.95052414379767
Fig 8,historical debt versus earlier projections,Figure 8: Net core Crown debt by Long-term Fiscal Statement publication,"Source: LTFM, The Treasury",2047,2021,% of GDP,94.00607799698373
Fig 8,historical debt versus earlier projections,Figure 8: Net core Crown debt by Long-term Fiscal Statement publication,"Source: LTFM, The Treasury",2048,2021,% of GDP,99.33359667321064
Fig 8,historical debt versus earlier projections,Figure 8: Net core Crown debt by Long-term Fiscal Statement publication,"Source: LTFM, The Treasury",2049,2021,% of GDP,104.9281700040627
Fig 8,historical debt versus earlier projections,Figure 8: Net core Crown debt by Long-term Fiscal Statement publication,"Source: LTFM, The Treasury",2050,2021,% of GDP,110.80484492676321
Fig 8,historical debt versus earlier projections,Figure 8: Net core Crown debt by Long-term Fiscal Statement publication,"Source: LTFM, The Treasury",2051,2021,% of GDP,116.97779124268848
Fig 8,historical debt versus earlier projections,Figure 8: Net core Crown debt by Long-term Fiscal Statement publication,"Source: LTFM, The Treasury",2052,2021,% of GDP,123.45504122815846
Fig 8,historical debt versus earlier projections,Figure 8: Net core Crown debt by Long-term Fiscal Statement publication,"Source: LTFM, The Treasury",2053,2021,% of GDP,130.24121896748707
Fig 8,historical debt versus earlier projections,Figure 8: Net core Crown debt by Long-term Fiscal Statement publication,"Source: LTFM, The Treasury",2054,2021,% of GDP,137.35949327654998
Fig 8,historical debt versus earlier projections,Figure 8: Net core Crown debt by Long-term Fiscal Statement publication,"Source: LTFM, The Treasury",2055,2021,% of GDP,144.81912363583186
Fig 8,historical debt versus earlier projections,Figure 8: Net core Crown debt by Long-term Fiscal Statement publication,"Source: LTFM, The Treasury",2056,2021,% of GDP,152.61689472522258
Fig 8,historical debt versus earlier projections,Figure 8: Net core Crown debt by Long-term Fiscal Statement publication,"Source: LTFM, The Treasury",2057,2021,% of GDP,160.772461170071
Fig 8,historical debt versus earlier projections,Figure 8: Net core Crown debt by Long-term Fiscal Statement publication,"Source: LTFM, The Treasury",2058,2021,% of GDP,169.27069626680364
Fig 8,historical debt versus earlier projections,Figure 8: Net core Crown debt by Long-term Fiscal Statement publication,"Source: LTFM, The Treasury",2059,2021,% of GDP,178.12468480125045
Fig 8,historical debt versus earlier projections,Figure 8: Net core Crown debt by Long-term Fiscal Statement publication,"Source: LTFM, The Treasury",2060,2021,% of GDP,187.35778717507296
Fig 8,historical debt versus earlier projections,Figure 8: Net core Crown debt by Long-term Fiscal Statement publication,"Source: LTFM, The Treasury",2061,2021,% of GDP,196.94431310166559
Fig 8,historical debt versus earlier projections,Figure 8: Net core Crown debt by Long-term Fiscal Statement publication,"Source: LTFM, The Treasury",1994,2025,% of GDP,46.71788295360572
Fig 8,historical debt versus earlier projections,Figure 8: Net core Crown debt by Long-term Fiscal Statement publication,"Source: LTFM, The Treasury",1995,2025,% of GDP,43.38228056795496
Fig 8,historical debt versus earlier projections,Figure 8: Net core Crown debt by Long-term Fiscal Statement publication,"Source: LTFM, The Treasury",1996,2025,% of GDP,35.73273735346921
Fig 8,historical debt versus earlier projections,Figure 8: Net core Crown debt by Long-term Fiscal Statement publication,"Source: LTFM, The Treasury",1997,2025,% of GDP,30.609097884799834
Fig 8,historical debt versus earlier projections,Figure 8: Net core Crown debt by Long-term Fiscal Statement publication,"Source: LTFM, The Treasury",1998,2025,% of GDP,30.004585557021603
Fig 8,historical debt versus earlier projections,Figure 8: Net core Crown debt by Long-term Fiscal Statement publication,"Source: LTFM, The Treasury",1999,2025,% of GDP,24.76738355706301
Fig 8,historical debt versus earlier projections,Figure 8: Net core Crown debt by Long-term Fiscal Statement publication,"Source: LTFM, The Treasury",2000,2025,% of GDP,23.31981556860344
Fig 8,historical debt versus earlier projections,Figure 8: Net core Crown debt by Long-term Fiscal Statement publication,"Source: LTFM, The Treasury",2001,2025,% of GDP,21.044251436296044
Fig 8,historical debt versus earlier projections,Figure 8: Net core Crown debt by Long-term Fiscal Statement publication,"Source: LTFM, The Treasury",2002,2025,% of GDP,20.178155748779982
Fig 8,historical debt versus earlier projections,Figure 8: Net core Crown debt by Long-term Fiscal Statement publication,"Source: LTFM, The Treasury",2003,2025,% of GDP,18.478330596441538
Fig 8,historical debt versus earlier projections,Figure 8: Net core Crown debt by Long-term Fiscal Statement publication,"Source: LTFM, The Treasury",2004,2025,% of GDP,16.66458401726655
Fig 8,historical debt versus earlier projections,Figure 8: Net core Crown debt by Long-term Fiscal Statement publication,"Source: LTFM, The Treasury",2005,2025,% of GDP,12.67767580977405
Fig 8,historical debt versus earlier projections,Figure 8: Net core Crown debt by Long-term Fiscal Statement publication,"Source: LTFM, The Treasury",2006,2025,% of GDP,9.827555742021001
Fig 8,historical debt versus earlier projections,Figure 8: Net core Crown debt by Long-term Fiscal Statement publication,"Source: LTFM, The Treasury",2007,2025,% of GDP,7.62753895004475
Fig 8,historical debt versus earlier projections,Figure 8: Net core Crown debt by Long-term Fiscal Statement publication,"Source: LTFM, The Treasury",2008,2025,% of GDP,5.429581639566396
Fig 8,historical debt versus earlier projections,Figure 8: Net core Crown debt by Long-term Fiscal Statement publication,"Source: LTFM, The Treasury",2009,2025,% of GDP,9.015836567883419
Fig 8,historical debt versus earlier projections,Figure 8: Net core Crown debt by Long-term Fiscal Statement publication,"Source: LTFM, The Treasury",2010,2025,% of GDP,13.548311908103749
Fig 8,historical debt versus earlier projections,Figure 8: Net core Crown debt by Long-term Fiscal Statement publication,"Source: LTFM, The Treasury",2011,2025,% of GDP,19.47034905724461
Fig 8,historical debt versus earlier projections,Figure 8: Net core Crown debt by Long-term Fiscal Statement publication,"Source: LTFM, The Treasury",2012,2025,% of GDP,23.54633196559432
Fig 8,historical debt versus earlier projections,Figure 8: Net core Crown debt by Long-term Fiscal Statement publication,"Source: LTFM, The Treasury",2013,2025,% of GDP,25.474147173822786
Fig 8,historical debt versus earlier projections,Figure 8: Net core Crown debt by Long-term Fiscal Statement publication,"Source: LTFM, The Treasury",2014,2025,% of GDP,25.28190136299784
Fig 8,historical debt versus earlier projections,Figure 8: Net core Crown debt by Long-term Fiscal Statement publication,"Source: LTFM, The Treasury",2015,2025,% of GDP,24.659578967918268
Fig 8,historical debt versus earlier projections,Figure 8: Net core Crown debt by Long-term Fiscal Statement publication,"Source: LTFM, The Treasury",2016,2025,% of GDP,23.89844320257677
Fig 8,historical debt versus earlier projections,Figure 8: Net core Crown debt by Long-term Fiscal Statement publication,"Source: LTFM, The Treasury",2017,2025,% of GDP,21.560411199234437
Fig 8,historical debt versus earlier projections,Figure 8: Net core Crown debt by Long-term Fiscal Statement publication,"Source: LTFM, The Treasury",2018,2025,% of GDP,19.43600266380904
Fig 8,historical debt versus earlier projections,Figure 8: Net core Crown debt by Long-term Fiscal Statement publication,"Source: LTFM, The Treasury",2019,2025,% of GDP,18.593806358530426
Fig 8,historical debt versus earlier projections,Figure 8: Net core Crown debt by Long-term Fiscal Statement publication,"Source: LTFM, The Treasury",2020,2025,% of GDP,26.24901221858068
Fig 8,historical debt versus earlier projections,Figure 8: Net core Crown debt by Long-term Fiscal Statement publication,"Source: LTFM, The Treasury",2021,2025,% of GDP,29.726872708529296
Fig 8,historical debt versus earlier projections,Figure 8: Net core Crown debt by Long-term Fiscal Statement publication,"Source: LTFM, The Treasury",2022,2025,% of GDP,35.23854575681676
Fig 8,historical debt versus earlier projections,Figure 8: Net core Crown debt by Long-term Fiscal Statement publication,"Source: LTFM, The Treasury",2023,2025,% of GDP,38.668698807362524
Fig 8,historical debt versus earlier projections,Figure 8: Net core Crown debt by Long-term Fiscal Statement publication,"Source: LTFM, The Treasury",2024,2025,% of GDP,41.715364388928776
Fig 8,historical debt versus earlier projections,Figure 8: Net core Crown debt by Long-term Fiscal Statement publication,"Source: LTFM, The Treasury",2025,2025,% of GDP,42.66226663112321
Fig 8,historical debt versus earlier projections,Figure 8: Net core Crown debt by Long-term Fiscal Statement publication,"Source: LTFM, The Treasury",2026,2025,% of GDP,43.85625153352728
Fig 8,historical debt versus earlier projections,Figure 8: Net core Crown debt by Long-term Fiscal Statement publication,"Source: LTFM, The Treasury",2027,2025,% of GDP,45.720325679720375
Fig 8,historical debt versus earlier projections,Figure 8: Net core Crown debt by Long-term Fiscal Statement publication,"Source: LTFM, The Treasury",2028,2025,% of GDP,45.96997999464926
Fig 8,historical debt versus earlier projections,Figure 8: Net core Crown debt by Long-term Fiscal Statement publication,"Source: LTFM, The Treasury",2029,2025,% of GDP,45.50753450532509
Fig 8,historical debt versus earlier projections,Figure 8: Net core Crown debt by Long-term Fiscal Statement publication,"Source: LTFM, The Treasury",2030,2025,% of GDP,45.99463986385218
Fig 8,historical debt versus earlier projections,Figure 8: Net core Crown debt by Long-term Fiscal Statement publication,"Source: LTFM, The Treasury",2031,2025,% of GDP,46.74575579894423
Fig 8,historical debt versus earlier projections,Figure 8: Net core Crown debt by Long-term Fiscal Statement publication,"Source: LTFM, The Treasury",2032,2025,% of GDP,47.902018331619956
Fig 8,historical debt versus earlier projections,Figure 8: Net core Crown debt by Long-term Fiscal Statement publication,"Source: LTFM, The Treasury",2033,2025,% of GDP,49.47445158822168
Fig 8,historical debt versus earlier projections,Figure 8: Net core Crown debt by Long-term Fiscal Statement publication,"Source: LTFM, The Treasury",2034,2025,% of GDP,51.410059238652636
Fig 8,historical debt versus earlier projections,Figure 8: Net core Crown debt by Long-term Fiscal Statement publication,"Source: LTFM, The Treasury",2035,2025,% of GDP,53.63963355688769
Fig 8,historical debt versus earlier projections,Figure 8: Net core Crown debt by Long-term Fiscal Statement publication,"Source: LTFM, The Treasury",2036,2025,% of GDP,55.79288650302623
Fig 8,historical debt versus earlier projections,Figure 8: Net core Crown debt by Long-term Fiscal Statement publication,"Source: LTFM, The Treasury",2037,2025,% of GDP,58.04232463976312
Fig 8,historical debt versus earlier projections,Figure 8: Net core Crown debt by Long-term Fiscal Statement publication,"Source: LTFM, The Treasury",2038,2025,% of GDP,60.498660534783376
Fig 8,historical debt versus earlier projections,Figure 8: Net core Crown debt by Long-term Fiscal Statement publication,"Source: LTFM, The Treasury",2039,2025,% of GDP,63.17415971925221
Fig 8,historical debt versus earlier projections,Figure 8: Net core Crown debt by Long-term Fiscal Statement publication,"Source: LTFM, The Treasury",2040,2025,% of GDP,66.00279401446791
Fig 8,historical debt versus earlier projections,Figure 8: Net core Crown debt by Long-term Fiscal Statement publication,"Source: LTFM, The Treasury",2041,2025,% of GDP,68.99272731695878
Fig 8,historical debt versus earlier projections,Figure 8: Net core Crown debt by Long-term Fiscal Statement publication,"Source: LTFM, The Treasury",2042,2025,% of GDP,72.14380568100638
Fig 8,historical debt versus earlier projections,Figure 8: Net core Crown debt by Long-term Fiscal Statement publication,"Source: LTFM, The Treasury",2043,2025,% of GDP,75.45883598356383
Fig 8,historical debt versus earlier projections,Figure 8: Net core Crown debt by Long-term Fiscal Statement publication,"Source: LTFM, The Treasury",2044,2025,% of GDP,78.94030412675619
Fig 8,historical debt versus earlier projections,Figure 8: Net core Crown debt by Long-term Fiscal Statement publication,"Source: LTFM, The Treasury",2045,2025,% of GDP,82.59222105704687
Fig 8,historical debt versus earlier projections,Figure 8: Net core Crown debt by Long-term Fiscal Statement publication,"Source: LTFM, The Treasury",2046,2025,% of GDP,86.41937043224341
Fig 8,historical debt versus earlier projections,Figure 8: Net core Crown debt by Long-term Fiscal Statement publication,"Source: LTFM, The Treasury",2047,2025,% of GDP,90.42636944310347
Fig 8,historical debt versus earlier projections,Figure 8: Net core Crown debt by Long-term Fiscal Statement publication,"Source: LTFM, The Treasury",2048,2025,% of GDP,94.62047661789171
Fig 8,historical debt versus earlier projections,Figure 8: Net core Crown debt by Long-term Fiscal Statement publication,"Source: LTFM, The Treasury",2049,2025,% of GDP,99.00777145746747
Fig 8,historical debt versus earlier projections,Figure 8: Net core Crown debt by Long-term Fiscal Statement publication,"Source: LTFM, The Treasury",2050,2025,% of GDP,103.59208253345477
Fig 8,historical debt versus earlier projections,Figure 8: Net core Crown debt by Long-term Fiscal Statement publication,"Source: LTFM, The Treasury",2051,2025,% of GDP,108.37763071072106
Fig 8,historical debt versus earlier projections,Figure 8: Net core Crown debt by Long-term Fiscal Statement publication,"Source: LTFM, The Treasury",2052,2025,% of GDP,113.37678136034725
Fig 8,historical debt versus earlier projections,Figure 8: Net core Crown debt by Long-term Fiscal Statement publication,"Source: LTFM, The Treasury",2053,2025,% of GDP,118.595341758323
Fig 8,historical debt versus earlier projections,Figure 8: Net core Crown debt by Long-term Fiscal Statement publication,"Source: LTFM, The Treasury",2054,2025,% of GDP,124.03839608169436
Fig 8,historical debt versus earlier projections,Figure 8: Net core Crown debt by Long-term Fiscal Statement publication,"Source: LTFM, The Treasury",2055,2025,% of GDP,129.71358707590875
Fig 8,historical debt versus earlier projections,Figure 8: Net core Crown debt by Long-term Fiscal Statement publication,"Source: LTFM, The Treasury",2056,2025,% of GDP,135.63550650685855
Fig 8,historical debt versus earlier projections,Figure 8: Net core Crown debt by Long-term Fiscal Statement publication,"Source: LTFM, The Treasury",2057,2025,% of GDP,141.8031796262347
Fig 8,historical debt versus earlier projections,Figure 8: Net core Crown debt by Long-term Fiscal Statement publication,"Source: LTFM, The Treasury",2058,2025,% of GDP,148.21684127458337
Fig 8,historical debt versus earlier projections,Figure 8: Net core Crown debt by Long-term Fiscal Statement publication,"Source: LTFM, The Treasury",2059,2025,% of GDP,154.87340162203637
Fig 8,historical debt versus earlier projections,Figure 8: Net core Crown debt by Long-term Fiscal Statement publication,"Source: LTFM, The Treasury",2060,2025,% of GDP,161.77874586949704
Fig 8,historical debt versus earlier projections,Figure 8: Net core Crown debt by Long-term Fiscal Statement publication,"Source: LTFM, The Treasury",2061,2025,% of GDP,168.92589308825092
Fig 8,historical debt versus earlier projections,Figure 8: Net core Crown debt by Long-term Fiscal Statement publication,"Source: LTFM, The Treasury",2062,2025,% of GDP,176.32532755945135
Fig 8,historical debt versus earlier projections,Figure 8: Net core Crown debt by Long-term Fiscal Statement publication,"Source: LTFM, The Treasury",2063,2025,% of GDP,183.97419005984332
Fig 8,historical debt versus earlier projections,Figure 8: Net core Crown debt by Long-term Fiscal Statement publication,"Source: LTFM, The Treasury",2064,2025,% of GDP,191.87530189258945
Fig 8,historical debt versus earlier projections,Figure 8: Net core Crown debt by Long-term Fiscal Statement publication,"Source: LTFM, The Treasury",2065,2025,% of GDP,200.04067114934801
