category,year,series,value_millions,nominal_gdp_millions,percent_gdp
"Debt, Net Worth",1972,(Former) Core Crown Net Debt,405.0830000000001,6990,5.795178826895566
"Debt, Net Worth",1972,(Former) Core Crown Net Debt,0.05795178826895566,6990,8.290670710866332e-4
"Debt, Net Worth",1973,(Former) Core Crown Net Debt,466.9830000000002,8080,5.779492574257428
"Debt, Net Worth",1973,(Former) Core Crown Net Debt,0.05779492574257428,8080,7.152837344378004e-4
"Debt, Net Worth",1974,(Former) Core Crown Net Debt,408.695,9361,4.365933126802692
"Debt, Net Worth",1974,(Former) Core Crown Net Debt,0.04365933126802692,9361,4.663960182462015e-4
"Debt, Net Worth",1975,(Former) Core Crown Net Debt,501,10203,4.910320493972361
"Debt, Net Worth",1975,(Former) Core Crown Net Debt,0.04910320493972361,10203,4.8126242222604735e-4
"Debt, Net Worth",1976,(Former) Core Crown Net Debt,985.7999999999993,11506,8.567703806709536
"Debt, Net Worth",1976,(Former) Core Crown Net Debt,0.08567703806709537,11506,7.446292201207662e-4
"Debt, Net Worth",1977,(Former) Core Crown Net Debt,1069.4,13972,7.65387918694532
"Debt, Net Worth",1977,(Former) Core Crown Net Debt,0.0765387918694532,13972,5.478012587278356e-4
"Debt, Net Worth",1978,(Former) Core Crown Net Debt,1339.3,15667,8.548541520393183
"Debt, Net Worth",1978,(Former) Core Crown Net Debt,0.08548541520393182,15667,5.456399770468617e-4
"Debt, Net Worth",1979,(Former) Core Crown Net Debt,2548.2729999999992,17810,14.308102189781017
"Debt, Net Worth",1979,(Former) Core Crown Net Debt,0.14308102189781016,17810,8.033746316553069e-4
"Debt, Net Worth",1980,(Former) Core Crown Net Debt,3226.4,20546,15.703299912391707
"Debt, Net Worth",1980,(Former) Core Crown Net Debt,0.15703299912391708,20546,7.64299616100054e-4
"Debt, Net Worth",1981,(Former) Core Crown Net Debt,4063.7290000000003,23988,16.940674503918626
"Debt, Net Worth",1981,(Former) Core Crown Net Debt,0.16940674503918626,23988,7.062145449357439e-4
"Debt, Net Worth",1982,(Former) Core Crown Net Debt,5903.384,29028,20.33686096182996
"Debt, Net Worth",1982,(Former) Core Crown Net Debt,0.20336860961829958,29028,7.005946314534229e-4
"Debt, Net Worth",1983,(Former) Core Crown Net Debt,8959.4,33426,26.803685753604977
"Debt, Net Worth",1983,(Former) Core Crown Net Debt,0.2680368575360498,33426,8.018813424760659e-4
"Debt, Net Worth",1984,(Former) Core Crown Net Debt,11029.37,37253,29.60666255066706
"Debt, Net Worth",1984,(Former) Core Crown Net Debt,0.2960666255066706,37253,7.947457265365758e-4
"Debt, Net Worth",1985,(Former) Core Crown Net Debt,16063.1,42244,38.02457153678629
"Debt, Net Worth",1985,(Former) Core Crown Net Debt,0.3802457153678629,42244,9.00117686222571e-4
"Debt, Net Worth",1986,(Former) Core Crown Net Debt,19317.9,48779,39.602902888538104
"Debt, Net Worth",1986,(Former) Core Crown Net Debt,0.39602902888538105,48779,8.118842716853175e-4
"Debt, Net Worth",1987,(Former) Core Crown Net Debt,25399.5,57953,43.82775697548013
"Debt, Net Worth",1987,(Former) Core Crown Net Debt,0.4382775697548013,57953,7.562638168081053e-4
"Debt, Net Worth",1988,(Former) Core Crown Net Debt,25567,65167,39.23304740129206
"Debt, Net Worth",1988,(Former) Core Crown Net Debt,0.39233047401292065,65167,6.02038568620499e-4
"Debt, Net Worth",1989,(Former) Core Crown Net Debt,29933.637000000002,70629,42.38151042772799
"Debt, Net Worth",1989,(Former) Core Crown Net Debt,0.4238151042772799,70629,6.000581974504522e-4
"Debt, Net Worth",1990,(Former) Core Crown Net Debt,35705.69499999999,75140,47.51889140271492
"Debt, Net Worth",1990,(Former) Core Crown Net Debt,0.47518891402714925,75140,6.32404729873768e-4
"Debt, Net Worth",1991,(Former) Core Crown Net Debt,34071.669,75959,44.85534169749471
"Debt, Net Worth",1991,(Former) Core Crown Net Debt,0.44855341697494705,75959,5.905204346752157e-4
"Debt, Net Worth",1992,(Former) Core Crown Net Debt,38414.797999999995,76924,49.938638136342355
"Debt, Net Worth",1992,(Former) Core Crown Net Debt,0.49938638136342356,76924,6.491945054383853e-4
"Debt, Net Worth",1993,(Former) Core Crown Net Debt,37196,79349,46.876457170222686
"Debt, Net Worth",1993,(Former) Core Crown Net Debt,0.46876457170222685,79349,5.907630489385208e-4
"Debt, Net Worth",1994,(Former) Core Crown Net Debt,35423,86031,41.17469284327742
"Debt, Net Worth",1994,(Former) Core Crown Net Debt,0.4117469284327742,86031,4.786029784993481e-4
"Debt, Net Worth",1995,(Former) Core Crown Net Debt,32969.509,91897,35.876589007258126
"Debt, Net Worth",1995,(Former) Core Crown Net Debt,0.35876589007258125,91897,3.904000022553307e-4
"Debt, Net Worth",1996,(Former) Core Crown Net Debt,28986.329,97568,29.708848187930474
"Debt, Net Worth",1996,(Former) Core Crown Net Debt,0.2970884818793047,97568,3.0449377037482033e-4
"Debt, Net Worth",1997,(Former) Core Crown Net Debt,25561.781,102105,25.034798491748692
"Debt, Net Worth",1997,(Former) Core Crown Net Debt,0.2503479849174869,102105,2.451868027202261e-4
"Debt, Net Worth",1998,(Former) Core Crown Net Debt,24635.057,104918,23.480296040717516
"Debt, Net Worth",1998,(Former) Core Crown Net Debt,0.23480296040717513,104918,2.2379664157453927e-4
"Debt, Net Worth",1999,(Former) Core Crown Net Debt,22274.782,108196,20.587435764723278
"Debt, Net Worth",1999,(Former) Core Crown Net Debt,0.2058743576472328,108196,1.902790839284565e-4
"Debt, Net Worth",2000,(Former) Core Crown Net Debt,21900.256,114664,19.099504639642785
"Debt, Net Worth",2000,(Former) Core Crown Net Debt,0.19099504639642784,114664,1.665693211438881e-4
"Debt, Net Worth",2001,(Former) Core Crown Net Debt,20292.976,122209,16.605140374276854
"Debt, Net Worth",2001,(Former) Core Crown Net Debt,0.16605140374276853,122209,1.358749386238072e-4
"Debt, Net Worth",2002,(Former) Core Crown Net Debt,19665.752,129943,15.134137275574675
"Debt, Net Worth",2002,(Former) Core Crown Net Debt,0.15134137275574674,129943,1.1646750710368911e-4
"Debt, Net Worth",2003,(Former) Core Crown Net Debt,17976.723,137176,13.104860179623259
"Debt, Net Worth",2003,(Former) Core Crown Net Debt,0.1310486017962326,137176,9.553318495672173e-5
"Debt, Net Worth",2004,(Former) Core Crown Net Debt,15569.185,147565,10.550730186697388
"Debt, Net Worth",2004,(Former) Core Crown Net Debt,0.10550730186697388,147565,7.14988661721776e-5
"Debt, Net Worth",2005,(Former) Core Crown Net Debt,11092.976,156803,7.074466687499602
"Debt, Net Worth",2005,(Former) Core Crown Net Debt,0.07074466687499602,156803,4.511690903553887e-5
"Debt, Net Worth",2006,(Former) Core Crown Net Debt,8043.693,164463,4.890883055763303
"Debt, Net Worth",2006,(Former) Core Crown Net Debt,0.04890883055763302,164463,2.9738500792052327e-5
"Debt, Net Worth",2007,(Former) Core Crown Net Debt,4109,175417,2.342418351699094
"Debt, Net Worth",2007,(Former) Core Crown Net Debt,0.02342418351699094,175417,1.335342841172232e-5
"Debt, Net Worth",2008,(Former) Core Crown Net Debt,-19,188928,-0.010056741192411924
"Debt, Net Worth",2008,(Former) Core Crown Net Debt,-1.0056741192411925e-4,188928,-5.323054916376569e-8
"Debt, Net Worth",2009,(Former) Core Crown Net Debt,6690,189877,3.5233335264408012
"Debt, Net Worth",2009,(Former) Core Crown Net Debt,0.035233335264408014,189877,1.8555873151781422e-5
"Debt, Net Worth",2010,(Former) Core Crown Net Debt,15871,197354,8.04189426107401
"Debt, Net Worth",2010,(Former) Core Crown Net Debt,0.08041894261074009,197354,4.074857495198481e-5
"Debt, Net Worth",2011,(Former) Core Crown Net Debt,28049,206117,13.60829043698482
"Debt, Net Worth",2011,(Former) Core Crown Net Debt,0.13608290436984818,206117,6.602216429011104e-5
"Debt, Net Worth",2012,(Former) Core Crown Net Debt,37347,215193,17.35511842857342
"Debt, Net Worth",2012,(Former) Core Crown Net Debt,0.1735511842857342,215193,8.064908444314369e-5
"Debt, Net Worth",2013,(Former) Core Crown Net Debt,42709,219183,19.485544043105534
"Debt, Net Worth",2013,(Former) Core Crown Net Debt,0.19485544043105532,219183,8.890079998496932e-5
"Debt, Net Worth",2014,(Former) Core Crown Net Debt,46178,237128,19.473870652137244
"Debt, Net Worth",2014,(Former) Core Crown Net Debt,0.19473870652137243,237128,8.21238767759912e-5
"Debt, Net Worth",2015,(Former) Core Crown Net Debt,46491,245873,18.908542214883294
"Debt, Net Worth",2015,(Former) Core Crown Net Debt,0.18908542214883292,245873,7.690369505754309e-5
"Debt, Net Worth",2016,(Former) Core Crown Net Debt,47268,258911,18.256466507796116
"Debt, Net Worth",2016,(Former) Core Crown Net Debt,0.18256466507796115,258911,7.051251784511324e-5
"Debt, Net Worth",2017,(Former) Core Crown Net Debt,47466,275765,17.21248164197777
"Debt, Net Worth",2017,(Former) Core Crown Net Debt,0.1721248164197777,275765,6.241720900758897e-5
"Debt, Net Worth",2018,(Former) Core Crown Net Debt,45246,295589,15.307064877245093
"Debt, Net Worth",2018,(Former) Core Crown Net Debt,0.15307064877245094,295589,5.17849611360541e-5
"Debt, Net Worth",2019,(Former) Core Crown Net Debt,43891,310323,14.143650325628458
"Debt, Net Worth",2019,(Former) Core Crown Net Debt,0.14143650325628457,310323,4.557718997827572e-5
"Debt, Net Worth",2020,(Former) Core Crown Net Debt,68819,317636,21.66599503834578
"Debt, Net Worth",2020,(Former) Core Crown Net Debt,0.21665995038345778,317636,6.821013688103923e-5
"Debt, Net Worth",2021,(Former) Core Crown Net Debt,83352,343283,24.280841171861116
"Debt, Net Worth",2021,(Former) Core Crown Net Debt,0.24280841171861117,343283,7.073126595800292e-5
"Debt, Net Worth",2022,(Former) Core Crown Net Debt,102770,365742,28.09904249443597
"Debt, Net Worth",2022,(Former) Core Crown Net Debt,0.28099042494435966,365742,7.682749723694835e-5
"Debt, Net Worth",1992,Core Crown Net Debt,42171.797999999995,76924,54.822679527845665
"Debt, Net Worth",1993,Core Crown Net Debt,40262,79349,50.740400005041025
"Debt, Net Worth",1994,Core Crown Net Debt,38980,86031,45.30924899164255
"Debt, Net Worth",1995,Core Crown Net Debt,38680.509,91897,42.09115531518983
"Debt, Net Worth",1996,Core Crown Net Debt,33835.329,97568,34.67871535749426
"Debt, Net Worth",1997,Core Crown Net Debt,30316.781,102105,29.691769257137263
"Debt, Net Worth",1998,Core Crown Net Debt,30472.057,104918,29.043688404277628
"Debt, Net Worth",1999,Core Crown Net Debt,25922.782,108196,23.95909460608525
"Debt, Net Worth",2000,Core Crown Net Debt,25895.256,114664,22.583597292960302
"Debt, Net Worth",2001,Core Crown Net Debt,24907.976,122209,20.381457994092088
"Debt, Net Worth",2002,Core Crown Net Debt,25387.752,129943,19.537606488999025
"Debt, Net Worth",2003,Core Crown Net Debt,24530.723,137176,17.882663877063045
"Debt, Net Worth",2004,Core Crown Net Debt,23858.184999999998,147565,16.167915833700402
"Debt, Net Worth",2005,Core Crown Net Debt,19878.976000000002,156803,12.67767580977405
"Debt, Net Worth",2005,Core Crown Net Debt,0.1267767580977405,156803,8.085097740332806e-5
"Debt, Net Worth",2006,Core Crown Net Debt,16162.693,164463,9.827555742021001
"Debt, Net Worth",2006,Core Crown Net Debt,0.09827555742021002,164463,5.97554206236114e-5
"Debt, Net Worth",2007,Core Crown Net Debt,13380,175417,7.627538950044751
"Debt, Net Worth",2007,Core Crown Net Debt,0.0762753895004475,175417,4.348232468942434e-5
"Debt, Net Worth",2008,Core Crown Net Debt,10258,188928,5.429581639566396
"Debt, Net Worth",2008,Core Crown Net Debt,0.05429581639566396,188928,2.8738893332732026e-5
"Debt, Net Worth",2009,Core Crown Net Debt,17119,189877,9.015836567883419
"Debt, Net Worth",2009,Core Crown Net Debt,0.09015836567883419,189877,4.748251008749569e-5
"Debt, Net Worth",2010,Core Crown Net Debt,26738,197354,13.548243258307407
"Debt, Net Worth",2010,Core Crown Net Debt,0.13548243258307407,197354,6.864944849512758e-5
"Debt, Net Worth",2011,Core Crown Net Debt,40128,206117,19.468554267721732
"Debt, Net Worth",2011,Core Crown Net Debt,0.1946855426772173,206117,9.445389884251046e-5
"Debt, Net Worth",2012,Core Crown Net Debt,50671,215193,23.546769643993997
"Debt, Net Worth",2012,Core Crown Net Debt,0.23546769643993995,215193,1.0942163380776324e-4
"Debt, Net Worth",2013,Core Crown Net Debt,55835,219183,25.474147173822786
"Debt, Net Worth",2013,Core Crown Net Debt,0.25474147173822786,219183,1.162231887227695e-4
"Debt, Net Worth",2014,Core Crown Net Debt,59931,237128,25.273691845754193
"Debt, Net Worth",2014,Core Crown Net Debt,0.2527369184575419,237128,1.065824864451022e-4
"Debt, Net Worth",2015,Core Crown Net Debt,60631,245873,24.65947867394956
"Debt, Net Worth",2015,Core Crown Net Debt,0.24659478673949559,245873,1.0029356079744242e-4
"Debt, Net Worth",2016,Core Crown Net Debt,61880,258911,23.90010466917203
"Debt, Net Worth",2016,Core Crown Net Debt,0.23900104669172031,258911,9.231011687094032e-5
"Debt, Net Worth",2017,Core Crown Net Debt,59480,275765,21.569089623411237
"Debt, Net Worth",2017,Core Crown Net Debt,0.2156908962341124,275765,7.821547195405957e-5
"Debt, Net Worth",2018,Core Crown Net Debt,57495,295589,19.450994455138723
"Debt, Net Worth",2018,Core Crown Net Debt,0.19450994455138723,295589,6.580418911102485e-5
"Debt, Net Worth",2019,Core Crown Net Debt,57736,310323,18.6051307830873
"Debt, Net Worth",2019,Core Crown Net Debt,0.18605130783087298,310323,5.995408262709273e-5
"Debt, Net Worth",2020,Core Crown Net Debt,83375,317636,26.2485990252994
"Debt, Net Worth",2020,Core Crown Net Debt,0.262485990252994,317636,8.263735541720523e-5
"Debt, Net Worth",2021,Core Crown Net Debt,102080,343283,29.73639824867529
"Debt, Net Worth",2021,Core Crown Net Debt,0.2973639824867529,343283,8.662356786871267e-5
"Debt, Net Worth",2022,Core Crown Net Debt,128873,365742,35.236040706290225
"Debt, Net Worth",2022,Core Crown Net Debt,0.3523604070629023,365742,9.634124794606642e-5
"Debt, Net Worth",2023,Core Crown Net Debt,0.3865955253683629,401642,9.625375965869179e-5
"Debt, Net Worth",2024,Core Crown Net Debt,175464,420135,41.76371880466993
"Debt, Net Worth",2024,Core Crown Net Debt,0.41763718804669925,420135,9.940547396591555e-5
"Debt, Net Worth",2025,Core Crown Net Debt,182171,436103,41.77247118226658
"Debt, Net Worth",2025,Core Crown Net Debt,0.41772471182266574,436103,9.578579184795008e-5
"Debt, Net Worth",1972,Gross Sovereign-issued Debt,3186.5,6990,45.5865522174535
"Debt, Net Worth",1972,Gross Sovereign-issued Debt,0.4558655221745351,6990,0.0065216812900505735
"Debt, Net Worth",1973,Gross Sovereign-issued Debt,3503.1,8080,43.35519801980198
"Debt, Net Worth",1973,Gross Sovereign-issued Debt,0.43355198019801977,8080,0.005365742329183413
"Debt, Net Worth",1974,Gross Sovereign-issued Debt,3734.5,9361,39.89424206815511
"Debt, Net Worth",1974,Gross Sovereign-issued Debt,0.3989424206815511,9361,0.004261750033987299
"Debt, Net Worth",1975,Gross Sovereign-issued Debt,4199.7,10203,41.16142311084975
"Debt, Net Worth",1975,Gross Sovereign-issued Debt,0.4116142311084975,10203,0.004034247095055351
"Debt, Net Worth",1976,Gross Sovereign-issued Debt,5557.9,11506,48.304362941074224
"Debt, Net Worth",1976,Gross Sovereign-issued Debt,0.4830436294107422,11506,0.004198189026688182
"Debt, Net Worth",1977,Gross Sovereign-issued Debt,6289.2,13972,45.01288290867449
"Debt, Net Worth",1977,Gross Sovereign-issued Debt,0.4501288290867449,13972,0.0032216492204891565
"Debt, Net Worth",1978,Gross Sovereign-issued Debt,7483.8,15667,47.76791983149295
"Debt, Net Worth",1978,Gross Sovereign-issued Debt,0.4776791983149295,15667,0.0030489512881529935
"Debt, Net Worth",1979,Gross Sovereign-issued Debt,8819.5,17810,49.519932622122404
"Debt, Net Worth",1979,Gross Sovereign-issued Debt,0.49519932622122403,17810,0.002780456632348254
"Debt, Net Worth",1980,Gross Sovereign-issued Debt,10346.4,20546,50.35724715273046
"Debt, Net Worth",1980,Gross Sovereign-issued Debt,0.5035724715273046,20546,0.0024509513848306463
"Debt, Net Worth",1981,Gross Sovereign-issued Debt,11617.1,23988,48.428797732199435
"Debt, Net Worth",1981,Gross Sovereign-issued Debt,0.48428797732199436,23988,0.0020188760101800666
"Debt, Net Worth",1982,Gross Sovereign-issued Debt,14381.4,29028,49.54319966928483
"Debt, Net Worth",1982,Gross Sovereign-issued Debt,0.49543199669284826,29028,0.0017067383102275329
"Debt, Net Worth",1983,Gross Sovereign-issued Debt,18732.8,33426,56.04260156764195
"Debt, Net Worth",1983,Gross Sovereign-issued Debt,0.5604260156764196,33426,0.0016766170516257393
"Debt, Net Worth",1984,Gross Sovereign-issued Debt,21878.7,37253,58.73003516495316
"Debt, Net Worth",1984,Gross Sovereign-issued Debt,0.5873003516495316,37253,0.0015765182714131255
"Debt, Net Worth",1985,Gross Sovereign-issued Debt,28246.3,42244,66.86464349966859
"Debt, Net Worth",1985,Gross Sovereign-issued Debt,0.6686464349966859,42244,0.0015828198915743914
"Debt, Net Worth",1986,Gross Sovereign-issued Debt,32002.2,48779,65.60651099858546
"Debt, Net Worth",1986,Gross Sovereign-issued Debt,0.6560651099858545,48779,0.001344974497193166
"Debt, Net Worth",1987,Gross Sovereign-issued Debt,42472,57953,73.28697392714786
"Debt, Net Worth",1987,Gross Sovereign-issued Debt,0.7328697392714786,57953,0.0012645932726027618
"Debt, Net Worth",1988,Gross Sovereign-issued Debt,39068,65167,59.95058848803843
"Debt, Net Worth",1988,Gross Sovereign-issued Debt,0.5995058848803843,65167,9.199531739690093e-4
"Debt, Net Worth",1989,Gross Sovereign-issued Debt,39721,70629,56.238938679579206
"Debt, Net Worth",1989,Gross Sovereign-issued Debt,0.5623893867957921,70629,7.962584587008057e-4
"Debt, Net Worth",1990,Gross Sovereign-issued Debt,44347,75140,59.01916422677668
"Debt, Net Worth",1990,Gross Sovereign-issued Debt,0.5901916422677669,75140,7.85456005147414e-4
"Debt, Net Worth",1991,Gross Sovereign-issued Debt,43935,75959,57.84041390750273
"Debt, Net Worth",1991,Gross Sovereign-issued Debt,0.5784041390750273,75959,7.61468870147089e-4
"Debt, Net Worth",1992,Gross Sovereign-issued Debt,47105,76924,61.23576517081795
"Debt, Net Worth",1992,Gross Sovereign-issued Debt,0.6123576517081795,76924,7.960553945558986e-4
"Debt, Net Worth",1993,Gross Sovereign-issued Debt,47478,79349,59.834402449936356
"Debt, Net Worth",1993,Gross Sovereign-issued Debt,0.5983440244993635,79349,7.540662446903723e-4
"Debt, Net Worth",1994,Gross Sovereign-issued Debt,46429,86031,53.96775580895259
"Debt, Net Worth",1994,Gross Sovereign-issued Debt,0.5396775580895259,86031,6.273059223878902e-4
"Debt, Net Worth",1995,Gross Sovereign-issued Debt,44529.609,91897,48.45599856360925
"Debt, Net Worth",1995,Gross Sovereign-issued Debt,0.48455998563609254,91897,5.272859675899024e-4
"Debt, Net Worth",1996,Gross Sovereign-issued Debt,41900.731,97568,42.9451572236799
"Debt, Net Worth",1996,Gross Sovereign-issued Debt,0.429451572236799,97568,4.401561702984575e-4
"Debt, Net Worth",1997,Gross Sovereign-issued Debt,36236.273,102105,35.48922481758974
"Debt, Net Worth",1997,Gross Sovereign-issued Debt,0.3548922481758974,102105,3.4757577804798724e-4
"Debt, Net Worth",1998,Gross Sovereign-issued Debt,38474.788,104918,36.6712937722793
"Debt, Net Worth",1998,Gross Sovereign-issued Debt,0.36671293772279306,104918,3.4952337799309274e-4
"Debt, Net Worth",1999,Gross Sovereign-issued Debt,37307.333,108196,34.48124976893785
"Debt, Net Worth",1999,Gross Sovereign-issued Debt,0.34481249768937855,108196,3.1869246338993914e-4
"Debt, Net Worth",2000,Gross Sovereign-issued Debt,36579.976,114664,31.901883764738717
"Debt, Net Worth",2000,Gross Sovereign-issued Debt,0.31901883764738714,114664,2.782205728453456e-4
"Debt, Net Worth",2001,Gross Sovereign-issued Debt,37193.834,122209,30.43461119884788
"Debt, Net Worth",2001,Gross Sovereign-issued Debt,0.3043461119884788,122209,2.490373965816583e-4
"Debt, Net Worth",2002,Gross Sovereign-issued Debt,36650.486,129943,28.20504836736107
"Debt, Net Worth",2002,Gross Sovereign-issued Debt,0.28205048367361074,129943,2.1705708170013832e-4
"Debt, Net Worth",2003,Gross Sovereign-issued Debt,36617.22,137176,26.69360529538695
"Debt, Net Worth",2003,Gross Sovereign-issued Debt,0.26693605295386946,137176,1.9459384509963072e-4
"Debt, Net Worth",2004,Gross Sovereign-issued Debt,36017.288,147565,24.407744383830853
"Debt, Net Worth",2004,Gross Sovereign-issued Debt,0.24407744383830854,147565,1.654033435017169e-4
"Debt, Net Worth",2005,Gross Sovereign-issued Debt,35477.834,156803,22.625736752485604
"Debt, Net Worth",2005,Gross Sovereign-issued Debt,0.22625736752485603,156803,1.4429402978569035e-4
"Debt, Net Worth",2006,Gross Sovereign-issued Debt,35866.902,164463,21.808493095711498
"Debt, Net Worth",2006,Gross Sovereign-issued Debt,0.21808493095711498,164463,1.3260425199413544e-4
"Debt, Net Worth",2007,Gross Sovereign-issued Debt,36805,175417,20.98143281437945
"Debt, Net Worth",2007,Gross Sovereign-issued Debt,0.2098143281437945,175417,1.1960889089643221e-4
"Debt, Net Worth",2008,Gross Sovereign-issued Debt,37745,188928,19.97851033197832
"Debt, Net Worth",2008,Gross Sovereign-issued Debt,0.1997851033197832,188928,1.0574668832559663e-4
"Debt, Net Worth",2009,Gross Sovereign-issued Debt,50973,189877,26.845273519172938
"Debt, Net Worth",2009,Gross Sovereign-issued Debt,0.2684527351917294,189877,1.4138243978561353e-4
"Debt, Net Worth",2010,Gross Sovereign-issued Debt,58891,197354,29.840286996969912
"Debt, Net Worth",2010,Gross Sovereign-issued Debt,0.2984028699696991,197354,1.5120183526541096e-4
"Debt, Net Worth",2011,Gross Sovereign-issued Debt,77290,206117,37.49811999980594
"Debt, Net Worth",2011,Gross Sovereign-issued Debt,0.37498119999805934,206117,1.8192638161726563e-4
"Debt, Net Worth",2012,Gross Sovereign-issued Debt,84168,215193,39.112796419957895
"Debt, Net Worth",2012,Gross Sovereign-issued Debt,0.39112796419957896,215193,1.8175682489652496e-4
"Debt, Net Worth",2013,Gross Sovereign-issued Debt,84286,219183,38.45462467435887
"Debt, Net Worth",2013,Gross Sovereign-issued Debt,0.38454624674358867,219183,1.754452885231011e-4
"Debt, Net Worth",2014,Gross Sovereign-issued Debt,88468,237128,37.30812050875477
"Debt, Net Worth",2014,Gross Sovereign-issued Debt,0.37308120508754766,237128,1.573332567590279e-4
"Debt, Net Worth",2015,Gross Sovereign-issued Debt,93156,245873,37.88785267190786
"Debt, Net Worth",2015,Gross Sovereign-issued Debt,0.37887852671907857,245873,1.5409521448840605e-4
"Debt, Net Worth",2016,Gross Sovereign-issued Debt,93283,258911,36.02898293235899
"Debt, Net Worth",2016,Gross Sovereign-issued Debt,0.36028982932358994,258911,1.3915586024679905e-4
"Debt, Net Worth",2017,Gross Sovereign-issued Debt,92620,275765,33.586568273711315
"Debt, Net Worth",2017,Gross Sovereign-issued Debt,0.33586568273711315,275765,1.2179416631447542e-4
"Debt, Net Worth",2018,Gross Sovereign-issued Debt,95437,295589,32.28706074989259
"Debt, Net Worth",2018,Gross Sovereign-issued Debt,0.3228706074989259,295589,1.0922957467934391e-4
"Debt, Net Worth",2019,Gross Sovereign-issued Debt,90930,310323,29.301727554838024
"Debt, Net Worth",2019,Gross Sovereign-issued Debt,0.29301727554838025,310323,9.442331878345474e-5
"Debt, Net Worth",2020,Gross Sovereign-issued Debt,124145,317636,39.084045889005026
"Debt, Net Worth",2020,Gross Sovereign-issued Debt,0.39084045889005026,317636,1.2304665053396033e-4
"Debt, Net Worth",2021,Gross Sovereign-issued Debt,131256,343283,38.23550831238366
"Debt, Net Worth",2021,Gross Sovereign-issued Debt,0.3823550831238366,343283,1.1138188699231729e-4
"Debt, Net Worth",2022,Gross Sovereign-issued Debt,164038,365742,44.85074177972451
"Debt, Net Worth",2022,Gross Sovereign-issued Debt,0.45643832414639374,365742,1.247978969181537e-4
"Debt, Net Worth",1972,Gross debt,3186.5,6990,45.5865522174535
"Debt, Net Worth",1972,Gross debt,0.4558655221745351,6990,0.0065216812900505735
"Debt, Net Worth",1973,Gross debt,3503.1,8080,43.35519801980198
"Debt, Net Worth",1973,Gross debt,0.43355198019801977,8080,0.005365742329183413
"Debt, Net Worth",1974,Gross debt,3734.5,9361,39.89424206815511
"Debt, Net Worth",1974,Gross debt,0.3989424206815511,9361,0.004261750033987299
"Debt, Net Worth",1975,Gross debt,4199.7,10203,41.16142311084975
"Debt, Net Worth",1975,Gross debt,0.4116142311084975,10203,0.004034247095055351
"Debt, Net Worth",1976,Gross debt,5557.9,11506,48.304362941074224
"Debt, Net Worth",1976,Gross debt,0.4830436294107422,11506,0.004198189026688182
"Debt, Net Worth",1977,Gross debt,6289.2,13972,45.01288290867449
"Debt, Net Worth",1977,Gross debt,0.4501288290867449,13972,0.0032216492204891565
"Debt, Net Worth",1978,Gross debt,7483.8,15667,47.76791983149295
"Debt, Net Worth",1978,Gross debt,0.4776791983149295,15667,0.0030489512881529935
"Debt, Net Worth",1979,Gross debt,8819.5,17810,49.519932622122404
"Debt, Net Worth",1979,Gross debt,0.49519932622122403,17810,0.002780456632348254
"Debt, Net Worth",1980,Gross debt,10346.4,20546,50.35724715273046
"Debt, Net Worth",1980,Gross debt,0.5035724715273046,20546,0.0024509513848306463
"Debt, Net Worth",1981,Gross debt,11617.1,23988,48.428797732199435
"Debt, Net Worth",1981,Gross debt,0.48428797732199436,23988,0.0020188760101800666
"Debt, Net Worth",1982,Gross debt,14381.4,29028,49.54319966928483
"Debt, Net Worth",1982,Gross debt,0.49543199669284826,29028,0.0017067383102275329
"Debt, Net Worth",1983,Gross debt,18732.8,33426,56.04260156764195
"Debt, Net Worth",1983,Gross debt,0.5604260156764196,33426,0.0016766170516257393
"Debt, Net Worth",1984,Gross debt,21878.7,37253,58.73003516495316
"Debt, Net Worth",1984,Gross debt,0.5873003516495316,37253,0.0015765182714131255
"Debt, Net Worth",1985,Gross debt,28246.3,42244,66.86464349966859
"Debt, Net Worth",1985,Gross debt,0.6686464349966859,42244,0.0015828198915743914
"Debt, Net Worth",1986,Gross debt,32002.2,48779,65.60651099858546
"Debt, Net Worth",1986,Gross debt,0.6560651099858545,48779,0.001344974497193166
"Debt, Net Worth",1987,Gross debt,42472,57953,73.28697392714786
"Debt, Net Worth",1987,Gross debt,0.7328697392714786,57953,0.0012645932726027618
"Debt, Net Worth",1988,Gross debt,39068,65167,59.95058848803843
"Debt, Net Worth",1988,Gross debt,0.5995058848803843,65167,9.199531739690093e-4
"Debt, Net Worth",1989,Gross debt,39721,70629,56.238938679579206
"Debt, Net Worth",1989,Gross debt,0.5623893867957921,70629,7.962584587008057e-4
"Debt, Net Worth",1990,Gross debt,44347,75140,59.01916422677668
"Debt, Net Worth",1990,Gross debt,0.5901916422677669,75140,7.85456005147414e-4
"Debt, Net Worth",1991,Gross debt,43935,75959,57.84041390750273
"Debt, Net Worth",1991,Gross debt,0.5784041390750273,75959,7.61468870147089e-4
"Debt, Net Worth",1992,Gross debt,47105,76924,61.23576517081795
"Debt, Net Worth",1992,Gross debt,0.6123576517081795,76924,7.960553945558986e-4
"Debt, Net Worth",1993,Gross debt,47478,79349,59.834402449936356
"Debt, Net Worth",1993,Gross debt,0.5983440244993635,79349,7.540662446903723e-4
"Debt, Net Worth",1994,Gross debt,46429,86031,53.96775580895259
"Debt, Net Worth",1994,Gross debt,0.5396775580895259,86031,6.273059223878902e-4
"Debt, Net Worth",1995,Gross debt,44529.609,91897,48.45599856360925
"Debt, Net Worth",1995,Gross debt,0.48455998563609254,91897,5.272859675899024e-4
"Debt, Net Worth",1996,Gross debt,41900.731,97568,42.9451572236799
"Debt, Net Worth",1996,Gross debt,0.429451572236799,97568,4.401561702984575e-4
"Debt, Net Worth",1997,Gross debt,36236.273,102105,35.48922481758974
"Debt, Net Worth",1997,Gross debt,0.3548922481758974,102105,3.4757577804798724e-4
"Debt, Net Worth",1998,Gross debt,38474.788,104918,36.6712937722793
"Debt, Net Worth",1998,Gross debt,0.36671293772279306,104918,3.4952337799309274e-4
"Debt, Net Worth",1999,Gross debt,37307.333,108196,34.48124976893785
"Debt, Net Worth",1999,Gross debt,0.34481249768937855,108196,3.1869246338993914e-4
"Debt, Net Worth",2000,Gross debt,36579.976,114664,31.901883764738717
"Debt, Net Worth",2000,Gross debt,0.31901883764738714,114664,2.782205728453456e-4
"Debt, Net Worth",2001,Gross debt,37193.834,122209,30.43461119884788
"Debt, Net Worth",2001,Gross debt,0.3043461119884788,122209,2.490373965816583e-4
"Debt, Net Worth",2002,Gross debt,36650.486,129943,28.20504836736107
"Debt, Net Worth",2002,Gross debt,0.28205048367361074,129943,2.1705708170013832e-4
"Debt, Net Worth",2003,Gross debt,36617.22,137176,26.69360529538695
"Debt, Net Worth",2003,Gross debt,0.26693605295386946,137176,1.9459384509963072e-4
"Debt, Net Worth",2004,Gross debt,36017.288,147565,24.407744383830853
"Debt, Net Worth",2004,Gross debt,0.24407744383830854,147565,1.654033435017169e-4
"Debt, Net Worth",2005,Gross debt,35477.834,156803,22.625736752485604
"Debt, Net Worth",2005,Gross debt,0.22625736752485603,156803,1.4429402978569035e-4
"Debt, Net Worth",2006,Gross debt,33902.902,164463,20.614303521156735
"Debt, Net Worth",2006,Gross debt,0.20614303521156735,164463,1.2534310769690894e-4
"Debt, Net Worth",2007,Gross debt,30647,175417,17.47094067279682
"Debt, Net Worth",2007,Gross debt,0.17470940672796823,175417,9.959662217913214e-5
"Debt, Net Worth",2008,Gross debt,31390,188928,16.614795054200542
"Debt, Net Worth",2008,Gross debt,0.16614795054200543,188928,8.794247043424236e-5
"Debt, Net Worth",2009,Gross debt,43356,189877,22.833729203642356
"Debt, Net Worth",2009,Gross debt,0.22833729203642358,189877,1.2025537165450454e-4
"Debt, Net Worth",2010,Gross debt,53591,197354,27.154757440943683
"Debt, Net Worth",2010,Gross debt,0.27154757440943683,197354,1.3759415791391957e-4
"Debt, Net Worth",2011,Gross debt,72420,206117,35.135384272039666
"Debt, Net Worth",2011,Gross debt,0.35135384272039666,206117,1.7046330129023645e-4
"Debt, Net Worth",2012,Gross debt,79635,215193,37.00631526118415
"Debt, Net Worth",2012,Gross debt,0.3700631526118415,215193,1.7196802526654747e-4
"Debt, Net Worth",2013,Gross debt,77984,219183,35.579401687174645
"Debt, Net Worth",2013,Gross debt,0.35579401687174644,219183,1.6232737797719095e-4
"Debt, Net Worth",2014,Gross debt,81956,237128,34.561924361526266
"Debt, Net Worth",2014,Gross debt,0.34561924361526264,237128,1.457521859988119e-4
"Debt, Net Worth",2015,Gross debt,86125,245873,35.028246289751216
"Debt, Net Worth",2015,Gross debt,0.35028246289751214,245873,1.424647939779936e-4
"Debt, Net Worth",2016,Gross debt,86928,258911,33.57447153655117
"Debt, Net Worth",2016,Gross debt,0.3357447153655117,258911,1.2967572461792344e-4
"Debt, Net Worth",2017,Gross debt,87141,275765,31.599731655576306
"Debt, Net Worth",2017,Gross debt,0.3159973165557631,275765,1.1458934837842476e-4
"Debt, Net Worth",2018,Gross debt,88053,295589,29.78899756080233
"Debt, Net Worth",2018,Gross debt,0.2978899756080233,295589,1.0077843749531388e-4
"Debt, Net Worth",2019,Gross debt,84449,310323,27.213258443621648
"Debt, Net Worth",2019,Gross debt,0.27213258443621646,310323,8.769333386059572e-5
"Debt, Net Worth",2020,Gross debt,102257,317636,32.19313931670214
"Debt, Net Worth",2020,Gross debt,0.32193139316702135,317636,1.0135230048452359e-4
"Debt, Net Worth",2021,Gross debt,100835,343283,29.37372372066196
"Debt, Net Worth",2021,Gross debt,0.2937372372066196,343283,8.556707940871515e-5
"Debt, Net Worth",2022,Gross debt,118950,365742,32.52292599701429
"Debt, Net Worth",2022,Gross debt,0.3252292599701429,365742,8.892313706660512e-5
"Debt, Net Worth",2023,Gross debt,0.33808466246059926,401642,8.417562467585544e-5
"Debt, Net Worth",2024,Gross debt,175966,420135,41.883204208171186
"Debt, Net Worth",2024,Gross debt,0.4188320420817118,420135,9.968987160834298e-5
"Debt, Net Worth",2025,Gross debt,203688,436103,46.70639734191235
"Debt, Net Worth",2025,Gross debt,0.4670639734191235,436103,1.0709946352561745e-4
"Debt, Net Worth",1992,Net Debt,0,76924,0
"Debt, Net Worth",1993,Net Debt,0,79349,0
"Debt, Net Worth",1994,Net Debt,0,86031,0
"Debt, Net Worth",1995,Net Debt,0,91897,0
"Debt, Net Worth",1996,Net Debt,0,97568,0
"Debt, Net Worth",1997,Net Debt,0,102105,0
"Debt, Net Worth",1998,Net Debt,0,104918,0
"Debt, Net Worth",1999,Net Debt,0,108196,0
"Debt, Net Worth",2000,Net Debt,0,114664,0
"Debt, Net Worth",2001,Net Debt,0,122209,0
"Debt, Net Worth",2002,Net Debt,0,129943,0
"Debt, Net Worth",2003,Net Debt,0,137176,0
"Debt, Net Worth",2004,Net Debt,0,147565,0
"Debt, Net Worth",2005,Net Debt,0,156803,0
"Debt, Net Worth",2006,Net Debt,0,164463,0
"Debt, Net Worth",2007,Net Debt,0,175417,0
"Debt, Net Worth",2008,Net Debt,-9479.943,188928,-5.017754382621951
"Debt, Net Worth",2008,Net Debt,-0.05017754382621951,188928,-2.6559082733220862e-5
"Debt, Net Worth",2009,Net Debt,-1711.009,189877,-0.9011144056415469
"Debt, Net Worth",2009,Net Debt,-0.009011144056415468,189877,-4.745779666002448e-6
"Debt, Net Worth",2010,Net Debt,5124.895,197354,2.5968032064209496
"Debt, Net Worth",2010,Net Debt,0.025968032064209494,197354,1.315809766420214e-5
"Debt, Net Worth",2011,Net Debt,14554.493999999999,206117,7.061277817938355
"Debt, Net Worth",2011,Net Debt,0.07061277817938355,206117,3.425859011114248e-5
"Debt, Net Worth",2012,Net Debt,23893.395,215193,11.10323988233818
"Debt, Net Worth",2012,Net Debt,0.1110323988233818,215193,5.159665919587617e-5
"Debt, Net Worth",2013,Net Debt,25298.398999999998,219183,11.542135567083212
"Debt, Net Worth",2013,Net Debt,0.11542135567083213,219183,5.265981197028607e-5
"Debt, Net Worth",2014,Net Debt,25207.866,237128,10.630489018589117
"Debt, Net Worth",2014,Net Debt,0.10630489018589118,237128,4.483017196867985e-5
"Debt, Net Worth",2015,Net Debt,22824.858,245873,9.283190102207236
"Debt, Net Worth",2015,Net Debt,0.09283190102207237,245873,3.775603706876003e-5
"Debt, Net Worth",2016,Net Debt,23192.833,258911,8.957839952725067
"Debt, Net Worth",2016,Net Debt,0.08957839952725068,258911,3.45981435810957e-5
"Debt, Net Worth",2017,Net Debt,16248.604,275765,5.892192265153301
"Debt, Net Worth",2017,Net Debt,0.058921922651533,275765,2.1366715374152994e-5
"Debt, Net Worth",2018,Net Debt,11218.778,295589,3.7953976636478357
"Debt, Net Worth",2018,Net Debt,0.037953976636478357,295589,1.2840118081687194e-5
"Debt, Net Worth",2019,Net Debt,5432.286,310323,1.7505263870225538
"Debt, Net Worth",2019,Net Debt,0.01750526387022554,310323,5.640981773901883e-6
"Debt, Net Worth",2020,Net Debt,35710.486,317636,11.2425814454281
"Debt, Net Worth",2020,Net Debt,0.11242581445428099,317636,3.539454421233141e-5
"Debt, Net Worth",2021,Net Debt,35921,343283,10.463961221499462
"Debt, Net Worth",2021,Net Debt,0.10463961221499463,343283,3.0482025679976765e-5
"Debt, Net Worth",2022,Net Debt,61850,365742,16.910827851326893
"Debt, Net Worth",2022,Net Debt,0.16910827851326893,365742,4.6237041005208294e-5
"Debt, Net Worth",2023,Net Debt,0.17768809038895333,401642,4.424041569082749e-5
"Debt, Net Worth",2024,Net Debt,82197,420135,19.56442572030419
"Debt, Net Worth",2024,Net Debt,0.19564425720304188,420135,4.656699803706948e-5
"Debt, Net Worth",2025,Net Debt,88719,436103,20.343588555914543
"Debt, Net Worth",2025,Net Debt,0.20343588555914544,436103,4.6648586586000426e-5
"Debt, Net Worth",2002,Net Worth attributable to the Crown,22719,129943,17.48381982869412
"Debt, Net Worth",2002,Net Worth attributable to the Crown,0.1748381982869412,129943,1.3454991672267163e-4
"Debt, Net Worth",2003,Net Worth attributable to the Crown,27918,137176,20.3519566104858
"Debt, Net Worth",2003,Net Worth attributable to the Crown,0.203519566104858,137176,1.48363829026111e-4
"Debt, Net Worth",2004,Net Worth attributable to the Crown,39456,147565,26.73804764002304
"Debt, Net Worth",2004,Net Worth attributable to the Crown,0.2673804764002304,147565,1.8119505058803264e-4
"Debt, Net Worth",2005,Net Worth attributable to the Crown,54025,156803,34.454060190174935
"Debt, Net Worth",2005,Net Worth attributable to the Crown,0.34454060190174934,156803,2.1972832273728778e-4
"Debt, Net Worth",2006,Net Worth attributable to the Crown,83678,164463,50.87952913421256
"Debt, Net Worth",2006,Net Worth attributable to the Crown,0.5087952913421255,164463,3.093676336574947e-4
"Debt, Net Worth",2007,Net Worth attributable to the Crown,96458,175417,54.987829001750114
"Debt, Net Worth",2007,Net Worth attributable to the Crown,0.5498782900175011,175417,3.1346921337014146e-4
"Debt, Net Worth",2008,Net Worth attributable to the Crown,105132,188928,55.646595528455286
"Debt, Net Worth",2008,Net Worth attributable to the Crown,0.5564659552845529,188928,2.9453863656236917e-4
"Debt, Net Worth",2009,Net Worth attributable to the Crown,99068,189877,52.1748289682268
"Debt, Net Worth",2009,Net Worth attributable to the Crown,0.5217482896822679,189877,2.747822483409091e-4
"Debt, Net Worth",2010,Net Worth attributable to the Crown,94586,197354,47.92707520496164
"Debt, Net Worth",2010,Net Worth attributable to the Crown,0.47927075204961644,197354,2.4284825848455894e-4
"Debt, Net Worth",2011,Net Worth attributable to the Crown,80579,206117,39.09381564839387
"Debt, Net Worth",2011,Net Worth attributable to the Crown,0.39093815648393876,206117,1.896680800147192e-4
"Debt, Net Worth",2012,Net Worth attributable to the Crown,59348,215193,27.578963999758358
"Debt, Net Worth",2012,Net Worth attributable to the Crown,0.27578963999758355,215193,1.281592059210028e-4
"Debt, Net Worth",2013,Net Worth attributable to the Crown,68071,219183,31.056696915362963
"Debt, Net Worth",2013,Net Worth attributable to the Crown,0.31056696915362964,219183,1.4169300043964615e-4
"Debt, Net Worth",2014,Net Worth attributable to the Crown,75486,237128,31.833440167335784
"Debt, Net Worth",2014,Net Worth attributable to the Crown,0.31833440167335786,237128,1.3424580887679138e-4
"Debt, Net Worth",2015,Net Worth attributable to the Crown,86454,245873,35.16205520736315
"Debt, Net Worth",2015,Net Worth attributable to the Crown,0.3516205520736315,245873,1.4300901362639717e-4
"Debt, Net Worth",2016,Net Worth attributable to the Crown,89366,258911,34.51610785173283
"Debt, Net Worth",2016,Net Worth attributable to the Crown,0.34516107851732836,258911,1.3331263581590908e-4
"Debt, Net Worth",2017,Net Worth attributable to the Crown,110532,275765,40.081953837506575
"Debt, Net Worth",2017,Net Worth attributable to the Crown,0.40081953837506573,275765,1.45348227068361e-4
"Debt, Net Worth",2018,Net Worth attributable to the Crown,129644,295589,43.85954822405434
"Debt, Net Worth",2018,Net Worth attributable to the Crown,0.43859548224054345,295589,1.4838017728688936e-4
"Debt, Net Worth",2019,Net Worth attributable to the Crown,136949,310323,44.13111499953275
"Debt, Net Worth",2019,Net Worth attributable to the Crown,0.44131114999532745,310323,1.4221026156466889e-4
"Debt, Net Worth",2020,Net Worth attributable to the Crown,110320,317636,34.731579543880414
"Debt, Net Worth",2020,Net Worth attributable to the Crown,0.34731579543880414,317636,1.0934396461320635e-4
"Debt, Net Worth",2021,Net Worth attributable to the Crown,151469,343283,44.12365307923783
"Debt, Net Worth",2021,Net Worth attributable to the Crown,0.4412365307923783,343283,1.2853433778904817e-4
"Debt, Net Worth",2022,Net Worth attributable to the Crown,167036,365742,45.670445286568125
"Debt, Net Worth",2022,Net Worth attributable to the Crown,0.4567044528656813,365742,1.2487066097568268e-4
"Debt, Net Worth",2023,Net Worth attributable to the Crown,0.4569093869665025,401642,1.137603604619294e-4
"Debt, Net Worth",2024,Net Worth attributable to the Crown,181818,420135,43.276089828269484
"Debt, Net Worth",2024,Net Worth attributable to the Crown,0.4327608982826949,420135,1.0300520030054502e-4
"Debt, Net Worth",2025,Net Worth attributable to the Crown,179260,436103,41.104968321703815
"Debt, Net Worth",2025,Net Worth attributable to the Crown,0.41104968321703816,436103,9.425518357292616e-5
"Debt, Net Worth",1994,Total Crown Borrowings,47873,86031,55.64622054840697
"Debt, Net Worth",1994,Total Crown Borrowings,0.5564622054840697,86031,6.468159215678879e-4
"Debt, Net Worth",1995,Total Crown Borrowings,46145,91897,50.21382634906471
"Debt, Net Worth",1995,Total Crown Borrowings,0.5021382634906472,91897,5.464142066559813e-4
"Debt, Net Worth",1996,Total Crown Borrowings,43663,97568,44.751352902591016
"Debt, Net Worth",1996,Total Crown Borrowings,0.44751352902591013,97568,4.586683431308525e-4
"Debt, Net Worth",1997,Total Crown Borrowings,38968.273,102105,38.164901816757265
"Debt, Net Worth",1997,Total Crown Borrowings,0.38164901816757263,102105,3.737809295995031e-4
"Debt, Net Worth",1998,Total Crown Borrowings,40593.788,104918,38.69096627842696
"Debt, Net Worth",1998,Total Crown Borrowings,0.38690966278426964,104918,3.687733875829406e-4
"Debt, Net Worth",1999,Total Crown Borrowings,38715.333,108196,35.782591777884576
"Debt, Net Worth",1999,Total Crown Borrowings,0.35782591777884576,108196,3.307200985053475e-4
"Debt, Net Worth",2000,Total Crown Borrowings,37526.976,114664,32.72777506453639
"Debt, Net Worth",2000,Total Crown Borrowings,0.32727775064536385,114664,2.8542328075539304e-4
"Debt, Net Worth",2001,Total Crown Borrowings,38129.834,122209,31.20051223723294
"Debt, Net Worth",2001,Total Crown Borrowings,0.3120051223723294,122209,2.553045376137023e-4
"Debt, Net Worth",2002,Total Crown Borrowings,38492.456,129943,29.622569896031333
"Debt, Net Worth",2002,Total Crown Borrowings,0.29622569896031337,129943,2.2796587654611128e-4
"Debt, Net Worth",2003,Total Crown Borrowings,39327.22,137176,28.669169534029276
"Debt, Net Worth",2003,Total Crown Borrowings,0.28669169534029276,137176,2.089955206014848e-4
"Debt, Net Worth",2004,Total Crown Borrowings,37719.796,147565,25.561478670416427
"Debt, Net Worth",2004,Total Crown Borrowings,0.25561478670416427,147565,1.732218254356821e-4
"Debt, Net Worth",2005,Total Crown Borrowings,37728.361000000004,156803,24.060994368730192
"Debt, Net Worth",2005,Total Crown Borrowings,0.24060994368730193,156803,1.5344728333469508e-4
"Debt, Net Worth",2006,Total Crown Borrowings,40003.91,164463,24.323957364270385
"Debt, Net Worth",2006,Total Crown Borrowings,0.24323957364270385,164463,1.4789926831123345e-4
"Debt, Net Worth",2007,Total Crown Borrowings,41898,175417,23.884800218906946
"Debt, Net Worth",2007,Total Crown Borrowings,0.23884800218906949,175417,1.3616012255885662e-4
"Debt, Net Worth",2008,Total Crown Borrowings,46110,188928,24.406122967479675
"Debt, Net Worth",2008,Total Crown Borrowings,0.24406122967479674,188928,1.2918213799690715e-4
"Debt, Net Worth",2009,Total Crown Borrowings,61953,189877,32.62796441907129
"Debt, Net Worth",2009,Total Crown Borrowings,0.3262796441907129,189877,1.7183737060871664e-4
"Debt, Net Worth",2010,Total Crown Borrowings,69733,197354,35.333968401957904
"Debt, Net Worth",2010,Total Crown Borrowings,0.35333968401957905,197354,1.7903852165123535e-4
"Debt, Net Worth",2011,Total Crown Borrowings,90245,206117,43.783385164736536
"Debt, Net Worth",2011,Total Crown Borrowings,0.4378338516473653,206117,2.124200583393729e-4
"Debt, Net Worth",2012,Total Crown Borrowings,100534,215193,46.71806239050527
"Debt, Net Worth",2012,Total Crown Borrowings,0.46718062390505266,215193,2.1709842973751593e-4
"Debt, Net Worth",2013,Total Crown Borrowings,100087,219183,45.66366917142297
"Debt, Net Worth",2013,Total Crown Borrowings,0.45663669171422966,219183,2.0833581605974444e-4
"Debt, Net Worth",2014,Total Crown Borrowings,103419,237128,43.61315407712291
"Debt, Net Worth",2014,Total Crown Borrowings,0.43613154077122906,237128,1.8392241353666757e-4
"Debt, Net Worth",2015,Total Crown Borrowings,112580,245873,45.78786609347102
"Debt, Net Worth",2015,Total Crown Borrowings,0.4578786609347102,245873,1.8622567786406405e-4
"Debt, Net Worth",2016,Total Crown Borrowings,113956,258911,44.01357995604667
"Debt, Net Worth",2016,Total Crown Borrowings,0.4401357995604667,258911,1.699950174231557e-4
"Debt, Net Worth",2017,Total Crown Borrowings,111806,275765,40.543941399379904
"Debt, Net Worth",2017,Total Crown Borrowings,0.40543941399379907,275765,1.4702352147437093e-4
"Debt, Net Worth",2018,Total Crown Borrowings,115652,295589,39.1259485298844
"Debt, Net Worth",2018,Total Crown Borrowings,0.391259485298844,295589,1.3236605059689096e-4
"Debt, Net Worth",2019,Total Crown Borrowings,110248,310323,35.52685427763975
"Debt, Net Worth",2019,Total Crown Borrowings,0.3552685427763975,310323,1.1448347134321256e-4
"Debt, Net Worth",2020,Total Crown Borrowings,152717,317636,48.079247944187685
"Debt, Net Worth",2020,Total Crown Borrowings,0.48079247944187686,317636,1.5136586515441475e-4
"Debt, Net Worth",2021,Total Crown Borrowings,162560,343283,47.354515079395135
"Debt, Net Worth",2021,Total Crown Borrowings,0.4735451507939513,343283,1.379459952266647e-4
"Debt, Net Worth",2022,Total Crown Borrowings,203965,365742,55.76745356015989
"Debt, Net Worth",2022,Total Crown Borrowings,0.557674535601599,365742,1.524775758872645e-4
"Debt, Net Worth",2023,Total Crown Borrowings,0.5645699403946799,401642,1.4056546386948573e-4
"Debt, Net Worth",2024,Total Crown Borrowings,250943,420135,59.72913468289954
"Debt, Net Worth",2024,Total Crown Borrowings,0.5972913468289954,420135,1.4216652905113723e-4
"Debt, Net Worth",2025,Total Crown Borrowings,272085,436103,62.39007757341729
"Debt, Net Worth",2025,Total Crown Borrowings,0.6239007757341729,436103,1.4306271127100087e-4
"Debt, Net Worth",1994,Total Crown Net Worth,-3294.977443609023,86031,-3.8299885432100322
"Debt, Net Worth",1994,Total Crown Net Worth,-0.03829988543210032,86031,-4.4518703062966043e-5
"Debt, Net Worth",1995,Total Crown Net Worth,1438.8045112781965,91897,1.565670817630822
"Debt, Net Worth",1995,Total Crown Net Worth,0.01565670817630822,91897,1.703723535731114e-5
"Debt, Net Worth",1996,Total Crown Net Worth,7991.180451127821,97568,8.190370255747602
"Debt, Net Worth",1996,Total Crown Net Worth,0.08190370255747602,97568,8.394525106333636e-5
"Debt, Net Worth",1997,Total Crown Net Worth,12167.052631578948,102105,11.916216278907937
"Debt, Net Worth",1997,Total Crown Net Worth,0.11916216278907936,102105,1.167055117663967e-4
"Debt, Net Worth",1998,Total Crown Net Worth,14573.63909774436,104918,13.890504105820128
"Debt, Net Worth",1998,Total Crown Net Worth,0.13890504105820126,104918,1.3239390863169453e-4
"Debt, Net Worth",1999,Total Crown Net Worth,10792.992481203008,108196,9.97540803837758
"Debt, Net Worth",1999,Total Crown Net Worth,0.09975408038377581,108196,9.219756773242617e-5
"Debt, Net Worth",2000,Total Crown Net Worth,12605.072781954888,114664,10.993051683139335
"Debt, Net Worth",2000,Total Crown Net Worth,0.10993051683139336,114664,9.587186634985118e-5
"Debt, Net Worth",2001,Total Crown Net Worth,15450.219323308269,122209,12.642456221152509
"Debt, Net Worth",2001,Total Crown Net Worth,0.1264245622115251,122209,1.0344946952476911e-4
"Debt, Net Worth",2002,Total Crown Net Worth,22824.59946556391,129943,17.565085818831268
"Debt, Net Worth",2002,Total Crown Net Worth,0.17565085818831266,129943,1.3517531393635108e-4
"Debt, Net Worth",2003,Total Crown Net Worth,28012.279936766914,137176,20.4206857881604
"Debt, Net Worth",2003,Total Crown Net Worth,0.20420685788160403,137176,1.4886485819793843e-4
"Debt, Net Worth",2004,Total Crown Net Worth,39595.0013762406,147565,26.832244350788198
"Debt, Net Worth",2004,Total Crown Net Worth,0.268322443507882,147565,1.818333910533541e-4
"Debt, Net Worth",2005,Total Crown Net Worth,54240.46857962406,156803,34.591473747073756
"Debt, Net Worth",2005,Total Crown Net Worth,0.34591473747073753,156803,2.2060466794049702e-4
"Debt, Net Worth",2006,Total Crown Net Worth,83971,164463,51.05768470719858
"Debt, Net Worth",2006,Total Crown Net Worth,0.5105768470719858,164463,3.104508899095759e-4
"Debt, Net Worth",2007,Total Crown Net Worth,96827,175417,55.19818489656077
"Debt, Net Worth",2007,Total Crown Net Worth,0.5519818489656076,175417,3.1466838958915476e-4
"Debt, Net Worth",2008,Total Crown Net Worth,105514,188928,55.84878895663957
"Debt, Net Worth",2008,Total Crown Net Worth,0.5584878895663956,188928,2.956088507613459e-4
"Debt, Net Worth",2009,Total Crown Net Worth,99515,189877,52.41024452671993
"Debt, Net Worth",2009,Total Crown Net Worth,0.5241024452671993,189877,2.760220802241447e-4
"Debt, Net Worth",2010,Total Crown Net Worth,94988,197354,48.13077008826778
"Debt, Net Worth",2010,Total Crown Net Worth,0.4813077008826778,197354,2.4388038797423808e-4
"Debt, Net Worth",2011,Total Crown Net Worth,80887,206117,39.24324534123823
"Debt, Net Worth",2011,Total Crown Net Worth,0.3924324534123823,206117,1.9039305511548405e-4
"Debt, Net Worth",2012,Total Crown Net Worth,59780,215193,27.779714024155062
"Debt, Net Worth",2012,Total Crown Net Worth,0.2777971402415506,215193,1.2909208953894904e-4
"Debt, Net Worth",2013,Total Crown Net Worth,70011,219183,31.94180205581637
"Debt, Net Worth",2013,Total Crown Net Worth,0.3194180205581637,219183,1.457312020358165e-4
"Debt, Net Worth",2014,Total Crown Net Worth,80697,237128,34.03098748355318
"Debt, Net Worth",2014,Total Crown Net Worth,0.3403098748355319,237128,1.4351315527290405e-4
"Debt, Net Worth",2015,Total Crown Net Worth,92236,245873,37.51367575943678
"Debt, Net Worth",2015,Total Crown Net Worth,0.3751367575943678,245873,1.52573384468554e-4
"Debt, Net Worth",2016,Total Crown Net Worth,95521,258911,36.89337262611477
"Debt, Net Worth",2016,Total Crown Net Worth,0.3689337262611477,258911,1.4249441941869897e-4
"Debt, Net Worth",2017,Total Crown Net Worth,116472,275765,42.235961779051
"Debt, Net Worth",2017,Total Crown Net Worth,0.42235961779051,275765,1.531592543616884e-4
"Debt, Net Worth",2018,Total Crown Net Worth,135637,295589,45.88702556590401
"Debt, Net Worth",2018,Total Crown Net Worth,0.4588702556590401,295589,1.5523928686758985e-4
"Debt, Net Worth",2019,Total Crown Net Worth,143339,310323,46.19025982605221
"Debt, Net Worth",2019,Total Crown Net Worth,0.4619025982605221,310323,1.4884575047950752e-4
"Debt, Net Worth",2020,Total Crown Net Worth,115943,317636,36.50184487904394
"Debt, Net Worth",2020,Total Crown Net Worth,0.3650184487904394,317636,1.1491721618155353e-4
"Debt, Net Worth",2021,Total Crown Net Worth,157193,343283,45.79108199357381
"Debt, Net Worth",2021,Total Crown Net Worth,0.4579108199357382,343283,1.333916389497115e-4
"Debt, Net Worth",2022,Total Crown Net Worth,174319,365742,47.66173969628864
"Debt, Net Worth",2022,Total Crown Net Worth,0.4766173969628864,365742,1.3031519403374137e-4
"Debt, Net Worth",2023,Total Crown Net Worth,0.47672305187206515,401642,1.1869352604360728e-4
"Debt, Net Worth",2024,Total Crown Net Worth,191049,420135,45.47324074404656
"Debt, Net Worth",2024,Total Crown Net Worth,0.45473240744046556,420135,1.082348310520346e-4
"Debt, Net Worth",2025,Total Crown Net Worth,189128,436103,43.3677365209595
"Debt, Net Worth",2025,Total Crown Net Worth,0.433677365209595,436103,9.944379314281144e-5
NZS Fund series,2002,Crown contributions to the NZS Fund,600,129943,0.46174091717137516
NZS Fund series,2002,Crown contributions to the NZS Fund,0.004617409171713751,129943,3.553411243171045e-6
NZS Fund series,2003,Crown contributions to the NZS Fund,1200,137176,0.8747885927567505
NZS Fund series,2003,Crown contributions to the NZS Fund,0.008747885927567504,137176,6.377125683477797e-6
NZS Fund series,2004,Crown contributions to the NZS Fund,1879,147565,1.2733371734489887
NZS Fund series,2004,Crown contributions to the NZS Fund,0.012733371734489886,147565,8.62899178971293e-6
NZS Fund series,2005,Crown contributions to the NZS Fund,2107,156803,1.3437242909893305
NZS Fund series,2005,Crown contributions to the NZS Fund,0.013437242909893305,156803,8.569506265755952e-6
NZS Fund series,2006,Crown contributions to the NZS Fund,2337,164463,1.4209883074004488
NZS Fund series,2006,Crown contributions to the NZS Fund,0.014209883074004488,164463,8.640170174449262e-6
NZS Fund series,2007,Crown contributions to the NZS Fund,2049,175417,1.1680737898835347
NZS Fund series,2007,Crown contributions to the NZS Fund,0.011680737898835346,175417,6.658840305577764e-6
NZS Fund series,2008,Crown contributions to the NZS Fund,2104,188928,1.1136517615176151
NZS Fund series,2008,Crown contributions to the NZS Fund,0.011136517615176152,188928,5.894582917924369e-6
NZS Fund series,2009,Crown contributions to the NZS Fund,2243,189877,1.1812910463089263
NZS Fund series,2009,Crown contributions to the NZS Fund,0.011812910463089262,189877,6.221348801112964e-6
NZS Fund series,2010,Crown contributions to the NZS Fund,250,197354,0.1266759224540673
NZS Fund series,2010,Crown contributions to the NZS Fund,0.001266759224540673,197354,6.41871573183555e-7
NZS Fund series,2011,Crown contributions to the NZS Fund,0,206117,0
NZS Fund series,2011,Crown contributions to the NZS Fund,0,206117,0
NZS Fund series,2012,Crown contributions to the NZS Fund,0,215193,0
NZS Fund series,2012,Crown contributions to the NZS Fund,0,215193,0
NZS Fund series,2013,Crown contributions to the NZS Fund,0,219183,0
NZS Fund series,2013,Crown contributions to the NZS Fund,0,219183,0
NZS Fund series,2014,Crown contributions to the NZS Fund,0,237128,0
NZS Fund series,2014,Crown contributions to the NZS Fund,0,237128,0
NZS Fund series,2015,Crown contributions to the NZS Fund,0,245873,0
NZS Fund series,2015,Crown contributions to the NZS Fund,0,245873,0
NZS Fund series,2016,Crown contributions to the NZS Fund,0,258911,0
NZS Fund series,2016,Crown contributions to the NZS Fund,0,258911,0
NZS Fund series,2017,Crown contributions to the NZS Fund,0,275765,0
NZS Fund series,2017,Crown contributions to the NZS Fund,0,275765,0
NZS Fund series,2018,Crown contributions to the NZS Fund,500,295589,0.16915379124392316
NZS Fund series,2018,Crown contributions to the NZS Fund,0.0016915379124392315,295589,5.722601018438547e-7
NZS Fund series,2019,Crown contributions to the NZS Fund,1000,310323,0.32224488677925905
NZS Fund series,2019,Crown contributions to the NZS Fund,0.00322244886779259,310323,1.0384176705537747e-6
NZS Fund series,2020,Crown contributions to the NZS Fund,1460,317636,0.4596456321071919
NZS Fund series,2020,Crown contributions to the NZS Fund,0.004596456321071919,317636,1.4470829254467123e-6
NZS Fund series,2021,Crown contributions to the NZS Fund,2120,343283,0.6175662645688834
NZS Fund series,2021,Crown contributions to the NZS Fund,0.006175662645688834,343283,1.7990004298753023e-6
NZS Fund series,2022,Crown contributions to the NZS Fund,2420,365742,0.6616686079258056
NZS Fund series,2022,Crown contributions to the NZS Fund,0.006616686079258056,365742,1.8091130029523697e-6
NZS Fund series,2023,Crown contributions to the NZS Fund,2558,401642,0.6368855846749095
NZS Fund series,2023,Crown contributions to the NZS Fund,0.006368855846749095,401642,1.5857046441231482e-6
NZS Fund series,2024,Crown contributions to the NZS Fund,1614,420135,0.3841622335677818
NZS Fund series,2024,Crown contributions to the NZS Fund,0.003841622335677818,420135,9.143780774460157e-7
NZS Fund series,2025,Crown contributions to the NZS Fund,879,436103,0.20155788884735945
NZS Fund series,2025,Crown contributions to the NZS Fund,0.0020155788884735947,436103,4.621795512696759e-7
NZS Fund series,2002,NZS Fund Current Tax expense,0,129943,0
NZS Fund series,2002,NZS Fund Current Tax expense,0,129943,0
NZS Fund series,2003,NZS Fund Current Tax expense,0,137176,0
NZS Fund series,2003,NZS Fund Current Tax expense,0,137176,0
NZS Fund series,2004,NZS Fund Current Tax expense,77,147565,0.05218039508013418
NZS Fund series,2004,NZS Fund Current Tax expense,5.218039508013418e-4,147565,3.5360956243102484e-7
NZS Fund series,2005,NZS Fund Current Tax expense,234,156803,0.14923183867655593
NZS Fund series,2005,NZS Fund Current Tax expense,0.0014923183867655593,156803,9.517154561874195e-7
NZS Fund series,2006,NZS Fund Current Tax expense,468,164463,0.2845624851790372
NZS Fund series,2006,NZS Fund Current Tax expense,0.0028456248517903723,164463,1.7302523070784144e-6
NZS Fund series,2007,NZS Fund Current Tax expense,707,175417,0.40303961417650513
NZS Fund series,2007,NZS Fund Current Tax expense,0.004030396141765051,175417,2.2976086364292236e-6
NZS Fund series,2008,NZS Fund Current Tax expense,237,188928,0.12544461382113822
NZS Fund series,2008,NZS Fund Current Tax expense,0.0012544461382113822,188928,6.639810606217089e-7
NZS Fund series,2009,NZS Fund Current Tax expense,4,189877,0.0021066269216387453
NZS Fund series,2009,NZS Fund Current Tax expense,2.1066269216387452e-5,189877,1.109469246743284e-8
NZS Fund series,2010,NZS Fund Current Tax expense,-27,197354,-0.01368099962503927
NZS Fund series,2010,NZS Fund Current Tax expense,-1.368099962503927e-4,197354,-6.932212990382393e-8
NZS Fund series,2011,NZS Fund Current Tax expense,872,206117,0.4230606888320711
NZS Fund series,2011,NZS Fund Current Tax expense,0.004230606888320711,206117,2.052526908659019e-6
NZS Fund series,2012,NZS Fund Current Tax expense,160,215193,0.07435186088766828
NZS Fund series,2012,NZS Fund Current Tax expense,7.435186088766828e-4,215193,3.455124510911985e-7
NZS Fund series,2013,NZS Fund Current Tax expense,983,219183,0.44848368714726966
NZS Fund series,2013,NZS Fund Current Tax expense,0.004484836871472696,219183,2.0461609118739573e-6
NZS Fund series,2014,NZS Fund Current Tax expense,1074,237128,0.45291994197226815
NZS Fund series,2014,NZS Fund Current Tax expense,0.004529199419722681,237128,1.910023033856264e-6
NZS Fund series,2015,NZS Fund Current Tax expense,46,245873,0.018708845623553624
NZS Fund series,2015,NZS Fund Current Tax expense,1.8708845623553624e-4,245873,7.609150099260034e-8
NZS Fund series,2016,NZS Fund Current Tax expense,512,258911,0.1977513508502922
NZS Fund series,2016,NZS Fund Current Tax expense,0.001977513508502922,258911,7.637811867795968e-7
NZS Fund series,2017,NZS Fund Current Tax expense,1139,275765,0.4130328359291426
NZS Fund series,2017,NZS Fund Current Tax expense,0.0041303283592914256,275765,1.4977710584343283e-6
NZS Fund series,2018,NZS Fund Current Tax expense,241,295589,0.08153212737957095
NZS Fund series,2018,NZS Fund Current Tax expense,8.153212737957096e-4,295589,2.758293690887379e-7
NZS Fund series,2019,NZS Fund Current Tax expense,540,310323,0.1740122388607999
NZS Fund series,2019,NZS Fund Current Tax expense,0.0017401223886079988,310323,5.607455420990384e-7
NZS Fund series,2020,NZS Fund Current Tax expense,448,317636,0.14104194738631642
NZS Fund series,2020,NZS Fund Current Tax expense,0.0014104194738631642,317636,4.44036404520635e-7
NZS Fund series,2021,NZS Fund Current Tax expense,2156,343283,0.6280532388728833
NZS Fund series,2021,NZS Fund Current Tax expense,0.006280532388728833,343283,1.8295494937788452e-6
NZS Fund series,2022,NZS Fund Current Tax expense,35,365742,0.009569587304712066
NZS Fund series,2022,NZS Fund Current Tax expense,9.569587304712065e-5,365742,2.6164857480716093e-8
NZS Fund series,2023,NZS Fund Current Tax expense,127,401642,0.03162019908276525
NZS Fund series,2023,NZS Fund Current Tax expense,3.162019908276525e-4,401642,7.87273220498983e-8
NZS Fund series,2024,NZS Fund Current Tax expense,1290,420135,0.3070441643757364
NZS Fund series,2024,NZS Fund Current Tax expense,0.0030704416437573635,420135,7.308226269549938e-7
NZS Fund series,2025,NZS Fund Current Tax expense,1755,436103,0.40242786681128084
NZS Fund series,2025,NZS Fund Current Tax expense,0.004024278668112808,436103,9.227816979275098e-7
NZS Fund series,2002,NZS Fund Gains/(losses),0,129943,0
NZS Fund series,2002,NZS Fund Gains/(losses),0,129943,0
NZS Fund series,2003,NZS Fund Gains/(losses),0,137176,0
NZS Fund series,2003,NZS Fund Gains/(losses),0,137176,0
NZS Fund series,2004,NZS Fund Gains/(losses),146,147565,0.09893945041168299
NZS Fund series,2004,NZS Fund Gains/(losses),9.893945041168299e-4,147565,6.704804690250601e-7
NZS Fund series,2005,NZS Fund Gains/(losses),557,156803,0.3552227954822293
NZS Fund series,2005,NZS Fund Gains/(losses),0.003552227954822293,156803,2.2654081585315925e-6
NZS Fund series,2006,NZS Fund Gains/(losses),1130,164463,0.6870846330177608
NZS Fund series,2006,NZS Fund Gains/(losses),0.006870846330177608,164463,4.17774595512523e-6
NZS Fund series,2007,NZS Fund Gains/(losses),1313,175417,0.7485021406135095
NZS Fund series,2007,NZS Fund Gains/(losses),0.007485021406135095,175417,4.266987467654272e-6
NZS Fund series,2008,NZS Fund Gains/(losses),-995,188928,-0.5266556571815718
NZS Fund series,2008,NZS Fund Gains/(losses),-0.005266556571815718,188928,-2.7875998114708873e-6
NZS Fund series,2009,NZS Fund Gains/(losses),-3495,189877,-1.8406652727818535
NZS Fund series,2009,NZS Fund Gains/(losses),-0.018406652727818534,189877,-9.693987543419442e-6
NZS Fund series,2010,NZS Fund Gains/(losses),1750,197354,0.8867314571784711
NZS Fund series,2010,NZS Fund Gains/(losses),0.008867314571784711,197354,4.493101012284884e-6
NZS Fund series,2011,NZS Fund Gains/(losses),3518,206117,1.706797595540397
NZS Fund series,2011,NZS Fund Gains/(losses),0.01706797595540397,206117,8.280722092502788e-6
NZS Fund series,2012,NZS Fund Gains/(losses),-204,215193,-0.09479862263177706
NZS Fund series,2012,NZS Fund Gains/(losses),-9.479862263177706e-4,215193,-4.4052837514127813e-7
NZS Fund series,2013,NZS Fund Gains/(losses),4374,219183,1.9955927238882578
NZS Fund series,2013,NZS Fund Gains/(losses),0.01995592723888258,219183,9.10468751631403e-6
NZS Fund series,2014,NZS Fund Gains/(losses),3735,237128,1.5750986808812117
NZS Fund series,2014,NZS Fund Gains/(losses),0.01575098680881212,237128,6.642398539528069e-6
NZS Fund series,2015,NZS Fund Gains/(losses),3156,245873,1.2835894953898963
NZS Fund series,2015,NZS Fund Gains/(losses),0.012835894953898964,245873,5.220538633318406e-6
NZS Fund series,2016,NZS Fund Gains/(losses),-76,258911,-0.029353716141840246
NZS Fund series,2016,NZS Fund Gains/(losses),-2.935371614184025e-4,258911,-1.1337376991259641e-7
NZS Fund series,2017,NZS Fund Gains/(losses),5512,275765,1.9988033289213643
NZS Fund series,2017,NZS Fund Gains/(losses),0.01998803328921364,275765,7.248212532124686e-6
NZS Fund series,2018,NZS Fund Gains/(losses),3564,295589,1.2057282239866842
NZS Fund series,2018,NZS Fund Gains/(losses),0.012057282239866842,295589,4.079070005942996e-6
NZS Fund series,2019,NZS Fund Gains/(losses),1986,310323,0.6399783451436084
NZS Fund series,2019,NZS Fund Gains/(losses),0.006399783451436085,310323,2.062297493719797e-6
NZS Fund series,2020,NZS Fund Gains/(losses),17,317636,0.005352038182070042
NZS Fund series,2020,NZS Fund Gains/(losses),5.3520381820700426e-5,317636,1.684959570725624e-8
NZS Fund series,2021,NZS Fund Gains/(losses),12786,343283,3.7246237069706334
NZS Fund series,2021,NZS Fund Gains/(losses),0.03724623706970633,343283,1.0850009196408308e-5
NZS Fund series,2022,NZS Fund Gains/(losses),-5133,365742,-1.403448332431058
NZS Fund series,2022,NZS Fund Gains/(losses),-0.014034483324310579,365742,-3.837263241386163e-6
NZS Fund series,2023,NZS Fund Gains/(losses),5766,401642,1.435606833946649
NZS Fund series,2023,NZS Fund Gains/(losses),0.01435606833946649,401642,3.5743444011001064e-6
NZS Fund series,2024,NZS Fund Gains/(losses),8352,420135,1.9879324502838374
NZS Fund series,2024,NZS Fund Gains/(losses),0.019879324502838372,420135,4.7316516126574485e-6
NZS Fund series,2025,NZS Fund Gains/(losses),7313,436103,1.6768974301942432
NZS Fund series,2025,NZS Fund Gains/(losses),0.016768974301942432,436103,3.845186642133265e-6
NZS Fund series,2002,NZS Fund Net worth,615,129943,0.4732844401006595
NZS Fund series,2002,NZS Fund Net worth,0.004732844401006595,129943,3.6422465242503214e-6
NZS Fund series,2003,NZS Fund Net worth,1884,137176,1.3734180906280982
NZS Fund series,2003,NZS Fund Net worth,0.013734180906280983,137176,1.0012087323060145e-5
NZS Fund series,2004,NZS Fund Net worth,3956,147565,2.680852505675465
NZS Fund series,2004,NZS Fund Net worth,0.02680852505675465,147565,1.8167265311391354e-5
NZS Fund series,2005,NZS Fund Net worth,6555,156803,4.180404711644548
NZS Fund series,2005,NZS Fund Net worth,0.041804047116445475,156803,2.6660234253455272e-5
NZS Fund series,2006,NZS Fund Net worth,9855,164463,5.992229255212418
NZS Fund series,2006,NZS Fund Net worth,0.05992229255212419,164463,3.6435120697131996e-5
NZS Fund series,2007,NZS Fund Net worth,12973,175417,7.395520388559832
NZS Fund series,2007,NZS Fund Net worth,0.07395520388559831,175417,4.2159656068453064e-5
NZS Fund series,2008,NZS Fund Net worth,14212,188928,7.5224424119241196
NZS Fund series,2008,NZS Fund Net worth,0.0752244241192412,188928,3.9816450774496736e-5
NZS Fund series,2009,NZS Fund Net worth,13688,189877,7.208877325847785
NZS Fund series,2009,NZS Fund Net worth,0.07208877325847786,189877,3.796603762355518e-5
NZS Fund series,2010,NZS Fund Net worth,15656,197354,7.932952967763511
NZS Fund series,2010,NZS Fund Net worth,0.07932952967763511,197354,4.019656539904695e-5
NZS Fund series,2011,NZS Fund Net worth,18652,206117,9.049229321210769
NZS Fund series,2011,NZS Fund Net worth,0.09049229321210768,206117,4.3903362270995445e-5
NZS Fund series,2012,NZS Fund Net worth,18703,215193,8.691267838637874
NZS Fund series,2012,NZS Fund Net worth,0.08691267838637874,215193,4.038824607974178e-5
NZS Fund series,2013,NZS Fund Net worth,22549,219183,10.287750418599982
NZS Fund series,2013,NZS Fund Net worth,0.10287750418599982,219183,4.693680814022977e-5
NZS Fund series,2014,NZS Fund Net worth,25809,237128,10.88399514186431
NZS Fund series,2014,NZS Fund Net worth,0.1088399514186431,237128,4.589924067113251e-5
NZS Fund series,2015,NZS Fund Net worth,29522,245873,12.00701174996848
NZS Fund series,2015,NZS Fund Net worth,0.1200701174996848,245873,4.8834202006598854e-5
NZS Fund series,2016,NZS Fund Net worth,29527,258911,11.404304954212066
NZS Fund series,2016,NZS Fund Net worth,0.11404304954212065,258911,4.404720137117413e-5
NZS Fund series,2017,NZS Fund Net worth,34506,275765,12.512827951335376
NZS Fund series,2017,NZS Fund Net worth,0.12512827951335376,275765,4.537496764032918e-5
NZS Fund series,2018,NZS Fund Net worth,39053,295589,13.211926018897861
NZS Fund series,2018,NZS Fund Net worth,0.13211926018897863,295589,4.469694751461612e-5
NZS Fund series,2019,NZS Fund Net worth,42445,310323,13.67768421934565
NZS Fund series,2019,NZS Fund Net worth,0.13677684219345648,310323,4.407563802665497e-5
NZS Fund series,2020,NZS Fund Net worth,43997,317636,13.851389640972686
NZS Fund series,2020,NZS Fund Net worth,0.13851389640972686,317636,4.360774484306781e-5
NZS Fund series,2021,NZS Fund Net worth,57365,343283,16.710702248582074
NZS Fund series,2021,NZS Fund Net worth,0.16710702248582074,343283,4.867908474518713e-5
NZS Fund series,2022,NZS Fund Net worth,56210,365742,15.368757211367576
NZS Fund series,2022,NZS Fund Net worth,0.15368757211367576,365742,4.2020761114030045e-5
NZS Fund series,2023,NZS Fund Net worth,64673,401642,16.10215067149352
NZS Fund series,2023,NZS Fund Net worth,0.1610215067149352,401642,4.009080392860686e-5
NZS Fund series,2024,NZS Fund Net worth,74819,420135,17.808323515060636
NZS Fund series,2024,NZS Fund Net worth,0.17808323515060634,420135,4.238714583422147e-5
NZS Fund series,2025,NZS Fund Net worth,82847,436103,18.997117653398394
NZS Fund series,2025,NZS Fund Net worth,0.18997117653398393,436103,4.356107995908855e-5
NZS Fund series,2002,NZS Fund Other Expenses and movements*,0,129943,0
NZS Fund series,2002,NZS Fund Other Expenses and movements*,0,129943,0
NZS Fund series,2003,NZS Fund Other Expenses and movements*,0,137176,0
NZS Fund series,2003,NZS Fund Other Expenses and movements*,0,137176,0
NZS Fund series,2004,NZS Fund Other Expenses and movements*,7,147565,0.004743672280012198
NZS Fund series,2004,NZS Fund Other Expenses and movements*,4.743672280012198e-5,147565,3.214632385736589e-8
NZS Fund series,2005,NZS Fund Other Expenses and movements*,22,156803,0.014030343807197566
NZS Fund series,2005,NZS Fund Other Expenses and movements*,1.4030343807197566e-4,156803,8.947752152189413e-8
NZS Fund series,2006,NZS Fund Other Expenses and movements*,58,164463,0.03526629089825675
NZS Fund series,2006,NZS Fund Other Expenses and movements*,3.526629089825675e-4,164463,2.1443297822766673e-7
NZS Fund series,2007,NZS Fund Other Expenses and movements*,-28,175417,-0.01596196491788139
NZS Fund series,2007,NZS Fund Other Expenses and movements*,-1.596196491788139e-4,175417,-9.099440144274153e-8
NZS Fund series,2008,NZS Fund Other Expenses and movements*,18,188928,0.009527439024390244
NZS Fund series,2008,NZS Fund Other Expenses and movements*,9.527439024390244e-5,188928,5.042894131304118e-8
NZS Fund series,2009,NZS Fund Other Expenses and movements*,-349,189877,-0.1838031989129805
NZS Fund series,2009,NZS Fund Other Expenses and movements*,-0.0018380319891298051,189877,-9.680119177835152e-7
NZS Fund series,2010,NZS Fund Other Expenses and movements*,492,197354,0.24929821538960448
NZS Fund series,2010,NZS Fund Other Expenses and movements*,0.0024929821538960447,197354,1.2632032560252363e-6
NZS Fund series,2011,NZS Fund Other Expenses and movements*,168,206117,0.0815071051878302
NZS Fund series,2011,NZS Fund Other Expenses and movements*,8.150710518783021e-4,206117,3.954409640535725e-7
NZS Fund series,2012,NZS Fund Other Expenses and movements*,124,215193,0.057622692187942914
NZS Fund series,2012,NZS Fund Other Expenses and movements*,5.762269218794291e-4,215193,2.677721495956788e-7
NZS Fund series,2013,NZS Fund Other Expenses and movements*,140,219183,0.0638735668368441
NZS Fund series,2013,NZS Fund Other Expenses and movements*,6.38735668368441e-4,219183,2.914166100329136e-7
NZS Fund series,2014,NZS Fund Other Expenses and movements*,164,237128,0.06916095948179886
NZS Fund series,2014,NZS Fund Other Expenses and movements*,6.916095948179886e-4,237128,2.916608729538429e-7
NZS Fund series,2015,NZS Fund Other Expenses and movements*,198,245873,0.0805293789883395
NZS Fund series,2015,NZS Fund Other Expenses and movements*,8.052937898833951e-4,245873,3.275242868811928e-7
NZS Fund series,2016,NZS Fund Other Expenses and movements*,138,258911,0.05330016878386781
NZS Fund series,2016,NZS Fund Other Expenses and movements*,5.330016878386781e-4,258911,2.058628979991882e-7
NZS Fund series,2017,NZS Fund Other Expenses and movements*,227,275765,0.08231646510615923
NZS Fund series,2017,NZS Fund Other Expenses and movements*,8.231646510615923e-4,275765,2.9850222147901014e-7
NZS Fund series,2018,NZS Fund Other Expenses and movements*,341,295589,0.11536288562835559
NZS Fund series,2018,NZS Fund Other Expenses and movements*,0.0011536288562835559,295589,3.9028138945750884e-7
NZS Fund series,2019,NZS Fund Other Expenses and movements*,255,310323,0.08217244612871105
NZS Fund series,2019,NZS Fund Other Expenses and movements*,8.217244612871105e-4,310323,2.6479650599121253e-7
NZS Fund series,2020,NZS Fund Other Expenses and movements*,150,317636,0.04722386631238273
NZS Fund series,2020,NZS Fund Other Expenses and movements*,4.7223866312382727e-4,317636,1.4867290329931975e-7
NZS Fund series,2021,NZS Fund Other Expenses and movements*,124,343283,0.03612180038044412
NZS Fund series,2021,NZS Fund Other Expenses and movements*,3.6121800380444126e-4,343283,1.0522455344553655e-7
NZS Fund series,2022,NZS Fund Other Expenses and movements*,-516,365742,-0.1410830585494693
NZS Fund series,2022,NZS Fund Other Expenses and movements*,-0.001410830585494693,365742,-3.8574475600141434e-7
NZS Fund series,2023,NZS Fund Other Expenses and movements*,1054,401642,0.2624227545923982
NZS Fund series,2023,NZS Fund Other Expenses and movements*,0.002624227545923982,401642,6.533747829967937e-7
NZS Fund series,2024,NZS Fund Other Expenses and movements*,189,420135,0.04498554036202649
NZS Fund series,2024,NZS Fund Other Expenses and movements*,4.498554036202649e-4,420135,1.0707401278642934e-7
NZS Fund series,2025,NZS Fund Other Expenses and movements*,193,436103,0.044255600167850254
NZS Fund series,2025,NZS Fund Other Expenses and movements*,4.4255600167850253e-4,436103,1.0147969669516205e-7
NZS Fund series,2002,NZS Fund Revenue,15,129943,0.011543522929284379
NZS Fund series,2002,NZS Fund Revenue,1.1543522929284378e-4,129943,8.883528107927612e-8
NZS Fund series,2003,NZS Fund Revenue,69,137176,0.05030034408351315
NZS Fund series,2003,NZS Fund Revenue,5.030034408351316e-4,137176,3.6668472679997343e-7
NZS Fund series,2004,NZS Fund Revenue,131,147565,0.08877443838308542
NZS Fund series,2004,NZS Fund Revenue,8.877443838308542e-4,147565,6.015954893307046e-7
NZS Fund series,2005,NZS Fund Revenue,191,156803,0.12180889396248797
NZS Fund series,2005,NZS Fund Revenue,0.0012180889396248796,156803,7.768275732128082e-7
NZS Fund series,2006,NZS Fund Revenue,359,164463,0.21828617987024437
NZS Fund series,2006,NZS Fund Revenue,0.0021828617987024435,164463,1.3272661928229714e-6
NZS Fund series,2007,NZS Fund Revenue,436,175417,0.2485505965784388
NZS Fund series,2007,NZS Fund Revenue,0.002485505965784388,175417,1.4169128224655467e-6
NZS Fund series,2008,NZS Fund Revenue,385,188928,0.2037813346883469
NZS Fund series,2008,NZS Fund Revenue,0.002037813346883469,188928,1.0786190225289364e-6
NZS Fund series,2009,NZS Fund Revenue,383,189877,0.20170952774690984
NZS Fund series,2009,NZS Fund Revenue,0.0020170952774690985,189877,1.0623168037566942e-6
NZS Fund series,2010,NZS Fund Revenue,433,197354,0.21940269769044457
NZS Fund series,2010,NZS Fund Revenue,0.0021940269769044458,197354,1.111721564753917e-6
NZS Fund series,2011,NZS Fund Revenue,518,206117,0.25131357432914314
NZS Fund series,2011,NZS Fund Revenue,0.0025131357432914316,206117,1.2192763058318487e-6
NZS Fund series,2012,NZS Fund Revenue,539,215193,0.2504728313653325
NZS Fund series,2012,NZS Fund Revenue,0.002504728313653325,215193,1.163945069613475e-6
NZS Fund series,2013,NZS Fund Revenue,595,219183,0.2714626590565874
NZS Fund series,2013,NZS Fund Revenue,0.0027146265905658743,219183,1.2385205926398828e-6
NZS Fund series,2014,NZS Fund Revenue,767,237128,0.3234539995276813
NZS Fund series,2014,NZS Fund Revenue,0.0032345399952768126,237128,1.3640481070463265e-6
NZS Fund series,2015,NZS Fund Revenue,760,245873,0.30910266682392945
NZS Fund series,2015,NZS Fund Revenue,0.0030910266682392944,245873,1.2571639294429622e-6
NZS Fund series,2016,NZS Fund Revenue,752,258911,0.29044729656136664
NZS Fund series,2016,NZS Fund Revenue,0.0029044729656136667,258911,1.1218036180825328e-6
NZS Fund series,2017,NZS Fund Revenue,833,275765,0.30206879045564156
NZS Fund series,2017,NZS Fund Revenue,0.0030206879045564156,275765,1.0953848039295835e-6
NZS Fund series,2018,NZS Fund Revenue,935,295589,0.31631758962613626
NZS Fund series,2018,NZS Fund Revenue,0.0031631758962613627,295589,1.0701263904480082e-6
NZS Fund series,2019,NZS Fund Revenue,1133,310323,0.3651034567209005
NZS Fund series,2019,NZS Fund Revenue,0.0036510345672090046,310323,1.1765272207374266e-6
NZS Fund series,2020,NZS Fund Revenue,803,317636,0.25280509765895554
NZS Fund series,2020,NZS Fund Revenue,0.0025280509765895553,317636,7.958956089956917e-7
NZS Fund series,2021,NZS Fund Revenue,742,343283,0.2161481925991092
NZS Fund series,2021,NZS Fund Revenue,0.0021614819259910918,343283,6.296501504563557e-7
NZS Fund series,2022,NZS Fund Revenue,1077,365742,0.294469872204997
NZS Fund series,2022,NZS Fund Revenue,0.0029446987220499697,365742,8.051300430494638e-7
NZS Fund series,2023,NZS Fund Revenue,1320,401642,0.32865088810433174
NZS Fund series,2023,NZS Fund Revenue,0.0032865088810433173,401642,8.182682291800452e-7
NZS Fund series,2024,NZS Fund Revenue,1659,420135,0.3948730765111214
NZS Fund series,2024,NZS Fund Revenue,0.003948730765111214,420135,9.398718900142131e-7
NZS Fund series,2025,NZS Fund Revenue,1784,436103,0.409077672017849
NZS Fund series,2025,NZS Fund Revenue,0.00409077672017849,436103,9.380299425086481e-7
"Revenue, Surplus measures",1972,Adjusted Financial Balance,107.2,6990,1.5336194563662375
"Revenue, Surplus measures",1972,Adjusted Financial Balance,0.015336194563662375,6990,2.1940192508815987e-4
"Revenue, Surplus measures",1973,Adjusted Financial Balance,7.200000000000273,8080,0.08910891089109249
"Revenue, Surplus measures",1973,Adjusted Financial Balance,8.910891089109248e-4,8080,1.1028330555828278e-5
"Revenue, Surplus measures",1974,Adjusted Financial Balance,87.69999999999982,9361,0.9368657194744132
"Revenue, Surplus measures",1974,Adjusted Financial Balance,0.009368657194744131,9361,1.0008179889695685e-4
"Revenue, Surplus measures",1975,Adjusted Financial Balance,42.899999999999636,10203,0.42046456924433634
"Revenue, Surplus measures",1975,Adjusted Financial Balance,0.004204645692443363,10203,4.1209896034924655e-5
"Revenue, Surplus measures",1976,Adjusted Financial Balance,-177.6,11506,-1.543542499565444
"Revenue, Surplus measures",1976,Adjusted Financial Balance,-0.01543542499565444,11506,-1.3415109504305963e-4
"Revenue, Surplus measures",1977,Adjusted Financial Balance,115.59999999999945,13972,0.8273690237618054
"Revenue, Surplus measures",1977,Adjusted Financial Balance,0.008273690237618054,13972,5.921621985126005e-5
"Revenue, Surplus measures",1978,Adjusted Financial Balance,15.199999999999818,15667,0.09701921235718274
"Revenue, Surplus measures",1978,Adjusted Financial Balance,9.701921235718273e-4,15667,6.192583925268573e-6
"Revenue, Surplus measures",1979,Adjusted Financial Balance,-697.1000000000013,17810,-3.9140932060640163
"Revenue, Surplus measures",1979,Adjusted Financial Balance,-0.03914093206064016,17810,-2.1976941078405483e-4
"Revenue, Surplus measures",1980,Adjusted Financial Balance,-411.5000000000009,20546,-2.002822933904414
"Revenue, Surplus measures",1980,Adjusted Financial Balance,-0.02002822933904414,20546,-9.747994421806747e-5
"Revenue, Surplus measures",1981,Adjusted Financial Balance,-908.9000000000005,23988,-3.788977822244458
"Revenue, Surplus measures",1981,Adjusted Financial Balance,-0.037889778222444576,23988,-1.5795305245307895e-4
"Revenue, Surplus measures",1982,Adjusted Financial Balance,-1029.3,29028,-3.5458867300537413
"Revenue, Surplus measures",1982,Adjusted Financial Balance,-0.03545886730053741,29028,-1.2215401440174113e-4
"Revenue, Surplus measures",1983,Adjusted Financial Balance,-1442,33426,-4.314007060372165
"Revenue, Surplus measures",1983,Adjusted Financial Balance,-0.04314007060372165,33426,-1.2906142106061644e-4
"Revenue, Surplus measures",1984,Adjusted Financial Balance,-2275.1,37253,-6.107159154967385
"Revenue, Surplus measures",1984,Adjusted Financial Balance,-0.06107159154967385,37253,-1.639373783310709e-4
"Revenue, Surplus measures",1985,Adjusted Financial Balance,-1999.7,42244,-4.73368999147808
"Revenue, Surplus measures",1985,Adjusted Financial Balance,-0.0473368999147808,42244,-1.1205591306405833e-4
"Revenue, Surplus measures",1986,Adjusted Financial Balance,-1185.9,48779,-2.4311691506590956
"Revenue, Surplus measures",1986,Adjusted Financial Balance,-0.024311691506590953,48779,-4.984048772338701e-5
"Revenue, Surplus measures",1972,Cash Receipts,1790,6990,25.608011444921317
"Revenue, Surplus measures",1972,Cash Receipts,0.25608011444921314,6990,0.0036635209506325197
"Revenue, Surplus measures",1973,Cash Receipts,2013.4,8080,24.918316831683168
"Revenue, Surplus measures",1973,Cash Receipts,0.24918316831683168,8080,0.003083950102931085
"Revenue, Surplus measures",1974,Cash Receipts,2391.6,9361,25.548552505074245
"Revenue, Surplus measures",1974,Cash Receipts,0.25548552505074246,9361,0.002729254620774943
"Revenue, Surplus measures",1975,Cash Receipts,3020.6,10203,29.605018131921984
"Revenue, Surplus measures",1975,Cash Receipts,0.29605018131921984,10203,0.0029015993464590792
"Revenue, Surplus measures",1976,Cash Receipts,3384.4,11506,29.41421866852077
"Revenue, Surplus measures",1976,Cash Receipts,0.29414218668520775,11506,0.0025564243584669543
"Revenue, Surplus measures",1977,Cash Receipts,4072.5,13972,29.14758087603779
"Revenue, Surplus measures",1977,Cash Receipts,0.2914758087603779,13972,0.002086142347268665
"Revenue, Surplus measures",1978,Cash Receipts,4974.3,15667,31.75017552818025
"Revenue, Surplus measures",1978,Cash Receipts,0.3175017552818025,15667,0.0020265638302278837
"Revenue, Surplus measures",1979,Cash Receipts,5402.4,17810,30.333520494104437
"Revenue, Surplus measures",1979,Cash Receipts,0.3033352049410443,17810,0.001703173525777902
"Revenue, Surplus measures",1980,Cash Receipts,6559.7,20546,31.926895746130633
"Revenue, Surplus measures",1980,Cash Receipts,0.31926895746130635,20546,0.0015539226976604027
"Revenue, Surplus measures",1981,Cash Receipts,7608.4,23988,31.717525429381357
"Revenue, Surplus measures",1981,Cash Receipts,0.31717525429381355,23988,0.0013222246718935032
"Revenue, Surplus measures",1982,Cash Receipts,9378.4,29028,32.308116301502
"Revenue, Surplus measures",1982,Cash Receipts,0.32308116301502,29028,0.0011129983568107344
"Revenue, Surplus measures",1983,Cash Receipts,10514.4,33426,31.455753006641537
"Revenue, Surplus measures",1983,Cash Receipts,0.31455753006641535,33426,9.410564532591855e-4
"Revenue, Surplus measures",1984,Cash Receipts,11149.5,37253,29.929133224169867
"Revenue, Surplus measures",1984,Cash Receipts,0.2992913322416987,37253,8.034019602225288e-4
"Revenue, Surplus measures",1985,Cash Receipts,12534.2,42244,29.670959189470693
"Revenue, Surplus measures",1985,Cash Receipts,0.29670959189470697,42244,7.023709684090213e-4
"Revenue, Surplus measures",1986,Cash Receipts,15801.3,48779,32.3936530064167
"Revenue, Surplus measures",1986,Cash Receipts,0.32393653006416695,48779,6.640901413808543e-4
"Revenue, Surplus measures",1997,Core Crown  Revenue,33130.96240601504,102105,32.44793340778124
"Revenue, Surplus measures",1997,Core Crown  Revenue,0.32447933407781243,102105,3.17789857575841e-4
"Revenue, Surplus measures",1998,Core Crown  Revenue,34241.94736842105,104918,32.636866284547025
"Revenue, Surplus measures",1998,Core Crown  Revenue,0.3263686628454703,104918,3.110702289840354e-4
"Revenue, Surplus measures",1999,Core Crown  Revenue,32879.57142857143,108196,30.388897397844122
"Revenue, Surplus measures",1999,Core Crown  Revenue,0.3038889739784412,108196,2.80868954470074e-4
"Revenue, Surplus measures",2000,Core Crown  Revenue,34945.52631578947,114664,30.476458448850096
"Revenue, Surplus measures",2000,Core Crown  Revenue,0.30476458448850097,114664,2.6578924901320464e-4
"Revenue, Surplus measures",2020,Core Crown  Revenue,91923,317636,28.93972975355438
"Revenue, Surplus measures",2020,Core Crown  Revenue,0.28939729753554383,317636,9.110972859988912e-5
"Revenue, Surplus measures",2021,Core Crown  Revenue,104968,343283,30.577686631729506
"Revenue, Surplus measures",2021,Core Crown  Revenue,0.30577686631729506,343283,8.907428166186356e-5
"Revenue, Surplus measures",2022,Core Crown  Revenue,117515,365742,32.13057291752109
"Revenue, Surplus measures",2022,Core Crown  Revenue,0.32130572917521094,365742,8.785037790989575e-5
"Revenue, Surplus measures",2023,Core Crown  Revenue,123398,401642,30.723380522953278
"Revenue, Surplus measures",2023,Core Crown  Revenue,0.30723380522953275,401642,7.649444162451455e-5
"Revenue, Surplus measures",2024,Core Crown  Revenue,133220,420135,31.708855486926822
"Revenue, Surplus measures",2024,Core Crown  Revenue,0.31708855486926824,420135,7.547301578522813e-5
"Revenue, Surplus measures",2025,Core Crown  Revenue,134411,436103,30.820929917932233
"Revenue, Surplus measures",2025,Core Crown  Revenue,0.3082092991793223,436103,7.067351042742708e-5
"Revenue, Surplus measures",1997,Core Crown Residual Cash,3913,102105,3.8323294647666617
"Revenue, Surplus measures",1997,Core Crown Residual Cash,0.038323294647666616,102105,3.753322035910741e-5
"Revenue, Surplus measures",1998,Core Crown Residual Cash,484,104918,0.4613126441602013
"Revenue, Surplus measures",1998,Core Crown Residual Cash,0.004613126441602013,104918,4.396887513679266e-6
"Revenue, Surplus measures",1999,Core Crown Residual Cash,2048,108196,1.892861103922511
"Revenue, Surplus measures",1999,Core Crown Residual Cash,0.01892861103922511,108196,1.749474198604857e-5
"Revenue, Surplus measures",2000,Core Crown Residual Cash,-386,114664,-0.33663573571478406
"Revenue, Surplus measures",2000,Core Crown Residual Cash,-0.0033663573571478408,114664,-2.9358450404205686e-6
"Revenue, Surplus measures",2020,Core Crown Residual Cash,-23692,317636,-7.458852271153144
"Revenue, Surplus measures",2020,Core Crown Residual Cash,-0.07458852271153144,317636,-2.3482389499783223e-5
"Revenue, Surplus measures",2021,Core Crown Residual Cash,-13767,343283,-4.010393756754631
"Revenue, Surplus measures",2021,Core Crown Residual Cash,-0.04010393756754631,343283,-1.1682471187779852e-5
"Revenue, Surplus measures",2022,Core Crown Residual Cash,-27043,365742,-7.39400998518081
"Revenue, Surplus measures",2022,Core Crown Residual Cash,-0.0739400998518081,365742,-2.0216464024314437e-5
"Revenue, Surplus measures",2023,Core Crown Residual Cash,-25648,401642,-6.385786347045379
"Revenue, Surplus measures",2023,Core Crown Residual Cash,-0.06385786347045379,401642,-1.5899199653037726e-5
"Revenue, Surplus measures",2024,Core Crown Residual Cash,-19302,420135,-4.594237566496483
"Revenue, Surplus measures",2024,Core Crown Residual Cash,-0.045942375664964834,420135,-1.0935146004252165e-5
"Revenue, Surplus measures",2025,Core Crown Residual Cash,-5996,436103,-1.374904552364923
"Revenue, Surplus measures",2025,Core Crown Residual Cash,-0.01374904552364923,436103,-3.1527060175346718e-6
"Revenue, Surplus measures",1997,Core Crown Tax Revenue,30737,102105,30.10332500856961
"Revenue, Surplus measures",1997,Core Crown Tax Revenue,0.3010332500856961,102105,2.9482713881366835e-4
"Revenue, Surplus measures",1998,Core Crown Tax Revenue,31779,104918,30.289368840427763
"Revenue, Surplus measures",1998,Core Crown Tax Revenue,0.3028936884042776,104918,2.8869563697771363e-4
"Revenue, Surplus measures",1999,Core Crown Tax Revenue,30875,108196,28.53617508965211
"Revenue, Surplus measures",1999,Core Crown Tax Revenue,0.2853617508965211,108196,2.637451947359617e-4
"Revenue, Surplus measures",2000,Core Crown Tax Revenue,32598,114664,28.429149515105003
"Revenue, Surplus measures",2000,Core Crown Tax Revenue,0.28429149515105,114664,2.479343954083671e-4
"Revenue, Surplus measures",2020,Core Crown Tax Revenue,85102,317636,26.792303139442634
"Revenue, Surplus measures",2020,Core Crown Tax Revenue,0.2679230313944263,317636,8.434907611052472e-5
"Revenue, Surplus measures",2021,Core Crown Tax Revenue,97983,343283,28.542922311911745
"Revenue, Surplus measures",2021,Core Crown Tax Revenue,0.28542922311911745,343283,8.314691467946781e-5
"Revenue, Surplus measures",2022,Core Crown Tax Revenue,108458,365742,29.654237139841747
"Revenue, Surplus measures",2022,Core Crown Tax Revenue,0.29654237139841744,365742,8.107966036124302e-5
"Revenue, Surplus measures",2023,Core Crown Tax Revenue,112358,401642,27.974664004262504
"Revenue, Surplus measures",2023,Core Crown Tax Revenue,0.279746640042625,401642,6.965074370773599e-5
"Revenue, Surplus measures",2024,Core Crown Tax Revenue,120566,420135,28.696966451259716
"Revenue, Surplus measures",2024,Core Crown Tax Revenue,0.28696966451259714,420135,6.830415569105101e-5
"Revenue, Surplus measures",2025,Core Crown Tax Revenue,121698,436103,27.905792897549432
"Revenue, Surplus measures",2025,Core Crown Tax Revenue,0.2790579289754943,436103,6.39889954839784e-5
"Revenue, Surplus measures",1997,Total Crown OBEGAL,1801,102105,1.7638705254394986
"Revenue, Surplus measures",1997,Total Crown OBEGAL,0.017638705254394985,102105,1.7275065133338216e-5
"Revenue, Surplus measures",1998,Total Crown OBEGAL,2345,104918,2.2350788234621324
"Revenue, Surplus measures",1998,Total Crown OBEGAL,0.022350788234621322,104918,2.1303101693342728e-5
"Revenue, Surplus measures",1999,Total Crown OBEGAL,128,108196,0.11830381899515693
"Revenue, Surplus measures",1999,Total Crown OBEGAL,0.0011830381899515694,108196,1.0934213741280356e-6
"Revenue, Surplus measures",2000,Total Crown OBEGAL,593.5800000000017,114664,0.5176690155585029
"Revenue, Surplus measures",2000,Total Crown OBEGAL,0.005176690155585029,114664,4.514660360344161e-6
"Revenue, Surplus measures",2020,Total Crown OBEGAL,-23057,317636,-7.258937903764057
"Revenue, Surplus measures",2020,Total Crown OBEGAL,-0.07258937903764057,317636,-2.2853007542482768e-5
"Revenue, Surplus measures",2021,Total Crown OBEGAL,-4560,343283,-1.3283500785066549
"Revenue, Surplus measures",2021,Total Crown OBEGAL,-0.013283500785066548,343283,-3.869548094448763e-6
"Revenue, Surplus measures",2022,Total Crown OBEGAL,-9691,365742,-2.6496820162847032
"Revenue, Surplus measures",2022,Total Crown OBEGAL,-0.026496820162847035,365742,-7.2446752527319905e-6
"Revenue, Surplus measures",2023,Total Crown OBEGAL,-9446,401642,-2.3518456735102404
"Revenue, Surplus measures",2023,Total Crown OBEGAL,-0.023518456735102406,401642,-5.855577040026293e-6
"Revenue, Surplus measures",2024,Total Crown OBEGAL,-12854,420135,-3.05949278208195
"Revenue, Surplus measures",2024,Total Crown OBEGAL,-0.0305949278208195,420135,-7.28216592781356e-6
"Revenue, Surplus measures",2025,Total Crown OBEGAL,-13973,436103,-3.204059591426796
"Revenue, Surplus measures",2025,Total Crown OBEGAL,-0.03204059591426796,436103,-7.347024880422276e-6
"Revenue, Surplus measures",2020,Total Crown OBEGALx,-20902,317636,-6.5804883577428255
"Revenue, Surplus measures",2020,Total Crown OBEGALx,-0.06580488357742825,317636,-2.071707349841588e-5
"Revenue, Surplus measures",2021,Total Crown OBEGALx,-2559,343283,-0.7454490901093267
"Revenue, Surplus measures",2021,Total Crown OBEGALx,-0.007454490901093267,343283,-2.1715292924768387e-6
"Revenue, Surplus measures",2022,Total Crown OBEGALx,-8664,365742,-2.368882983086438
"Revenue, Surplus measures",2022,Total Crown OBEGALx,-0.02368882983086438,365742,-6.4769235775121196e-6
"Revenue, Surplus measures",2023,Total Crown OBEGALx,-7199,401642,-1.7923922298962758
"Revenue, Surplus measures",2023,Total Crown OBEGALx,-0.01792392229896276,401642,-4.462661349899353e-6
"Revenue, Surplus measures",2024,Total Crown OBEGALx,-8773,420135,-2.0881383364870816
"Revenue, Surplus measures",2024,Total Crown OBEGALx,-0.020881383364870814,420135,-4.970160392462141e-6
"Revenue, Surplus measures",2025,Total Crown OBEGALx,-9306,436103,-2.1338995604249456
"Revenue, Surplus measures",2025,Total Crown OBEGALx,-0.021338995604249456,436103,-4.893109105933565e-6
"Revenue, Surplus measures",1997,Total Crown Operating Balance,1863,102105,1.8245923314235346
"Revenue, Surplus measures",1997,Total Crown Operating Balance,0.018245923314235347,102105,1.786976476591288e-5
"Revenue, Surplus measures",1998,Total Crown Operating Balance,2048,104918,1.9520006100001905
"Revenue, Surplus measures",1998,Total Crown Operating Balance,0.019520006100001906,104918,1.860501162813045e-5
"Revenue, Surplus measures",1999,Total Crown Operating Balance,1705,108196,1.5758438389589264
"Revenue, Surplus measures",1999,Total Crown Operating Balance,0.015758438389589263,108196,1.4564714397564847e-5
"Revenue, Surplus measures",2000,Total Crown Operating Balance,1404.58,114664,1.224952905881532
"Revenue, Surplus measures",2000,Total Crown Operating Balance,0.012249529058815321,114664,1.0682977271694098e-5
"Revenue, Surplus measures",2020,Total Crown Operating Balance,-30040,317636,-9.45736629349318
"Revenue, Surplus measures",2020,Total Crown Operating Balance,-0.09457366293493182,317636,-2.977422676741044e-5
"Revenue, Surplus measures",2021,Total Crown Operating Balance,16159,343283,4.70719493828707
"Revenue, Surplus measures",2021,Total Crown Operating Balance,0.047071949382870695,343283,1.3712286767148592e-5
"Revenue, Surplus measures",2022,Total Crown Operating Balance,-16932,365742,-4.629492921239562
"Revenue, Surplus measures",2022,Total Crown Operating Balance,-0.04629492921239562,365742,-1.2657810481813852e-5
"Revenue, Surplus measures",2023,Total Crown Operating Balance,5321,401642,1.3248116481842038
"Revenue, Surplus measures",2023,Total Crown Operating Balance,0.01324811648184204,401642,3.298488823838652e-6
"Revenue, Surplus measures",2024,Total Crown Operating Balance,-8365,420135,-1.991026693800802
"Revenue, Surplus measures",2024,Total Crown Operating Balance,-0.01991026693800802,420135,-4.739016491843817e-6
"Revenue, Surplus measures",2025,Total Crown Operating Balance,-4400,436103,-1.0089359623758607
"Revenue, Surplus measures",2025,Total Crown Operating Balance,-0.010089359623758608,436103,-2.313526764034783e-6
"Revenue, Surplus measures",1997,Total Crown Revenue,39400.96240601504,102105,38.588670883908755
"Revenue, Surplus measures",1997,Total Crown Revenue,0.3858867088390876,102105,3.779312559023433e-4
"Revenue, Surplus measures",1998,Total Crown Revenue,41111.94736842105,104918,39.1848370807879
"Revenue, Surplus measures",1998,Total Crown Revenue,0.39184837080787904,104918,3.7348059513894565e-4
"Revenue, Surplus measures",1999,Total Crown Revenue,39965.57142857143,108196,36.93812287752914
"Revenue, Surplus measures",1999,Total Crown Revenue,0.3693812287752914,108196,3.414000783534432e-4
"Revenue, Surplus measures",2000,Total Crown Revenue,41611.52631578947,114664,36.289965739717324
"Revenue, Surplus measures",2000,Total Crown Revenue,0.3628996573971732,114664,3.164896195817111e-4
"Revenue, Surplus measures",2020,Total Crown Revenue,116003,317636,36.52073442556889
"Revenue, Surplus measures",2020,Total Crown Revenue,0.3652073442556889,317636,1.1497668534287325e-4
"Revenue, Surplus measures",2021,Total Crown Revenue,129335,343283,37.67591171132855
"Revenue, Surplus measures",2021,Total Crown Revenue,0.3767591171132855,343283,1.0975175499901991e-4
"Revenue, Surplus measures",2022,Total Crown Revenue,141627,365742,38.7231983201273
"Revenue, Surplus measures",2022,Total Crown Revenue,0.38723198320127306,365742,1.0587572201203937e-4
"Revenue, Surplus measures",2023,Total Crown Revenue,153011,401642,38.096364424039315
"Revenue, Surplus measures",2023,Total Crown Revenue,0.3809636442403932,401642,9.485154546596054e-5
"Revenue, Surplus measures",2024,Total Crown Revenue,167347,420135,39.83172075642353
"Revenue, Surplus measures",2024,Total Crown Revenue,0.39831720756423533,420135,9.480695670778092e-5
"Revenue, Surplus measures",2025,Total Crown Revenue,169811,436103,38.938278342501654
"Revenue, Surplus measures",2025,Total Crown Revenue,0.3893827834250166,436103,8.928688484716147e-5
"Revenue, Surplus measures",1972,Total Crown Tax Receipts,1707,6990,24.4206008583691
"Revenue, Surplus measures",1972,Total Crown Tax Receipts,0.244206008583691,6990,0.003493648191469113
"Revenue, Surplus measures",1973,Total Crown Tax Receipts,1926.7,8080,23.84529702970297
"Revenue, Surplus measures",1973,Total Crown Tax Receipts,0.23845297029702972,8080,0.0029511506224879917
"Revenue, Surplus measures",1974,Total Crown Tax Receipts,2395,9361,25.584873410960366
"Revenue, Surplus measures",1974,Total Crown Tax Receipts,0.2558487341096037,9361,0.0027331346449054983
"Revenue, Surplus measures",1975,Total Crown Tax Receipts,2865.5,10203,28.08487699696168
"Revenue, Surplus measures",1975,Total Crown Tax Receipts,0.2808487699696168,10203,0.0027526097223328117
"Revenue, Surplus measures",1976,Total Crown Tax Receipts,3185.5,11506,27.685555362419606
"Revenue, Surplus measures",1976,Total Crown Tax Receipts,0.27685555362419606,11506,0.0024061841962819057
"Revenue, Surplus measures",1977,Total Crown Tax Receipts,3845.3,13972,27.521471514457485
"Revenue, Surplus measures",1977,Total Crown Tax Receipts,0.27521471514457485,13972,0.001969758911713247
"Revenue, Surplus measures",1978,Total Crown Tax Receipts,4626.3,15667,29.528946192634198
"Revenue, Surplus measures",1978,Total Crown Tax Receipts,0.295289461926342,15667,0.0018847862508862066
"Revenue, Surplus measures",1979,Total Crown Tax Receipts,4989.5,17810,28.01516002245929
"Revenue, Surplus measures",1979,Total Crown Tax Receipts,0.2801516002245929,17810,0.0015730016857079894
"Revenue, Surplus measures",1980,Total Crown Tax Receipts,6019.9,20546,29.29962036406113
"Revenue, Surplus measures",1980,Total Crown Tax Receipts,0.2929962036406113,20546,0.0014260498571041142
"Revenue, Surplus measures",1981,Total Crown Tax Receipts,7050.6,23988,29.392196098049023
"Revenue, Surplus measures",1981,Total Crown Tax Receipts,0.2939219609804903,23988,0.001225287481159289
"Revenue, Surplus measures",1982,Total Crown Tax Receipts,8798.2,29028,30.309356483395348
"Revenue, Surplus measures",1982,Total Crown Tax Receipts,0.30309356483395344,29028,0.0010441420863785086
"Revenue, Surplus measures",1983,Total Crown Tax Receipts,10097.4,33426,30.2082211452163
"Revenue, Surplus measures",1983,Total Crown Tax Receipts,0.30208221145216296,33426,9.037342531327797e-4
"Revenue, Surplus measures",1984,Total Crown Tax Receipts,10431.4,37253,28.00150323463882
"Revenue, Surplus measures",1984,Total Crown Tax Receipts,0.2800150323463882,37253,7.516576714530056e-4
"Revenue, Surplus measures",1985,Total Crown Tax Receipts,11913.6,42244,28.201874822459995
"Revenue, Surplus measures",1985,Total Crown Tax Receipts,0.28201874822459994,42244,6.675948021603066e-4
"Revenue, Surplus measures",1986,Total Crown Tax Receipts,14235.9,48779,29.184485126796368
"Revenue, Surplus measures",1986,Total Crown Tax Receipts,0.29184485126796367,48779,5.983001932552198e-4
"Revenue, Surplus measures",1997,Total Crown Tax Receipts,31731,102105,31.076832672249154
"Revenue, Surplus measures",1997,Total Crown Tax Receipts,0.31076832672249155,102105,3.043615167939783e-4
"Revenue, Surplus measures",1998,Total Crown Tax Receipts,33059,104918,31.509369221677883
"Revenue, Surplus measures",1998,Total Crown Tax Receipts,0.3150936922167788,104918,3.003237692452952e-4
"Revenue, Surplus measures",1999,Total Crown Tax Receipts,32384,108196,29.930866205774706
"Revenue, Surplus measures",1999,Total Crown Tax Receipts,0.29930866205774703,108196,2.7663560765439296e-4
"Revenue, Surplus measures",2000,Total Crown Tax Receipts,33864,114664,29.533244959185097
"Revenue, Surplus measures",2000,Total Crown Tax Receipts,0.29533244959185095,114664,2.575633586756532e-4
"Revenue, Surplus measures",2020,Total Crown Tax Receipts,83156,317636,26.17965218048332
"Revenue, Surplus measures",2020,Total Crown Tax Receipts,0.2617965218048332,317636,8.242029297838821e-5
"Revenue, Surplus measures",2021,Total Crown Tax Receipts,95382,343283,27.785238418447754
"Revenue, Surplus measures",2021,Total Crown Tax Receipts,0.27785238418447755,343283,8.093974481243684e-5
"Revenue, Surplus measures",2022,Total Crown Tax Receipts,102712,365742,28.08318432118816
"Revenue, Surplus measures",2022,Total Crown Tax Receipts,0.2808318432118816,365742,7.678413833026604e-5
"Revenue, Surplus measures",2023,Total Crown Tax Receipts,110786,401642,27.583270673883707
"Revenue, Surplus measures",2023,Total Crown Tax Receipts,0.2758327067388371,401642,6.86762606348034e-5
"Revenue, Surplus measures",2024,Total Crown Tax Receipts,116042,420135,27.62016970735597
"Revenue, Surplus measures",2024,Total Crown Tax Receipts,0.2762016970735597,420135,6.57411777341949e-5
"Revenue, Surplus measures",2025,Total Crown Tax Receipts,121183,436103,27.787701529225895
"Revenue, Surplus measures",2025,Total Crown Tax Receipts,0.27787701529225894,436103,6.371820769227888e-5
Spending,1997,Core Crown Expenses,31367.962406015038,102105,30.721279473106154
Spending,1997,Core Crown Expenses,0.30721279473106156,102105,3.008792857656937e-4
Spending,1998,Core Crown Expenses,32981.94736842105,104918,31.435928409253943
Spending,1998,Core Crown Expenses,0.31435928409253944,104918,2.9962378628313485e-4
Spending,1999,Core Crown Expenses,33938.57142857143,108196,31.367676650311868
Spending,1999,Core Crown Expenses,0.31367676650311865,108196,2.899153078700864e-4
Spending,2000,Core Crown Expenses,34828.52631578947,114664,30.37442119216971
Spending,2000,Core Crown Expenses,0.3037442119216971,114664,2.648993685216782e-4
Spending,2020,Core Crown Expenses,108832,317636,34.26311879006158
Spending,2020,Core Crown Expenses,0.3426311879006158,317636,1.0786912941247712e-4
Spending,2021,Core Crown Expenses,107764,343283,31.392174969340164
Spending,2021,Core Crown Expenses,0.31392174969340164,343283,9.144692562503871e-5
Spending,2022,Core Crown Expenses,125641,365742,34.3523576728951
Spending,2022,Core Crown Expenses,0.343523576728951,365742,9.392511024956145e-5
Spending,2023,Core Crown Expenses,127574,401642,31.763112423501525
Spending,2023,Core Crown Expenses,0.31763112423501527,401642,7.908314474955689e-5
Spending,2024,Core Crown Expenses,138998,420135,33.08412772085163
Spending,2024,Core Crown Expenses,0.3308412772085163,420135,7.874642131898469e-5
Spending,2025,Core Crown Expenses,141675,436103,32.48659147036365
Spending,2025,Core Crown Expenses,0.3248659147036365,436103,7.449293279423358e-5
Spending,1972,Core Government Services,113.80000000000001,6990,1.6280400572246068
Spending,1972,Core Government Services,0.016280400572246067,6990,2.3290987943127422e-4
Spending,1973,Core Government Services,133.3,8080,1.649752475247525
Spending,1973,Core Government Services,0.01649752475247525,8080,2.0417728654053524e-4
Spending,1974,Core Government Services,168,9361,1.7946800555496207
Spending,1974,Core Government Services,0.017946800555496207,9361,1.9171883939211843e-4
Spending,1975,Core Government Services,228.40000000000003,10203,2.23855728707243
Spending,1975,Core Government Services,0.0223855728707243,10203,2.1940187073139566e-4
Spending,1976,Core Government Services,272.69999999999993,11506,2.3700677907178855
Spending,1976,Core Government Services,0.023700677907178856,11506,2.0598538073334657e-4
Spending,1977,Core Government Services,315.20000000000005,13972,2.2559404523332383
Spending,1977,Core Government Services,0.022559404523332383,13972,1.6146152679167179e-4
Spending,1978,Core Government Services,337.7,15667,2.155486053488224
Spending,1978,Core Government Services,0.021554860534882234,15667,1.37581288918633e-4
Spending,1979,Core Government Services,420,17810,2.3582257158899496
Spending,1979,Core Government Services,0.023582257158899493,17810,1.3241020302582533e-4
Spending,1980,Core Government Services,467.7,20546,2.2763554949868587
Spending,1980,Core Government Services,0.02276355494986859,20546,1.1079312250495759e-4
Spending,1981,Core Government Services,568.4,23988,2.369518092379523
Spending,1981,Core Government Services,0.02369518092379523,23988,9.87793101708989e-5
Spending,1982,Core Government Services,673,29028,2.318451150613201
Spending,1982,Core Government Services,0.02318451150613201,29028,7.986947604427453e-5
Spending,1983,Core Government Services,707.1000000000001,33426,2.115419134805242
Spending,1983,Core Government Services,0.02115419134805242,33426,6.328663719276138e-5
Spending,1984,Core Government Services,729.2,37253,1.9574262475505328
Spending,1984,Core Government Services,0.019574262475505328,37253,5.254412389741854e-5
Spending,1985,Core Government Services,807.5,42244,1.91151406116845
Spending,1985,Core Government Services,0.0191151406116845,42244,4.5249362303959146e-5
Spending,1986,Core Government Services,1048.2,48779,2.1488755407039917
Spending,1986,Core Government Services,0.021488755407039914,48779,4.405329220984422e-5
Spending,1997,Core Government Services,1956,102105,1.9156750403995886
Spending,1997,Core Government Services,0.019156750403995886,102105,1.8761814214774876e-5
Spending,1998,Core Government Services,1858,104918,1.7709068034083761
Spending,1998,Core Government Services,0.01770906803408376,104918,1.6878960744661317e-5
Spending,1999,Core Government Services,1984,108196,1.8337091944249326
Spending,1999,Core Government Services,0.018337091944249324,108196,1.694803129898455e-5
Spending,2000,Core Government Services,1992,114664,1.7372497034814762
Spending,2000,Core Government Services,0.017372497034814763,114664,1.5150785804450187e-5
Spending,2020,Core Government Services,6083,317636,1.9150851918548275
Spending,2020,Core Government Services,0.019150851918548276,317636,6.0291818051317464e-06
Spending,2021,Core Government Services,5754,343283,1.6761680595893185
Spending,2021,Core Government Services,0.016761680595893183,343283,4.882758713916268e-6
Spending,2022,Core Government Services,5720,365742,1.563943982370086
Spending,2022,Core Government Services,0.01563943982370086,365742,4.2760852797056006e-6
Spending,2023,Core Government Services,6806,401642,1.694543897301577
Spending,2023,Core Government Services,0.01694543897301577,401642,4.219040581666203e-6
Spending,2024,Core Government Services,8468,420135,2.015542623204446
Spending,2024,Core Government Services,0.02015542623204446,420135,4.797368996166581e-6
Spending,2025,Core Government Services,7908,436103,1.813333088742797
Spending,2025,Core Government Services,0.01813333088742797,436103,4.158038556815242e-6
Spending,1972,Defence,118.8,6990,1.6995708154506437
Spending,1972,Defence,0.016995708154506437,6990,2.4314317817605776e-4
Spending,1973,Defence,128.1,8080,1.5853960396039604
Spending,1973,Defence,0.015853960396039604,8080,1.96212381139104e-4
Spending,1974,Defence,138.7,9361,1.481679307766264
Spending,1974,Defence,0.014816793077662642,9361,1.5828216085527874e-4
Spending,1975,Defence,163,10203,1.597569342350289
Spending,1975,Defence,0.01597569342350289,10203,1.5657839285997151e-4
Spending,1976,Defence,188.4,11506,1.6374065704849643
Spending,1976,Defence,0.016374065704849644,11506,1.4230893190378624e-4
Spending,1977,Defence,210.7,13972,1.5080160320641283
Spending,1977,Defence,0.015080160320641281,13972,1.0793129344862068e-4
Spending,1978,Defence,248.2,15667,1.5842216123061212
Spending,1978,Defence,0.01584221612306121,15667,1.0111837699024198e-4
Spending,1979,Defence,293.2,17810,1.6462661426165075
Spending,1979,Defence,0.016462661426165075,17810,9.243493220755236e-5
Spending,1980,Defence,340.8,20546,1.65871702521172
Spending,1980,Defence,0.0165871702521172,20546,8.073187117744184e-5
Spending,1981,Defence,446.4,23988,1.8609304652326164
Spending,1981,Defence,0.018609304652326162,23988,7.757755816377423e-5
Spending,1982,Defence,581.1,29028,2.0018602728400166
Spending,1982,Defence,0.020018602728400166,29028,6.89630795383773e-5
Spending,1983,Defence,644.1,33426,1.9269430981870401
Spending,1983,Defence,0.0192694309818704,33426,5.764803141826842e-5
Spending,1984,Defence,660.2,37253,1.7722062652672268
Spending,1984,Defence,0.01772206265267227,37253,4.757217580509562e-5
Spending,1985,Defence,745.1,42244,1.7638007764416248
Spending,1985,Defence,0.01763800776441625,42244,4.175269331601233e-5
Spending,1986,Defence,852.1,48779,1.746858279177515
Spending,1986,Defence,0.01746858279177515,48779,3.581168697959193e-5
Spending,1997,Defence,946,102105,0.9264972332402919
Spending,1997,Defence,0.00926497233240292,102105,9.07396536154245e-6
Spending,1998,Defence,1065,104918,1.0150784422120132
Spending,1998,Defence,0.010150784422120132,104918,9.674969425761196e-6
Spending,1999,Defence,1022,108196,0.9445820547894562
Spending,1999,Defence,0.009445820547894562,108196,8.730286284053534e-6
Spending,2000,Defence,1163,114664,1.014267773669155
Spending,2000,Defence,0.01014267773669155,114664,8.845564202096168e-6
Spending,2020,Defence,2499,317636,0.7867496127642962
Spending,2020,Defence,0.007867496127642962,317636,2.476890568966667e-6
Spending,2021,Defence,2664,343283,0.7760360984959931
Spending,2021,Defence,0.007760360984959931,343283,2.2606307288621725e-6
Spending,2022,Defence,2832,365742,0.7743163213412734
Spending,2022,Defence,0.007743163213412734,365742,2.117110753868228e-6
Spending,2023,Defence,2886,401642,0.7185503508099252
Spending,2023,Defence,0.007185503508099253,401642,1.7890319010709173e-6
Spending,2024,Defence,3163,420135,0.7528532495507396
Spending,2024,Defence,0.0075285324955073965,420135,1.7919317589601906e-6
Spending,2025,Defence,3271,436103,0.7500521665753274
Spending,2025,Defence,0.007500521665753274,436103,1.7198968284449485e-6
Spending,1972,Economic and Industrial Services,43.3,6990,0.6194563662374821
Spending,1972,Economic and Industrial Services,0.006194563662374821,6990,8.862036712982577e-5
Spending,1973,Economic and Industrial Services,68.7,8080,0.8502475247524752
Spending,1973,Economic and Industrial Services,0.008502475247524753,8080,1.0522865405352418e-4
Spending,1974,Economic and Industrial Services,75.2,9361,0.8033329772460207
Spending,1974,Economic and Industrial Services,0.008033329772460207,9361,8.581700429932921e-5
Spending,1975,Economic and Industrial Services,145.3,10203,1.4240909536410862
Spending,1975,Economic and Industrial Services,0.014240909536410861,10203,1.3957570848192554e-4
Spending,1976,Economic and Industrial Services,228.39999999999998,11506,1.9850512775942983
Spending,1976,Economic and Industrial Services,0.019850512775942984,11506,1.7252314249906992e-4
Spending,1977,Economic and Industrial Services,293.2,13972,2.0984826796450045
Spending,1977,Economic and Industrial Services,0.020984826796450043,13972,1.5019200398260838e-4
Spending,1978,Economic and Industrial Services,375.9,15667,2.3993106529648305
Spending,1978,Economic and Industrial Services,0.023993106529648305,15667,1.531442300992424e-4
Spending,1979,Economic and Industrial Services,486.1,17810,2.7293655249859627
Spending,1979,Economic and Industrial Services,0.02729365524985963,17810,1.5324904688298498e-4
Spending,1980,Economic and Industrial Services,398.5,20546,1.939550277426263
Spending,1980,Economic and Industrial Services,0.01939550277426263,20546,9.440038340437375e-5
Spending,1981,Economic and Industrial Services,434.70000000000005,23988,1.8121560780390198
Spending,1981,Economic and Industrial Services,0.018121560780390195,23988,7.554427538932047e-5
Spending,1982,Economic and Industrial Services,652.4,29028,2.2474851867162737
Spending,1982,Economic and Industrial Services,0.022474851867162738,29028,7.742473428125513e-5
Spending,1983,Economic and Industrial Services,742.1,33426,2.2201280440375757
Spending,1983,Economic and Industrial Services,0.022201280440375757,33426,6.641919595636857e-5
Spending,1984,Economic and Industrial Services,896.2,37253,2.4057122916275198
Spending,1984,Economic and Industrial Services,0.024057122916275202,37253,6.457767942521462e-5
Spending,1985,Economic and Industrial Services,873.8000000000001,42244,2.0684594261907017
Spending,1985,Economic and Industrial Services,0.020684594261907017,42244,4.896457310365263e-5
Spending,1986,Economic and Industrial Services,755.2,48779,1.5482072203202197
Spending,1986,Economic and Industrial Services,0.0154820722032022,48779,3.173921606265442e-5
Spending,1997,Economic and Industrial Services,711,102105,0.6963420008814456
Spending,1997,Economic and Industrial Services,0.006963420008814456,102105,6.819861915493322e-6
Spending,1998,Economic and Industrial Services,769,104918,0.7329533540479232
Spending,1998,Economic and Industrial Services,0.007329533540479232,104918,6.9859638388829675e-6
Spending,1999,Economic and Industrial Services,813,108196,0.7514141003364265
Spending,1999,Economic and Industrial Services,0.007514141003364265,108196,6.944934196610101e-6
Spending,2000,Economic and Industrial Services,881,114664,0.7683318216702714
Spending,2000,Economic and Industrial Services,0.007683318216702714,114664,6.700724043032437e-6
Spending,2020,Economic and Industrial Services,3988,317636,1.2555251923585489
Spending,2020,Economic and Industrial Services,0.012555251923585488,317636,3.9527169223845805e-6
Spending,2021,Economic and Industrial Services,4481,343283,1.3053369960062107
Spending,2021,Economic and Industrial Services,0.013053369960062107,343283,3.802509870882656e-6
Spending,2022,Economic and Industrial Services,8078,365742,2.2086607499275446
Spending,2022,Economic and Industrial Services,0.022086607499275445,365742,6.038849106549274e-6
Spending,2023,Economic and Industrial Services,3690,401642,0.9187286190189273
Spending,2023,Economic and Industrial Services,0.009187286190189273,401642,2.287431640662399e-6
Spending,2024,Economic and Industrial Services,4010,420135,0.9544551156175991
Spending,2024,Economic and Industrial Services,0.00954455115617599,420135,2.271781964410485e-6
Spending,2025,Economic and Industrial Services,3514,436103,0.8057729481338124
Spending,2025,Economic and Industrial Services,0.008057729481338123,436103,1.847666602004142e-6
Spending,1972,Education,335,6990,4.792560801144492
Spending,1972,Education,0.04792560801144492,6990,6.856310159004996e-4
Spending,1973,Education,376.8,8080,4.663366336633663
Spending,1973,Education,0.04663366336633663,8080,5.771492990883246e-4
Spending,1974,Education,440.2,9361,4.702489050315137
Spending,1974,Education,0.047024890503151374,9361,5.023490065500628e-4
Spending,1975,Education,526.6,10203,5.161227090071548
Spending,1975,Education,0.051612270900715476,10203,5.058538753377975e-4
Spending,1976,Education,627,11506,5.449330783938814
Spending,1976,Education,0.05449330783938815,11506,4.7360775108107203e-4
Spending,1977,Education,699.4,13972,5.005725737188663
Spending,1977,Education,0.050057257371886626,13972,3.582683751208605e-4
Spending,1978,Education,807.5,15667,5.154145656475394
Spending,1978,Education,0.051541456564753944,15667,3.289810210298969e-4
Spending,1979,Education,929.3,17810,5.217855137563166
Spending,1979,Education,0.05217855137563167,17810,2.9297333731404646e-4
Spending,1980,Education,1009.3,20546,4.912391706414874
Spending,1980,Education,0.04912391706414874,20546,2.390923637892959e-4
Spending,1981,Education,1292,23988,5.386026346506586
Spending,1981,Education,0.053860263465065866,23988,2.2453002945250068e-4
Spending,1982,Education,1493.2,29028,5.143998897616095
Spending,1982,Education,0.05143998897616095,29028,1.7720817478352263e-4
Spending,1983,Education,1638.8,33426,4.902770298569975
Spending,1983,Education,0.04902770298569975,33426,1.466753514799849e-4
Spending,1984,Education,1674.3,37253,4.4944031353179605
Spending,1984,Education,0.044944031353179606,37253,1.2064540131849678e-4
Spending,1985,Education,1728.6,42244,4.091942050942146
Spending,1985,Education,0.040919420509421454,42244,9.686445532956503e-5
Spending,1986,Education,2010.3,48779,4.1212406978412846
Spending,1986,Education,0.041212406978412844,48779,8.448801119008763e-5
Spending,1997,Education,4817,102105,4.717692571372607
Spending,1997,Education,0.047176925713726066,102105,4.620432467922831e-5
Spending,1998,Education,5162,104918,4.920032787510246
Spending,1998,Education,0.04920032787510246,104918,4.6894077160356137e-5
Spending,1999,Education,5337,108196,4.932714702946504
Spending,1999,Education,0.04932714702946504,108196,4.559054588844786e-5
Spending,2000,Education,5712,114664,4.981511197934836
Spending,2000,Education,0.049815111979348355,114664,4.34444219452909e-5
Spending,2020,Education,16322,317636,5.138586306338072
Spending,2020,Education,0.05138586306338073,317636,1.6177594184343313e-5
Spending,2021,Education,16039,343283,4.672238357273736
Spending,2021,Education,0.046722383572737364,343283,1.361045655413678e-5
Spending,2022,Education,18023,365742,4.927790628366444
Spending,2022,Education,0.04927790628366444,365742,1.3473406467855603e-5
Spending,2023,Education,18403,401642,4.581941131654558
Spending,2023,Education,0.04581941131654558,401642,1.1408022895151796e-5
Spending,2024,Education,20223,420135,4.813452818736835
Spending,2024,Education,0.048134528187368346,420135,1.145691936814794e-5
Spending,2025,Education,20895,436103,4.791299303146275
Spending,2025,Education,0.04791299303146275,436103,1.0986623121478813e-5
Spending,1972,Finance costs,168,6990,2.40343347639485
Spending,1972,Finance costs,0.0240343347639485,6990,3.4383883782472817e-4
Spending,1973,Finance costs,186.5,8080,2.3081683168316833
Spending,1973,Finance costs,0.02308168316831683,8080,2.8566439564748557e-4
Spending,1974,Finance costs,201.9,9361,2.1568208524730266
Spending,1974,Finance costs,0.021568208524730265,9361,2.3040496234088523e-4
Spending,1975,Finance costs,221.8,10203,2.173870430265608
Spending,1975,Finance costs,0.021738704302656082,10203,2.1306188672602254e-4
Spending,1976,Finance costs,272.8,11506,2.3709369024856595
Spending,1976,Finance costs,0.023709369024856597,11506,2.0606091625983487e-4
Spending,1977,Finance costs,371.3,13972,2.657457772688234
Spending,1977,Finance costs,0.026574577726882338,13972,1.901988099547834e-4
Spending,1978,Finance costs,471.3,15667,3.0082338673645244
Spending,1978,Finance costs,0.030082338673645244,15667,1.9201084236704694e-4
Spending,1979,Finance costs,595.8,17810,3.345311622683885
Spending,1979,Finance costs,0.03345311622683885,17810,1.8783333086377793e-4
Spending,1980,Finance costs,766.4,20546,3.7301664557578116
Spending,1980,Finance costs,0.037301664557578114,20546,1.815519544318997e-4
Spending,1981,Finance costs,896.9,23988,3.7389528097382025
Spending,1981,Finance costs,0.037389528097382024,23988,1.5586763422286988e-4
Spending,1982,Finance costs,1211,29028,4.1718340912222684
Spending,1982,Finance costs,0.04171834091222268,29028,1.437175861658491e-4
Spending,1983,Finance costs,1492.6,33426,4.465386226290911
Spending,1983,Finance costs,0.04465386226290911,33426,1.3359020601600284e-4
Spending,1984,Finance costs,2041.9,37253,5.481169301801197
Spending,1984,Finance costs,0.054811693018011975,37253,1.4713363492339403e-4
Spending,1985,Finance costs,2562.6,42244,6.066186914117981
Spending,1985,Finance costs,0.06066186914117981,42244,1.4359878122616185e-4
Spending,1986,Finance costs,3340,48779,6.847208839869616
Spending,1986,Finance costs,0.06847208839869616,48779,1.4037206256523537e-4
Spending,1997,Finance costs,2945,102105,2.884285784241712
Spending,1997,Finance costs,0.028842857842417118,102105,2.8248232547296525e-5
Spending,1998,Finance costs,2673,104918,2.5477039211574755
Spending,1998,Finance costs,0.025477039211574754,104918,2.4282810586910496e-5
Spending,1999,Finance costs,2367,108196,2.187696402824504
Spending,1999,Finance costs,0.021876964028245037,108196,2.0219753066883284e-5
Spending,2000,Finance costs,2205,114664,1.92300983743808
Spending,2000,Finance costs,0.019230098374380798,114664,1.6770824647998322e-5
Spending,2020,Finance costs,3228,317636,1.0162576030424764
Spending,2020,Finance costs,0.010162576030424763,317636,3.199440879001361e-6
Spending,2021,Finance costs,1918,343283,0.5587226865297729
Spending,2021,Finance costs,0.005587226865297728,343283,1.6275862379720898e-6
Spending,2022,Finance costs,2884,365742,0.7885339939082742
Spending,2022,Finance costs,0.007885339939082742,365742,2.155984256411006e-6
Spending,2023,Finance costs,6569,401642,1.6355361242101174
Spending,2023,Finance costs,0.016355361242101175,401642,4.072124240517968e-6
Spending,2024,Finance costs,8943,420135,2.128601520939698
Spending,2024,Finance costs,0.02128601520939698,420135,5.06647035105311e-6
Spending,2025,Finance costs,8862,436103,2.0320887496761086
Spending,2025,Finance costs,0.020320887496761086,436103,4.659653223380964e-6
Spending,1972,Financial Net Expenditure,1682.8,6990,24.074391988555078
Spending,1972,Financial Net Expenditure,0.24074391988555077,6990,0.0034441190255443603
Spending,1973,Financial Net Expenditure,2006.2,8080,24.82920792079208
Spending,1973,Financial Net Expenditure,0.2482920792079208,8080,0.0030729217723752572
Spending,1974,Financial Net Expenditure,2303.9,9361,24.61168678559983
Spending,1974,Financial Net Expenditure,0.2461168678559983,9361,0.002629172821877986
Spending,1975,Financial Net Expenditure,2977.7,10203,29.184553562677642
Spending,1975,Financial Net Expenditure,0.2918455356267764,10203,0.0028603894504241538
Spending,1976,Financial Net Expenditure,3562,11506,30.957761168086215
Spending,1976,Financial Net Expenditure,0.3095776116808622,11506,0.0026905754535100136
Spending,1977,Financial Net Expenditure,3956.9,13972,28.320211852275982
Spending,1977,Financial Net Expenditure,0.28320211852275984,13972,0.0020269261274174053
Spending,1978,Financial Net Expenditure,4959.1,15667,31.65315631582307
Spending,1978,Financial Net Expenditure,0.3165315631582307,15667,0.002020371246302615
Spending,1979,Financial Net Expenditure,6099.5,17810,34.24761370016844
Spending,1979,Financial Net Expenditure,0.34247613700168444,17810,0.0019229429365619564
Spending,1980,Financial Net Expenditure,6971.2,20546,33.929718680035045
Spending,1980,Financial Net Expenditure,0.3392971868003504,20546,0.00165140264187847
Spending,1981,Financial Net Expenditure,8517.3,23988,35.50650325162581
Spending,1981,Financial Net Expenditure,0.3550650325162581,23988,0.001480177724346582
Spending,1982,Financial Net Expenditure,10407.7,29028,35.85400303155574
Spending,1982,Financial Net Expenditure,0.3585400303155574,29028,0.0012351523712124757
Spending,1983,Financial Net Expenditure,11956.4,33426,35.7697600670137
Spending,1983,Financial Net Expenditure,0.357697600670137,33426,0.0010701178743198019
Spending,1984,Financial Net Expenditure,13424.6,37253,36.03629237913725
Spending,1984,Financial Net Expenditure,0.3603629237913725,37253,9.673393385535998e-4
Spending,1985,Financial Net Expenditure,14533.9,42244,34.40464918094877
Spending,1985,Financial Net Expenditure,0.3440464918094877,42244,8.144268814730796e-4
Spending,1986,Financial Net Expenditure,16987.2,48779,34.82482215707579
Spending,1986,Financial Net Expenditure,0.3482482215707579,48779,7.139306291042415e-4
Spending,1972,Health,291.8,6990,4.174535050071531
Spending,1972,Health,0.04174535050071531,6990,5.972153147455695e-4
Spending,1973,Health,343.1,8080,4.246287128712871
Spending,1973,Health,0.042462871287128716,8080,5.255305852367415e-4
Spending,1974,Health,401.1,9361,4.284798632624719
Spending,1974,Health,0.0428479863262472,9361,4.577287290486828e-4
Spending,1975,Health,492.3,10203,4.825051455454278
Spending,1975,Health,0.04825051455454278,10203,4.72905170582601e-4
Spending,1976,Health,605.7,11506,5.264209977403095
Spending,1976,Health,0.05264209977403094,11506,4.575186839390834e-4
Spending,1977,Health,689.1,13972,4.932006870884626
Spending,1977,Health,0.04932006870884627,13972,3.529921894420718e-4
Spending,1978,Health,808.5,15667,5.16052849939363
Spending,1978,Health,0.0516052849939363,15667,3.2938842786708563e-4
Spending,1979,Health,980.1,17810,5.50308815272319
Spending,1979,Health,0.055030881527231894,17810,3.089886666324082e-4
Spending,1980,Health,1136.2,20546,5.530030176190013
Spending,1980,Health,0.05530030176190013,20546,2.6915361511681166e-4
Spending,1981,Health,1356.3,23988,5.65407703851926
Spending,1981,Health,0.0565407703851926,23988,2.357043954693705e-4
Spending,1982,Health,1601.2,29028,5.516053465619402
Spending,1982,Health,0.05516053465619402,29028,1.900252675216826e-4
Spending,1983,Health,1766,33426,5.283312391551487
Spending,1983,Health,0.05283312391551487,33426,1.5805996504372305e-4
Spending,1984,Health,1804.9,37253,4.844978927871581
Spending,1984,Health,0.04844978927871581,37253,1.3005607408454568e-4
Spending,1985,Health,1911.5,42244,4.524902944796894
Spending,1985,Health,0.04524902944796894,42244,1.0711350593686426e-4
Spending,1986,Health,2309,48779,4.733594374628426
Spending,1986,Health,0.04733594374628426,48779,9.704164445003847e-5
Spending,1997,Health,5029,102105,4.925321972479311
Spending,1997,Health,0.04925321972479311,102105,4.823781374545136e-5
Spending,1998,Health,5361,104918,5.109704721782726
Spending,1998,Health,0.051097047217827256,104918,4.870188834883172e-5
Spending,1999,Health,5875,108196,5.429960442160524
Spending,1999,Health,0.05429960442160524,108196,5.018633260157976e-5
Spending,2000,Health,6146,114664,5.360008372287727
Spending,2000,Health,0.05360008372287728,114664,4.674534616172232e-5
Spending,2020,Health,19891,317636,6.262199498797366
Spending,2020,Health,0.06262199498797366,317636,1.9715018130178464e-5
Spending,2021,Health,22784,343283,6.6370895150648295
Spending,2021,Health,0.0663708951506483,343283,1.9334163110508906e-5
Spending,2022,Health,27781,365742,7.595791568920168
Spending,2022,Health,0.07595791568920168,365742,2.076816873347925e-5
Spending,2023,Health,28489,401642,7.093132690306293
Spending,2023,Health,0.07093132690306293,401642,1.766033604629569e-5
Spending,2024,Health,29999,420135,7.140323943494353
Spending,2024,Health,0.07140323943494353,420135,1.6995308516296795e-5
Spending,2025,Health,30311,436103,6.950422262630617
Spending,2025,Health,0.06950422262630616,436103,1.5937570396513245e-5
Spending,1972,"Heritage, culture and recreation; Primary Services, Housing and community development, Environemntal protection, Other",131.6,6990,1.882689556509299
Spending,1972,"Heritage, culture and recreation; Primary Services, Housing and community development, Environemntal protection, Other",0.01882689556509299,6990,2.693404229627037e-4
Spending,1973,"Heritage, culture and recreation; Primary Services, Housing and community development, Environemntal protection, Other",143.5,8080,1.775990099009901
Spending,1973,"Heritage, culture and recreation; Primary Services, Housing and community development, Environemntal protection, Other",0.01775990099009901,8080,2.1980075482795804e-4
Spending,1974,"Heritage, culture and recreation; Primary Services, Housing and community development, Environemntal protection, Other",194.8,9361,2.0809742548872983
Spending,1974,"Heritage, culture and recreation; Primary Services, Housing and community development, Environemntal protection, Other",0.020809742548872984,9361,2.2230255900943256e-4
Spending,1975,"Heritage, culture and recreation; Primary Services, Housing and community development, Environemntal protection, Other",313.5,10203,3.0726256983240225
Spending,1975,"Heritage, culture and recreation; Primary Services, Housing and community development, Environemntal protection, Other",0.030726256983240222,10203,3.011492402552212e-4
Spending,1976,"Heritage, culture and recreation; Primary Services, Housing and community development, Environemntal protection, Other",494.1,11506,4.294281244568052
Spending,1976,"Heritage, culture and recreation; Primary Services, Housing and community development, Environemntal protection, Other",0.04294281244568052,11506,3.7322103637824197e-4
Spending,1977,"Heritage, culture and recreation; Primary Services, Housing and community development, Environemntal protection, Other",283.2,13972,2.0269109647867163
Spending,1977,"Heritage, culture and recreation; Primary Services, Housing and community development, Environemntal protection, Other",0.020269109647867163,13972,1.4506949361485228e-4
Spending,1978,"Heritage, culture and recreation; Primary Services, Housing and community development, Environemntal protection, Other",368.7,15667,2.353354183953533
Spending,1978,"Heritage, culture and recreation; Primary Services, Housing and community development, Environemntal protection, Other",0.023533541839535328,15667,1.5021090087148354e-4
Spending,1979,"Heritage, culture and recreation; Primary Services, Housing and community development, Environemntal protection, Other",507.5,17810,2.849522740033689
Spending,1979,"Heritage, culture and recreation; Primary Services, Housing and community development, Environemntal protection, Other",0.02849522740033689,17810,1.5999566198953897e-4
Spending,1980,"Heritage, culture and recreation; Primary Services, Housing and community development, Environemntal protection, Other",486.6,20546,2.368344203251241
Spending,1980,"Heritage, culture and recreation; Primary Services, Housing and community development, Environemntal protection, Other",0.023683442032512412,20546,1.1527033014948123e-4
Spending,1981,"Heritage, culture and recreation; Primary Services, Housing and community development, Environemntal protection, Other",502.5,23988,2.0947973986993498
Spending,1981,"Heritage, culture and recreation; Primary Services, Housing and community development, Environemntal protection, Other",0.020947973986993496,23988,8.732688839000124e-5
Spending,1982,"Heritage, culture and recreation; Primary Services, Housing and community development, Environemntal protection, Other",657.7,29028,2.265743420146066
Spending,1982,"Heritage, culture and recreation; Primary Services, Housing and community development, Environemntal protection, Other",0.02265743420146066,29028,7.805372123970188e-5
Spending,1983,"Heritage, culture and recreation; Primary Services, Housing and community development, Environemntal protection, Other",710.9000000000001,33426,2.1267875306647523
Spending,1983,"Heritage, culture and recreation; Primary Services, Housing and community development, Environemntal protection, Other",0.021267875306647522,33426,6.362674357281015e-5
Spending,1984,"Heritage, culture and recreation; Primary Services, Housing and community development, Environemntal protection, Other",996.1,37253,2.6738786138029154
Spending,1984,"Heritage, culture and recreation; Primary Services, Housing and community development, Environemntal protection, Other",0.02673878613802915,37253,7.177619557627345e-5
Spending,1985,"Heritage, culture and recreation; Primary Services, Housing and community development, Environemntal protection, Other",838.7,42244,1.9853707035318626
Spending,1985,"Heritage, culture and recreation; Primary Services, Housing and community development, Environemntal protection, Other",0.019853707035318625,42244,4.699769679793254e-5
Spending,1986,"Heritage, culture and recreation; Primary Services, Housing and community development, Environemntal protection, Other",460.8,48779,0.9446688123987782
Spending,1986,"Heritage, culture and recreation; Primary Services, Housing and community development, Environemntal protection, Other",0.009446688123987782,48779,1.9366301326365407e-5
Spending,1997,"Heritage, culture and recreation; Primary Services, Housing and community development, Environemntal protection, Other",720,102105,0.7051564565888057
Spending,1997,"Heritage, culture and recreation; Primary Services, Housing and community development, Environemntal protection, Other",0.007051564565888057,102105,6.906189281512224e-6
Spending,1998,"Heritage, culture and recreation; Primary Services, Housing and community development, Environemntal protection, Other",890,104918,0.8482815150879734
Spending,1998,"Heritage, culture and recreation; Primary Services, Housing and community development, Environemntal protection, Other",0.008482815150879735,104918,8.085185717302784e-6
Spending,1999,"Heritage, culture and recreation; Primary Services, Housing and community development, Environemntal protection, Other",700,108196,0.6469740101297645
Spending,1999,"Heritage, culture and recreation; Primary Services, Housing and community development, Environemntal protection, Other",0.006469740101297645,108196,5.979648139762694e-6
Spending,2000,"Heritage, culture and recreation; Primary Services, Housing and community development, Environemntal protection, Other",792,114664,0.6907137375287797
Spending,2000,"Heritage, culture and recreation; Primary Services, Housing and community development, Environemntal protection, Other",0.006907137375287797,114664,6.0238064041789905e-6
Spending,2020,"Heritage, culture and recreation; Primary Services, Housing and community development, Environemntal protection, Other",4703,317636,1.4806256217809064
Spending,2020,"Heritage, culture and recreation; Primary Services, Housing and community development, Environemntal protection, Other",0.014806256217809064,317636,4.661391094778005e-6
Spending,2021,"Heritage, culture and recreation; Primary Services, Housing and community development, Environemntal protection, Other",6507,343283,1.8955206054479832
Spending,2021,"Heritage, culture and recreation; Primary Services, Housing and community development, Environemntal protection, Other",0.018955206054479833,343283,5.521743300565373e-6
Spending,2022,"Heritage, culture and recreation; Primary Services, Housing and community development, Environemntal protection, Other",7268,365742,1.9871931580184938
Spending,2022,"Heritage, culture and recreation; Primary Services, Housing and community development, Environemntal protection, Other",0.01987193158018494,365742,5.433319547709845e-6
Spending,2023,"Heritage, culture and recreation; Primary Services, Housing and community development, Environemntal protection, Other",7519,401642,1.872065172467023
Spending,2023,"Heritage, culture and recreation; Primary Services, Housing and community development, Environemntal protection, Other",0.018720651724670228,401642,4.661029405458151e-6
Spending,2024,"Heritage, culture and recreation; Primary Services, Housing and community development, Environemntal protection, Other",7520,420135,1.789900865198091
Spending,2024,"Heritage, culture and recreation; Primary Services, Housing and community development, Environemntal protection, Other",0.01789900865198091,420135,4.260299344729887e-6
Spending,2025,"Heritage, culture and recreation; Primary Services, Housing and community development, Environemntal protection, Other",7140,436103,1.6372279025826468
Spending,2025,"Heritage, culture and recreation; Primary Services, Housing and community development, Environemntal protection, Other",0.016372279025826466,436103,3.754222976183715e-6
Spending,1972,Law and order,32.2,6990,0.4606580829756796
Spending,1972,Law and order,0.004606580829756796,6990,6.590244391640625e-5
Spending,1973,Law and order,39.8,8080,0.4925742574257425
Spending,1973,Law and order,0.004925742574257426,8080,6.0962160572492894e-5
Spending,1974,Law and order,46.3,9361,0.49460527721397285
Spending,1974,Law and order,0.004946052772139728,9361,5.2836799189613596e-5
Spending,1975,Law and order,61,10203,0.5978633735175929
Spending,1975,Law and order,0.0059786337351759285,10203,5.859682186784209e-5
Spending,1976,Law and order,77.8,11506,0.6761689553276551
Spending,1976,Law and order,0.006761689553276551,11506,5.876663960782679e-5
Spending,1977,Law and order,79.6,13972,0.5697108502719724
Spending,1977,Law and order,0.0056971085027197246,13972,4.077518252733842e-5
Spending,1978,Law and order,107.5,15667,0.6861556137103466
Spending,1978,Law and order,0.006861556137103466,15667,4.379623499778813e-5
Spending,1979,Law and order,139.3,17810,0.7821448624368333
Spending,1979,Law and order,0.007821448624368333,17810,4.391605067023208e-5
Spending,1980,Law and order,164.7,20546,0.8016158863039035
Spending,1980,Law and order,0.008016158863039033,20546,3.9015666616563e-5
Spending,1981,Law and order,208.8,23988,0.8704352176088044
Spending,1981,Law and order,0.008704352176088044,23988,3.628627720563633e-5
Spending,1982,Law and order,253.5,29028,0.8732947498966515
Spending,1982,Law and order,0.008732947498966515,29028,3.0084564899292117e-5
Spending,1983,Law and order,266.3,33426,0.7966852151020164
Spending,1983,Law and order,0.007966852151020165,33426,2.383429710710275e-5
Spending,1984,Law and order,271.3,37253,0.7282634955574048
Spending,1984,Law and order,0.007282634955574048,37253,1.9549123441263923e-5
Spending,1985,Law and order,292.1,42244,0.6914591421266927
Spending,1985,Law and order,0.006914591421266926,42244,1.6368221336206148e-5
Spending,1986,Law and order,391.1,48779,0.8017794542733553
Spending,1986,Law and order,0.008017794542733554,48779,1.643698014049807e-5
Spending,1997,Law and order,1266,102105,1.2399001028353165
Spending,1997,Law and order,0.012399001028353165,102105,1.2143382819992327e-5
Spending,1998,Law and order,1329,104918,1.2667035208448503
Spending,1998,Law and order,0.012667035208448503,104918,1.2073271705949887e-5
Spending,1999,Law and order,1482,108196,1.3697364043033013
Spending,1999,Law and order,0.013697364043033015,108196,1.2659769347326164e-5
Spending,2000,Law and order,1509,114664,1.316018977185516
Spending,2000,Law and order,0.013160189771855159,114664,1.147717659584103e-5
Spending,2020,Law and order,4911,317636,1.5461093830674104
Spending,2020,Law and order,0.015461093830674105,317636,4.867550854019729e-6
Spending,2021,Law and order,5202,343283,1.5153677869279865
Spending,2021,Law and order,0.015153677869279866,343283,4.414339734061945e-6
Spending,2022,Law and order,5444,365742,1.488480951052928
Spending,2022,Law and order,0.014884809510529281,365742,4.06975668928624e-6
Spending,2023,Law and order,6165,401642,1.5349490342145493
Spending,2023,Law and order,0.015349490342145493,401642,3.821684570374984e-6
Spending,2024,Law and order,6527,420135,1.5535482642483964
Spending,2024,Law and order,0.015535482642483963,420135,3.6977358807249966e-6
Spending,2025,Law and order,6734,436103,1.5441306296906923
Spending,2025,Law and order,0.015441306296906923,436103,3.540747552047778e-6
Spending,1972,"Social security and welfare, GSF",391.9,6990,5.606580829756796
Spending,1972,"Social security and welfare, GSF",0.05606580829756795,6990,8.020859556161366e-4
Spending,1973,"Social security and welfare, GSF",527.3,8080,6.5259900990099
Spending,1973,"Social security and welfare, GSF",0.065259900990099,8080,8.076720419566708e-4
Spending,1974,"Social security and welfare, GSF",646.8,9361,6.909518213866039
Spending,1974,"Social security and welfare, GSF",0.0690951821386604,9361,7.38117531659656e-4
Spending,1975,"Social security and welfare, GSF",789.5,10203,7.7379202195432715
Spending,1975,"Social security and welfare, GSF",0.07737920219543272,10203,7.583965715518252e-4
Spending,1976,"Social security and welfare, GSF",997,11506,8.665044324700157
Spending,1976,"Social security and welfare, GSF",0.08665044324700157,11506,7.530891990874463e-4
Spending,1977,"Social security and welfare, GSF",1158.9,13972,8.294446034926997
Spending,1977,"Social security and welfare, GSF",0.08294446034926997,13972,5.936477265192526e-4
Spending,1978,"Social security and welfare, GSF",1569.3,15667,10.016595391587414
Spending,1978,"Social security and welfare, GSF",0.10016595391587413,15667,6.393435496002688e-4
Spending,1979,"Social security and welfare, GSF",1853.5,17810,10.40707467714767
Spending,1979,"Social security and welfare, GSF",0.1040707467714767,17810,5.843388364484935e-4
Spending,1980,"Social security and welfare, GSF",2175,20546,10.586002141536065
Spending,1980,"Social security and welfare, GSF",0.10586002141536065,20546,5.152342130602582e-4
Spending,1981,"Social security and welfare, GSF",2589.7,23988,10.795814573953642
Spending,1981,"Social security and welfare, GSF",0.10795814573953642,23988,4.500506325643506e-4
Spending,1982,"Social security and welfare, GSF",3042.3,29028,10.480570483670938
Spending,1982,"Social security and welfare, GSF",0.1048057048367094,29028,3.610503818268892e-4
Spending,1983,"Social security and welfare, GSF",3744.2,33426,11.20145994136301
Spending,1983,"Social security and welfare, GSF",0.11201459941363011,33426,3.3511218636280175e-4
Spending,1984,"Social security and welfare, GSF",4049.4,37253,10.869997047217673
Spending,1984,"Social security and welfare, GSF",0.10869997047217674,37253,2.917885015224995e-4
Spending,1985,"Social security and welfare, GSF",4457.5,42244,10.55179433765742
Spending,1985,"Social security and welfare, GSF",0.10551794337657419,42244,2.497820835540531e-4
Spending,1986,"Social security and welfare, GSF",5449.1,48779,11.170995715369319
Spending,1986,"Social security and welfare, GSF",0.1117099571536932,48779,2.2901239704318087e-4
Spending,1997,"Social security and welfare, GSF",12180.962406015038,102105,11.929839288981967
Spending,1997,"Social security and welfare, GSF",0.11929839288981968,102105,1.1683893334295057e-4
Spending,1998,"Social security and welfare, GSF",13024.947368421053,104918,12.414406840028455
Spending,1998,"Social security and welfare, GSF",0.12414406840028454,104918,1.183248521705375e-4
Spending,1999,"Social security and welfare, GSF",13435.57142857143,108196,12.417807893611066
Spending,1999,"Social security and welfare, GSF",0.12417807893611066,108196,1.1477141385643708e-4
Spending,2000,"Social security and welfare, GSF",13499.526315789473,114664,11.773116510665487
Spending,2000,"Social security and welfare, GSF",0.11773116510665486,114664,1.0267491549802454e-4
Spending,2020,"Social security and welfare, GSF",44028,317636,13.861149240010578
Spending,2020,"Social security and welfare, GSF",0.13861149240010578,317636,4.363847057641633e-5
Spending,2021,"Social security and welfare, GSF",36759,343283,10.708074678909238
Spending,2021,"Social security and welfare, GSF",0.10708074678909238,343283,3.119314000084256e-5
Spending,2022,"Social security and welfare, GSF",42954,365742,11.744344373902916
Spending,2022,"Social security and welfare, GSF",0.11744344373902915,365742,3.211100823504797e-5
Spending,2023,"Social security and welfare, GSF",41575,401642,10.351258085558781
Spending,2023,"Social security and welfare, GSF",0.10351258085558782,401642,2.5772349718303317e-5
Spending,2024,"Social security and welfare, GSF",44658,420135,10.62944053697026
Spending,2024,"Social security and welfare, GSF",0.1062944053697026,420135,2.530005959267916e-5
Spending,2025,"Social security and welfare, GSF",47568,436103,10.907514967794306
Spending,2025,"Social security and welfare, GSF",0.10907514967794306,436103,2.501132752536512e-5
Spending,1997,Total Crown Expenses,37599.96240601504,102105,36.82480035846926
Spending,1997,Total Crown Expenses,0.3682480035846926,102105,3.6065619076900503e-4
Spending,1998,Total Crown Expenses,38766.94736842105,104918,36.94975825732577
Spending,1998,Total Crown Expenses,0.3694975825732577,104918,3.521774934456029e-4
Spending,1999,Total Crown Expenses,39837.57142857143,108196,36.81981905853398
Spending,1999,Total Crown Expenses,0.3681981905853398,108196,3.4030665697931515e-4
Spending,2000,Total Crown Expenses,41017.94631578947,114664,35.77229672415882
Spending,2000,Total Crown Expenses,0.3577229672415882,114664,3.1197495922136696e-4
Spending,2020,Total Crown Expenses,138916,317636,43.73433741767306
Spending,2020,Total Crown Expenses,0.4373433741767306,317636,1.376869668981887e-4
Spending,2021,Total Crown Expenses,133722,343283,38.95386605220765
Spending,2021,Total Crown Expenses,0.38953866052207653,343283,1.1347449786970998e-4
Spending,2022,Total Crown Expenses,150956,365742,41.27390346200327
Spending,2022,Total Crown Expenses,0.4127390346200327,365742,1.128497778816851e-4
Spending,2023,Total Crown Expenses,161822,401642,40.29010910213573
Spending,2023,Total Crown Expenses,0.40290109102135735,401642,1.0031348589573734e-4
Spending,2024,Total Crown Expenses,180061,420135,42.85789091601509
Spending,2024,Total Crown Expenses,0.4285789091601509,420135,1.0200980855204896e-4
Spending,2025,Total Crown Expenses,183502,436103,42.07767431088527
Spending,2025,Total Crown Expenses,0.4207767431088527,436103,9.64856336940706e-5
Spending,1972,Transport and communications,144.4,6990,2.0658082975679544
Spending,1972,Transport and communications,0.020658082975679542,6990,2.955376677493497e-4
Spending,1973,Transport and communications,183.1,8080,2.266089108910891
Spending,1973,Transport and communications,0.02266089108910891,8080,2.8045657288501124e-4
Spending,1974,Transport and communications,168.7,9361,1.8021578891144108
Spending,1974,Transport and communications,0.018021578891144106,9361,1.9251766788958558e-4
Spending,1975,Transport and communications,211.2,10203,2.069979417818289
Spending,1975,Transport and communications,0.020699794178182886,10203,2.028794881719385e-4
Spending,1976,Transport and communications,274.8,11506,2.388319137841126
Spending,1976,Transport and communications,0.023883191378411266,11506,2.0757162678959905e-4
Spending,1977,Transport and communications,230.6,13972,1.6504437446321214
Spending,1977,Transport and communications,0.016504437446321213,13972,1.1812508908045529e-4
Spending,1978,Transport and communications,247.6,15667,1.5803919065551797
Spending,1978,Transport and communications,0.015803919065551796,15667,1.0087393288792875e-4
Spending,1979,Transport and communications,279.1,17810,1.5670971364402024
Spending,1979,Transport and communications,0.01567097136440202,17810,8.798973253454252e-5
Spending,1980,Transport and communications,265,20546,1.2897887666699115
Spending,1980,Transport and communications,0.012897887666699115,20546,6.277566274067515e-5
Spending,1981,Transport and communications,332.6,23988,1.3865265966316491
Spending,1981,Transport and communications,0.013865265966316492,23988,5.780084194729236e-5
Spending,1982,Transport and communications,460.6,29028,1.5867438335400303
Spending,1982,Transport and communications,0.015867438335400302,29028,5.466252699255995e-5
Spending,1983,Transport and communications,495.6,33426,1.482678154729851
Spending,1983,Transport and communications,0.014826781547298511,33426,4.435703209267789e-5
Spending,1984,Transport and communications,537.1,37253,1.4417630794835314
Spending,1984,Transport and communications,0.014417630794835316,37253,3.8701932179516596e-5
Spending,1985,Transport and communications,543.3,42244,1.2860998011551934
Spending,1985,Transport and communications,0.012860998011551935,42244,3.044455546717151e-5
Spending,1986,Transport and communications,865.6,48779,1.7745341232907603
Spending,1986,Transport and communications,0.017745341232907604,48779,3.637905908876279e-5
Spending,1997,Transport and communications,797,102105,0.7805690220851085
Spending,1997,Transport and communications,0.0078056902208510845,102105,7.644767857451727e-6
Spending,1998,Transport and communications,850,104918,0.8101565031739072
Spending,1998,Transport and communications,0.008101565031739073,104918,7.72180658394086e-6
Spending,1999,Transport and communications,923,108196,0.8530814447853895
Spending,1999,Transport and communications,0.008530814447853894,108196,7.88459319000138e-6
Spending,2000,Transport and communications,929,114664,0.8101932603083792
Spending,2000,Transport and communications,0.008101932603083792,114664,7.065803219043285e-6
Spending,2020,Transport and communications,3179,317636,1.000831140047098
Spending,2020,Transport and communications,0.01000831140047098,317636,3.1508743972569165e-6
Spending,2021,Transport and communications,5656,343283,1.6476201850950964
Spending,2021,Transport and communications,0.016476201850950965,343283,4.7995973732899574e-6
Spending,2022,Transport and communications,4657,365742,1.2733019450869738
Spending,2022,Transport and communications,0.012733019450869739,365742,3.4814211796484237e-6
Spending,2023,Transport and communications,5472,401642,1.362407317959775
Spending,2023,Transport and communications,0.013624073179597752,401642,3.39209375005546e-6
Spending,2024,Transport and communications,5487,420135,1.3060087828912135
Spending,2024,Transport and communications,0.013060087828912135,420135,3.1085455458155436e-6
Spending,2025,Transport and communications,5472,436103,1.2547494513910704
Spending,2025,Transport and communications,0.012547494513910705,436103,2.8771860119996204e-6
