year,scenario,category,value,nominal_gdp,raw_value,raw_share_gdp,share_gdp
2025,central,Defence,49773.9279983015,2778415.30054645,50175,0.018058855344675,0.0179145025542122
2025,central,Economic affairs,45994.383092003,2778415.30054645,46365,0.0166875700658865,0.0165541785934439
2025,central,Education,147254.442371617,2778415.30054645,148441,0.0534264981807454,0.0529994354489249
2025,central,Environmental Protection,20610.9198210406,2778415.30054645,20777,0.00747800373684728,0.00741822859130774
2025,central,General public services excl interest,63519.1705761683,2778415.30054645,64031,0.0230458707837545,0.022861654470329
2025,central,Health,206082.414033904,2778415.30054645,207743,0.0747703195987806,0.0741726458220169
2025,central,Housing and community amenities,13791.8668851098,2778415.30054645,13903,0.0050039315566919,0.00496393281537044
2025,central,Public order and safety,52352.1529881886,2778415.30054645,52774,0.0189942806568984,0.0188424505788937
2025,central,"Recreation, culture and religion",19811.3625521491,2778415.30054645,19971,0.00718791031566525,0.00713045402112947
2025,central,Social Protection,309254.069910483,2778415.30054645,311746,0.112202808535746,0.111305919546894
2025,central,Transport,46779.0602628382,2778415.30054645,47156,0.0169722647261284,0.0168365975574774
2026,central,Defence,55966.4936681931,2962133.33333333,55548.7969738092,0.0187529698102075,0.018893981927955
2026,central,Economic affairs,49834.9210651827,2962133.33333333,49462.9863515803,0.0166984334550258,0.0168239965785412
2026,central,Education,158448.34976265,2962133.33333333,157265.796638653,0.0530920721457464,0.0534912956076645
2026,central,Environmental Protection,22331.9347562019,2962133.33333333,22165.2640445764,0.0074828718191539,0.00753913893912111
2026,central,General public services excl interest,68823.0309657008,2962133.33333333,68309.381625753,0.0230608733432278,0.0232342785489177
2026,central,Health,226165.862953844,2962133.33333333,224477.911339466,0.0757825141810405,0.0763523574069963
2026,central,Housing and community amenities,14943.4898645365,2962133.33333333,14831.9615927105,0.00500718905047392,0.00504484038458876
2026,central,Public order and safety,56858.2322296501,2962133.33333333,56433.8801915961,0.0190517690600005,0.0191950279853428
2026,central,"Recreation, culture and religion",21465.6143339322,2962133.33333333,21305.4092618874,0.00719258955096128,0.0072466739063959
2026,central,Social Protection,337882.818167826,2962133.33333333,335361.085484794,0.113216066849836,0.114067390000842
2026,central,Transport,50685.1188989487,2962133.33333333,50306.8388740456,0.0169833134477558,0.017111018713635
2027,central,Defence,59053.4723671807,3095135.13513514,60191.3538177769,0.01944708427574,0.0190794488088166
2027,central,Economic affairs,50725.9134501841,3095135.13513514,51703.3339754433,0.0167047097196245,0.0163889171992386
2027,central,Education,160234.081122307,3095135.13513514,163321.577612416,0.0527671880165855,0.0517696559686111
2027,central,Environmental Protection,22731.204653391,3095135.13513514,23169.2045725825,0.00748568432750218,0.00734417195402957
2027,central,General public services excl interest,70053.5094172056,3095135.13513514,71403.3468733228,0.0230695409912063,0.0226334251522581
2027,central,Health,233201.171289518,3095135.13513514,237694.646040973,0.0767962094264406,0.0753444231375494
2027,central,Housing and community amenities,15210.6626700725,3095135.13513514,15503.7518011558,0.00500907104997174,0.00491437756542682
2027,central,Public order and safety,58014.8584555541,3095135.13513514,59132.7272048307,0.0191050550696711,0.018743885459793
2027,central,"Recreation, culture and religion",21849.3953955274,3095135.13513514,22270.4040294097,0.00719529295396574,0.00705927025527865
2027,central,Social Protection,346821.986880849,3095135.13513514,353504.782823429,0.114213036713822,0.112053907741804
2027,central,Transport,51591.3118657798,3095135.13513514,52585.4074613611,0.0169896967872019,0.0166685167571939
2028,central,Defence,61073.2780284116,3185558.58310627,64160.9685243098,0.0201411987412725,0.0191719211670747
2028,central,Economic affairs,51169.4015703387,3185558.58310627,53756.3803605721,0.0168750248843811,0.0160629290704938
2028,central,Education,160700.559377763,3185558.58310627,168825.120657172,0.0529970227364486,0.050446587367752
2028,central,Environmental Protection,22929.9397482352,3185558.58310627,24089.2120080148,0.00756200565130565,0.00719809074296666
2028,central,General public services excl interest,70665.9754545531,3185558.58310627,74238.6453330701,0.0233047496683232,0.0221832289725609
2028,central,Health,238175.273159165,3185558.58310627,250216.734679364,0.0785472086453907,0.0747671929256808
2028,central,Housing and community amenities,15343.6469326522,3185558.58310627,16119.3778961077,0.00506014172258278,0.00481662682771649
2028,central,Public order and safety,58664.462065624,3185558.58310627,61630.3697066506,0.019346801541648,0.0184157536379129
2028,central,"Recreation, culture and religion",22040.4209805076,3185558.58310627,23154.7217120886,0.00726865355259302,0.00691885595744271
2028,central,Social Protection,352583.505002058,3185558.58310627,370409.11994447,0.116277604156719,0.110681846151531
2028,central,Transport,52042.3660185677,3185558.58310627,54673.4793978894,0.0171629175767902,0.0163369671788678
2029,central,Defence,64507.2784970193,3331215.46961326,69406.9176687462,0.020835313206805,0.0193644869524181
2029,central,Economic affairs,52266.1926038211,3331215.46961326,56236.0622155199,0.0168815445078516,0.0156898264554136
2029,central,Education,163356.086444199,3331215.46961326,175763.769712359,0.0527626541470055,0.0490379826625757
2029,central,Environmental Protection,23421.4317638217,3331215.46961326,25200.4025590824,0.00756492721319168,0.00703089667344178
2029,central,General public services excl interest,72180.665989761,3331215.46961326,77663.1359801996,0.0233137533998111,0.0216679667371204
2029,central,Health,246136.15497919,3331215.46961326,264831.384023305,0.079499926209832,0.0738877917758245
2029,central,Housing and community amenities,15672.5304814176,3331215.46961326,16862.9348211447,0.00506209669562516,0.00470474834917751
2029,central,Public order and safety,60066.8192330579,3331215.46961326,64629.1840900551,0.0194010818812505,0.018031502249247
2029,central,"Recreation, culture and religion",22512.8465974531,3331215.46961326,24222.8059636827,0.00727146177863267,0.00675814783006718
2029,central,Social Protection,362666.599931411,3331215.46961326,390212.878749903,0.117138288504407,0.108869150986957
2029,central,Transport,53157.8686169695,3331215.46961326,57195.4653258936,0.0171695484268791,0.0159574993277576
2030,central,Defence,68346.8657104273,3508707.86516854,75540.4722065078,0.0215294276723375,0.0194792123872485
2030,central,Economic affairs,53617.0505089781,3508707.86516854,59260.3226449119,0.0168895003295082,0.0152811384046083
2030,central,Education,166938.390028939,3508707.86516854,184508.89709572,0.0525859958098441,0.0475783098633434
2030,central,Environmental Protection,24026.775766743,3508707.86516854,26555.6286766599,0.00756849236161309,0.0068477561227768
2030,central,General public services excl interest,74046.2279982828,3508707.86516854,81839.7006206482,0.0233247405499566,0.021103560297325
2030,central,Health,255221.674981069,3508707.86516854,282084.125511909,0.0803954436652307,0.0727395054785529
2030,central,Housing and community amenities,16077.5984735538,3508707.86516854,17769.7889729798,0.00506448232677994,0.0045821992287128
2030,central,Public order and safety,61767.2358974264,3508707.86516854,68268.3268366833,0.0194568283995351,0.0176039836518164
2030,central,"Recreation, culture and religion",23094.7075534304,3508707.86516854,25525.458935437,0.00727488862462218,0.00658211183173584
2030,central,Social Protection,374240.127507782,3508707.86516854,413629.442355665,0.117886543494209,0.106660383790546
2030,central,Transport,54531.7725396608,3508707.86516854,60271.3204926877,0.017177639977101,0.0155418389433346
2031,central,Defence,73654.603830886,3663091.01123596,81406.8574430551,0.02222354213787,0.0201072273675325
2031,central,Economic affairs,55996.8520109308,3663091.01123596,61890.6016978961,0.0168957313667764,0.0152867760694914
2031,central,Education,173828.810760826,3663091.01123596,192124.544578277,0.0524487499734419,0.0474541337432332
2031,central,Environmental Protection,25093.20811455,3663091.01123596,27734.3045719225,0.00757128460277179,0.00685028246297472
2031,central,General public services excl interest,77332.7818637315,3663091.01123596,85472.1690352203,0.0233333457380796,0.0211113460262181
2031,central,Health,269248.303895628,3663091.01123596,297587.077412594,0.0812393348949814,0.0735030342051976
2031,central,Housing and community amenities,16791.2052951142,3663091.01123596,18558.5039449121,0.00506635076441913,0.00458388973782247
2031,central,Public order and safety,64665.0648115553,3663091.01123596,71471.1564364256,0.0195111604426969,0.0176531417355467
2031,central,"Recreation, culture and religion",24119.7699020878,3663091.01123596,26658.4105792879,0.00727757254666003,0.00658454016788122
2031,central,Social Protection,392860.359243745,3663091.01123596,434209.480420448,0.118536361528714,0.107248320622859
2031,central,Transport,56952.1741276276,3663091.01123596,62946.4728494768,0.0171839773176256,0.0155475727883735
2032,central,Defence,79297.1033739296,3824267.01573034,87643.2382262268,0.0229176566034025,0.0207352423478165
2032,central,Economic affairs,58482.331345788,3824267.01573034,64637.6813285863,0.0169019791407641,0.015292428877281
2032,central,Education,181287.310263947,3824267.01573034,200368.061944602,0.0523938472707133,0.0474044593429955
2032,central,Environmental Protection,26206.9966218362,3824267.01573034,28965.3209309616,0.00757408434395892,0.00685281558898454
2032,central,General public services excl interest,80765.2789475283,3824267.01573034,89265.9414030132,0.0233419740399496,0.0211191526677706
2032,central,Health,283911.690911391,3824267.01573034,313793.807125856,0.0820533205017142,0.0742395051766988
2032,central,Housing and community amenities,17536.500651364,3824267.01573034,19382.2427156548,0.00506822422072777,0.00458558478768119
2032,central,Public order and safety,67698.9112220609,3824267.01573034,74824.31957082,0.0195656629788259,0.0177024540764532
2032,central,"Recreation, culture and religion",25190.3513276552,3824267.01573034,27841.6722487479,0.00728026367777848,0.00658697502659721
2032,central,Social Protection,412232.103727666,3824267.01573034,455620.129037155,0.119139204235231,0.107793755517602
2032,central,Transport,59480.0564421865,3824267.01573034,65740.4184348283,0.0171903316804027,0.0155533220346612
2033,central,Defence,85293.5475637446,3992534.76442247,94270.8168423078,0.023611771068935,0.0213632573281005
2033,central,Economic affairs,61077.9390562118,3992534.76442247,67506.4805056984,0.0169081760056918,0.0152980356240046
2033,central,Education,189207.63617835,3992534.76442247,209122.013620137,0.0523782574127158,0.0473903540839221
2033,central,Environmental Protection,27370.1356577356,3992534.76442247,30250.8820331478,0.00757686127187013,0.00685532807419268
2033,central,General public services excl interest,84349.8655388396,3992534.76442247,93227.8109190202,0.0233505320353812,0.0211268956980619
2033,central,Health,299352.72625487,3992534.76442247,330860.03377838,0.0828696688446341,0.0749781138845443
2033,central,Housing and community amenities,18314.8190811714,3992534.76442247,20242.4802862229,0.00507008241145547,0.00458726602567747
2033,central,Public order and safety,70874.8441003746,3992534.76442247,78334.5239793213,0.019620248439002,0.0177518414446735
2033,central,"Recreation, culture and religion",26308.3688319121,3992534.76442247,29077.3627128071,0.00728293288061406,0.00658939004522799
2033,central,Social Protection,432558.799472566,3992534.76442247,478086.238916624,0.119745040964166,0.108341899318474
2033,central,Transport,62119.945953515,3992534.76442247,68658.1601364545,0.0171966342655969,0.015559024434068
2034,central,Defence,91664.1596501312,4168206.29405706,101311.945067398,0.0243058855344675,0.0219912723083845
2034,central,Economic affairs,63788.4987013128,4168206.29405706,70502.3304749179,0.016914309297848,0.0153035848518969
2034,central,Education,197554.672917513,4168206.29405706,218347.588052078,0.0523840646667113,0.0473956083217814
2034,central,Environmental Protection,28584.7867468387,4168206.29405706,31593.3769066617,0.00757960971166587,0.0068578147841661
2034,central,General public services excl interest,88093.2030700693,4168206.29405706,97365.1401410432,0.0233590022355334,0.0211345592936872
2034,central,Health,315716.244023335,4168206.29405706,348945.835465711,0.083716066539996,0.0757439103898185
2034,central,Housing and community amenities,19127.6069760456,4168206.29405706,21140.8152829243,0.00507192153926412,0.00458893001608805
2034,central,Public order and safety,74199.4446960636,4168206.29405706,82009.0435975351,0.0196749003796817,0.0178012889625582
2034,central,"Recreation, culture and religion",27475.9000876506,4168206.29405706,30367.7783223247,0.00728557470047067,0.00659178028852006
2034,central,Social Protection,454070.870901662,4168206.29405706,501862.486985979,0.120402506877244,0.108936755733291
2034,central,Transport,64876.7485120049,4168206.29405706,71705.1201525985,0.0172028721934502,0.015564668333356
2035,central,Defence,98430.2572920366,4351607.37099557,108790.184274889,0.025,0.0226192872886686
2035,central,Economic affairs,66619.1051500297,4351607.37099557,73630.8623475103,0.0169203827620746,0.015309079949184
2035,central,Education,206363.872768434,4351607.37099557,228083.96893192,0.052413728879161,0.047422447655525
2035,central,Environmental Protection,29853.2329926058,4351607.37099557,32995.3289549061,0.00758233134147792,0.00686027723723059
2035,central,General public services excl interest,92002.3276579651,4351607.37099557,101685.705747297,0.0233673898121082,0.0211421481338553
2035,central,Health,332949.271342899,4351607.37099557,367992.663842346,0.0845647671007957,0.0765117904620898
2035,central,Housing and community amenities,19976.3920824084,4351607.37099557,22078.9362497021,0.00507374272708127,0.00459057777490576
2035,central,Public order and safety,77679.6773178354,4351607.37099557,85855.5757377357,0.0197296236581412,0.0178508010248323
2035,central,"Recreation, culture and religion",28695.1396301357,4351607.37099557,31715.3445905775,0.0072881907503805,0.00659414721589894
2035,central,Social Protection,476627.932926989,4351607.37099557,526793.712423647,0.121057270914385,0.109529167567786
2035,central,Transport,67755.6459064985,4351607.37099557,74887.0256628749,0.0172090492726925,0.0155702571785554
2036,central,Defence,102761.188612886,4543078.09531938,113576.952382984,0.025,0.0226192872886686
2036,central,Economic affairs,69575.0664676353,4543078.09531938,76897.9428702975,0.016926396873856,0.0153145213460708
2036,central,Education,215554.88403525,4543078.09531938,238242.34743156,0.0524407334483234,0.0474468806198447
2036,central,Environmental Protection,31177.8530356531,4543078.09531938,34459.3671738633,0.0075850263743795,0.00686271562616872
2036,central,General public services excl interest,96084.5698477117,4543078.09531938,106197.609833452,0.0233756954217594,0.0211496628126876
2036,central,Health,351383.739363001,4543078.09531938,388367.386291424,0.0854855184399206,0.0773448600245335
2036,central,Housing and community amenities,20862.7660756936,4543078.09531938,23058.6023881321,0.0050755461174856,0.00459220943113172
2036,central,Public order and safety,81322.8160096272,4543078.09531938,89882.1600475084,0.0197844188811352,0.0179003781804702
2036,central,"Recreation, culture and religion",29968.3738256259,4543078.09531938,33122.5885271802,0.00729078123515104,0.0065964910126686
2036,central,Social Protection,500791.618329239,4543078.09531938,553500.660673023,0.121833842399337,0.110231787308519
2036,central,Transport,70762.0367593618,4543078.09531938,78209.8435024642,0.0172151659869202,0.0155757914072105
2037,central,Defence,107282.680911853,4742973.53151343,118574.338287836,0.025,0.0226192872886686
2037,central,Economic affairs,72660.1851802874,4742973.53151343,80307.774790817,0.0169319466484966,0.0153195426239501
2037,central,Education,225132.465831735,4742973.53151343,248827.983568384,0.0524624440585874,0.0474665237610757
2037,central,Environmental Protection,32560.35085713,4742973.53151343,35987.3748911637,0.00758751332936082,0.00686496575213657
2037,central,General public services excl interest,100345.181004615,4742973.53151343,110906.656478611,0.0233833597724552,0.0211565972986984
2037,central,Health,370516.670938827,4742973.53151343,409514.086595958,0.0863412127170962,0.0781190678120017
2037,central,Housing and community amenities,21787.8691806651,4742973.53151343,24081.0739332844,0.00507721027184403,0.00459371511055277
2037,central,Public order and safety,85134.2167000426,4742973.53151343,94094.716174691,0.0198387605474717,0.0179495449709746
2037,central,"Recreation, culture and religion",31297.2405529067,4742973.53151343,34591.3204000303,0.00729317171394642,0.00659865384973382
2037,central,Social Protection,525703.773850951,4742973.53151343,581034.856604776,0.122504343054888,0.110838437186725
2037,central,Transport,73899.7884689234,4742973.53151343,81677.848118964,0.0172208104422842,0.0155808983495092
2038,central,Defence,112003.118871975,4951664.36690002,123791.609172501,0.025,0.0226192872886686
2038,central,Economic affairs,75881.9298516738,4951664.36690002,83868.6127498896,0.016937459111833,0.0153245301436251
2038,central,Education,235133.723833178,4951664.36690002,259881.888443686,0.0524837446941875,0.0474857959689184
2038,central,Environmental Protection,34004.0732562973,4951664.36690002,37583.0511615326,0.00758998356446791,0.00686720075043889
2038,central,General public services excl interest,104794.47536574,4951664.36690002,115824.245508211,0.0233909725954875,0.0211634851639482
2038,central,Health,390687.96502559,4951664.36690002,431808.438567945,0.0872047066546794,0.0789003325098504
2038,central,Housing and community amenities,22753.9409193966,4951664.36690002,25148.8261201707,0.00507886323804194,0.00459521066724512
2038,central,Public order and safety,89124.0214943272,4951664.36690002,98504.4536957792,0.0198932008304609,0.017998800987015
2038,central,"Recreation, culture and religion",32684.9567792036,4951664.36690002,36125.0957668078,0.00729554612147993,0.00660080214597945
2038,central,Social Protection,551849.645411473,4951664.36690002,609932.618973288,0.123177294295319,0.111447304284268
2038,central,Transport,77176.4970146777,4951664.36690002,85299.4349797001,0.0172264169498026,0.015585970957679
2039,central,Defence,116931.256102342,5169537.59904362,129238.439976091,0.025,0.0226192872886686
2039,central,Economic affairs,79246.3453687065,5169537.59904362,87587.1378675203,0.0169429346802167,0.0153294842817987
2039,central,Education,245577.317648232,5169537.59904362,271424.685616926,0.0525046351664296,0.047504697072648
2039,central,Environmental Protection,35511.7290569528,5169537.59904362,39249.389916391,0.00759243726627547,0.00686942078988313
2039,central,General public services excl interest,109440.801041813,5169537.59904362,120959.60368371,0.0233985344658461,0.0211703269286715
2039,central,Health,411953.815441115,5169537.59904362,455312.550505834,0.0880760690453374,0.0796887163597238
2039,central,Housing and community amenities,23762.7939105172,5169537.59904362,26263.8623481535,0.00508050514092641,0.00459669621416688
2039,central,Public order and safety,93300.5734281027,5169537.59904362,103120.593762964,0.0199477403514855,0.0180481467908007
2039,central,"Recreation, culture and religion",34134.1262451944,5169537.59904362,37726.7924156637,0.00729790463708848,0.00660293606366444
2039,central,Social Protection,579290.094633543,5169537.59904362,640261.215175142,0.123852704987307,0.112058396623465
2039,central,Transport,80598.3104110154,5169537.59904362,89081.3991864724,0.01723198593293,0.0155910096148495
2040,central,Defence,122076.231370845,5396997.25340154,134924.931335039,0.025,0.0226192872886686
2040,central,Economic affairs,82759.7438927036,5396997.25340154,91470.3266691379,0.0169483737668177,0.0153344054122953
2040,central,Education,256482.724967398,5396997.25340154,283477.90283371,0.0525251152675765,0.0475232268843098
2040,central,Environmental Protection,37086.1468534175,5396997.25340154,40989.5174637049,0.00759487461993252,0.00687162603798685
2040,central,General public services excl interest,114292.875254906,5396997.25340154,126322.365727414,0.0234060459541271,0.0211771231091272
2040,central,Health,434373.449607951,5396997.25340154,480091.883604083,0.0889553692660298,0.080484282131917
2040,central,Housing and community amenities,24816.320917508,5396997.25340154,27428.2745968085,0.00508213610439052,0.00459817186341297
2040,central,Public order and safety,97672.6054379824,5396997.25340154,107952.788467072,0.0200023797305127,0.0180975829432603
2040,central,"Recreation, culture and religion",35647.4678158349,5396997.25340154,39399.415376024,0.00730024743873862,0.00660505576380783
2040,central,Social Protection,608088.975555598,5396997.25340154,672091.219978699,0.124530584030797,0.112671722256731
2040,central,Transport,84171.64850651,5396997.25340154,93030.8362862044,0.0172375178118852,0.0155960147012229
2041,central,Defence,127447.585551162,5634465.13255121,140861.62831378,0.025,0.0226192872886686
2041,central,Economic affairs,86428.7166705388,5634465.13255121,95525.4641398853,0.0169537767814054,0.0153392939058627
2041,central,Education,267870.277252864,5634465.13255121,296064.011472034,0.0525451847703565,0.0475413851982746
2041,central,Environmental Protection,38730.2803033276,5634465.13255121,42806.6983378496,0.00759729580906419,0.00687381666088882
2041,central,General public services excl interest,119359.800649871,5634465.13255121,131922.592350717,0.0234135076262304,0.0211838742173255
2041,central,Health,458009.29196287,5634465.13255121,506215.432561746,0.0898426772822247,0.0812870931291911
2041,central,Housing and community amenities,25916.4983903915,5634465.13255121,28644.2473403823,0.00508375625130767,0.00459963772615572
2041,central,Public order and safety,102249.258573302,5634465.13255121,113011.140966105,0.0200571195858897,0.0181471100038568
2041,central,"Recreation, culture and religion",37227.8205678277,5634465.13255121,41146.1025415216,0.00730257470293213,0.00660716140610341
2041,central,Social Protection,638313.281326671,5634465.13255121,705496.677658852,0.125210940357601,0.113287289265317
2041,central,Transport,87903.2149965692,5634465.13255121,97155.1555479442,0.0172430130034284,0.0156009865938717
2042,central,Defence,133055.279315413,5882381.59838346,147059.539959587,0.025,0.0226192872886686
2042,central,Economic affairs,90260.1463675318,5882381.59838346,99760.1573555645,0.0169591441301563,0.0153441501299977
2042,central,Education,279761.196976897,5882381.59838346,309206.467700076,0.0525648434275411,0.0475591717908574
2042,central,Environmental Protection,40447.2136542264,5882381.59838346,44704.3414078845,0.0075997010156855,0.00687599282327106
2042,central,General public services excl interest,124651.082326311,5882381.59838346,137770.789078705,0.0234209200430937,0.0211905807607869
2042,central,Health,482927.136151383,5882381.59838346,533755.91590071,0.0907380636522104,0.0820972131906737
2042,central,Housing and community amenities,27065.3901638692,5882381.59838346,29914.0616351648,0.00508536570347382,0.00460109391259265
2042,central,Public order and safety,107040.101058147,5882381.59838346,118306.226553578,0.0201119605341635,0.0181967285304243
2042,central,"Recreation, culture and religion",38878.149101822,5882381.59838346,42970.130541313,0.00730488660462314,0.0066092531488447
2042,central,Social Protection,670033.298073745,5882381.59838346,740555.272059133,0.125893782930139,0.113905105758164
2042,central,Transport,91800.0099667277,5882381.59838346,101462.093826356,0.0172484719206654,0.0156059256665625
2043,central,Defence,138909.711605291,6141206.38871234,153530.159717808,0.025,0.0226192872886686
2043,central,Economic affairs,94261.2199451165,6141206.38871234,104182.349715698,0.0169644762154855,0.0153489744487941
2043,central,Education,292177.636475581,6141206.38871234,322929.75541934,0.0525840909715868,0.0475765864199922
2043,central,Environmental Protection,42240.167514282,6141206.38871234,46686.0062556467,0.00760209042012601,0.00687815468829062
2043,central,General public services excl interest,130176.6456229,6141206.38871234,143877.925906306,0.0234282837604606,0.0211972432423322
2043,central,Health,509196.326478686,6141206.38871234,562789.976514617,0.0916415995314921,0.0829147066958373
2043,central,Housing and community amenities,28265.1513188171,6141206.38871234,31240.0993874119,0.00508696458155711,0.00460254053190088
2043,central,Public order and safety,112055.148243355,6141206.38871234,123849.114710491,0.0201669031899219,0.0182464390790244
2043,central,"Recreation, culture and religion",40601.5490892683,6141206.38871234,44874.9208707475,0.00730718331714572,0.00661133114885941
2043,central,Social Protection,703322.766291367,6141206.38871234,777348.504967823,0.126579120740284,0.114525179870862
2043,central,Transport,95869.3429900122,6141206.38871234,105959.730037603,0.0172538949728769,0.0156108322896006
2044,central,Defence,145021.738915924,6411419.46981568,160285.486745392,0.025,0.0226192872886686
2044,central,Economic affairs,98439.4421073442,6411419.46981568,108800.335805296,0.0169697734359009,0.0153537672228104
2044,central,Education,305142.718487537,6411419.46981568,337259.431070141,0.0526029271143348,0.0475936288249613
2044,central,Environmental Protection,44112.5048779098,6411419.46981568,48755.4098355794,0.00760446420096438,0.00688030241752035
2044,central,General public services excl interest,135946.854687272,6411419.46981568,150255.457822688,0.0234355993286784,0.0212038621599002
2044,central,Health,536889.949113778,6411419.46981568,593398.392997489,0.092553356677277,0.0837396385685575
2044,central,Housing and community amenities,29518.0322143515,6411419.46981568,32624.8478097926,0.00508855300505404,0.0046039776921974
2044,central,Public order and safety,117304.883490039,6411419.46981568,129651.392186884,0.020221948165655,0.0182962422038206
2044,central,"Recreation, culture and religion",42401.2530642892,6411419.46981568,46864.0462928409,0.00730946501215092,0.00661339556145251
2044,central,Social Protection,738259.050120457,6411419.46981568,815961.8832136,0.127266962808324,0.115147519764711
2044,central,Transport,100118.846802845,6411419.46981568,110656.500274659,0.0172592825653692,0.0156157068296958
2045,central,Defence,151402.695428225,6693521.92648757,167338.048162189,0.025,0.0226192872886686
2045,central,Economic affairs,102802.649341337,6693521.92648757,113622.776913088,0.016975036185877,0.0153585288089559
2045,central,Education,318680.578450239,6693521.92648757,352222.170379663,0.0526213515467622,0.0476102987261695
2045,central,Environmental Protection,46067.7374175556,6693521.92648757,50916.4334287335,0.0076068225349718,0.0068824361708978
2045,central,General public services excl interest,141972.531866174,6693521.92648757,156915.34624225,0.0234428672925244,0.0212104380063896
2045,central,Health,566085.03357005,6693521.92648757,625666.302330443,0.0934734074530419,0.0845720742812451
2045,central,Housing and community amenities,30826.3826979966,6693521.92648757,34070.9040746827,0.00509013109225167,0.00460540550050499
2045,central,Public order and safety,122800.2800281,6693521.92648757,135725.18716098,0.0202770960716344,0.0183461384569692
2045,central,"Recreation, culture and religion",44280.6364713868,6693521.92648757,48941.2375225122,0.00731173185955248,0.00661544654035713
2045,central,Social Protection,774923.314901037,6693521.92648757,856485.114905948,0.127957318182027,0.115772133625874
2045,central,Transport,104556.491585034,6693521.92648757,115561.213590285,0.0172646350993469,0.0156205496498463
2046,central,Defence,158064.414027067,6988036.89125302,174700.922281326,0.025,0.0226192872886686
2046,central,Economic affairs,107359.024577923,6988036.89125302,118658.717235208,0.0169802648557472,0.0153632595603931
2046,central,Education,332816.408629632,6988036.89125302,367845.817136291,0.0526393639387803,0.047626595824962
2046,central,Environmental Protection,48109.5320533916,6988036.89125302,53173.1299039346,0.00760916559706372,0.0068845561066815
2046,central,General public services excl interest,148264.977952097,6988036.89125302,163870.081382242,0.0234500881910568,0.0212169712695251
2046,central,Health,596862.765013665,6988036.89125302,659683.434535835,0.0944018248331753,0.0854120798590463
2046,central,Housing and community amenities,32192.6565018195,6988036.89125302,35580.9801729991,0.00509169896019526,0.00460682406272286
2046,central,Public order and safety,128552.823835239,6988036.89125302,142083.194526247,0.0203323475158086,0.0183961283885248
2046,central,"Recreation, culture and religion",46243.2239802803,6988036.89125302,51110.3902060681,0.00731398402748036,0.00661748423769246
2046,central,Social Protection,813400.713402298,6988036.89125302,899012.315266209,0.128650195935787,0.116399029664603
2046,central,Transport,109190.599870517,6988036.89125302,120683.068477159,0.0172699529718023,0.0156253611092397
2047,central,Defence,165019.248244257,7295510.51446816,182387.762861704,0.025,0.0226192872886686
2047,central,Economic affairs,112117.112499826,7295510.51446816,123917.600794602,0.016985459831612,0.0153679598264549
2047,central,Education,347576.504162044,7295510.51446816,384159.434077491,0.0526569639390748,0.0476425198034797
2047,central,Environmental Protection,50241.7178131971,7295510.51446816,55529.7312996754,0.00761149356025888,0.00688666238141385
2047,central,General public services excl interest,154835.993324196,7295510.51446816,171132.705628797,0.0234572625574884,0.0212234624317423
2047,central,Health,629308.707980661,7295510.51446816,695544.35994091,0.0953386824076992,0.0862597218841152
2047,central,Housing and community amenities,33619.415832742,7295510.51446816,37157.9079876492,0.00509325672466089,0.00460823348360191
2047,central,Public order and safety,134574.537584079,7295510.51446816,148738.702359,0.0203877031037139,0.0184462125463594
2047,central,"Recreation, culture and religion",48292.6960796727,7295510.51446816,53375.5722089723,0.00731622168224143,0.00661950880392819
2047,central,Social Protection,853780.581153165,7295510.51446816,943642.222516973,0.129345605169862,0.117028216114552
2047,central,Transport,114029.862116722,7295510.51446816,126031.670075925,0.0172752365754232,0.0156301415631685
2048,central,Defence,172280.095167005,7616512.97710476,190412.824427619,0.025,0.0226192872886686
2048,central,Economic affairs,117085.835526021,7616512.97710476,129409.289107749,0.0169906214952634,0.0153726299525756
2048,central,Education,362988.311090708,7616512.97710476,401193.355982255,0.0526741511749855,0.0476580703245502
2048,central,Environmental Protection,52468.2929952366,7616512.97710476,57990.6567408971,0.00761380659564515,0.00688875514989028
2048,central,General public services excl interest,161697.900023006,7616512.97710476,178716.837935043,0.0234643909190814,0.0212299119700931
2048,central,Health,663513.042114734,7616512.97710476,733348.749727329,0.0962840543870634,0.087115067499951
2048,central,Housing and community amenities,35109.336165605,7616512.97710476,38804.6445910715,0.00509480450013258,0.00460963386672401
2048,central,Public order and safety,140878.005707276,7616512.97710476,155705.619621635,0.0204431634383983,0.0184963914760935
2048,central,"Recreation, culture and religion",50432.8959622597,7616512.97710476,55741.0312255116,0.00731844498828653,0.00662152038785479
2048,central,Social Protection,896156.641316997,7616512.97710476,990478.424320137,0.13004355500969,0.117659701232158
2048,central,Transport,119083.35296161,7616512.97710476,131617.048143319,0.0172804862985148,0.0156348913629603
2049,central,Defence,179860.419354353,7951639.54809737,198790.988702434,0.025,0.0226192872886686
2049,central,Economic affairs,122274.510502092,7951639.54809737,135144.079631708,0.0169957502241214,0.0153772702802342
2049,central,Education,379080.47648276,7951639.54809737,418979.245062979,0.0526909252524193,0.0476732470316093
2049,central,Environmental Protection,54793.4326475137,7951639.54809737,60560.5207054459,0.00761610487235133,0.00689083456513373
2049,central,General public services excl interest,168863.564800161,7951639.54809737,186636.699296838,0.0234714737970606,0.0212363203561668
2049,central,Health,699570.810570465,7951639.54809737,773201.650479196,0.0972380156070083,0.0879781844157983
2049,central,Housing and community amenities,36665.2112479368,7951639.54809737,40524.2777767635,0.00509634239978345,0.00461102531448497
2049,central,Public order and safety,147476.400632757,7951639.54809737,162998.505159176,0.0204987291203583,0.0185466657210392
2049,central,"Recreation, culture and religion",52667.836713842,7951639.54809737,58211.2027245734,0.0073206541081835,0.00662351913655897
2049,central,Social Protection,940627.219575677,7951639.54809737,1039629.59527785,0.130744054605268,0.118293493296077
2049,central,Transport,124360.548198785,7951639.54809737,137449.675813929,0.0172857025249362,0.0156396108559198
2050,central,Defence,187774.277805945,8301511.68821365,207537.792205341,0.025,0.0226192872886686
2050,central,Economic affairs,127692.866127776,8301511.68821365,141132.72502594,0.0170008463911841,0.0153818811469087
2050,central,Education,395882.900716226,8301511.68821365,437550.148755736,0.0527072857557935,0.0476880495486496
2050,central,Environmental Protection,57221.4963773707,8301511.68821365,63244.1416556443,0.00761838855752468,0.00689290077837424
2050,central,General public services excl interest,176346.423186188,8301511.68821365,194907.139353735,0.0234785117065439,0.0212426880560274
2050,central,Health,737582.181761335,8301511.68821365,815213.773480428,0.0982006415334999,0.0888491409111116
2050,central,Housing and community amenities,38289.958325773,8301511.68821365,42320.0318351265,0.00509787053546064,0.00461240792808091
2050,central,Public order and safety,154383.510243724,8301511.68821365,170632.59804948,0.0205544007474857,0.0185970358221521
2050,central,"Recreation, culture and religion",55001.7088199678,8301511.68821365,60790.718246372,0.00732284920259544,0.00662550519540415
2050,central,Social Protection,987295.469511041,8301511.68821365,1091209.74603568,0.131447113130607,0.118929600606693
2050,central,Transport,129871.342502349,8301511.68821365,143540.489190622,0.0172908856340489,0.0156443003852826
2051,central,Defence,196036.346029406,8666778.20249505,216669.455062376,0.025,0.0226192872886686
2051,central,Economic affairs,133351.061154237,8666778.20249505,147386.453264866,0.0170059103649884,0.0153864628860408
2051,central,Education,413426.792030382,8666778.20249505,456940.560012134,0.0527232322480097,0.047702477480197
2051,central,Environmental Protection,59757.0365060195,8666778.20249505,66046.5510510974,0.00762065781631327,0.0068949539390331
2051,central,General public services excl interest,184160.504621309,8666778.20249505,203543.664164837,0.0234855051564882,0.0212490155301645
2051,central,Health,777652.725168138,8666778.20249505,859501.799552404,0.099172008267728,0.0897280058400781
2051,central,Housing and community amenities,39986.6236002883,8666778.20249505,44195.2735844158,0.00509938901767356,0.00461378180749758
2051,central,Public order and safety,161613.766620564,8666778.20249505,178623.849370274,0.0206101789150264,0.0186475023179937
2051,central,"Recreation, culture and religion",57438.8880041255,8666778.20249505,63484.4140656238,0.00732503043026387,0.00662747870801511
2051,central,Social Protection,1036269.60899521,8666778.20249505,1145338.48455334,0.132152739783234,0.119568031485665
2051,central,Transport,135626.067934632,8666778.20249505,149900.907800238,0.0172960360006771,0.0156489602901788
2052,central,Defence,204661.9452547,9048116.44340483,226202.911085121,0.025,0.0226192872886686
2052,central,Economic affairs,139259.703385069,9048116.44340483,153916.988638754,0.017010942509581,0.0153910158270095
2052,central,Education,431744.723436775,9048116.44340483,477186.48020031,0.05273876427045,0.0477165304113071
2052,central,Environmental Protection,62404.8065832325,9048116.44340483,68973.0027595687,0.00762291281185302,0.00689699419471103
2052,central,General public services excl interest,192320.458696201,9048116.44340483,212562.465211433,0.0234924546496492,0.0212553032334573
2052,central,Health,819893.701961855,9048116.44340483,906188.700265317,0.100152192551173,0.0906148486362015
2052,central,Housing and community amenities,41758.3879254311,9048116.44340483,46153.5186680601,0.00510089795558515,0.0046151470515025
2052,central,Public order and safety,169182.276124493,9048116.44340483,186988.955449148,0.0206660642155466,0.0186980657447009
2052,central,"Recreation, culture and religion",59983.9434121257,9048116.44340483,66297.3402373464,0.00732719794799618,0.00662943981626673
2052,central,Social Protection,1087663.16812639,9048116.44340483,1202141.29013613,0.132860943783761,0.120208794275541
2052,central,Transport,141635.513271354,9048116.44340483,156542.855952747,0.0173011539950783,0.0156535909056068
2053,central,Defence,213667.070845907,9446233.56691465,236155.839172866,0.025,0.0226192872886686
2053,central,Economic affairs,145429.869516485,9446233.56691465,160736.573682121,0.0170159431844983,0.0153955402951132
2053,central,Education,450870.69209243,9446233.56691465,498325.484727253,0.0527538813429972,0.0477302079075835
2053,central,Environmental Protection,65169.770278098,9446233.56691465,72028.9828834988,0.00762515370525875,0.00689902169118013
2053,central,General public services excl interest,200841.582551711,9446233.56691465,221980.449680575,0.0234993606825539,0.0212615516151492
2053,central,Health,864422.371235315,9446233.56691465,955404.07640116,0.101141271770736,0.0915097393169429
2053,central,Housing and community amenities,43608.5727572025,9446233.56691465,48198.4381301095,0.00510239745700594,0.00461650375763957
2053,central,Public order and safety,177104.850885551,9446233.56691465,195745.392665703,0.0207220572389084,0.0187487266359641
2053,central,"Recreation, culture and religion",62641.6461579581,9446233.56691465,69234.7700421791,0.0073293519106571,0.00663138866027619
2053,central,Social Protection,1141595.24927279,9446233.56691465,1261749.80084881,0.133571734375496,0.120851897339402
2053,central,Transport,147910.944180295,9446233.56691465,163478.785043763,0.0173062399829226,0.0156581925624147
2054,central,Defence,223068.421963127,9861867.84385889,246546.696096472,0.025,0.0226192872886686
2054,central,Economic affairs,151873.125853784,9861867.84385889,167857.992070628,0.0170209127447551,0.015400036611559
2054,central,Education,470840.181241052,9861867.84385889,520396.791499401,0.0527685829640739,0.0477435095152132
2054,central,Environmental Protection,68057.1106624407,9861867.84385889,75220.2200205208,0.00762738065561904,0.00690103657237921
2054,central,General public services excl interest,209739.849488701,9861867.84385889,231815.272086152,0.0235062237454851,0.021267761118834
2054,central,Health,911362.312680529,9861867.84385889,1007284.51459331,0.102139323963925,0.092412748488416
2054,central,Housing and community amenities,45540.6463656887,9861867.84385889,50333.8652810945,0.00510388762839061,0.00461785202222593
2054,central,Public order and safety,185398.041760478,9861867.84385889,204911.453878296,0.0207781585722524,0.0187994855230115
2054,central,"Recreation, culture and religion",65416.9782470811,9861867.84385889,72302.2098488627,0.00733149247116369,0.00663332537839848
2054,central,Social Protection,1198190.79981441,9861867.84385889,1324302.11496392,0.134285120824102,0.121497349060557
2054,central,Transport,154464.12429119,9861867.84385889,170721.69684207,0.0173112943252814,0.0156627655872895
2055,central,Defence,232883.432529504,10295790.0289887,257394.750724717,0.025,0.0226192872886686
2055,central,Economic affairs,158601.549942745,10295790.0289887,175294.592529225,0.0170258515408403,0.0154045050934595
2055,central,Education,491690.224832555,10295790.0289887,543441.332343476,0.0527828686107011,0.0477564347610197
2055,central,Environmental Protection,71072.2399042472,10295790.0289887,78552.6959771316,0.00762959381999436,0.0069030389804121
2055,central,General public services excl interest,219031.938841452,10295790.0289887,242085.367286505,0.0235130443224748,0.0212739321824502
2055,central,Health,960843.766593446,10295790.0289887,1061973.9631173,0.103146427824113,0.0933239473501409
2055,central,Housing and community amenities,47558.2303214492,10295790.0289887,52563.8028671157,0.00510536857483668,0.00461919194035085
2055,central,Public order and safety,194079.17282907,10295790.0289887,214506.286551186,0.0208343687999877,0.0188503429345998
2055,central,"Recreation, culture and religion",68315.1418938114,10295790.0289887,75505.409412297,0.00733361978048358,0.00663525010722482
2055,central,Social Protection,1257580.89820174,10295790.0289887,1389943.10712847,0.135001112417305,0.122145157842274
2055,central,Transport,161307.337196163,10295790.0289887,178285.167805632,0.0173163173786232,0.0156673103027537
2056,central,Defence,243130.303560802,10748804.7902642,268720.119756605,0.025,0.0226192872886686
2056,central,Economic affairs,165627.753156378,10748804.7902642,183060.313796173,0.0170307599187197,0.0154089460538345
2056,central,Education,513459.474935958,10748804.7902642,567501.827514679,0.0527967377385715,0.0477689831525295
2056,central,Environmental Protection,74220.8093891961,10748804.7902642,82032.6569555289,0.00763179335341829,0.00690502905554878
2056,central,General public services excl interest,228735.26717041,10748804.7902642,252809.984960267,0.023519822891309,0.0212800652382848
2056,central,Health,1013003.99213497,10748804.7902642,1119624.12785929,0.104162662705847,0.0942434076998498
2056,central,Housing and community amenities,49665.1062683734,10748804.7902642,54892.4305555527,0.00510684040008541,0.00462052360587644
2056,central,Public order and safety,203166.377500802,10748804.7902642,224549.932661429,0.0208906885037876,0.0189012993970103
2056,central,"Recreation, culture and religion",71341.5692502111,10748804.7902642,78850.3726264074,0.00733573398763617,0.0066371629815837
2056,central,Social Protection,1319903.05397969,10748804.7902642,1458824.75996593,0.135719718464631,0.122795332107548
2056,central,Transport,168453.409421809,10748804.7902642,186183.374471527,0.017321309494816,0.0156718270271675
2057,central,Defence,253828.036917478,11221752.2010358,280543.805025895,0.025,0.0226192872886686
2057,central,Economic affairs,172964.904279182,11221752.2010358,191169.710689593,0.0170356382198448,0.0154133598016197
2057,central,Education,536188.272065573,11221752.2010358,592622.863424817,0.0528101897821372,0.0477811541780508
2057,central,Environmental Protection,77508.720289196,11221752.2010358,85666.6252345018,0.00763397940890144,0.00690700693622888
2057,central,General public services excl interest,238868.020832532,11221752.2010358,264009.225604774,0.0235265599235389,0.0212861607129841
2057,central,Health,1067987.64482686,11221752.2010358,1180394.88954398,0.105188108630221,0.095171201938346
2057,central,Housing and community amenities,51865.2229956535,11221752.2010358,57324.1127513732,0.00510830320652437,0.00462184711144006
2057,central,Public order and safety,212678.63630687,11221752.2010358,235063.37046859,0.0209471182625911,0.0189523554340506
2057,central,"Recreation, culture and religion",74501.9325646404,11221752.2010358,82343.3687519005,0.00733783523969633,0.0066390641345443
2057,central,Social Protection,1385301.52245734,11221752.2010358,1531106.51186534,0.136440948297184,0.123447880298895
2057,central,Transport,175915.734415812,11221752.2010358,194431.119967183,0.0173262710211367,0.0156763160747369
2058,central,Defence,264996.470541847,11715509.2978814,292887.732447035,0.025,0.0226192872886686
2058,central,Economic affairs,180626.75413297,11715509.2978814,199637.981325187,0.017040486781167,0.015417746641679
2058,central,Education,559918.718545574,11715509.2978814,618850.973728594,0.0528232241547114,0.0477929473067662
2058,central,Environmental Protection,80942.1345976647,11715509.2978814,89461.4113661904,0.00763615213743788,0.00690897275906752
2058,central,General public services excl interest,249449.189990041,11715509.2978814,275704.078124298,0.0235332558845014,0.0212922190275715
2058,central,Health,1125947.17431358,11715509.2978814,1244454.74336147,0.106222846290303,0.0961074030744179
2058,central,Housing and community amenities,54162.7038220789,11715509.2978814,59863.4067586343,0.00510975709519175,0.00462316254845819
2058,central,Public order and safety,222635.816456288,11715509.2978814,246068.558234172,0.0210036586526094,0.01900351156706
2058,central,"Recreation, culture and religion",77802.1547889475,11715509.2978814,85990.9441398752,0.00733992368180064,0.00664095369742203
2058,central,Social Protection,1453927.63473665,11715509.2978814,1606955.62174611,0.137164811267463,0.12410281087819
2058,central,Transport,183708.29759289,11715509.2978814,203043.861692452,0.017331202300285,0.0156807777555272
2059,central,Defence,276656.315245688,12230991.7069882,305774.792674704,0.025,0.0226192872886686
2059,central,Economic affairs,188627.661290239,12230991.7069882,208480.99553598,0.0170453059351569,0.0154221068748225
2059,central,Education,584694.755043268,12230991.7069882,646234.723912122,0.052835840248579,0.0478043619888323
2059,central,Environmental Protection,84527.4866521577,12230991.7069882,93424.1269114863,0.0076383116880137,0.00691092665886307
2059,central,General public services excl interest,260498.60412111,12230991.7069882,287916.459078278,0.0235399112333448,0.0212982405974713
2059,central,Health,1187043.24347611,12230991.7069882,1311981.26219341,0.107266957056623,0.097052084729801
2059,central,Housing and community amenities,56561.8543064422,12230991.7069882,62515.0713024208,0.00511120216578209,0.0046244700071316
2059,central,Public order and safety,233058.713238366,12230991.7069882,257588.479981772,0.0210603102473366,0.0190547683149199
2059,central,"Recreation, culture and religion",81248.4206541002,12230991.7069882,89799.9344731816,0.00734199945715558,0.00664283179978603
2059,central,Social Protection,1525940.14384831,12230991.7069882,1686547.55162506,0.137891316749193,0.124760132326512
2059,central,Transport,191845.702486844,12230991.7069882,212037.740224193,0.0173361036704035,0.01568521237548
2060,central,Defence,288829.193116498,12769155.3420956,319228.883552391,0.025,0.0226192872886686
2060,central,Economic affairs,196982.618923094,12769155.3420956,217715.324547135,0.0170500960098277,0.0154264407978269
2060,central,Education,610562.240407036,12769155.3420956,674824.79953392,0.0528480374351189,0.0478153976554906
2060,central,Environmental Protection,88271.4951658607,12769155.3420956,97562.1977378588,0.0076404582076176,0.00691286876860672
2060,central,General public services excl interest,272036.969098774,12769155.3420956,300669.253662841,0.0235465264230622,0.0213042258325387
2060,central,Health,1251445.1700422,12769155.3420956,1383161.58470334,0.108320522982716,0.098005321144195
2060,central,Housing and community amenities,59067.1702984532,12769155.3420956,65284.0754271286,0.00511263851665339,0.00462576957645181
2060,central,Public order and safety,243969.093357724,12769155.3420956,269647.193393162,0.0211170736175654,0.019106126194067
2060,central,"Recreation, culture and religion",84847.1882349427,12769155.3420956,93777.4775483842,0.00734406270704775,0.0066446985694684
2060,central,Social Protection,1601505.58777899,12769155.3420956,1770066.3678529,0.138620474137203,0.125419853144034
2060,central,Transport,200343.198057531,12769155.3420956,221429.609497351,0.0173409754651016,0.0156896202364354
2061,central,Defence,301537.677613624,13330998.1771479,333274.954428697,0.025,0.0226192872886686
2061,central,Economic affairs,205707.282837875,13330998.1771479,227358.271961255,0.0170548573287629,0.0154307487034617
2061,central,Education,637569.034950629,13330998.1771479,704674.098275002,0.0528598150649335,0.0478260537191849
2061,central,Environmental Protection,92181.1757904135,13330998.1771479,101883.377904432,0.00764259184125325,0.00691479921949366
2061,central,General public services excl interest,284085.9059073,13330998.1771479,313986.358502127,0.0235531019005288,0.0213101751370939
2061,central,Health,1319331.39189843,13330998.1771479,1458192.92962356,0.109383626810723,0.0989671871803297
2061,central,Housing and community amenities,61683.3463451951,13330998.1771479,68175.6077877134,0.00511406624483535,0.00462706134420852
2061,central,Public order and safety,255389.740292021,13330998.1771479,282269.879939986,0.0211739493314054,0.0191575857185108
2061,central,"Recreation, culture and religion",88605.2010256701,13330998.1771479,97931.0266221983,0.00734611357085569,0.00664655413257487
2061,central,Social Protection,1680798.67021256,13330998.1771479,1857705.16192898,0.139352292847318,0.126081981849927
2061,central,Transport,209216.707203771,13330998.1771479,231237.068318882,0.0173458180134831,0.0156940016361575
2062,central,Defence,314805.335428624,13917562.0969424,347939.052423559,0.025,0.0226192872886686
2062,central,Economic affairs,214818.000747806,13917562.0969424,237427.906112035,0.0170595902111475,0.0154350308805161
2062,central,Education,665765.087331571,13917562.0969424,735837.825961359,0.0528711724679871,0.0478363295736857
2062,central,Environmental Protection,96263.8542335202,13917562.0969424,106395.764160245,0.00764471273195322,0.00691671814093569
2062,central,General public services excl interest,296667.991068322,13917562.0969424,327892.726329337,0.0235596381065456,0.0213160889099607
2062,central,Health,1390889.95737421,13917562.0969424,1537283.13764222,0.110456351977043,0.0999377583290812
2062,central,Housing and community amenities,64415.284468818,13917562.0969424,71195.0863512483,0.00511548544603868,0.00462834539699807
2062,central,Public order and safety,267344.501766775,13917562.0969424,295482.897355374,0.0212309379543053,0.0192091473998531
2062,central,"Recreation, culture and religion",92529.5005485697,13917562.0969424,102268.364347319,0.00734815218606333,0.00664839861349697
2062,central,Social Protection,1764002.65984768,13917562.0969424,1949666.49184763,0.140086782316277,0.126746526982281
2062,central,Transport,218482.856535394,13917562.0969424,241478.493273356,0.0173506316401784,0.0156983568683623
2063,central,Defence,328656.770187483,14529934.8292078,363248.370730196,0.025,0.0226192872886686
2063,central,Economic affairs,224331.842838357,14529934.8292078,247943.093846661,0.0170642949718019,0.0154392876138308
2063,central,Education,695202.525177675,14529934.8292078,768373.596729047,0.0528821089537494,0.0478462245942212
2063,central,Environmental Protection,100527.179955841,14529934.8292078,111107.811082758,0.00764682102079433,0.00691862566057506
2063,central,General public services excl interest,309806.798852213,14529934.8292078,342414.412640905,0.0235661354758859,0.0213219675445099
2063,central,Health,1466319.04183565,14529934.8292078,1620651.2423694,0.111538782618047,0.100917110714638
2063,central,Housing and community amenities,67268.1033318599,14529934.8292078,74348.1685269089,0.00511689621466543,0.00462962182023272
2063,central,Public order and safety,279858.33944607,14529934.8292078,309313.834554668,0.0212880400490779,0.019260811747311
2063,central,"Recreation, culture and religion",96627.4395195694,14529934.8292078,106797.617323664,0.0073501786882747,0.00665023213492538
2063,central,Social Protection,1851309.80919623,14529934.8292078,2046162.84497575,0.14082395200167,0.127413497098057
2063,central,Transport,228159.007460058,14529934.8292078,252173.073081703,0.0173554166653789,0.0157026862227501
2064,central,Defence,343117.668075733,15169251.961693,379231.299042324,0.025,0.0226192872886686
2064,central,Economic affairs,234266.633682359,15169251.961693,258923.53580004,0.0170689719212195,0.0154435191843312
2064,central,Education,725935.749622228,15169251.961693,802341.537509336,0.0528926238113451,0.0478557381376115
2064,central,Environmental Protection,104979.140472735,15169251.961693,116028.34688488,0.00764891684691419,0.00692052190429956
2064,central,General public services excl interest,323526.945353502,15169251.961693,357578.624410922,0.0235725944373472,0.0213278114287051
2064,central,Health,1545827.49199888,15169251.961693,1708528.07194027,0.112631003575841,0.10190532109972
2064,central,Housing and community amenities,70247.1478073081,15169251.961693,77640.761743297,0.00511829864382,0.00463089069815069
2064,central,Public order and safety,292957.380942538,15169251.961693,323791.569119531,0.0213452561759277,0.0193125792677415
2064,central,"Recreation, culture and religion",100906.695595177,15169251.961693,111527.271292195,0.00735219321122989,0.0066520548178643
2064,central,Social Protection,1942921.79381087,15169251.961693,2147417.12350968,0.141563811381904,0.128082900773047
2064,central,Transport,238263.288642841,15169251.961693,263340.844477229,0.0173601734048749,0.0157069899850388
2065,central,Defence,358214.845471065,15836699.0480075,395917.476200187,0.025,0.0226192872886686
2065,central,Economic affairs,244640.98556447,15836699.0480075,270389.803226721,0.0170736213656053,0.015447725869063
2065,central,Education,758021.53391528,15836699.0480075,837804.397018978,0.052902716309709,0.0478648695424096
2065,central,Environmental Protection,109628.076287566,15836699.0480075,121166.589920017,0.00765100034752896,0.00692240699625843
2065,central,General public services excl interest,337854.134512641,15836699.0480075,373413.77095676,0.023579015413805,0.021333620945152
2065,central,Health,1629635.39944776,15836699.0480075,1801156.88289629,0.113733100404084,0.102902466890838
2065,central,Housing and community amenities,73357.9989712678,15836699.0480075,81079.0344928524,0.00511969282532104,0.00463215211382688
2065,central,Public order and safety,306668.974254843,15836699.0480075,338946.327465049,0.0214025868924809,0.0193644504656687
2065,central,"Recreation, culture and religion",105375.285726476,15836699.0480075,116466.186999695,0.00735419588682201,0.00665386678164687
2065,central,Social Protection,2039050.17293603,15836699.0480075,2253663.15361041,0.142306369956179,0.128754746601854
2065,central,Transport,248814.629899238,15836699.0480075,275002.729665896,0.0173649021700956,0.0157112684370007
2066,central,Defence,373976.298671792,16533513.8061198,413337.845152995,0.025,0.0226192872886686
2066,central,Economic affairs,255474.33327722,16533513.8061198,282363.376459261,0.0170782436069183,0.0154519079412301
2066,central,Education,791519.126285456,16533513.8061198,874827.659448379,0.0529123856977436,0.047873618129044
2066,central,Environmental Protection,114482.696484434,16533513.8061198,126532.165915973,0.00765307165795194,0.00692428105887928
2066,central,General public services excl interest,352815.206170035,16533513.8061198,389949.517050856,0.0235853988222708,0.0213393964711508
2066,central,Health,1717974.70492041,16533513.8061198,1898794.02807383,0.114845159373865,0.103908626143616
2066,central,Housing and community amenities,76606.4845368962,16533513.8061198,84669.4278639731,0.00512107884971391,0.00463340614918413
2066,central,Public order and safety,321021.744745914,16533513.8061198,354809.747815015,0.0214600327538169,0.0194164258433129
2066,central,"Recreation, culture and religion",110041.581146972,16533513.8061198,121623.616764109,0.00735618684511519,0.00665566814395139
2066,central,Social Protection,2139916.87262519,16533513.8061198,2365146.21936962,0.143051637244478,0.12942904319789
2066,central,Transport,259832.797584829,16533513.8061198,287180.575440805,0.0173696032681514,0.0157155218565005
2025,pressure,Defence,49773.9279983015,2778415.30054645,50175,0.018058855344675,0.0179145025542122
2025,pressure,Economic affairs,45994.383092003,2778415.30054645,46365,0.0166875700658865,0.0165541785934439
2025,pressure,Education,147254.442371617,2778415.30054645,148441,0.0534264981807454,0.0529994354489249
2025,pressure,Environmental Protection,20610.9198210406,2778415.30054645,20777,0.00747800373684728,0.00741822859130774
2025,pressure,General public services excl interest,63519.1705761683,2778415.30054645,64031,0.0230458707837545,0.022861654470329
2025,pressure,Health,206082.414033904,2778415.30054645,207743,0.0747703195987806,0.0741726458220169
2025,pressure,Housing and community amenities,13791.8668851098,2778415.30054645,13903,0.0050039315566919,0.00496393281537044
2025,pressure,Public order and safety,52352.1529881886,2778415.30054645,52774,0.0189942806568984,0.0188424505788937
2025,pressure,"Recreation, culture and religion",19811.3625521491,2778415.30054645,19971,0.00718791031566525,0.00713045402112947
2025,pressure,Social Protection,309254.069910483,2778415.30054645,311746,0.112202808535746,0.111305919546894
2025,pressure,Transport,46779.0602628382,2778415.30054645,47156,0.0169722647261284,0.0168365975574774
2026,pressure,Defence,57178.5355085317,2962133.33333333,57029.8636404759,0.0192529698102075,0.0193031606191028
2026,pressure,Economic affairs,49709.6674503291,2962133.33333333,49580.4156418568,0.0167380769406701,0.0167817116437464
2026,pressure,Education,158049.223773227,2962133.33333333,157638.274574648,0.0532178186581681,0.0533565528582645
2026,pressure,Environmental Protection,22275.8063326968,2962133.33333333,22217.8862458937,0.00750063678628928,0.00752019029056655
2026,pressure,General public services excl interest,68650.0531977143,2962133.33333333,68471.5538437126,0.023115621796356,0.023175882201245
2026,pressure,Health,226124.185834687,2962133.33333333,225536.232596261,0.0761397976445788,0.07633828743969
2026,pressure,Housing and community amenities,14905.9313396296,2962133.33333333,14867.1739171516,0.00501907653846945,0.005032160832158
2026,pressure,Public order and safety,56715.0082817234,2962133.33333333,56567.5416466818,0.0190968924356371,0.0191466763644637
2026,pressure,"Recreation, culture and religion",21411.6632945222,2962133.33333333,21355.9900956222,0.00720966536357429,0.00722846033079388
2026,pressure,Social Protection,337828.063231568,2962133.33333333,336949.664916612,0.113752362570877,0.114048905034064
2026,pressure,Transport,50557.7284220365,2962133.33333333,50426.2715411927,0.017023633262466,0.0170680123859054
2027,pressure,Defence,61483.6112251348,3095135.13513514,63286.4889529121,0.02044708427574,0.0198645967108801
2027,pressure,Economic affairs,50471.5364873922,3095135.13513514,51951.5082588391,0.0167848917706693,0.0163067311389583
2027,pressure,Education,159428.726198885,3095135.13513514,164103.638649609,0.0530198622951058,0.0515094557226574
2027,pressure,Environmental Protection,22617.2137085851,3095135.13513514,23280.4159839081,0.00752161536329549,0.00730734288523967
2027,pressure,General public services excl interest,69702.2097018055,3095135.13513514,71746.0805633933,0.0231802740206562,0.0225199245456409
2027,pressure,Health,233126.920949035,3095135.13513514,239962.878127694,0.0775290472469843,0.0753204337680255
2027,pressure,Housing and community amenities,15134.3852428386,3095135.13513514,15578.1692941365,0.00503311442440666,0.00488973326916721
2027,pressure,Public order and safety,57723.2691035164,3095135.13513514,59415.8826987094,0.0191965391185142,0.0186496765353659
2027,pressure,"Recreation, culture and religion",21739.8264895872,3095135.13513514,22377.3012280228,0.00722983012082467,0.00702386989272376
2027,pressure,Social Protection,346727.273300659,3095135.13513514,356894.322148159,0.115308155077557,0.112023306951837
2027,pressure,Transport,51332.5951601309,3095135.13513514,52837.8156681509,0.0170712467666921,0.0165849285795044
2028,pressure,Defence,64517.0371932593,3185558.58310627,68939.3063989692,0.0216411987412725,0.0202529746385477
2028,pressure,Economic affairs,50795.5147210314,3185558.58310627,54277.2530387121,0.0170385355103989,0.0159455597490536
2028,pressure,Education,159522.645651001,3185558.58310627,170456.9990275,0.0535092965897634,0.0500768205918377
2028,pressure,Environmental Protection,22762.3942490859,3185558.58310627,24322.6245311187,0.00763527773750797,0.00714549541477592
2028,pressure,General public services excl interest,70149.6301758301,3185558.58310627,74957.9810055381,0.0235305611402211,0.0220211395727736
2028,pressure,Health,238113.618198652,3185558.58310627,254434.927530725,0.079871369774849,0.0747478384046746
2028,pressure,Housing and community amenities,15231.5332937884,3185558.58310627,16275.5666773906,0.00510917198751376,0.00478143248551907
2028,pressure,Public order and safety,58234.4593611671,3185558.58310627,62226.0942462694,0.0195338094161157,0.018280768613077
2028,pressure,"Recreation, culture and religion",21879.3750564805,3185558.58310627,23379.0794874608,0.00733908320237627,0.00686830095434808
2028,pressure,Social Protection,352520.519883607,3185558.58310627,376683.759661533,0.118247318275411,0.110662074071751
2028,pressure,Transport,51662.100553973,3185558.58310627,55203.2383110861,0.0173292177402862,0.0162175955036422
2029,pressure,Defence,69172.6343788862,3331215.46961326,76069.3486079728,0.022835313206805,0.020764983535249
2029,pressure,Economic affairs,51757.8679925915,3331215.46961326,56918.2790114415,0.0170863396650981,0.0155372321198425
2029,pressure,Education,161762.643084532,3331215.46961326,177890.852344064,0.0534011846326818,0.0485596457389506
2029,pressure,Environmental Protection,23193.6422577822,3331215.46961326,25506.1163166337,0.00765669964891068,0.00696251637558435
2029,pressure,General public services excl interest,71478.6594507413,3331215.46961326,78605.2911330014,0.0235965796418828,0.0214572308824682
2029,pressure,Health,246056.527819759,3331215.46961326,270589.084253553,0.0812283344388307,0.0738638884407935
2029,pressure,Housing and community amenities,15520.1043610698,3331215.46961326,17067.5042186147,0.00512350653216562,0.00465899144100444
2029,pressure,Public order and safety,59480.9024403223,3331215.46961326,65411.3226115728,0.0196358726141383,0.0178556154601515
2029,pressure,"Recreation, culture and religion",22293.8937060292,3331215.46961326,24516.6601992343,0.007359674095798,0.00669242020199235
2029,pressure,Social Protection,362586.727802158,3331215.46961326,398737.68644881,0.119697356741412,0.108845174114256
2029,pressure,Transport,52640.8718442498,3331215.46961326,57889.3209331076,0.0173778374473712,0.0158023016897076
2030,pressure,Defence,74278.4148388317,3508707.86516854,84312.2418694291,0.0240294276723375,0.0211697347551229
2030,pressure,Economic affairs,52968.0927834543,3508707.86516854,60123.2357988647,0.0171354350687662,0.0150961820758224
2030,pressure,Education,164912.108763486,3508707.86516854,187189.099705932,0.0533498675008499,0.0470008091584348
2030,pressure,Environmental Protection,23735.966003706,3508707.86516854,26942.3157595818,0.00767870019246748,0.00676487382701093
2030,pressure,General public services excl interest,73150.0042924051,3508707.86516854,83031.4010878271,0.0236643813844099,0.0208481318774287
2030,pressure,Health,255127.385300218,3508707.86516854,289591.018650842,0.0825349472737968,0.072712632428851
2030,pressure,Housing and community amenities,15883.002134549,3508707.86516854,18028.5419456835,0.00513822827048541,0.00452673825946638
2030,pressure,Public order and safety,61017.5114458124,3508707.86516854,69260.0023095877,0.0197394610697408,0.0173903082817302
2030,pressure,"Recreation, culture and religion",22815.1791432841,3508707.86516854,25897.1453065702,0.00738082117455686,0.00650244478024908
2030,pressure,Social Protection,374149.018848563,3508707.86516854,424690.573174136,0.121039023336796,0.106634417348562
2030,pressure,Transport,53871.7434119826,3508707.86516854,61148.955188855,0.0174277704324973,0.0153537272073219
2031,pressure,Defence,80854.4692782296,3638530.05617978,91776.6161919571,0.02522354213787,0.0222217401065313
2031,pressure,Economic affairs,55215.0017171338,3638530.05617978,62673.6662285664,0.0172249961552797,0.0151750846810665
2031,pressure,Education,171396.568637031,3638530.05617978,194549.50650025,0.0534692591503599,0.0471059922525379
2031,pressure,Environmental Protection,24742.8467740082,3638530.05617978,28085.2100340974,0.00771883414468343,0.00680023151986453
2031,pressure,General public services excl interest,76253.0308411473,3638530.05617978,86553.5969434128,0.0237880670509806,0.0209570979664266
2031,pressure,Health,269293.395381535,3638530.05617978,305670.630350853,0.0840093734643454,0.074011590181634
2031,pressure,Housing and community amenities,16556.7598160964,3638530.05617978,18793.3135247656,0.00516508404069566,0.00455039797952912
2031,pressure,Public order and safety,63760.2602864353,3638530.05617978,72373.2526951734,0.0198907942432007,0.017523631604511
2031,pressure,"Recreation, culture and religion",23783.0000925888,3638530.05617978,26995.703402366,0.0074193982145388,0.00653643084580134
2031,pressure,Social Protection,392976.696000313,3638530.05617978,446061.568682079,0.122593894181107,0.108004246201806
2031,pressure,Transport,56156.9852469139,3638530.05617978,63742.8966822879,0.0175188594564514,0.0154339759133047
2032,pressure,Defence,87815.4645962286,3773155.66825843,99677.9307552328,0.0264176566034025,0.0232737454579396
2032,pressure,Economic affairs,57559.7821248563,3773155.66825843,65335.1890046723,0.017315794721724,0.0152550774962921
2032,pressure,Education,178422.93931532,3773155.66825843,202525.027590429,0.0536752377576588,0.0472874577681218
2032,pressure,Environmental Protection,25793.5855323658,3773155.66825843,29277.8868100955,0.0077595226341693,0.0068360777556446
2032,pressure,General public services excl interest,79491.2198692261,3773155.66825843,90229.2135696791,0.0239134617022907,0.0210675696573942
2032,pressure,Health,284124.048308301,3773155.66825843,322504.667525126,0.0854734593216464,0.0753014381830272
2032,pressure,Housing and community amenities,17259.8652190634,3773155.66825843,19591.3972335158,0.00519231088140039,0.00457438460974764
2032,pressure,Public order and safety,66629.2566815646,3773155.66825843,75629.8046627069,0.0200441782190278,0.0176587616678743
2032,pressure,"Recreation, culture and religion",24792.9776515799,3773155.66825843,28142.1127922422,0.00745850827968403,0.00657088650228513
2032,pressure,Social Protection,412594.664602703,3773155.66825843,468329.611388436,0.124121465575419,0.109350024456622
2032,pressure,Transport,58541.768270888,3773155.66825843,66449.8257889427,0.0176112070720936,0.0155153334285593
2033,pressure,Defence,95180.8837993177,3912762.42798399,108038.300408624,0.027611771068935,0.0243257508093479
2033,pressure,Economic affairs,59994.3719196209,3912762.42798399,68098.6529810432,0.0174042391365249,0.0153329963226345
2033,pressure,Education,185847.069330794,3912762.42798399,210952.038948882,0.0539138378144704,0.0474976625213991
2033,pressure,Environmental Protection,26884.5695109234,3912762.42798399,30516.245292508,0.00779915618547565,0.00687099459927482
2033,pressure,General public services excl interest,82853.437471913,3912762.42798399,94045.6130492651,0.0240356052227074,0.0211751771278898
2033,pressure,Health,299703.015494582,3912762.42798399,340188.104258875,0.0869432045824856,0.0765962720739477
2033,pressure,Housing and community amenities,17989.9008475896,3912762.42798399,20420.0490110092,0.00521883180664523,0.00459774933405775
2033,pressure,Public order and safety,69616.017256912,3912762.42798399,79020.02886958,0.0201954578955345,0.0177920378602646
2033,pressure,"Recreation, culture and religion",25841.6392021298,3912762.42798399,29332.4317628473,0.0074966043307568,0.00660444882043209
2033,pressure,Social Protection,433122.764628103,3912762.42798399,491630.72973105,0.125647988800679,0.110694879282836
2033,pressure,Transport,61017.8928554221,3912762.42798399,69260.4352415415,0.0177011603736001,0.0155945815720943
2034,pressure,Defence,102971.124652403,4057534.6378194,116880.878329163,0.0288058855344675,0.0253777561607563
2034,pressure,Economic affairs,62519.5749363032,4057534.6378194,70964.9705778025,0.0174896770852807,0.0154082664762913
2034,pressure,Education,193621.761379818,4057534.6378194,219776.967670368,0.0541651488620393,0.0477190655564864
2034,pressure,Environmental Protection,28016.1589227127,4057534.6378194,31800.6943533916,0.00783744248465171,0.00690472452448838
2034,pressure,General public services excl interest,86340.793761381,4057534.6378194,98004.0554527611,0.024153596752887,0.0212791267279932
2034,pressure,Health,316158.187690358,4057534.6378194,358866.107298973,0.0884443730816393,0.0779187895880213
2034,pressure,Housing and community amenities,18747.1077394462,4057534.6378194,21279.5424553691,0.00524445121355887,0.00462031982788477
2034,pressure,Public order and safety,72722.2847391461,4057534.6378194,82545.9034569891,0.0203438567566612,0.0179227760772065
2034,pressure,"Recreation, culture and religion",26929.3309835633,4057534.6378194,30567.0533249066,0.00753340539351106,0.00663687026416506
2034,pressure,Social Protection,454767.681849723,4057534.6378194,516199.529428683,0.127219993297728,0.112079802747938
2034,pressure,Transport,63586.1765490417,4057534.6378194,72175.653026353,0.0177880559179013,0.0156711358558393
2035,pressure,Defence,111207.540698696,4207663.41941871,126229.902582561,0.03,0.0264297615121646
2035,pressure,Economic affairs,65139.1551053325,4207663.41941871,73938.4141722408,0.0175723214530442,0.0154810755073017
2035,pressure,Education,201777.488301565,4207663.41941871,229034.402987739,0.0544326815521238,0.0479547597296745
2035,pressure,Environmental Protection,29190.0404534346,4207663.41941871,33133.1485227359,0.00787447692936266,0.00693735157586991
2035,pressure,General public services excl interest,89958.4868014568,4207663.41941871,102110.441019363,0.0242677302913809,0.021379677468091
2035,pressure,Health,333432.507561987,4207663.41941871,378473.911777661,0.0899487135855432,0.0792441016130636
2035,pressure,Housing and community amenities,19532.6145460895,4207663.41941871,22171.1586808296,0.00526923293781244,0.0046421523299475
2035,pressure,Public order and safety,75953.2662912225,4207663.41941871,86213.3389924053,0.0204895996658202,0.0180511744215785
2035,pressure,"Recreation, culture and religion",28057.6742501584,4207663.41941871,31847.817738247,0.00756900316486026,0.00666823161773586
2035,pressure,Social Protection,477384.060465981,4207663.41941871,541871.019433444,0.128781930829511,0.113455857296668
2035,pressure,Transport,66250.4474958926,4207663.41941871,75199.8244086313,0.0178721102219293,0.0157451870294904
2036,pressure,Defence,115322.219704547,4363346.96593721,130900.408978116,0.03,0.0264297615121646
2036,pressure,Economic affairs,67856.4081703168,4363346.96593721,77022.7247102685,0.0176522117795243,0.015551458249835
2036,pressure,Education,210229.42170145,4363346.96593721,238628.057545683,0.054689223526928,0.0481807711700723
2036,pressure,Environmental Protection,30407.6909857581,4363346.96593721,34515.2841864607,0.00791027723807133,0.00696889136324431
2036,pressure,General public services excl interest,93711.0680805253,4363346.96593721,106369.936070812,0.0243780604433241,0.021476877454873
2036,pressure,Health,351850.895576023,4363346.96593721,399380.329724973,0.0915307292412831,0.0806378448293875
2036,pressure,Housing and community amenities,20347.409528565,4363346.96593721,23096.0194467133,0.00529318883577541,0.00466325728561321
2036,pressure,Public order and safety,79313.6683372087,4363346.96593721,90027.6776625892,0.020632711165396,0.0181772545150264
2036,pressure,"Recreation, culture and religion",29228.0885920284,4363346.96593721,33176.3363569238,0.00760341467591676,0.00669854788541907
2036,pressure,Social Protection,501524.727222211,4363346.96593721,569272.704550942,0.13046698073635,0.11494037286913
2036,pressure,Transport,69014.0576659001,4363346.96593721,78336.754155881,0.0179533634999515,0.0158167705214973
2037,pressure,Defence,119589.141833616,4524790.80367688,135743.724110306,0.03,0.0264297615121646
2037,pressure,Economic affairs,70597.7566197431,4524790.80367688,80134.3855341824,0.0177100752302326,0.0156024354899181
2037,pressure,Education,218743.365305519,4524790.80367688,248292.098895603,0.0548737189559876,0.04834331017641
2037,pressure,Environmental Protection,31636.1390982078,4524790.80367688,35909.676010864,0.00793620690302046,0.00699173519193418
2037,pressure,General public services excl interest,97496.9255714175,4524790.80367688,110667.202418618,0.0244579710356309,0.0215472780514385
2037,pressure,Health,370509.206772796,4524790.80367688,420559.080643537,0.0929455302777286,0.0818842732954013
2037,pressure,Housing and community amenities,21169.429748394,4524790.80367688,24029.0814640729,0.00531053975899761,0.00467854331103917
2037,pressure,Public order and safety,82718.1677010333,4524790.80367688,93892.0704936682,0.0207505881636275,0.018281103213394
2037,pressure,"Recreation, culture and religion",30408.8816446218,4524790.80367688,34516.6356843127,0.00762833845407045,0.00672050553583854
2037,pressure,Social Protection,525760.332091719,4524790.80367688,596782.152403909,0.131891656056001,0.116195500500152
2037,pressure,Transport,71802.1742944162,4524790.80367688,81501.5007926217,0.0180122141174776,0.0158686174476993
2038,pressure,Defence,124013.940081459,4692208.06341293,140766.241902388,0.03,0.0264297615121646
2038,pressure,Economic affairs,73442.5152087815,4692208.06341293,83363.4255552916,0.0177663531601061,0.0156520158987499
2038,pressure,Education,227578.132705998,4692208.06341293,258320.302210732,0.0550530365916553,0.0485012875879307
2038,pressure,Environmental Protection,32910.9271755172,4692208.06341293,37356.6675889635,0.00796142606723875,0.00701395307512836
2038,pressure,General public services excl interest,101425.59455049,4692208.06341293,115126.571804829,0.024535691991691,0.0216157495958773
2038,pressure,Health,390115.720087763,4692208.06341293,442814.120636171,0.0943722261783263,0.083141181042174
2038,pressure,Housing and community amenities,22022.458512837,4692208.06341293,24997.3407849718,0.00532741524824663,0.00469341048291426
2038,pressure,Public order and safety,86260.1844613249,4692208.06341293,97912.5571242359,0.0208670535920392,0.0183837083299718
2038,pressure,"Recreation, culture and religion",31634.2170006379,4692208.06341293,35907.4942686235,0.00765257929387424,0.00674186152300084
2038,pressure,Social Protection,551107.885678559,4692208.06341293,625553.755479298,0.133317565424474,0.117451715318375
2038,pressure,Transport,74695.4652687437,4692208.06341293,84785.6291488263,0.0180694521647356,0.0159190437123142
2039,pressure,Defence,128602.455864473,4865819.7617592,145974.592852776,0.03,0.0264297615121646
2039,pressure,Economic affairs,76394.4213322046,4865819.7617592,86714.0870306869,0.0178210643378488,0.0157002160114095
2039,pressure,Education,236745.242446109,4865819.7617592,268725.742005441,0.0552272289486295,0.0486547496696663
2039,pressure,Environmental Protection,34233.7300122769,4865819.7617592,38858.1599533394,0.00798594314132394,0.00703555242249661
2039,pressure,General public services excl interest,105502.236435294,4865819.7617592,119753.902872035,0.0246112492314633,0.0216823149234673
2039,pressure,Health,410717.178338682,4865819.7617592,466198.506728459,0.0958108868709737,0.0844086296756273
2039,pressure,Housing and community amenities,22907.6165163732,4865819.7617592,26002.0694918072,0.00534382093150247,0.00470786375944411
2039,pressure,Public order and safety,89945.0612464016,4865819.7617592,102095.201886332,0.0209821174817663,0.0184850787021101
2039,pressure,"Recreation, culture and religion",32905.7044845349,4865819.7617592,37350.7393958772,0.00767614527965445,0.00676262296913317
2039,pressure,Social Protection,577616.579622841,4865819.7617592,655643.350421818,0.134744684867812,0.118708996202935
2039,pressure,Transport,77697.7317446661,4865819.7617592,88193.4538556901,0.0181250967306287,0.0159680661325143
2040,pressure,Defence,133360.746731459,5045855.09294429,151375.652788329,0.03,0.0264297615121646
2040,pressure,Economic affairs,79457.3435593453,5045855.09294429,90190.7611116061,0.0178742273510235,0.015747052203392
2040,pressure,Education,246256.611784354,5045855.09294429,279521.94536944,0.0553963481353836,0.0488037423287677
2040,pressure,Environmental Protection,35606.2811847842,5045855.09294429,40416.1208587478,0.00800976645470108,0.00705654057219618
2040,pressure,General public services excl interest,109732.19379809,5045855.09294429,124555.25988865,0.0246846684247468,0.0217469966490973
2040,pressure,Health,432362.576243187,5045855.09294429,490767.852041556,0.0972615826260657,0.0856866811034202
2040,pressure,Housing and community amenities,23826.0637874599,5045855.09294429,27044.5843143462,0.00535976238242812,0.00472190805098154
2040,pressure,Public order and safety,93778.342702671,5045855.09294429,106446.298419502,0.0210957898034661,0.0185852231138787
2040,pressure,"Recreation, culture and religion",34225.0104221651,5045855.09294429,38848.2624859244,0.00769904441771358,0.0067827969277244
2040,pressure,Social Protection,605337.723376899,5045855.09294429,687109.177770998,0.136172990526778,0.119967322134033
2040,pressure,Transport,80812.908290402,5045855.09294429,91729.4409787318,0.0181791667198288,0.0160157013631652
2041,pressure,Defence,138295.094360523,5232551.73138323,156976.551941497,0.03,0.0264297615121646
2041,pressure,Economic affairs,82635.2861409151,5232551.73138323,93797.9929590526,0.0179258606076422,0.0157925406920096
2041,pressure,Education,256124.570083146,5232551.73138323,290722.90716501,0.0555604458569121,0.048948311116924
2041,pressure,Environmental Protection,37030.3750706307,5232551.73138323,42032.5870745225,0.00803290425633521,0.00707692479149971
2041,pressure,General public services excl interest,114120.996589862,5232551.73138323,129536.919813676,0.0247559749933773,0.0218098171692024
2041,pressure,Health,455103.266966186,5232551.73138323,516580.446732431,0.0987243840579999,0.0869753975362761
2041,pressure,Housing and community amenities,24779.001039947,5232551.73138323,28126.2481636948,0.00537524512084653,0.00473554822044667
2041,pressure,Public order and safety,97765.7829826561,5232551.73138323,110972.378170335,0.0212080804676534,0.0186841502963625
2041,pressure,"Recreation, culture and religion",35593.859582017,5232551.73138323,40402.021295918,0.00772128463701546,0.00680239038412864
2041,pressure,Social Protection,634324.83347111,5232551.73138323,720011.983285382,0.137602458656447,0.12122667219258
2041,pressure,Transport,84045.0674703115,5232551.73138323,95398.2132206855,0.0182316808543939,0.016061965898251
2042,pressure,Defence,143412.012851862,5426156.14544441,162784.684363332,0.03,0.0264297615121646
2042,pressure,Economic affairs,85932.393668176,5426156.14544441,97540.4870323457,0.0179759823377432,0.0158366975377812
2042,pressure,Education,266361.872634827,5426156.14544441,302343.105720683,0.0557195734174583,0.0490885012327657
2042,pressure,Environmental Protection,38507.8689365619,5426156.14544441,43709.666754471,0.00805536471543818,0.0070967122774179
2042,pressure,General public services excl interest,118674.368574722,5426156.14544441,134705.379600305,0.0248251941134053,0.0218707986636832
2042,pressure,Health,478993.073635378,5426156.14544441,543697.384573352,0.100199362126691,0.088274841489315
2042,pressure,Housing and community amenities,25767.6710701747,5426156.14544441,29248.4717181215,0.00539027461321351,0.00474878908374361
2042,pressure,Public order and safety,101913.353506361,5426156.14544441,115680.219202266,0.0213189993250355,0.0187818689279562
2042,pressure,"Recreation, culture and religion",37014.0371820801,5426156.14544441,42014.042198274,0.00774287378986456,0.00682141025616368
2042,pressure,Social Protection,664633.726478753,5426156.14544441,754415.12346547,0.139033065625811,0.122487025559844
2042,pressure,Transport,87398.4245835546,5426156.14544441,99204.555300276,0.018282657675372,0.0161068760722875
2043,pressure,Defence,148718.257327381,5626923.92282585,168807.717684776,0.03,0.0264297615121646
2043,pressure,Economic affairs,89352.9558895457,5626923.92282585,101423.112556373,0.0180246105949551,0.01587953864581
2043,pressure,Education,276981.714938943,5626923.92282585,314397.519037157,0.0558737817232237,0.0492243575242514
2043,pressure,Environmental Protection,40040.6850968854,5626923.92282585,45449.5418868493,0.00807715592216936,0.0071159101573168
2043,pressure,General public services excl interest,123398.233981743,5626923.92282585,140067.363746299,0.0248923507172559,0.0219299630978078
2043,pressure,Health,504088.406053711,5626923.92282585,572182.695430338,0.101686588139082,0.0895850757833877
2043,pressure,Housing and community amenities,26793.3602012801,5626923.92282585,30412.7150624665,0.00540485627308661,0.00476163541017353
2043,pressure,Public order and safety,106227.251005831,5626923.92282585,120576.855326832,0.0214285561668439,0.018878387634657
2043,pressure,"Recreation, culture and religion",38487.3909645232,5626923.92282585,43686.4225356051,0.0077638196525795,0.00683986339470442
2043,pressure,Social Protection,696322.615831028,5626923.92282585,790384.675446887,0.140464787917366,0.123748361517092
2043,pressure,Transport,90877.342562869,5626923.92282585,103153.419512743,0.0183321155443913,0.0161504480617236
2044,pressure,Defence,154220.832848494,5835120.10797041,175053.603239112,0.03,0.0264297615121646
2044,pressure,Economic affairs,92907.734415939,5835120.10797041,105458.084863736,0.0180729929996963,0.0159221631597665
2044,pressure,Education,288017.297573312,5835120.10797041,326923.832559838,0.0560269242981443,0.0493592749153351
2044,pressure,Environmental Protection,41633.6460252338,5835120.10797041,47257.6863844247,0.00809883695793574,0.00713501097747154
2044,pressure,General public services excl interest,128307.454812617,5835120.10797041,145639.741872315,0.0249591677938867,0.0219888284111508
2044,pressure,Health,530484.131557633,5835120.10797041,602144.061701205,0.103193087813002,0.0909122900200502
2044,pressure,Housing and community amenities,27859.2954078464,5835120.10797041,31622.6410840187,0.00541936421168506,0.00477441678874654
2044,pressure,Public order and safety,110721.421446381,5835120.10797041,125678.116386431,0.0215382227033789,0.0189750029815398
2044,pressure,"Recreation, culture and religion",40018.5563252608,5835120.10797041,45424.4238717498,0.00778465961818042,0.00685822323872956
2044,pressure,Social Protection,729501.610378898,5835120.10797041,828045.622027051,0.141907211283619,0.12501912503608
2044,pressure,Transport,94492.7666152921,5835120.10797041,107257.229587714,0.0183813233666274,0.0161937997619314
2045,pressure,Defence,159927.003663888,6051019.55196531,181530.586558959,0.03,0.0264297615121646
2045,pressure,Economic affairs,96603.765030907,6051019.55196531,109653.390159927,0.0181214734505878,0.0159648740516019
2045,pressure,Education,299490.292205605,6051019.55196531,339946.645452432,0.0561800606547405,0.0494941868281244
2045,pressure,Environmental Protection,43289.9045842156,6051019.55196531,49137.6790111681,0.00812056192996577,0.00715415050512528
2045,pressure,General public services excl interest,133411.747626313,6051019.55196531,151433.54308919,0.0250261202742281,0.0220478130140866
2045,pressure,Health,558257.470682907,6051019.55196531,633669.135182278,0.104721052335134,0.0922584146173499
2045,pressure,Housing and community amenities,28967.5864385787,6051019.55196531,32880.6445248241,0.00543390155038331,0.00478722406857375
2045,pressure,Public order and safety,115405.50079141,6051019.55196531,130994.940009155,0.0216484079888007,0.0190720753420681
2045,pressure,"Recreation, culture and religion",41610.5638182302,6051019.55196531,47231.4861400605,0.00780554181563009,0.00687662028867771
2045,pressure,Social Protection,764254.358831767,6051019.55196531,867492.911519474,0.143363098411692,0.1263017500222
2045,pressure,Transport,98251.8525568307,6051019.55196531,111524.107977602,0.0184306309077088,0.0162372393136491
2046,pressure,Defence,165844.302799452,6274907.27538803,188247.218261641,0.03,0.0264297615121646
2046,pressure,Economic affairs,100446.6555545,6274907.27538803,114015.393791882,0.018170052367002,0.0160076716907802
2046,pressure,Education,311417.94391704,6274907.27538803,353485.532331088,0.0563331881759526,0.0496290909570106
2046,pressure,Environmental Protection,45011.9737400159,6274907.27538803,51092.372194844,0.00814233102618788,0.00717332890584147
2046,pressure,General public services excl interest,138718.856935407,6274907.27538803,157457.558069406,0.0250932087374422,0.022106917416852
2046,pressure,Health,587480.118084186,6274907.27538803,666839.295330521,0.106270780756563,0.093623713036916
2046,pressure,Housing and community amenities,30119.9148533205,6274907.27538803,34188.6340965932,0.00544846841493431,0.00480005736044251
2046,pressure,Public order and safety,120287.507002247,6274907.27538803,136536.427254801,0.0217591147187682,0.0191696070910958
2046,pressure,"Recreation, culture and religion",43265.8289243807,6274907.27538803,49110.3511143683,0.00782646642556664,0.00689505470368965
2046,pressure,Social Protection,800655.215631315,6274907.27538803,908810.94246288,0.14483256924409,0.127596342143845
2046,pressure,Transport,102160.303878529,6274907.27538803,115960.528623962,0.0184800385941626,0.0162807670926438
2047,pressure,Defence,171980.542003032,6507078.84457739,195212.365337322,0.03,0.0264297615121646
2047,pressure,Economic affairs,104442.236306608,6507078.84457739,118550.713662555,0.0182187301697363,0.0160505564480203
2047,pressure,Education,323818.173810368,6507078.84457739,367560.835153196,0.0564863042130648,0.049763984968496
2047,pressure,Environmental Protection,46802.4661650469,6507078.84457739,53124.7315381626,0.00816414443516903,0.0071925463457461
2047,pressure,General public services excl interest,144236.834529245,6507078.84457739,163720.926270399,0.0251604337646584,0.0221661421314178
2047,pressure,Health,618227.490328801,6507078.84457739,701740.146286512,0.10784257622317,0.0950084523478603
2047,pressure,Housing and community amenities,31318.0289306756,6507078.84457739,35548.5942424351,0.00546306493151826,0.00481291677551658
2047,pressure,Public order and safety,125375.796349959,6507078.84457739,142312.06319314,0.0218703456024256,0.0192676006153575
2047,pressure,"Recreation, culture and religion",44986.8629629952,6507078.84457739,51063.8693530656,0.00784743362924197,0.00691352664344685
2047,pressure,Social Protection,838782.036268228,6507078.84457739,952088.087380776,0.146315744763749,0.128903007986021
2047,pressure,Transport,106224.050367182,6507078.84457739,120573.222333041,0.018529546853965,0.0163243834759591
2048,pressure,Defence,178343.822057144,6747840.76182675,202435.222854803,0.03,0.0264297615121646
2048,pressure,Economic affairs,108596.56893055,6747840.76182675,123266.230246422,0.0182675072808108,0.0160935286951187
2048,pressure,Education,336709.605341354,6747840.76182675,382193.693105833,0.0566394060849722,0.0498988665005486
2048,pressure,Environmental Protection,48664.0981919561,6747840.76182675,55237.8403069107,0.00818600234602408,0.00721180299144788
2048,pressure,General public services excl interest,149974.051659486,6747840.76182675,170233.149766174,0.0252277959386951,0.0222254876712422
2048,pressure,Health,650578.918685737,6747840.76182675,738461.735706129,0.109436746030476,0.0964129032750937
2048,pressure,Housing and community amenities,32563.7463138454,6747840.76182675,36962.5881401058,0.00547769122668204,0.00482580242528276
2048,pressure,Public order and safety,130679.077682808,6747840.76182675,148331.733098683,0.0219821033622801,0.0193660583133605
2048,pressure,"Recreation, culture and religion",46776.2768923114,6747840.76182675,53095.0045131305,0.00786844360843466,0.00693203626809479
2048,pressure,Social Protection,878716.341635656,6747840.76182675,997416.879336444,0.147812747001817,0.130221855057198
2048,pressure,Transport,110449.257079457,6747840.76182675,125369.186962154,0.0185791561163359,0.0163680888417344
2049,pressure,Defence,184942.543473258,6997510.87001434,209925.32610043,0.03,0.0264297615121646
2049,pressure,Economic affairs,112915.955566441,6997510.87001434,128169.097002033,0.0183163841232833,0.0161365888047859
2049,pressure,Education,350111.591668465,6997510.87001434,397406.073649952,0.0567924910774933,0.0500337331619961
2049,pressure,Environmental Protection,50599.6939243814,6997510.87001434,57434.9040960045,0.00820790494833297,0.0072310990099652
2049,pressure,General public services excl interest,155939.21170872,6997510.87001434,177004.107627245,0.0252952958438036,0.0222849545510459
2049,pressure,Health,684617.851880853,6997510.87001434,777098.784904756,0.111053601679244,0.0978373402483117
2049,pressure,Housing and community amenities,33858.9567613551,6997510.87001434,38432.7608243129,0.00549234742728369,0.00483871442150196
2049,pressure,Public order and safety,136206.427295178,6997510.87001434,154605.739328168,0.0220943907340941,0.0194649825952895
2049,pressure,"Recreation, culture and religion",48636.7852608086,6997510.87001434,55206.8378351689,0.00788949654537025,0.00695058373817274
2049,pressure,Social Protection,920543.490077387,6997510.87001434,1044894.20722207,0.149323699045562,0.131552991796281
2049,pressure,Transport,114842.333671759,6997510.87001434,130355.698009876,0.0186288668115507,0.0164118835690388
2050,pressure,Defence,191785.417581769,7256418.77220487,217692.563166146,0.03,0.0264297615121646
2050,pressure,Economic affairs,117406.948388213,7256418.77220487,133266.75119733,0.0183653611210804,0.0161797371504979
2050,pressure,Education,364044.244059785,7256418.77220487,413220.804764616,0.0569455564427215,0.0501685825319546
2050,pressure,Environmental Protection,52612.1895106634,7256418.77220487,59719.2556805116,0.00822985243206489,0.00725043456865943
2050,pressure,General public services excl interest,162141.363361279,7256418.77220487,184044.070870618,0.0253629340654352,0.0223445432866069
2050,pressure,Health,720432.06933267,7256418.77220487,817750.930897825,0.112693458931857,0.0992820414516631
2050,pressure,Housing and community amenities,35205.6250068226,7256418.77220487,39961.3424327936,0.00550703366044175,0.00485165287616461
2050,pressure,Public order and safety,141967.304423333,7256418.77220487,161144.818909536,0.0222072104667922,0.0195643758829255
2050,pressure,"Recreation, culture and religion",50571.2103151301,7256418.77220487,57402.5728062519,0.0079105926226485,0.00696916921454962
2050,pressure,Social Protection,964352.857490175,7256418.77220487,1094621.52019002,0.150848725046421,0.1328965275797
2050,pressure,Transport,119409.944099959,7256418.77220487,135540.319626039,0.0186786793707683,0.0164557680377198
2051,pressure,Defence,198881.478032294,7524906.26677645,225747.188003294,0.03,0.0264297615121646
2051,pressure,Economic affairs,122076.359518699,7524906.26677645,138566.925164094,0.018414438698843,0.0162229741063598
2051,pressure,Education,378528.461397707,7524906.26677645,429661.608437312,0.0570985993984179,0.0503034121592936
2051,pressure,Environmental Protection,54704.6375869731,7524906.26677645,62094.3600589752,0.00825184498750912,0.0072698098351739
2051,pressure,General public services excl interest,168589.914296168,7524906.26677645,191363.718002418,0.0254307111900272,0.0224042543945719
2051,pressure,Health,758113.905409446,7524906.26677645,860522.980951435,0.114356637869467,0.100747288874099
2051,pressure,Housing and community amenities,36605.7937320925,7524906.26677645,41550.6515810719,0.00552175005348892,0.00486461790144981
2051,pressure,Public order and safety,147971.56739439,7524906.26677645,167960.161872385,0.0223205653223819,0.0196642406095748
2051,pressure,"Recreation, culture and religion",52582.4862708495,7524906.26677645,59685.5400075946,0.00793173202317681,0.00698779285836539
2051,pressure,Social Protection,1010238.02585628,7524906.26677645,1146705.0416531,0.152387950228161,0.134252572728596
2051,pressure,Transport,124159.016703629,7524906.26677645,140930.916058191,0.0187285942258738,0.0164997426282649
2052,pressure,Defence,206240.092719489,7803327.79864718,234099.833959415,0.03,0.0264297615121646
2052,pressure,Economic affairs,126931.27133775,7803327.79864718,144077.657998536,0.018463617281785,0.016266300046982
2052,pressure,Education,393585.960823426,7803327.79864718,446753.135448014,0.0572516171274344,0.0504382195621283
2052,pressure,Environmental Protection,56880.2118965693,7803327.79864718,64563.8196966585,0.00827388280521185,0.00728922497737829
2052,pressure,General public services excl interest,175294.645422786,7803327.79864718,198974.151176625,0.0254986278048092,0.0224640883922852
2052,pressure,Health,797760.485276207,7803327.79864718,905525.18028855,0.11604346294994,0.102233368360421
2052,pressure,Housing and community amenities,38061.586658228,7803327.79864718,43203.098870994,0.00553649673392984,0.00487760960968813
2052,pressure,Public order and safety,154229.490456074,7803327.79864718,175063.430351146,0.022434458075886,0.0197645792200108
2052,pressure,"Recreation, culture and religion",54673.6637525333,7803327.79864718,62059.2021543999,0.00795291493010953,0.0070064548309776
2052,pressure,Social Protection,1058296.98059993,7803327.79864718,1201255.99330077,0.153941500895173,0.135621238516136
2052,pressure,Transport,129096.754690024,7803327.79864718,146535.663551794,0.0187786118093358,0.0165438077216754
2053,pressure,Defence,213870.97615011,8092050.92719712,242761.527815914,0.03,0.0264297615121646
2053,pressure,Economic affairs,131979.047198979,8092050.92719712,149807.307725687,0.0185128972955656,0.0163097153473666
2053,pressure,Education,409239.309564897,8092050.92719712,464521.001496597,0.0574046067771715,0.050573002227341
2053,pressure,Environmental Protection,59142.212092164,8092050.92719712,67131.3799766333,0.00829596607591864,0.00730868016331792
2053,pressure,General public services excl interest,182265.725680962,8092050.92719712,206886.912994359,0.0255666844976246,0.0225240457976324
2053,pressure,Health,839473.972929624,8092050.92719712,952873.493629422,0.117754263066591,0.103740569663023
2053,pressure,Housing and community amenities,39575.2117590295,8092050.92719712,44921.190538342,0.00555127382940255,0.00489062811332767
2053,pressure,Public order and safety,160751.781315913,8092050.92719712,182466.778493547,0.0225488915152871,0.0198653941704237
2053,pressure,"Recreation, culture and religion",56847.9144098092,8092050.92719712,64527.1593354836,0.00797414152679265,0.00702515529391259
2053,pressure,Social Protection,1108632.31717971,8092050.92719712,1258390.8295988,0.155509504440881,0.137002637174913
2053,pressure,Transport,134230.647033647,8092050.92719712,152363.06272215,0.0188287325540751,0.0165879636993512
2054,pressure,Defence,221784.202267664,8391456.81150341,251743.704345102,0.03,0.0264297615121646
2054,pressure,Economic affairs,137227.342571302,8391456.81150341,155764.563945999,0.0185622791661717,0.0163532203828046
2054,pressure,Education,425511.957993569,8391456.81150341,482991.824725005,0.0575575654590626,0.0507077576101276
2054,pressure,Environmental Protection,61494.068728652,8391456.81150341,69800.9348669476,0.00831809499052192,0.00732817556116752
2054,pressure,General public services excl interest,189513.727427652,8391456.81150341,215114.003969077,0.0256348818567699,0.0225841271288982
2054,pressure,Health,883361.83204943,8391456.81150341,1002689.90127987,0.119489371607721,0.105269186494349
2054,pressure,Housing and community amenities,41148.9646019372,8391456.81150341,46707.5322450389,0.00556608146764337,0.00490367352490311
2054,pressure,Public order and safety,167549.599419779,8391456.81150341,190182.873208291,0.022663868441482,0.0199666879283814
2054,pressure,"Recreation, culture and religion",59108.5357164128,8391456.81150341,67093.1544605963,0.00799541199671335,0.00704389440882112
2054,pressure,Social Protection,1161351.45734798,8391456.81150341,1318231.48326192,0.157092089356263,0.138396881904456
2054,pressure,Transport,139568.47980788,8391456.81150341,158421.951416748,0.0188789568933461,0.0166322109429858
2055,pressure,Defence,229990.217751568,8701940.71352904,261058.221405871,0.03,0.0264297615121646
2055,pressure,Economic affairs,142684.116622136,8701940.71352904,161958.460983233,0.0186117633198114,0.0163968155287823
2055,pressure,Education,442428.273956906,8701940.71352904,502193.264687545,0.0577104902480866,0.0508424831335676
2055,pressure,Environmental Protection,63939.3484537499,8701940.71352904,72576.5328124369,0.0083402697400134,0.00734771133918924
2055,pressure,General public services excl interest,197049.642433559,8701940.71352904,223667.900684081,0.0257032204708475,0.0226443329046362
2055,pressure,Health,929537.100327529,8701940.71352904,1055102.71051788,0.121249126516972,0.106819516580062
2055,pressure,Housing and community amenities,42785.2318213642,8701940.71352904,48564.8330216735,0.00558091977645504,0.00491674595700765
2055,pressure,Public order and safety,174634.575000938,8701940.71352904,198224.915787334,0.022779391668246,0.0200684629727977
2055,pressure,"Recreation, culture and religion",61458.9559594666,8701940.71352904,69761.0789236741,0.00801672652345418,0.00706267233743795
2055,pressure,Social Protection,1216566.87552878,8701940.71352904,1380905.62221174,0.158689385238493,0.139804086878846
2055,pressure,Transport,145118.347965781,8701940.71352904,164721.518087466,0.0189292852606282,0.0166765498344712
2056,pressure,Defence,238499.855808376,9023912.51992961,270717.375597888,0.03,0.0264297615121646
2056,pressure,Economic affairs,148357.644259722,9023912.51992961,168398.391553521,0.0186613501828178,0.0164405011608955
2056,pressure,Education,460013.578435495,9023912.51992961,522154.062824708,0.0578633781823033,0.0509771761882154
2056,pressure,Environmental Protection,66481.7594043837,9023912.51992961,75462.3828600776,0.00836249051544066,0.0073672876656945
2056,pressure,General public services excl interest,204884.898513842,9023912.51992961,232561.574669761,0.0257717009286317,0.0227046636435522
2056,pressure,Health,978118.677969854,9023912.51992961,1110246.88306741,0.123033870354504,0.108391861712937
2056,pressure,Housing and community amenities,44486.4947297081,9023912.51992961,50495.9093663021,0.0055957888836777,0.00492984552226744
2056,pressure,Public order and safety,182018.828932074,9023912.51992961,206606.664439591,0.0228954640222069,0.0201707217939091
2056,pressure,"Recreation, culture and religion",63902.7394265267,9023912.51992961,72534.9784905717,0.00803808529065146,0.00708148924154521
2056,pressure,Social Protection,1274396.33578632,9023912.51992961,1446546.91855592,0.160301522799692,0.141224367254422
2056,pressure,Transport,150888.667587867,9023912.51992961,171271.315692825,0.0189797180895278,0.0167209807558112
2057,pressure,Defence,247324.350473286,9357797.28316701,280733.91849501,0.03,0.0264297615121646
2057,pressure,Economic affairs,154256.528652806,9357797.28316701,175094.120976242,0.0187110401815612,0.016484277654773
2057,pressure,Education,478294.182575397,9357797.28316701,542904.084497989,0.0580162262624107,0.0511118341317098
2057,pressure,Environmental Protection,69125.1568169814,9357797.28316701,78462.8610271407,0.00838475750786793,0.00738690470900937
2057,pressure,General public services excl interest,213031.376818026,9357797.28316701,241808.512029111,0.0258403238189484,0.0227651198643971
2057,pressure,Health,1029231.63110195,9357797.28316701,1168264.37948927,0.124843950358998,0.109986527807495
2057,pressure,Housing and community amenities,46255.333071497,9357797.28316701,52503.6895057196,0.00561068891716262,0.00494297233331844
2057,pressure,Public order and safety,189714.993414113,9357797.28316701,215342.457774499,0.0230120883428263,0.0202734668932587
2057,pressure,"Recreation, culture and religion",66443.5917982353,9357797.28316701,75419.0594201774,0.00805948848195747,0.00710034528293911
2057,pressure,Social Protection,1334963.13987848,9357797.28316701,1515295.33014974,0.161928633875782,0.142657839177585
2057,pressure,Transport,156888.188615372,9357797.28316701,178081.276151314,0.0190302558136892,0.016765504089043
2058,pressure,Defence,256475.351440797,9704035.78264418,291121.073479326,0.03,0.0264297615121646
2058,pressure,Economic affairs,160389.714246552,9704035.78264418,182055.801948191,0.0187608337423694,0.0165281453860064
2058,pressure,Education,497297.426148306,9704035.78264418,564474.362645406,0.0581690314513243,0.0512464542884034
2058,pressure,Environmental Protection,71873.5488601447,9704035.78264418,81582.5169217634,0.00840707090834053,0.00740656263744324
2058,pressure,General public services excl interest,221501.429805262,9704035.78264418,251422.733841143,0.0259090897305651,0.0228257020858703
2058,pressure,Health,1083007.51084684,9704035.78264418,1229304.52136131,0.126679718510513,0.111603824955367
2058,pressure,Housing and community amenities,48094.4289263412,9704035.78264418,54591.2178256378,0.00562562000474844,0.00495612650278545
2058,pressure,Public order and safety,197736.233537131,9704035.78264418,224447.239275452,0.023129267482389,0.0203767007836868
2058,pressure,"Recreation, culture and religion",69085.3657547263,9704035.78264418,78417.694828153,0.00808093628100633,0.00711924062339985
2058,pressure,Social Protection,1398396.3869127,9704035.78264418,1587297.39532731,0.163570851435463,0.1441046197927
2058,pressure,Transport,163126.008088222,9704035.78264418,185161.725367602,0.0190808988667135,0.0168101202161656
2059,pressure,Defence,265964.939444107,10063085.106602,301892.553198061,0.03,0.0264297615121646
2059,pressure,Economic affairs,166766.500294387,10063085.106602,189293.989903349,0.0188107312914565,0.0165721047300869
2059,pressure,Education,517051.717494057,10063085.106602,586897.143119598,0.0583217906737722,0.0513810339490062
2059,pressure,Environmental Protection,74731.1026985113,10063085.106602,84826.0806259438,0.00842943090785275,0.00742626161926058
2059,pressure,General public services excl interest,230307.899932058,10063085.106602,261418.817373047,0.0259779992520922,0.0228864108265329
2059,pressure,Health,1139584.6888833,10063085.106602,1293524.37216521,0.12854153159418,0.113244067481419
2059,pressure,Housing and community amenities,50006.5707665882,10063085.106602,56761.6594764641,0.00564058227423963,0.00496930814326321
2059,pressure,Public order and safety,206096.269750076,10063085.106602,233936.582804825,0.0232470043060004,0.0204804259893284
2059,pressure,"Recreation, culture and religion",71832.0668042531,10063085.106602,81535.4313029177,0.00810242887138312,0.00713817542466443
2059,pressure,Social Protection,1464831.2451455,10063085.106602,1662706.54141692,0.16522830958928,0.145564827250093
2059,pressure,Transport,169611.583907734,10063085.106602,192523.398854358,0.0191316476820862,0.0168548295190765
2060,pressure,Defence,275805.642203539,10435419.2555463,313062.577666389,0.03,0.0264297615121646
2060,pressure,Economic affairs,173396.554926195,10435419.2555463,196819.658981472,0.0188607332548584,0.0166161560623486
2060,pressure,Education,537586.575002103,10435419.2555463,610205.931772793,0.0584745008159089,0.0515155703702448
2060,pressure,Environmental Protection,77702.150796971,10435419.2555463,88198.4698513542,0.00845183769731895,0.00744600182265541
2060,pressure,General public services excl interest,239464.139080755,10435419.2555463,271811.918133131,0.0260470529718934,0.0229472466047287
2060,pressure,Health,1199108.71033429,10435419.2555463,1361089.13784453,0.130429751264773,0.11490757400063
2060,pressure,Housing and community amenities,51994.6576758092,10435419.2555463,59018.3051616392,0.00565557585338717,0.00498251736729932
2060,pressure,Public order and safety,214809.401277603,10435419.2555463,243826.719184055,0.0233653016915889,0.0205846450456156
2060,pressure,"Recreation, culture and religion",74687.8593428458,10435419.2555463,84776.9957838664,0.00812396643659607,0.00715714984840212
2060,pressure,Social Protection,1534409.23649243,10435419.2555463,1741683.40768365,0.166901143598804,0.14703858071413
2060,pressure,Transport,176354.749144822,10435419.2555463,200177.457973262,0.0191825026931112,0.0168996323795128
2061,pressure,Defence,286010.45096507,10821529.7680015,324645.893040045,0.03,0.0264297615121646
2061,pressure,Economic affairs,180289.92977413,10821529.7680015,204644.218629612,0.0189108400583742,0.0166602997579173
2061,pressure,Education,558932.670190721,10821529.7680015,634435.543355318,0.0586271587249429,0.0516500607745353
2061,pressure,Environmental Protection,80791.1974747569,10821529.7680015,91704.7973787866,0.00847429146754752,0.00746578341572841
2061,pressure,General public services excl interest,248984.028758057,10821529.7680015,282617.792797857,0.0261162514780062,0.023008209938514
2061,pressure,Health,1261732.66487901,10821529.7680015,1432172.58804808,0.132344744112141,0.116594667475745
2061,pressure,Housing and community amenities,54061.7037344922,10821529.7680015,61364.576115766,0.00567060086987116,0.00499575428737893
2061,pressure,Public order and safety,223890.530523942,10821529.7680015,254134.563894071,0.023484162529916,0.0206893604992864
2061,pressure,"Recreation, culture and religion",77657.0729541497,10821529.7680015,88147.3027122176,0.00814554916005156,0.00717616405619251
2061,pressure,Social Protection,1607278.53434136,10821529.7680015,1824396.18337258,0.168589489885912,0.148526000371405
2061,pressure,Transport,183365.726915322,10821529.7680015,208135.506819756,0.0192334643328522,0.0169445291790003
2062,pressure,Defence,296592.837650777,11221926.3694176,336657.791082527,0.03,0.0264297615121646
2062,pressure,Economic affairs,187457.07517813,11221926.3694176,212779.530861658,0.0189610521275147,0.0167045361916645
2062,pressure,Education,581121.8724449,11221926.3694176,659622.15229687,0.0587797612087795,0.0517845023496676
2062,pressure,Environmental Protection,84002.9257193143,11221926.3694176,95350.3787924659,0.00849679240921759,0.00748560656646638
2062,pressure,General public services excl interest,258882.001094162,11221926.3694176,293852.823047619,0.0261855953580696,0.0230693013455941
2062,pressure,Health,1327617.57702808,11221926.3694176,1506957.49912503,0.13428688172753,0.118305675275696
2062,pressure,Housing and community amenities,56210.8425795652,11221926.3694176,63804.0292800526,0.00568565745128518,0.00500901901591096
2062,pressure,Public order and safety,233355.188505376,11221926.3694176,264877.745943306,0.0236035897245914,0.0207945749083976
2062,pressure,"Recreation, culture and religion",80744.2089589654,11221926.3694176,91651.4614652901,0.00816717722503173,0.0071952182095057
2062,pressure,Social Protection,1683594.27528974,11221926.3694176,1911020.96155674,0.170293486042176,0.150027207438995
2062,pressure,Transport,190655.145844924,11221926.3694176,216409.609777038,0.0192845330340793,0.0169895202988058
2063,pressure,Defence,307566.772643856,11637137.645086,349114.12935258,0.03,0.0264297615121646
2063,pressure,Economic affairs,194908.855994114,11637137.645086,221237.928201969,0.019011369887456,0.016748865738167
2063,pressure,Education,604187.295476201,11637137.645086,685803.345442354,0.0589323050356757,0.0519188922485015
2063,pressure,Environmental Protection,87342.2042702408,11637137.645086,99140.7405209168,0.00851934071285827,0.00750547144272394
2063,pressure,General public services excl interest,269173.060674197,11637137.645086,305534.04034725,0.0262550851992601,0.0231305213432669
2063,pressure,Health,1396932.81654967,11637137.645086,1585636.11999305,0.136256540770798,0.120040929234824
2063,pressure,Housing and community amenities,58445.3321446387,11637137.645086,66340.3626828852,0.00570074572512241,0.00502231166521591
2063,pressure,Public order and safety,243219.561354682,11637137.645086,276074.637952451,0.0237235861920932,0.0209002908423435
2063,pressure,"Recreation, culture and religion",83953.9472243816,11637137.645086,95294.7840854419,0.00818885081467451,0.00721431246968473
2063,pressure,Social Protection,1763518.88545545,11637137.645086,2001742.10952729,0.172013270838346,0.151542324172829
2063,pressure,Transport,198234.05614706,11637137.645086,225012.309765816,0.0193357092292219,0.0170346061198965
2064,pressure,Defence,318946.743231679,12067711.7379542,362031.352138626,0.03,0.0264297615121646
2064,pressure,Economic affairs,202656.568028736,12067711.7379542,230032.232340191,0.0190617937629978,0.01679328877167
2064,pressure,Education,628163.345570221,12067711.7379542,713018.176816808,0.059084786933905,0.0520532275886723
2064,pressure,Environmental Protection,90814.0949839976,12067711.7379542,103081.628196531,0.00854193656883007,0.00752537821220721
2064,pressure,General public services excl interest,279872.80723494,12067711.7379542,317679.151708719,0.026324721588235,0.0231918704483727
2064,pressure,Health,1469856.53008521,12067711.7379542,1668410.66205841,0.138254103038531,0.121800765712887
2064,pressure,Housing and community amenities,60768.5595881272,12067711.7379542,68977.4210336606,0.00571586581876327,0.00503563234751488
2064,pressure,Public order and safety,253500.517942697,12067711.7379542,287744.387507265,0.0238441548617937,0.0210065108818776
2064,pressure,"Recreation, culture and religion",87291.1532427884,12067711.7379542,99082.7933153445,0.00821057011195577,0.00723344699792992
2064,pressure,Social Protection,1847222.42204085,12067711.7379542,2096752.65649747,0.173748984233934,0.153071473876124
2064,pressure,Transport,206113.946338037,12067711.7379542,233956.647217385,0.0193869933503273,0.0170797870229024
2065,pressure,Defence,330747.772731251,12514217.0722585,375426.512167755,0.03,0.0264297615121646
2065,pressure,Economic affairs,210711.955125519,12514217.0722585,239175.773525466,0.0191123241785274,0.0168378056660552
2065,pressure,Education,653085.771689835,12514217.0722585,741307.224496799,0.0592372035914359,0.0521875054523063
2065,pressure,Environmental Protection,94423.8604905188,12514217.0722585,107179.01534646,0.00856458016730861,0.00754532704245937
2065,pressure,General public services excl interest,290997.459261126,12514217.0722585,330306.566474908,0.0263945051110814,0.0232533491772497
2065,pressure,Health,1546576.09504688,12514217.0722585,1755493.81442778,0.140279955533084,0.123585525655882
2065,pressure,Housing and community amenities,63184.0464166955,12514217.0722585,71719.2015383275,0.00573101785946438,0.00504898117491999
2065,pressure,Public order and safety,264215.638664083,12514217.0722585,299906.949832834,0.0239652986759889,0.0211132376191393
2065,pressure,"Recreation, culture and religion",90760.8854914641,12514217.0722585,103021.230951733,0.00823233529967368,0.00725262195528498
2065,pressure,Social Protection,1934882.93086148,12514217.0722585,2196254.69942769,0.175500767386906,0.154614780907927
2065,pressure,Transport,214306.760614666,12514217.0722585,243256.179798704,0.0194383858290227,0.0171250633880837
2066,pressure,Defence,342985.440322307,12977243.1039321,389317.293117962,0.03,0.0264297615121646
2066,pressure,Economic affairs,219087.226928187,12977243.1039321,248682.410729302,0.019162961557987,0.0168824167948125
2066,pressure,Education,678991.717504864,12977243.1039321,770712.649668463,0.0593895516556162,0.0523217228857439
2066,pressure,Environmental Protection,98176.9721532826,12977243.1039321,111439.112427967,0.00858727169827017,0.00756531810084804
2066,pressure,General public services excl interest,302563.878516958,12977243.1039321,343435.424164951,0.0264644363532722,0.0233149580456948
2066,pressure,Health,1627288.59694515,12977243.1039321,1847109.28571509,0.14233449053254,0.125395554657683
2066,pressure,Housing and community amenities,65695.4538117672,12977243.1039321,74569.8599454219,0.00574620197434904,0.00506235825942582
2066,pressure,Public order and safety,275383.245436354,12977243.1039321,312583.121844977,0.024087020589933,0.0212204736576842
2066,pressure,"Recreation, culture and religion",94368.4030838525,12977243.1039321,107116.066530247,0.00825414656043477,0.00727183750262482
2066,pressure,Social Protection,2026686.82058392,12977243.1039321,2300459.82781696,0.17726876266346,0.156172370691725
2066,pressure,Transport,222824.916920643,12977243.1039321,252925.002919249,0.019489887096483,0.017170435595302
2025,restraint,Defence,49773.9279983015,2778415.30054645,50175,0.018058855344675,0.0179145025542122
2025,restraint,Economic affairs,45994.383092003,2778415.30054645,46365,0.0166875700658865,0.0165541785934439
2025,restraint,Education,147254.442371617,2778415.30054645,148441,0.0534264981807454,0.0529994354489249
2025,restraint,Environmental Protection,20610.9198210406,2778415.30054645,20777,0.00747800373684728,0.00741822859130774
2025,restraint,General public services excl interest,63519.1705761683,2778415.30054645,64031,0.0230458707837545,0.022861654470329
2025,restraint,Health,206082.414033904,2778415.30054645,207743,0.0747703195987806,0.0741726458220169
2025,restraint,Housing and community amenities,13791.8668851098,2778415.30054645,13903,0.0050039315566919,0.00496393281537044
2025,restraint,Public order and safety,52352.1529881886,2778415.30054645,52774,0.0189942806568984,0.0188424505788937
2025,restraint,"Recreation, culture and religion",19811.3625521491,2778415.30054645,19971,0.00718791031566525,0.00713045402112947
2025,restraint,Social Protection,309254.069910483,2778415.30054645,311746,0.112202808535746,0.111305919546894
2025,restraint,Transport,46779.0602628382,2778415.30054645,47156,0.0169722647261284,0.0168365975574774
2026,restraint,Defence,55269.3636921252,2962133.33333333,54660.1569738092,0.0184529698102075,0.0186586346637981
2026,restraint,Economic affairs,49895.5306900879,2962133.33333333,49345.5570613038,0.0166587899693815,0.0168444580561604
2026,restraint,Education,158641.95004776,2962133.33333333,156893.318702659,0.0529663256333247,0.0535566540042402
2026,restraint,Environmental Protection,22359.0950317687,2962133.33333333,22112.6418432591,0.00746510685201853,0.00754830809948981
2026,restraint,General public services excl interest,68906.734079953,2962133.33333333,68147.2094077935,0.0230061248900996,0.0232625362621376
2026,restraint,Health,225909.680174197,2962133.33333333,223419.59008267,0.0754252307175021,0.0762658715028122
2026,restraint,Housing and community amenities,14961.6642550263,2962133.33333333,14796.7492682693,0.0049953015624784,0.00505097595933998
2026,restraint,Public order and safety,56927.7045213276,2962133.33333333,56300.2187365103,0.0190066456843639,0.0192184814507543
2026,restraint,"Recreation, culture and religion",21491.7209837538,2962133.33333333,21254.8284281527,0.00717551373834828,0.0072554873684801
2026,restraint,Social Protection,338295.660649487,2962133.33333333,334566.795768884,0.112947918989316,0.114206763362944
2026,restraint,Transport,50746.7625411795,2962133.33333333,50187.4062068984,0.0169429936330455,0.0171318292698436
2027,restraint,Defence,57646.7408838674,3095135.13513514,58334.2727366958,0.01884708427574,0.0186249512111691
2027,restraint,Economic affairs,50849.2926825092,3095135.13513514,51455.7538263135,0.0166247196260356,0.016428779507971
2027,restraint,Education,160625.660153277,3095135.13513514,162541.384373654,0.0525151172007088,0.0518961703254563
2027,restraint,Environmental Protection,22786.4931319852,3095135.13513514,23058.2594036302,0.00744983931133704,0.00736203497977167
2027,restraint,General public services excl interest,70223.8986251213,3095135.13513514,71061.4336946551,0.0229590730588738,0.0226884758044838
2027,restraint,Health,232662.30484035,3095135.13513514,235437.184097661,0.0760668513064393,0.0751703220318976
2027,restraint,Housing and community amenities,15247.6591429942,3095135.13513514,15429.512465162,0.00498508523586268,0.00492633066967153
2027,restraint,Public order and safety,58156.6347986192,3095135.13513514,58850.2479719626,0.0190137895124224,0.0187896916481742
2027,restraint,"Recreation, culture and religion",21902.539073922,3095135.13513514,22163.7627448573,0.00716083846978447,0.00707644032252105
2027,restraint,Social Protection,347669.548252256,3095135.13513514,351816.077353761,0.113667436797844,0.112327744370708
2027,restraint,Transport,51716.795982668,3095135.13513514,52333.6035249356,0.0169083420400159,0.016709059128176
2028,restraint,Defence,58980.9669745043,3185558.58310627,61293.9657995141,0.0192411987412725,0.0185151098106604
2028,restraint,Economic affairs,51354.8678761979,3185558.58310627,53368.8014406904,0.0167533573934936,0.0161211500389741
2028,restraint,Education,161285.835876587,3185558.58310627,167610.824563777,0.0526158349284974,0.0506303154278569
2028,restraint,Environmental Protection,23013.0505740055,3185558.58310627,23915.5308429467,0.00750748423519069,0.0072241806181336
2028,restraint,General public services excl interest,70922.1081630718,3185558.58310627,73703.3910287684,0.023136724409852,0.0222636333041205
2028,restraint,Health,237335.688804535,3185558.58310627,246643.050102547,0.0774253694188987,0.0745036333857364
2028,restraint,Housing and community amenities,15399.2608235259,3185558.58310627,16003.1585555897,0.00502365853211995,0.00483408495614918
2028,restraint,Public order and safety,58878.1198842162,3185558.58310627,61187.0854555987,0.0192076472176928,0.0184828243927015
2028,restraint,"Recreation, culture and religion",22120.307696658,3185558.58310627,22987.7781423925,0.00721624718010267,0.00694393373079589
2028,restraint,Social Protection,353867.625232567,3185558.58310627,367744.905368136,0.11544126274066,0.111084952921351
2028,restraint,Transport,52230.9964320066,3185558.58310627,54279.2882721276,0.0170391744041321,0.0163961814135201
2029,restraint,Defence,61677.808064964,3331215.46961326,65409.4591052103,0.019635313206805,0.0185151061609727
2029,restraint,Economic affairs,52518.1176466236,3331215.46961326,55695.5860829432,0.0167192985836516,0.0157654520176447
2029,restraint,Education,164147.287337054,3331215.46961326,174078.58053249,0.0522567759787389,0.0492754938353211
2029,restraint,Environmental Protection,23534.3239586735,3331215.46961326,24958.2053714075,0.0074922218628821,0.00706478586370331
2029,restraint,General public services excl interest,72528.5795542102,3331215.46961326,76916.7275418297,0.0230896885066277,0.0217724071636322
2029,restraint,Health,244973.943506916,3331215.46961326,259795.43765207,0.0779881817978683,0.0735389066668077
2029,restraint,Housing and community amenities,15748.072676394,3331215.46961326,16700.8677517774,0.00501344566393848,0.00472742541575141
2029,restraint,Public order and safety,60357.7476094819,3331215.46961326,64009.5319176501,0.0192150680439417,0.0181188362506281
2029,restraint,"Recreation, culture and religion",22621.3593771319,3331215.46961326,23990.0043063185,0.00720157687941563,0.00679072236049568
2029,restraint,Social Protection,364423.143834491,3331215.46961326,386471.592805756,0.11601518914975,0.109396449181595
2029,restraint,Transport,53414.0915721812,3331215.46961326,56645.7685177886,0.0170045345413712,0.0160344150834477
2030,restraint,Defence,64743.0587862866,3508707.86516854,70277.410408755,0.0200294276723375,0.01845210866057
2030,restraint,Economic affairs,53939.0596063935,3508707.86516854,58549.8661954435,0.0166870165443743,0.0153729126730254
2030,restraint,Education,167945.850391331,3508707.86516854,182302.159886504,0.0519570642219161,0.0478654413091937
2030,restraint,Environmental Protection,24171.0739014782,3508707.86516854,26237.2602166015,0.00747775569378764,0.00688888184206729
2030,restraint,General public services excl interest,74490.9290554725,3508707.86516854,80858.5459368154,0.0230451063593838,0.0212303024127357
2030,restraint,Health,253712.981660224,3508707.86516854,275400.817823906,0.0784906661959093,0.0723095200312544
2030,restraint,Housing and community amenities,16174.1560596935,3508707.86516854,17556.751638418,0.00500376557783749,0.00460971864322383
2030,restraint,Public order and safety,62139.996422135,3508707.86516854,67451.8336517326,0.0192241235930004,0.0177102223411096
2030,restraint,"Recreation, culture and religion",23233.4079456332,3508707.86516854,25219.4409099364,0.00718767189491423,0.00662164216527534
2030,restraint,Social Protection,376498.637934386,3508707.86516854,408682.410013913,0.116476613533707,0.107304071014844
2030,restraint,Transport,54859.2752032588,3508707.86516854,59548.7434554585,0.0169717017613828,0.0156351789067009
2031,restraint,Defence,69317.8427977071,3684143.25842697,75243.2550804328,0.02042354213787,0.018815186580802
2031,restraint,Economic affairs,56524.216689321,3684143.25842697,61356.0070960103,0.0166540774318878,0.0153425675182499
2031,restraint,Education,175469.547839451,3684143.25842697,190468.996351524,0.0516996715358049,0.047628318317451
2031,restraint,Environmental Protection,25329.5298210724,3684143.25842697,27494.7430051506,0.00746299507823431,0.00687528362615505
2031,restraint,General public services excl interest,78061.0831194633,3684143.25842697,84733.8831093419,0.0229996167807875,0.0211883951420481
2031,restraint,Health,267914.19532357,3684143.25842697,290815.97644679,0.0789372063047734,0.0727208950712633
2031,restraint,Housing and community amenities,16949.340766346,3684143.25842697,18398.2005102088,0.00499388846189015,0.00460061935093775
2031,restraint,Public order and safety,65275.4260575627,3684143.25842697,70855.2853796481,0.0192325000439591,0.0177179391458935
2031,restraint,"Recreation, culture and religion",24346.9240052287,3684143.25842697,26428.1422994591,0.00717348388638482,0.00660857146353864
2031,restraint,Social Protection,396568.493443775,3684143.25842697,430467.87240817,0.116843413030569,0.107641985022347
2031,restraint,Transport,57488.5357964331,3684143.25842697,62402.757912638,0.0169382006983307,0.0156043160550112
2032,restraint,Defence,74188.2475633039,3868350.42134832,80529.9906932566,0.0208176566034025,0.0191782645010339
2032,restraint,Economic affairs,59233.3328669092,3868350.42134832,64296.7033347503,0.016621219985634,0.0153122975984847
2032,restraint,Education,183617.642936363,3868350.42134832,199313.605085033,0.0515241856024932,0.0474666519152531
2032,restraint,Environmental Protection,26543.5340661225,3868350.42134832,28812.5224886468,0.00744827105880551,0.00686171912441965
2032,restraint,General public services excl interest,81802.4271929486,3868350.42134832,88795.0439173385,0.0229542399849052,0.0211465917724269
2032,restraint,Health,282776.723181996,3868350.42134832,306948.979576377,0.0793488040489852,0.0731000794605971
2032,restraint,Housing and community amenities,17761.6958233288,3868350.42134832,19279.9971198756,0.00498403583436363,0.00459154261860742
2032,restraint,Public order and safety,68569.137519081,3868350.42134832,74430.5491451929,0.019240901427759,0.0177256789200553
2032,restraint,"Recreation, culture and religion",25513.8335098683,3868350.42134832,27694.8013005133,0.00715933105431029,0.00659553316810824
2032,restraint,Social Protection,417531.084326676,3868350.42134832,453222.382780801,0.117161666709302,0.107935176198734
2032,restraint,Transport,60243.8702614465,3868350.42134832,65393.6232600774,0.0169047826947602,0.0155735297218623
2033,restraint,Defence,79372.3981984661,4061767.94241573,86157.2917296616,0.021211771068935,0.0195413424212658
2033,restraint,Economic affairs,62072.0638306263,4061767.94241573,67378.094061681,0.0165883662033159,0.01528203105412
2033,restraint,Education,192288.111528399,4061767.94241573,208725.240727553,0.051387780810396,0.0473409890113112
2033,restraint,Environmental Protection,27815.6210548673,4061767.94241573,30193.3497319001,0.00743354868125298,0.00684815613526262
2033,restraint,General public services excl interest,85722.7718998994,4061767.94241573,93050.5066507818,0.0229088682489921,0.0211047930643019
2033,restraint,Health,298442.840751511,4061767.94241573,323954.264692405,0.0797569603397219,0.073476093411189
2033,restraint,Housing and community amenities,18612.9171452,4061767.94241573,20203.9823517643,0.00497418430550417,0.00458246689842404
2033,restraint,Public order and safety,72028.7521275538,4061767.94241573,78185.8977532705,0.0192492281345767,0.0177333498980532
2033,restraint,"Recreation, culture and religion",26736.5725603675,4061767.94241573,29022.0622561379,0.00714517980041889,0.0065824963265789
2033,restraint,Social Protection,439601.256881454,4061767.94241573,477179.152873238,0.117480653655816,0.108229042898005
2033,restraint,Transport,63131.0307774618,4061767.94241573,68527.5833834278,0.0168713684176332,0.0155427468216992
2034,restraint,Defence,84889.4932782363,4264856.33953652,92145.9978929741,0.0216058855344675,0.0199044203414977
2034,restraint,Economic affairs,65046.5438834253,4264856.33953652,70606.8379508635,0.0165555020684558,0.0152517549724768
2034,restraint,Education,201450.13814383,4264856.33953652,218670.453646115,0.0512726423206739,0.0472349176867521
2034,restraint,Environmental Protection,29148.5396800588,4264856.33953652,31640.2086078959,0.00741882166453802,0.00683458887227759
2034,restraint,General public services excl interest,89830.5888363982,4264856.33953652,97509.4670728296,0.0228634822160097,0.0210629811850029
2034,restraint,Health,315059.341471894,4264856.33953652,341991.173398533,0.0801882047533865,0.0738733772932039
2034,restraint,Housing and community amenities,19504.8441628656,4264856.33953652,21172.1528746006,0.00496432967233345,0.00457338831839415
2034,restraint,Public order and safety,75662.5402146712,4264856.33953652,82130.3084982087,0.0192574619071774,0.0177409352604111
2034,restraint,"Recreation, culture and religion",28017.7834119678,4264856.33953652,30412.7932862438,0.00713102408733161,0.00656945537701572
2034,restraint,Social Protection,463024.429234447,4264856.33953652,502604.57958902,0.117847950687042,0.108567415259002
2034,restraint,Transport,66156.2563003732,4264856.33953652,71811.4105556113,0.0168379436113469,0.0155119542215489
2035,restraint,Defence,90759.8668704874,4478099.15651334,98518.1814432936,0.022,0.0202674982617297
2035,restraint,Economic affairs,68163.2691447694,4478099.15651334,73989.9864215875,0.0165226324463963,0.0152214738357516
2035,restraint,Education,211144.687603161,4478099.15651334,229193.710406817,0.0511810262337441,0.0471505163739068
2035,restraint,Environmental Protection,30545.2009710099,4478099.15651334,33156.2589859015,0.00740409218890923,0.00682101934401837
2035,restraint,General public services excl interest,94134.8492744253,4478099.15651334,102181.66333572,0.0228180886050945,0.0210211623245339
2035,restraint,Health,332576.006348787,4478099.15651334,361005.193891596,0.0806157213751103,0.0742672269471878
2035,restraint,Housing and community amenities,20439.4248014608,4478099.15651334,22186.6231256191,0.0049544733937722,0.00456430822254837
2035,restraint,Public order and safety,79479.2760009566,4478099.15651334,86273.3056364806,0.0192656086033729,0.0177484404036375
2035,restraint,"Recreation, culture and religion",29360.2641667247,4478099.15651334,31870.0316796187,0.00711686601071889,0.00655641225005491
2035,restraint,Social Protection,487669.932971925,4478099.15651334,529356.824746397,0.118210161554028,0.108901101991593
2035,restraint,Transport,69326.1537752776,4478099.15651334,75252.276495123,0.0168045132242481,0.0154811564800756
2036,restraint,Defence,95297.8602140118,4702004.11433901,103444.090515458,0.022,0.0202674982617297
2036,restraint,Economic affairs,71429.0314863199,4702004.11433901,77534.9119267632,0.0164897584181852,0.0151911886398596
2036,restraint,Education,221294.351655621,4702004.11433901,240210.985764169,0.0510869365323678,0.0470638362439481
2036,restraint,Environmental Protection,32008.6484889737,4702004.11433901,34744.8045961902,0.00738936073880371,0.00680744799677262
2036,restraint,General public services excl interest,98644.9329257101,4702004.11433901,107077.276945596,0.0227726889091948,0.0209793378582735
2036,restraint,Health,351327.256849909,4702004.11433901,381359.334580171,0.0811056998902224,0.0747186196155206
2036,restraint,Housing and community amenities,21418.6956703182,4702004.11433901,23249.6038071344,0.00494461579398315,0.00455522690952158
2036,restraint,Public order and safety,83488.1562726126,4702004.11433901,90624.8721119034,0.0192736692499987,0.0177558662737047
2036,restraint,"Recreation, culture and religion",30766.9403173362,4702004.11433901,33396.9530052709,0.0071027060362251,0.00654336737467132
2036,restraint,Social Protection,514125.935901389,4702004.11433901,558074.333781404,0.118688610262915,0.109341872826852
2036,restraint,Transport,72647.6309450857,4702004.11433901,78857.6794310028,0.0167710783558275,0.0154503546101848
2037,restraint,Defence,100062.753224712,4937104.32005596,108616.295041231,0.022,0.0202674982617297
2037,restraint,Economic affairs,74848.8849963712,4937104.32005596,81247.1005871266,0.0164564277601097,0.0151604827737411
2037,restraint,Education,231907.480925784,4937104.32005596,251731.344168959,0.0509876494094631,0.0469723679898171
2037,restraint,Environmental Protection,33541.1470628622,4937104.32005596,36408.3038692706,0.00737442466454869,0.00679368813954532
2037,restraint,General public services excl interest,103367.819588108,4937104.32005596,112203.884345828,0.0227266585982441,0.0209369324379471
2037,restraint,Health,370812.841592757,4937104.32005596,402510.581705334,0.0815276639122691,0.0751073539374907
2037,restraint,Housing and community amenities,22444.1722873838,4937104.32005596,24362.7399862573,0.00493462126925063,0.00454601945440143
2037,restraint,Public order and safety,87696.1999352545,4937104.32005596,95192.626818607,0.0192810644960259,0.0177626791435228
2037,restraint,"Recreation, culture and religion",32239.9888334418,4937104.32005596,34995.92032407,0.00708834937554516,0.00653014130215429
2037,restraint,Social Protection,541524.019898897,4937104.32005596,587814.454646905,0.119060570030702,0.109684540733536
2037,restraint,Transport,76125.8281222663,4937104.32005596,82633.1990787565,0.016737179067308,0.0154191248933147
2038,restraint,Defence,105065.890885948,5183959.53605876,114047.109793293,0.022,0.0202674982617297
2038,restraint,Economic affairs,78432.2659944121,5183959.53605876,85136.7953555115,0.0164231211226311,0.0151297990365955
2038,restraint,Education,243027.589125212,5183959.53605876,263802.018962076,0.0508881323488567,0.0468806879055965
2038,restraint,Environmental Protection,35146.9252791092,5183959.53605876,38151.3468586534,0.0073594993543601,0.00677993819871337
2038,restraint,General public services excl interest,108316.541009128,5183959.53605876,117575.631260838,0.022680661460222,0.0208945575781786
2038,restraint,Health,391375.678178453,5183959.53605876,424831.166073634,0.0819510960914296,0.075497440799086
2038,restraint,Housing and community amenities,23518.6842256079,5183959.53605876,25529.1031128583,0.00492463394732967,0.00453681863487087
2038,restraint,Public order and safety,92116.0764343479,5183959.53605876,99990.3222087511,0.0192884071554253,0.0177694435679144
2038,restraint,"Recreation, culture and religion",33783.4742623618,5183959.53605876,36671.3456280583,0.00707400306136236,0.00651692476134691
2038,restraint,Social Protection,570376.238242645,5183959.53605876,619133.011844516,0.119432454581856,0.110027139346903
2038,restraint,Transport,79770.3426125848,5183959.53605876,86589.2531388871,0.0167033042091835,0.015387917682944
2039,restraint,Defence,110319.185430245,5443157.5128617,119749.465282957,0.022,0.0202674982617297
2039,restraint,Economic affairs,82186.9867111948,5443157.5128617,89212.4762660262,0.0163898391797821,0.0150991380493756
2039,restraint,Education,254678.800163935,5443157.5128617,276449.196208216,0.0507883880918365,0.0467887985166977
2039,restraint,Environmental Protection,36829.4839404399,5443157.5128617,39977.7336218964,0.00734458511028434,0.00676619845253698
2039,restraint,General public services excl interest,113501.886036979,5443157.5128617,123204.22878874,0.0226346984259815,0.0208522141365161
2039,restraint,Health,413075.157900409,5443157.5128617,448385.555851699,0.0823760023097262,0.0758888856191189
2039,restraint,Housing and community amenities,24644.5740590045,5443157.5128617,26751.2360083374,0.00491465403033562,0.00452762463712864
2039,restraint,Public order and safety,96758.4397566917,5443157.5128617,105029.522990843,0.0192956979001008,0.0177761601658707
2039,restraint,"Recreation, culture and religion",35400.7616005451,5443157.5128617,38426.8815595559,0.00705966738400581,0.00650371801971488
2039,restraint,Social Protection,600759.498723134,5443157.5128617,652113.487379226,0.119804265417332,0.110369670049708
2039,restraint,Transport,83589.1199256574,5443157.5128617,90734.4663172809,0.016669454466986,0.0153567336106191
2040,restraint,Defence,115835.144701758,5715315.38850479,125736.938547105,0.022,0.0202674982617297
2040,restraint,Economic affairs,86121.2323436758,5715315.38850479,93483.0282007963,0.0163565825936428,0.0150685004220224
2040,restraint,Education,266886.381306632,5715315.38850479,289700.303062703,0.0506884193382184,0.0466967023103258
2040,restraint,Environmental Protection,38592.4909825203,5715315.38850479,41891.4456363193,0.00732968222901148,0.00675246917434186
2040,restraint,General public services excl interest,118935.158593722,5715315.38850479,129101.947130922,0.0225887704098683,0.0208099029553008
2040,restraint,Health,435973.938562424,5715315.38850479,473241.76494365,0.0828023884553216,0.0762816938220589
2040,restraint,Housing and community amenities,25824.2961991615,5715315.38850479,28031.8028917432,0.00490468171679966,0.00451843764407157
2040,restraint,Public order and safety,101634.479364827,5715315.38850479,110322.375122551,0.019302937392474,0.0177828295476474
2040,restraint,"Recreation, culture and religion",37095.3764938111,5715315.38850479,40266.3551428471,0.00704534262865612,0.00649052133998082
2040,restraint,Social Protection,632754.764357402,5715315.38850479,686843.765130528,0.120176004024551,0.110712134212236
2040,restraint,Transport,87590.484900213,5715315.38850479,95077.8750746631,0.0166356305140908,0.015325573296687
2041,restraint,Defence,121626.901936846,6001081.15793003,132023.785474461,0.022,0.0202674982617297
2041,restraint,Economic affairs,90243.5788513566,6001081.15793003,97957.7602075694,0.0163233520143491,0.0150378867534737
2041,restraint,Education,279676.797132745,6001081.15793003,303584.066344224,0.0505882287465914,0.0466044017357057
2041,restraint,Environmental Protection,40439.7894488221,6001081.15793003,43896.6544555736,0.00731479100187924,0.00673875063252288
2041,restraint,General public services excl interest,124628.202252372,6001081.15793003,135281.64227005,0.0225428783097333,0.0207676248616775
2041,restraint,Health,460138.123751751,6001081.15793003,499471.547588754,0.0832302604221135,0.0766758708376588
2041,restraint,Housing and community amenities,27060.4222316491,6001081.15793003,29373.5951723463,0.00489471720167142,0.00450925783529699
2041,restraint,Public order and safety,106755.947095931,6001081.15793003,115881.635008959,0.019310126285466,0.0177894523147483
2041,restraint,"Recreation, culture and religion",38871.0129028458,6001081.15793003,42193.7761049363,0.0070310290753492,0.00647733498012776
2041,restraint,Social Protection,666447.266638005,6001081.15793003,723416.362330297,0.120547671876484,0.111054533191463
2041,restraint,Transport,91783.1598040456,6001081.15793003,99628.9472737656,0.0166018330117253,0.0152944373503032
2042,restraint,Defence,127708.247033688,6301135.21582653,138624.974748184,0.022,0.0202674982617297
2042,restraint,Economic affairs,94563.0116014377,6301135.21582653,102646.425738688,0.0162901480801224,0.0150072976316909
2042,restraint,Education,293077.766031528,6301135.21582653,318130.573859161,0.0504878189346126,0.0465118992043538
2042,restraint,Environmental Protection,42375.4058458551,6301135.21582653,45997.7307790947,0.00729991171488631,0.00672504309055629
2042,restraint,General public services excl interest,130593.425986232,6301135.21582653,141756.783920499,0.0224970230069734,0.020725380667633
2042,restraint,Health,485637.451932172,6301135.21582653,527150.603618504,0.0836596241093926,0.0770714221006397
2042,restraint,Housing and community amenities,28355.6465069511,6301135.21582653,30779.5375184942,0.00488476067632788,0.00450008538711095
2042,restraint,Public order and safety,112135.185411368,6301135.21582653,121720.700166946,0.0193172652224985,0.0177960290599254
2042,restraint,"Recreation, culture and religion",40731.5411343107,6301135.21582653,44213.3455931704,0.007016726998989,0.00646415919341097
2042,restraint,Social Protection,701926.729968939,6301135.21582653,761928.673183899,0.120919270430853,0.111396868330315
2042,restraint,Transport,96176.2832972587,6301135.21582653,104397.602763584,0.0165680626089993,0.0152633263694601
2043,restraint,Defence,134093.659385372,6616191.97661785,145556.223485593,0.022,0.0202674982617297
2043,restraint,Economic affairs,99088.9449032528,6616191.97661785,107559.243855365,0.0162569714173179,0.0149767336337036
2043,restraint,Education,307118.319350479,6616191.97661785,333371.338606145,0.0503871924793455,0.0464191970903897
2043,restraint,Environmental Protection,44403.5588969025,6616191.97661785,48199.253954123,0.00728504464871378,0.00671134680701953
2043,restraint,General public services excl interest,136843.831146343,6616191.97661785,148541.484811881,0.0224512053665973,0.0206831711700567
2043,restraint,Health,512545.495894016,6616191.97661785,556358.79495598,0.0840904854215531,0.0774683530504242
2043,restraint,Housing and community amenities,29712.7919980572,6616191.97661785,32252.6942159201,0.00487481232858775,0.00449092047254139
2043,restraint,Public order and safety,117785.157064696,6616191.97661785,127853.641429259,0.0193243548375113,0.0178025603671958
2043,restraint,"Recreation, culture and religion",42681.0162549954,6616191.97661785,46329.4653086485,0.00700243666936819,0.00645099422837691
2043,restraint,Social Protection,739287.60787408,6616191.97661785,802483.225270138,0.121290801129438,0.111739140957031
2043,restraint,Transport,100779.430299963,6616191.97661785,109394.234945402,0.0165343199429536,0.0152322409410316
2044,restraint,Defence,140798.342354641,6947001.57544875,152834.034659872,0.022,0.0202674982617297
2044,restraint,Economic affairs,103831.242474385,6947001.57544875,112706.921443274,0.0162238226404884,0.0149461953256686
2044,restraint,Education,321828.863321167,6947001.57544875,349339.365995408,0.0502863519176389,0.0463262977308852
2044,restraint,Environmental Protection,46528.6687132598,6947001.57544875,50506.0219309158,0.00727019007875398,0.00669766203561776
2044,restraint,General public services excl interest,143393.039725598,6947001.57544875,155650.531369229,0.0224054262373151,0.0206409971508226
2044,restraint,Health,540939.873127441,6947001.57544875,587180.373972217,0.0845228502678565,0.0778666691309191
2044,restraint,Housing and community amenities,31134.8164374285,6947001.57544875,33796.2758293075,0.00486487234273074,0.004481763261356
2044,restraint,Public order and safety,123719.476259313,6947001.57544875,134295.236765576,0.0193313957549953,0.0178090468118717
2044,restraint,"Recreation, culture and religion",44723.6869072779,6947001.57544875,48546.7470752428,0.00698815835119583,0.00643784032888879
2044,restraint,Social Protection,778629.33159434,6947001.57544875,845187.949388953,0.121662265397479,0.112081352384614
2044,restraint,Transport,105602.632807551,6947001.57544875,114629.73336739,0.0165006056386255,0.0152011816408332
2045,restraint,Defence,147838.259472373,7294351.65422118,160475.736392866,0.022,0.0202674982617297
2045,restraint,Economic affairs,108800.238882883,7294351.65422118,118100.676487693,0.0161907023524632,0.0149156832629423
2045,restraint,Education,337241.243892154,7294351.65422118,366069.22422374,0.0501852997465372,0.0462332034262421
2045,restraint,Environmental Protection,48755.3664028826,7294351.65422118,52923.0616927596,0.00725534827514567,0.00668398902521628
2045,restraint,General public services excl interest,150255.32397088,7294351.65422118,163099.415856432,0.0223596864516462,0.0205988593768891
2045,restraint,Health,570902.467716166,7294351.65422118,619704.224347804,0.084956724562242,0.0782663757903404
2045,restraint,Housing and community amenities,32624.8187466563,7294351.65422118,35413.6461815679,0.00485494089952112,0.00447261392008384
2045,restraint,Public order and safety,129952.44137053,7294351.65422118,141061.006801718,0.0193383885900384,0.0178154889606025
2045,restraint,"Recreation, culture and religion",46864.0045450243,7294351.65422118,50870.0228649999,0.00697389230413121,0.0064246977341577
2045,restraint,Social Protection,820056.571721906,7294351.65422118,890156.463560602,0.122033664643173,0.112423503910364
2045,restraint,Transport,110656.401698721,7294351.65422118,120115.507396822,0.0164669203091288,0.0151701490336959
2046,restraint,Defence,155230.172445992,7659069.23693224,168499.523212509,0.022,0.0202674982617297
2046,restraint,Economic affairs,114006.762012117,7659069.23693224,123752.262458688,0.0161576111444392,0.0148851979901648
2046,restraint,Education,353388.814604807,7659069.23693224,383597.117952448,0.0500840384237202,0.0461399164405978
2046,restraint,Environmental Protection,51088.5041372965,7659069.23693224,55455.6401834175,0.0072405195028149,0.00667032801987822
2046,restraint,General public services excl interest,157445.637407481,7659069.23693224,170904.370052674,0.0223139868260452,0.020556758600415
2046,restraint,Health,602519.664381422,7659069.23693224,654024.115123325,0.0853921142231752,0.0786674784810739
2046,restraint,Housing and community amenities,34186.0457727695,7659069.23693224,37108.3296659794,0.00484501817623505,0.00446347261204057
2046,restraint,Public order and safety,136499.069310583,7659069.23693224,148167.252122243,0.0193453339483833,0.017821887371429
2046,restraint,"Recreation, culture and religion",49106.6331099748,7659069.23693224,53304.3553016813,0.00695963878282314,0.00641156667877884
2046,restraint,Social Protection,863679.513553738,7659069.23693224,937508.371916872,0.122405000257235,0.112765596815479
2046,restraint,Transport,115951.749583595,7659069.23693224,125863.511021285,0.0164332645557462,0.0151391436735514
2047,restraint,Defence,162991.681068291,8042022.69877886,176924.499373135,0.022,0.0202674982617297
2047,restraint,Economic affairs,119462.156597027,8042022.69877886,129673.993859285,0.016124549596083,0.0148547400413539
2047,restraint,Education,370306.507654051,8042022.69877886,401960.965442504,0.0499825703679672,0.0460464390022526
2047,restraint,Environmental Protection,53533.1656986182,8042022.69877886,58109.2757557286,0.00722570402152089,0.00665667925890672
2047,restraint,General public services excl interest,164979.647343131,8042022.69877886,179082.40053497,0.0222683281610437,0.0205146955588899
2047,restraint,Health,635882.595340334,8042022.69877886,690238.968659641,0.0858290251735363,0.0790699826595727
2047,restraint,Housing and community amenities,35821.8993458098,8042022.69877886,38884.0189070557,0.00483510434669129,0.0044543394973567
2047,restraint,Public order and safety,143375.131619041,8042022.69877886,155631.092445926,0.0193522324264962,0.0178282425938454
2047,restraint,"Recreation, culture and religion",51456.4591696157,8042022.69877886,55855.0486652383,0.00694539803695402,0.00639844739277211
2047,restraint,Social Protection,909614.146882257,8042022.69877886,987369.579263594,0.122776273612548,0.113107632364726
2047,restraint,Transport,121500.214741495,8042022.69877886,131886.268832706,0.0163996389680338,0.0151081661035282
2048,restraint,Defence,171141.265121706,8444123.8337178,185770.724341792,0.022,0.0202674982617297
2048,restraint,Economic affairs,125178.308882847,8444123.8337178,135878.772992064,0.0160915182756432,0.0148243099400086
2048,restraint,Education,388030.908282726,8444123.8337178,421200.479308265,0.0498808979596428,0.0459527733041171
2048,restraint,Environmental Protection,56094.6775295784,8444123.8337178,60889.7501662055,0.00721090208590615,0.00664304297689118
2048,restraint,General public services excl interest,172873.768922195,8444123.8337178,187651.32564337,0.0222227112414043,0.0204726709752765
2048,restraint,Health,671087.400679135,8444123.8337178,728453.14326826,0.0862674633405435,0.0794738937862861
2048,restraint,Housing and community amenities,37535.9436729907,8444123.8337178,40744.5827867717,0.00482519958128475,0.00444521473300852
2048,restraint,Public order and safety,150597.192365219,8444123.8337178,163470.507768139,0.0193590846116435,0.0178345551688711
2048,restraint,"Recreation, culture and religion",53918.6025385383,8444123.8337178,58527.6604211046,0.00693117031128805,0.00638534010162649
2048,restraint,Social Protection,957982.570978532,8444123.8337178,1039872.62213432,0.123147486063866,0.113449611806172
2048,restraint,Transport,127313.886200356,8444123.8337178,138196.903250594,0.0163660441239347,0.0150772168560562
2049,restraint,Defence,179698.328377791,8866330.02540369,195059.260558881,0.022,0.0202674982617297
2049,restraint,Economic affairs,131167.672459808,8866330.02540369,142380.118002265,0.0160585177400706,0.0147939081992198
2049,restraint,Education,406600.332665103,8866330.02540369,441357.251058615,0.0497790235411996,0.0458589215041756
2049,restraint,Environmental Protection,58778.6203105238,8866330.02540369,63803.1211416601,0.00719611394555044,0.00662941940375692
2049,restraint,General public services excl interest,181145.200803925,8866330.02540369,196629.81420906,0.0221771368362873,0.0204306855581633
2049,restraint,Health,708235.502979835,8866330.02540369,768776.731313588,0.086707434655703,0.0798792173256137
2049,restraint,Housing and community amenities,39331.9130854894,8866330.02540369,42694.0748535641,0.00481530404702256,0.00443609847285135
2049,restraint,Public order and safety,158182.647953536,8866330.02540369,171704.381568838,0.0193658910819778,0.0178408256291287
2049,restraint,"Recreation, culture and religion",56498.4274063374,8866330.02540369,61328.0132993259,0.00691695584572305,0.00637224502634786
2049,restraint,Social Protection,1008913.31556273,8866330.02540369,1095157.01719793,0.12351863894758,0.113791536370968
2049,restraint,Transport,133405.43001218,8866330.02540369,144809.163043564,0.0163324805899012,0.0150462964529798
2050,restraint,Defence,188683.244796681,9309646.52667387,204812.223586825,0.022,0.0202674982617297
2050,restraint,Economic affairs,137443.295329907,9309646.52667387,149192.192258262,0.0160255485351456,0.0147635353217876
2050,restraint,Education,426054.90944233,9309646.52667387,462474.839602198,0.049676949417695,0.0457648857259622
2050,restraint,Environmental Protection,61590.8410885255,9309646.52667387,66855.735545129,0.00718133984502794,0.0066158087648179
2050,restraint,General public services excl interest,189811.962542204,9309646.52667387,206037.426129382,0.0221316056994265,0.0203887400019279
2050,restraint,Health,747433.896979345,9309646.52667387,811325.873632627,0.087148945054791,0.0802859587458887
2050,restraint,Housing and community amenities,41213.7201546793,9309646.52667387,44736.7421323545,0.00480541790756237,0.00442699086765478
2050,restraint,Public order and safety,166149.768927322,9309646.52667387,180352.546189838,0.0193726524066295,0.0178470544989298
2050,restraint,"Recreation, culture and religion",59201.553996195,9309646.52667387,64262.2079497412,0.00690275487534547,0.00635916238350957
2050,restraint,Social Protection,1062541.67859821,9309646.52667387,1153369.62792791,0.123889733581537,0.11413340727318
2050,restraint,Transport,139788.116781562,9309646.52667387,151737.453211056,0.016298948921025,0.0150154054056771
2051,restraint,Defence,198117.407036515,9775128.85300757,215052.834766167,0.022,0.0202674982617297
2051,restraint,Economic affairs,144018.848264449,9775128.85300757,156329.835133163,0.0159926111956125,0.0147331918003452
2051,restraint,Education,446436.665080142,9775128.85300757,484598.863901663,0.0495746778573219,0.0456706680590491
2051,restraint,Environmental Protection,64537.4659849122,9775128.85300757,70054.2431696696,0.00716658002396722,0.00660221128083192
2051,restraint,General public services excl interest,198892.93374789,9775128.85300757,215894.654877851,0.0220861185693144,0.0203468349869061
2051,restraint,Health,788795.455082456,9775128.85300757,856223.091163746,0.0875920004778563,0.0806941235193808
2051,restraint,Housing and community amenities,43185.4641954196,9775128.85300757,46877.0343547152,0.00479554132325245,0.00441789206513964
2051,restraint,Public order and safety,174517.743871381,9775128.85300757,189435.830490246,0.0193793691458053,0.0178532422943648
2051,restraint,"Recreation, culture and religion",62033.8707794523,9775128.85300757,67336.6362006773,0.00688856763048801,0.00634609238530559
2051,restraint,Social Protection,1119010.0817891,9775128.85300757,1214665.05048854,0.124260771264904,0.114475225709665
2051,restraint,Transport,146475.850507028,9775128.85300757,158996.866290078,0.0162654496611733,0.0149845442151855
2052,restraint,Defence,208023.27738834,10263885.2956579,225805.476504475,0.022,0.0202674982617297
2052,restraint,Economic affairs,150908.654513919,10263885.2956579,163808.59425434,0.0159597062453181,0.0147028781174864
2052,restraint,Education,467789.613227026,10263885.2956579,507777.099970319,0.0494722110919468,0.0455762705595435
2052,restraint,Environmental Protection,67624.9135088041,10263885.2956579,73405.6111899585,0.00715183471711362,0.00658862716805811
2052,restraint,General public services excl interest,208407.895118748,10263885.2956579,226222.972041403,0.0220406761693942,0.0203049711795701
2052,restraint,Health,832439.249594998,10263885.2956579,903597.6347249,0.0880366068692485,0.0811037171223216
2052,restraint,Housing and community amenities,45251.4401748522,10263885.2956579,49119.6136292051,0.00478567445117345,0.00440880221001645
2052,restraint,Public order and safety,183306.725518636,10263885.2956579,198976.109894376,0.0193860418508916,0.0178593895233984
2052,restraint,"Recreation, culture and religion",65001.547272673,10263885.2956579,70557.9949499284,0.00687439433678954,0.00633303523960574
2052,restraint,Social Protection,1178468.44470732,10263885.2956579,1279206.01984295,0.124631753278079,0.11481699285999
2052,restraint,Transport,153483.198797765,10263885.2956579,166603.215154916,0.0162319833431299,0.0149537133723323
2053,restraint,Defence,218424.441257757,10777079.5604408,237095.750329699,0.022,0.0202674982617297
2053,restraint,Economic affairs,158127.720934653,10777079.5604408,171644.759290852,0.0159268341973557,0.0146725947458983
2053,restraint,Education,490159.848259332,10777079.5604408,532059.582413651,0.0493695513176565,0.0454816952505899
2053,restraint,Environmental Protection,70859.9085055382,10777079.5604408,76917.1393030528,0.0071371041543936,0.00657505663831618
2053,restraint,General public services excl interest,218377.571426006,10777079.5604408,237044.873981507,0.021995279208258,0.0202631492327104
2053,restraint,Health,878490.892590689,10777079.5604408,953585.853932904,0.0884827701776656,0.0815147450349483
2053,restraint,Housing and community amenities,47416.1480460364,10777079.5604408,51469.3645728615,0.00477581744518142,0.00439972144402512
2053,restraint,Public order and safety,192537.879171478,10777079.5604408,208996.358952248,0.0193926710645624,0.0178654966859688
2053,restraint,"Recreation, culture and religion",68111.0474449682,10777079.5604408,73933.3007181627,0.006860235215257,0.00631999115001264
2053,restraint,Social Protection,1241074.5785233,10777079.5604408,1347163.83714062,0.125002680882641,0.115158709886386
2053,restraint,Transport,160825.424531316,10777079.5604408,174573.067380986,0.0161985504887416,0.0149229133578687
2054,restraint,Defence,229345.663320645,11315933.5384629,248950.537846184,0.022,0.0202674982617297
2054,restraint,Economic affairs,165691.770599829,11315933.5384629,179855.397352093,0.0158939955542125,0.0146423421484973
2054,restraint,Education,513595.643208431,11315933.5384629,557498.710727467,0.0492667006953097,0.0453869441228793
2054,restraint,Environmental Protection,74249.4967702502,11315933.5384629,80596.4755911665,0.00712238856098074,0.0065614998990473
2054,restraint,General public services excl interest,228823.676550796,11315933.5384629,248383.930720411,0.0219499283798507,0.0202213697856234
2054,restraint,Health,927082.894375032,11315933.5384629,1006331.58630946,0.0889304963562165,0.0819272127415626
2054,restraint,Housing and community amenities,49684.302526678,11315933.5384629,53931.4049258308,0.00476597045595203,0.00439064990597558
2054,restraint,Public order and safety,202233.43355398,11315933.5384629,219520.706538739,0.0193992573208907,0.0178715642740908
2054,restraint,"Recreation, culture and religion",71369.1437646757,11315933.5384629,77469.9048963366,0.00684609048232885,0.00630696031592018
2054,restraint,Social Protection,1306994.60036537,11315933.5384629,1418718.81949697,0.12537355532133,0.115500377933724
2054,restraint,Transport,168518.519020933,11315933.5384629,182923.781247391,0.0161651516090681,0.0148921446426084
2055,restraint,Defence,240812.946486677,11881730.215386,261398.064738493,0.022,0.0202674982617297
2055,restraint,Economic affairs,173617.276965568,11881730.215386,188458.39007446,0.0158611908079195,0.0146121207785669
2055,restraint,Education,538147.552274086,11881730.215386,584149.360574289,0.049163661351093,0.0452920191351611
2055,restraint,Environmental Protection,77801.0603583221,11881730.215386,84451.6331408834,0.00710768815736316,0.00654795715337611
2055,restraint,General public services excl interest,239768.960668226,11881730.215386,260264.837158584,0.0219046243636772,0.0201796334643031
2055,restraint,Health,978355.041562242,11881730.215386,1061986.56767678,0.089379791362505,0.082341125730606
2055,restraint,Housing and community amenities,52060.8433441667,11881730.215386,56511.0966721712,0.00475613363102565,0.00438158773178939
2055,restraint,Public order and safety,212416.734216978,11881730.215386,230574.493823822,0.0194058011454631,0.0178775927719612
2055,restraint,"Recreation, culture and religion",74782.931915871,11881730.215386,81175.5097201993,0.00683196034993982,0.00629394293257325
2055,restraint,Social Protection,1376403.36938645,11881730.215386,1494060.77333581,0.125744377818064,0.11584199812954
2055,restraint,Transport,176579.236764549,11881730.215386,191673.543456298,0.0161317872045347,0.0148614076875682
2056,restraint,Defence,252853.593811011,12475816.7261553,274467.967975417,0.022,0.0202674982617297
2056,restraint,Economic affairs,181921.499666248,12475816.7261553,197472.472476526,0.0158284204402048,0.014581931079899
2056,restraint,Education,563868.518137605,12475816.7261553,612069.000269826,0.049060435377079,0.0451969222147569
2056,restraint,Environmental Protection,81522.333625917,12475816.7261553,88491.0074548644,0.00709300315941196,0.00653442860017387
2056,restraint,General public services excl interest,251237.259681431,12475816.7261553,272713.466734487,0.0218593678250136,0.0201379408816351
2056,restraint,Health,1032454.79583648,12475816.7261553,1120710.8650056,0.0898306611587239,0.0827564894947484
2056,restraint,Housing and community amenities,54550.9459691545,12475816.7261553,59214.0576909554,0.00474630711485318,0.00437253505454191
2056,restraint,Public order and safety,223112.299624135,12475816.7261553,242184.335152969,0.0194123030554973,0.0178835826560664
2056,restraint,"Recreation, culture and religion",78359.8462166428,12475816.7261553,85058.1850065504,0.00681784502558677,0.00628093919112829
2056,restraint,Social Protection,1449484.94567299,12475816.7261553,1573389.49252656,0.126115149577981,0.116183571584069
2056,restraint,Transport,185025.131850784,12475816.7261553,200841.408650988,0.0160984577650879,0.0148307029441112
2057,restraint,Defence,265496.273501562,13099607.5624631,288191.366374188,0.022,0.0202674982617297
2057,restraint,Economic affairs,190622.522016723,13099607.5624631,206917.273667007,0.0157956849226482,0.0145517734869365
2057,restraint,Education,590813.984298277,13099607.5624631,641317.812722132,0.048957024831784,0.0451016552580745
2057,restraint,Environmental Protection,85421.4200354028,13099607.5624631,92723.3946938293,0.00707833377845059,0.00652091443412226
2057,restraint,General public services excl interest,263253.547012893,13099607.5624631,285756.927643095,0.021814159415121,0.0200962926375936
2057,restraint,Health,1089537.71452719,13099607.5624631,1182673.33294211,0.0902831117117628,0.0831733095309864
2057,restraint,Housing and community amenities,57160.0328609619,13099607.5624631,62046.1739629547,0.0047364910488424,0.00436349200450507
2057,restraint,Public order and safety,234345.880053526,13099607.5624631,254378.181983748,0.019418763559961,0.0178895343952931
2057,restraint,"Recreation, culture and religion",82107.6757725865,13099607.5624631,89126.3856875616,0.00680374471239528,0.00626794927871472
2057,restraint,Social Protection,1526433.07319,13099607.5624631,1656915.28261239,0.126485871787509,0.116525099390304
2057,restraint,Transport,193874.596100951,13099607.5624631,210447.340818319,0.0160651637703526,0.014800030854092
2058,restraint,Defence,278771.08717664,13754587.9405863,302600.934692898,0.022,0.0202674982617297
2058,restraint,Economic affairs,199739.290302791,13754587.9405863,216813.359493851,0.0157629847168369,0.0145216484249166
2058,restraint,Education,619042.01266693,13754587.9405863,671958.823077268,0.0488534317407278,0.0450062201311241
2058,restraint,Environmental Protection,89506.8097621284,13754587.9405863,97158.0107883908,0.00706368022132473,0.00650741484577788
2058,restraint,General public services excl interest,275843.987865373,13754587.9405863,299423.621735162,0.0217689997714609,0.0200546893194399
2058,restraint,Health,1149767.89418998,13754587.9405863,1248052.09530684,0.0907371489933305,0.0835915913407561
2058,restraint,Housing and community amenities,59893.7852492117,13754587.9405863,65013.6123593877,0.00472668557140481,0.00435445870919044
2058,restraint,Public order and safety,246144.519456047,13754587.9405863,267185.390031995,0.0194251831596932,0.0178954484510392
2058,restraint,"Recreation, culture and religion",86034.5814005615,13754587.9405863,93388.9701812078,0.0067896596091869,0.0062549733784969
2058,restraint,Social Protection,1607451.68801886,13754587.9405863,1744859.51249303,0.126856545614456,0.116866582624092
2058,restraint,Transport,203146.899029837,13754587.9405863,220512.256665416,0.0160319056897911,0.0147693918500025
2059,restraint,Defence,292709.641535472,14442317.3376156,317730.981427543,0.022,0.0202674982617297
2059,restraint,Economic affairs,209291.654945175,14442317.3376156,227182.277226992,0.0157303202745232,0.0144915563100159
2059,restraint,Education,648613.406661212,14442317.3376156,704058.032336985,0.0487496580969896,0.0449106186700297
2059,restraint,Environmental Protection,93787.3981407506,14442317.3376156,101804.511462207,0.00704904269047273,0.00649393002163702
2059,restraint,General public services excl interest,289035.996070193,14442317.3376156,313743.306224987,0.0217238895179121,0.0200131315019223
2059,restraint,Health,1213318.43844924,14442317.3376156,1317035.05292939,0.0911927789800822,0.0840113404300507
2059,restraint,Housing and community amenities,62758.1554772515,14442317.3376156,68122.8340404803,0.00471689081800271,0.00434543529339267
2059,restraint,Public order and safety,258536.620419023,14442317.3376156,280636.789788632,0.019431562347526,0.0179013252773261
2059,restraint,"Recreation, culture and religion",90149.1133594326,14442317.3376156,97855.2196376633,0.00677558991054681,0.00624201166973639
2059,restraint,Social Protection,1692755.45320961,14442317.3376156,1837455.19499718,0.127227172208123,0.117208022344224
2059,restraint,Transport,212862.229711952,14442317.3376156,231058.071064726,0.0159986839828624,0.0147387863551194
2060,restraint,Defence,307345.123612246,15164433.2044964,333617.53049892,0.022,0.0202674982617297
2060,restraint,Economic affairs,219300.413626313,15164433.2044964,238046.60237169,0.0156976920377814,0.0144614975494955
2060,restraint,Education,679591.840058576,15164433.2044964,737684.55722629,0.0486457058617636,0.0448148526815412
2060,restraint,Environmental Protection,98272.5049911333,15164433.2044964,106673.013209891,0.00703442138399619,0.00648046014420077
2060,restraint,General public services excl interest,302858.293646208,15164433.2044964,328747.158340595,0.0216788292649882,0.0199716197474765
2060,restraint,Health,1280371.95142765,15164433.2044964,1389820.41925703,0.0916500076537603,0.0844325623095499
2060,restraint,Housing and community amenities,65759.3799341448,15164433.2044964,71380.6084929063,0.00470710692119647,0.00433642187923296
2060,restraint,Public order and safety,271552.012390853,15164433.2044964,294764.760576272,0.0194379016084078,0.0179071653209126
2060,restraint,"Recreation, culture and religion",94460.229926261,15164433.2044964,102534.858103419,0.00676153580689166,0.00622906432785453
2060,restraint,Social Protection,1782570.3216387,15164433.2044964,1934947.59785437,0.127597752699431,0.117549419592561
2060,restraint,Transport,223041.740644072,15164433.2044964,242107.744666007,0.0159654990991829,0.0147082147836517
2061,restraint,Defence,322712.379792858,15922654.8647212,350298.407023866,0.022,0.0202674982617297
2061,restraint,Economic affairs,229787.356473519,15922654.8647212,249429.987714033,0.015665100439166,0.0144314725418463
2061,restraint,Education,712043.99187473,15922654.8647212,772910.77660155,0.0485415769649093,0.0447189239435417
2061,restraint,Environmental Protection,102971.894865746,15922654.8647212,111774.115275196,0.00701981649573067,0.00646700539204013
2061,restraint,General public services excl interest,317340.973198661,15922654.8647212,344467.843056557,0.0216338196100559,0.0199301546064264
2061,restraint,Health,1351121.05815932,15922654.8647212,1466617.28525384,0.0921088410013419,0.084855262494756
2061,restraint,Housing and community amenities,68903.9926032855,15922654.8647212,74794.028236562,0.0046973340106918,0.00432741858620272
2061,restraint,Public order and safety,285222.023330325,15922654.8647212,309603.308323246,0.0194442014195268,0.0179129690214082
2061,restraint,"Recreation, culture and religion",98977.3168582476,15922654.8647212,107438.073646866,0.00674749748453758,0.00621613152449504
2061,restraint,Social Protection,1877134.12833571,15922654.8647212,2037594.88665481,0.12796828820107,0.117890775394169
2061,restraint,Transport,233707.59369924,15922654.8647212,253685.33377856,0.0159323514786868,0.0146776775408887
2062,restraint,Defence,338847.998782501,16718787.6079572,367813.327375059,0.022,0.0202674982617297
2062,restraint,Economic affairs,240775.31339655,16718787.6079572,261357.214705,0.0156325459018696,0.0144014816769342
2062,restraint,Education,746039.687547717,16718787.6079572,809812.484703233,0.0484372733055001,0.0446228342055522
2062,restraint,Environmental Protection,107895.798262485,16718787.6079572,117118.922677144,0.00700522821531641,0.00645356593986114
2062,restraint,General public services excl interest,332515.563293315,16718787.6079572,360939.58405642,0.0215888611375523,0.0198887366171848
2062,restraint,Health,1425768.95346021,16718787.6079572,1547646.21518945,0.0925692850151917,0.0852794465061345
2062,restraint,Housing and community amenities,72198.8392570309,16718787.6079572,78370.524232581,0.00468757221338711,0.00431842553120707
2062,restraint,Public order and safety,299579.55495247,16718787.6079572,325188.147241606,0.0194504622504346,0.0179187368113874
2062,restraint,"Recreation, culture and religion",103710.207782649,16718787.6079572,112575.54049118,0.00673347512576811,0.0062032134275866
2062,restraint,Social Protection,1976697.21381874,16718787.6079572,2145668.80146859,0.128338779807656,0.118232090757462
2062,restraint,Transport,244883.008271923,16718787.6079572,265816.042631921,0.0158992415517861,0.0146471750233475
2063,restraint,Defence,355790.398721626,17554726.9883551,386203.993743812,0.022,0.0202674982617297
2063,restraint,Economic affairs,252288.203682257,17554726.9883551,273854.247294553,0.0156000288398797,0.0143715253361452
2063,restraint,Education,781652.046720705,17554726.9883551,848469.051571436,0.0483327967523657,0.0445265851892321
2063,restraint,Environmental Protection,113054.933848943,17554726.9883551,122719.070334065,0.00699065672826873,0.00644014195856979
2063,restraint,General public services excl interest,348415.096947667,17554726.9883551,378198.23807867,0.0215439544192027,0.0198473663064534
2063,restraint,Health,1504529.98080915,17554726.9883551,1633139.87500382,0.0930313456932233,0.0857051198692626
2063,restraint,Housing and community amenities,75651.0923281444,17554726.9883551,82117.8820260147,0.00467782165342062,0.00430944282860836
2063,restraint,Public order and safety,314659.16175142,17554726.9883551,341556.785604997,0.0194566845631702,0.0179244691165034
2063,restraint,"Recreation, culture and religion",108669.205558899,17554726.9883551,117958.442202513,0.00671946890890191,0.00619031020140528
2063,restraint,Social Protection,2081523.08005861,17554726.9883551,2259455.36888287,0.128709228595903,0.118573366674365
2063,restraint,Transport,256592.311718764,17554726.9883551,278526.278128372,0.0158661697395312,0.0146167076189208
2064,restraint,Defence,373579.918657707,18432463.3377728,405514.193431003,0.022,0.0202674982617297
2064,restraint,Economic affairs,264351.087953912,18432463.3377728,286948.288332541,0.0155675496581355,0.0143416038925296
2064,restraint,Education,818957.637930107,18432463.3377728,888963.590957018,0.0482281491446292,0.0444301785888733
2064,restraint,Environmental Protection,118460.531746327,18432463.3377728,128586.748337867,0.00697610221604833,0.00642673361533674
2064,restraint,General public services excl interest,365074.183387835,18432463.3377728,396281.372807526,0.0214991000142365,0.0198060441894223
2064,restraint,Health,1587630.24287789,18432463.3377728,1723343.69502656,0.0934950290390643,0.0861322881149819
2064,restraint,Housing and community amenities,79268.2664903105,18432463.3377728,86044.2586581971,0.00466808245221735,0.00430047059026937
2064,restraint,Public order and safety,330497.133989811,18432463.3377728,358748.61583214,0.0194628688123834,0.0179301663556025
2064,restraint,"Recreation, culture and religion",113865.104659282,18432463.3377728,123598.495983806,0.00670547900836027,0.00617742200663667
2064,restraint,Social Protection,2191889.08077651,18432463.3377728,2379255.6513074,0.129079635624811,0.11891460412048
2064,restraint,Transport,268860.99220435,18432463.3377728,291843.707206067,0.0158331364537698,0.0145862757070231
2065,restraint,Defence,392258.914590593,19354086.5046615,425789.903102553,0.022,0.0202674982617297
2065,restraint,Economic affairs,276990.222607939,19354086.5046615,300667.83865877,0.015535108752684,0.0143117177109457
2065,restraint,Education,858036.640519844,19354086.5046615,931383.136076587,0.0481233322922402,0.0443336160718918
2065,restraint,Environmental Protection,124124.357923545,19354086.5046615,134734.728433372,0.00696156485613105,0.00641334107366157
2065,restraint,General public services excl interest,382529.083226765,19354086.5046615,415228.34847751,0.0214542984696023,0.0197647707699679
2065,restraint,Health,1675308.24543778,19354086.5046615,1818516.56892584,0.093960341062227,0.0865609567795552
2065,restraint,Housing and community amenities,83058.2349815199,19354086.5046615,90158.2003854823,0.00465835472853588,0.00429150892559642
2065,restraint,Public order and safety,347131.584853763,19354086.5046615,376805.009091982,0.0194690154454578,0.0179358289408366
2065,restraint,"Recreation, culture and religion",119309.214616697,19354086.5046615,129507.978126913,0.00669150559473424,0.00616454900043775
2065,restraint,Social Protection,2308087.14786852,19354086.5046615,2505386.53549507,0.129450001935852,0.119255804055263
2065,restraint,Transport,281715.754066644,19354086.5046615,305797.316937194,0.0158001420973055,0.0145558796587373
2066,restraint,Defence,411871.860320122,20321790.8298946,447079.398257681,0.022,0.0202674982617297
2066,restraint,Economic affairs,290233.116846105,20321790.8298946,315042.759010424,0.0155027065108346,0.014281867148202
2066,restraint,Education,898973.014117277,20321790.8298946,975818.823575527,0.0480183479765002,0.0442368992793113
2066,restraint,Environmental Protection,130058.739754373,20321790.8298946,141176.391760155,0.0069470448220772,0.00639996449343672
2066,restraint,General public services excl interest,400817.787226851,20321790.8298946,435080.403368845,0.0214095503201822,0.0197235465408503
2066,restraint,Health,1767815.57646475,20321790.8298946,1918931.5908645,0.0944272877782817,0.086991131404826
2066,restraint,Housing and community amenities,87029.2467057348,20321790.8298946,94468.6612427894,0.00464863859851467,0.00428255794158207
2066,restraint,Public order and safety,364602.541982471,20321790.8298946,395769.414657387,0.0194751249026334,0.0179414572777769
2066,restraint,"Recreation, culture and religion",125013.384590393,20321790.8298946,135699.750678253,0.00667754883485123,0.00615169133649829
2066,restraint,Social Protection,2430424.5558439,20321790.8298946,2638181.56232582,0.129820328553175,0.119596967422212
2066,restraint,Transport,295184.57582217,20321790.8298946,320417.477491547,0.0157671870640551,0.0145255198369592
