year,scenario,category,baseline_share_gdp,data_enhanced_share_gdp,difference_pp
2025,central,Defence,0.0179145025542122,0.0179145025542122,-4.16333634234434e-15
2025,central,Economic affairs,0.0165541785934439,0.0165541785934439,-1.73472347597681e-15
2025,central,Education,0.0529994354489249,0.0529994354489249,0
2025,central,Environmental Protection,0.00741822859130774,0.00741822859130774,3.46944695195361e-16
2025,central,General public services excl interest,0.022861654470329,0.022861654470329,2.08166817117217e-15
2025,central,Health,0.0741726458220169,0.0741726458220169,-1.38777878078145e-15
2025,central,Housing and community amenities,0.00496393281537044,0.00496393281537044,-3.46944695195361e-16
2025,central,Public order and safety,0.0188424505788937,0.0188424505788937,2.08166817117217e-15
2025,central,"Recreation, culture and religion",0.00713045402112947,0.00713045402112947,-2.60208521396521e-16
2025,central,Social Protection,0.111305919546894,0.111305919546894,3.33066907387547e-14
2025,central,Transport,0.0168365975574774,0.0168365975574774,0
2025,pressure,Defence,0.0179145025542122,0.0179145025542122,-4.16333634234434e-15
2025,pressure,Economic affairs,0.0165541785934439,0.0165541785934439,-1.73472347597681e-15
2025,pressure,Education,0.0529994354489249,0.0529994354489249,0
2025,pressure,Environmental Protection,0.00741822859130774,0.00741822859130774,3.46944695195361e-16
2025,pressure,General public services excl interest,0.022861654470329,0.022861654470329,2.08166817117217e-15
2025,pressure,Health,0.0741726458220169,0.0741726458220169,-1.38777878078145e-15
2025,pressure,Housing and community amenities,0.00496393281537044,0.00496393281537044,-3.46944695195361e-16
2025,pressure,Public order and safety,0.0188424505788937,0.0188424505788937,2.08166817117217e-15
2025,pressure,"Recreation, culture and religion",0.00713045402112947,0.00713045402112947,-2.60208521396521e-16
2025,pressure,Social Protection,0.111305919546894,0.111305919546894,3.33066907387547e-14
2025,pressure,Transport,0.0168365975574774,0.0168365975574774,0
2025,restraint,Defence,0.0179145025542122,0.0179145025542122,-4.16333634234434e-15
2025,restraint,Economic affairs,0.0165541785934439,0.0165541785934439,-1.73472347597681e-15
2025,restraint,Education,0.0529994354489249,0.0529994354489249,0
2025,restraint,Environmental Protection,0.00741822859130774,0.00741822859130774,3.46944695195361e-16
2025,restraint,General public services excl interest,0.022861654470329,0.022861654470329,2.08166817117217e-15
2025,restraint,Health,0.0741726458220169,0.0741726458220169,-1.38777878078145e-15
2025,restraint,Housing and community amenities,0.00496393281537044,0.00496393281537044,-3.46944695195361e-16
2025,restraint,Public order and safety,0.0188424505788937,0.0188424505788937,2.08166817117217e-15
2025,restraint,"Recreation, culture and religion",0.00713045402112947,0.00713045402112947,-2.60208521396521e-16
2025,restraint,Social Protection,0.111305919546894,0.111305919546894,3.33066907387547e-14
2025,restraint,Transport,0.0168365975574774,0.0168365975574774,0
2026,central,Defence,0.018893981927955,0.0188914261661505,-0.000255576180445763
2026,central,Economic affairs,0.0168239965785412,0.0167136268928845,-0.0110369685656662
2026,central,Education,0.0534912956076645,0.0536711995960865,0.0179903988422013
2026,central,Environmental Protection,0.00753913893912111,0.00758655798617878,0.00474190470576702
2026,central,General public services excl interest,0.0232342785489177,0.0232299379769766,-0.000434057194107287
2026,central,Health,0.0763523574069963,0.076465943353377,0.0113585946380654
2026,central,Housing and community amenities,0.00504484038458876,0.00503891209130119,-0.000592829328757358
2026,central,Public order and safety,0.0191950279853428,0.0192796236157975,0.0084595630454723
2026,central,"Recreation, culture and religion",0.0072466739063959,0.00726698815575885,0.00203142493629465
2026,central,Social Protection,0.114067390000842,0.113659873001681,-0.0407516999160931
2026,central,Transport,0.017111018713635,0.0171959111638074,0.00848924501724406
2026,pressure,Defence,0.0193031606191028,0.0193005622380304,-0.000259838107242658
2026,pressure,Economic affairs,0.0167817116437464,0.0166718857267927,-0.010982591695366
2026,pressure,Education,0.0533565528582645,0.0535355979123289,0.0179045054064388
2026,pressure,Environmental Protection,0.00752019029056655,0.00756738070988339,0.00471904193168346
2026,pressure,General public services excl interest,0.023175882201245,0.0231715706512373,-0.000431155000769207
2026,pressure,Health,0.07633828743969,0.0764513215232638,0.0113034083573826
2026,pressure,Housing and community amenities,0.005032160832158,0.00502626314740191,-0.000589768475609161
2026,pressure,Public order and safety,0.0191466763644637,0.0192308660809723,0.00841897165086182
2026,pressure,"Recreation, culture and religion",0.00722846033079388,0.0072486779953859,0.00202176645920215
2026,pressure,Social Protection,0.114048905034064,0.113643377259159,-0.0405527774905073
2026,pressure,Transport,0.0170680123859054,0.0171524967555445,0.00844843696390721
2026,restraint,Defence,0.0186586346637981,0.018656101655115,-0.000253300868309145
2026,restraint,Economic affairs,0.0168444580561604,0.0167336884442782,-0.0110769611882167
2026,restraint,Education,0.0535566540042402,0.0537371964769619,0.0180542472721673
2026,restraint,Environmental Protection,0.00754830809948981,0.00759589653198996,0.00475884325001523
2026,restraint,General public services excl interest,0.0232625362621376,0.0232581762351762,-0.000436002696144189
2026,restraint,Health,0.0762658715028122,0.0763798779118082,0.0114006408995976
2026,restraint,Housing and community amenities,0.00505097595933998,0.00504502550105684,-0.00059504582831443
2026,restraint,Public order and safety,0.0192184814507543,0.0193033783017434,0.00848968509891065
2026,restraint,"Recreation, culture and religion",0.0072554873684801,0.00727587351909516,0.00203861506150567
2026,restraint,Social Protection,0.114206763362944,0.113797761055375,-0.0409002307568712
2026,restraint,Transport,0.0171318292698436,0.0172170243673999,0.00851950975563169
2027,central,Defence,0.0190794488088166,0.0190744303045426,-0.000501850427404513
2027,central,Economic affairs,0.0163889171992386,0.0161763606985136,-0.0212556500724978
2027,central,Education,0.0517696559686111,0.0521159882215444,0.0346332252933339
2027,central,Environmental Protection,0.00734417195402957,0.00743615567918048,0.00919837251509058
2027,central,General public services excl interest,0.0226334251522581,0.0226251571117488,-0.000826804050926139
2027,central,Health,0.0753444231375494,0.075567383067696,0.0222959930146635
2027,central,Housing and community amenities,0.00491437756542682,0.00490295151090253,-0.00114260545242941
2027,central,Public order and safety,0.018743885459793,0.0189082547936735,0.0164369333880487
2027,central,"Recreation, culture and religion",0.00705927025527865,0.00709862900550154,0.00393587502228853
2027,central,Social Protection,0.112053907741804,0.111261587278972,-0.079232046283241
2027,central,Transport,0.0166685167571939,0.0168331023277249,0.0164585570530951
2027,pressure,Defence,0.0198645967108801,0.0198594808393766,-0.000511587150348047
2027,pressure,Economic affairs,0.0163067311389583,0.0160958228968037,-0.0210908242154601
2027,pressure,Education,0.0515094557226574,0.051853476450216,0.034402072755859
2027,pressure,Environmental Protection,0.00730734288523967,0.00739868184865301,0.00913389634133437
2027,pressure,General public services excl interest,0.0225199245456409,0.022511827203798,-0.000809734184293101
2027,pressure,Health,0.0753204337680255,0.0755425872943492,0.022215352632371
2027,pressure,Housing and community amenities,0.00488973326916721,0.00487841542308264,-0.00113178460845699
2027,pressure,Public order and safety,0.0186496765353659,0.0188129203955842,0.0163243860218328
2027,pressure,"Recreation, culture and religion",0.00702386989272376,0.00706297188613361,0.00391019934098524
2027,pressure,Social Protection,0.112023306951837,0.111235437937948,-0.078786901388897
2027,pressure,Transport,0.0165849285795044,0.016748377824055,0.0163449244550598
2027,restraint,Defence,0.0186249512111691,0.0186200586550988,-0.000489255607033154
2027,restraint,Economic affairs,0.016428779507971,0.0162152116277347,-0.0213567880236316
2027,restraint,Education,0.0518961703254563,0.0522442332854537,0.0348062959997425
2027,restraint,Environmental Protection,0.00736203497977167,0.00745447191583632,0.00924369360646516
2027,restraint,General public services excl interest,0.0226884758044838,0.0226801898754309,-0.000828592905292511
2027,restraint,Health,0.0751703220318976,0.0753939519895909,0.0223629957693317
2027,restraint,Housing and community amenities,0.00492633066967153,0.00491485411937823,-0.00114765502932969
2027,restraint,Public order and safety,0.0187896916481742,0.0189548768901045,0.0165185241930297
2027,restraint,"Recreation, culture and religion",0.00707644032252105,0.00711599666398134,0.00395563414602928
2027,restraint,Social Protection,0.112327744370708,0.111531696162653,-0.0796048208055233
2027,restraint,Transport,0.016709059128176,0.0168744588147379,0.0165399686561898
2028,central,Defence,0.0191719211670747,0.0191645559438282,-0.000736522324653113
2028,central,Economic affairs,0.0160629290704938,0.0157554805146341,-0.0307448555859652
2028,central,Education,0.050446587367752,0.0509474342111226,0.0500846843370616
2028,central,Environmental Protection,0.00719809074296666,0.0073320433795919,0.013395263662524
2028,central,General public services excl interest,0.0221832289725609,0.0221713477550487,-0.00118812175122322
2028,central,Health,0.0747671929256808,0.0750954633239902,0.0328270398309391
2028,central,Housing and community amenities,0.00481662682771649,0.00480007777378289,-0.00165490539335974
2028,central,Public order and safety,0.0184157536379129,0.0186555098153953,0.0239756177482404
2028,central,"Recreation, culture and religion",0.00691885595744271,0.00697609676762228,0.00572408101795676
2028,central,Social Protection,0.110681846151531,0.109525478430199,-0.115636772133204
2028,central,Transport,0.0163369671788678,0.0165765120847849,0.0239544905917113
2028,pressure,Defence,0.0202529746385477,0.0202454889897791,-0.000748564876862715
2028,pressure,Economic affairs,0.0159455597490536,0.0156415326864101,-0.0304027062643462
2028,pressure,Education,0.0500768205918377,0.0505730852947031,0.049626470286538
2028,pressure,Environmental Protection,0.00714549541477592,0.00727813999452854,0.0132644579752624
2028,pressure,General public services excl interest,0.0220211395727736,0.0220096763725941,-0.00114632001794561
2028,pressure,Health,0.0747478384046746,0.0750751387595076,0.0327300354833013
2028,pressure,Housing and community amenities,0.00478143248551907,0.00476512021606536,-0.00163122694537112
2028,pressure,Public order and safety,0.018280768613077,0.0185182545978354,0.0237485984758434
2028,pressure,"Recreation, culture and religion",0.00686830095434808,0.00692503431626235,0.005673336191427
2028,pressure,Social Protection,0.110662074071751,0.109513680664748,-0.114839340700287
2028,pressure,Transport,0.0162175955036422,0.0164548481075662,0.023725260392396
2028,restraint,Defence,0.0185151098106604,0.0185080436779873,-0.000706613267308087
2028,restraint,Economic affairs,0.0161211500389741,0.0158119016196983,-0.0309248419275807
2028,restraint,Education,0.0506303154278569,0.0511343775085043,0.050406208064737
2028,restraint,Environmental Protection,0.0072241806181336,0.00735897075362026,0.0134790135486659
2028,restraint,General public services excl interest,0.0222636333041205,0.0222517571074992,-0.00118761966213139
2028,restraint,Health,0.0745036333857364,0.0748326479982719,0.0329014612535497
2028,restraint,Housing and community amenities,0.00483408495614918,0.00481745250977473,-0.00166324463744495
2028,restraint,Public order and safety,0.0184828243927015,0.0187241004378554,0.0241276045153879
2028,restraint,"Recreation, culture and religion",0.00694393373079589,0.00700154527210145,0.00576115413055628
2028,restraint,Social Protection,0.111084952921351,0.1099219678543,-0.116298506705051
2028,restraint,Transport,0.0163961814135201,0.0166372352603867,0.0241053846866603
2029,central,Defence,0.0193644869524181,0.0193548044258742,-0.000968252654389226
2029,central,Economic affairs,0.0156898264554136,0.0152974316277209,-0.0392394827692736
2029,central,Education,0.0490379826625757,0.0496773378318201,0.0639355169244363
2029,central,Environmental Protection,0.00703089667344178,0.00720293223122159,0.0172035557779809
2029,central,General public services excl interest,0.0216679667371204,0.0216528321261655,-0.001513461095487
2029,central,Health,0.0738877917758245,0.0743135836134281,0.0425791837603579
2029,central,Housing and community amenities,0.00470474834917751,0.00468358762517679,-0.00211607240007232
2029,central,Public order and safety,0.018031502249247,0.0183399144066503,0.0308412157403289
2029,central,"Recreation, culture and religion",0.00675814783006718,0.00683155646737868,0.00734086373114957
2029,central,Social Protection,0.108869150986957,0.107381050491433,-0.148810049552363
2029,central,Transport,0.0159574993277576,0.0162649691531305,0.0307469825372938
2029,pressure,Defence,0.020764983535249,0.0207551606277775,-0.000982290747151421
2029,pressure,Economic affairs,0.0155372321198425,0.0151501954604922,-0.0387036659350318
2029,pressure,Education,0.0485596457389506,0.0491921116642394,0.0632465925288796
2029,pressure,Environmental Protection,0.00696251637558435,0.00713254419650889,0.0170027820924539
2029,pressure,General public services excl interest,0.0214572308824682,0.0214428346940083,-0.00143961884598656
2029,pressure,Health,0.0738638884407935,0.0742890632967709,0.0425174855977373
2029,pressure,Housing and community amenities,0.00465899144100444,0.00463821749750946,-0.00207739434949809
2029,pressure,Public order and safety,0.0178556154601515,0.018160561131847,0.0304945671695506
2029,pressure,"Recreation, culture and religion",0.00669242020199235,0.00676506802371833,0.00726478217259819
2029,pressure,Social Protection,0.108845174114256,0.107367972905341,-0.147720120891524
2029,pressure,Transport,0.0158023016897076,0.0161062705017872,0.03039688120796
2029,restraint,Defence,0.0185151061609727,0.0185059590946715,-0.000914706630122594
2029,restraint,Economic affairs,0.0157654520176447,0.0153703326595135,-0.0395119358131239
2029,restraint,Education,0.0492754938353211,0.0499198609087663,0.064436707344518
2029,restraint,Environmental Protection,0.00706478586370331,0.00723812423696246,0.0173338373259149
2029,restraint,General public services excl interest,0.0217724071636322,0.0217573193776742,-0.00150877859580144
2029,restraint,Health,0.0735389066668077,0.0739653512958068,0.0426444628999129
2029,restraint,Housing and community amenities,0.00472742541575141,0.00470614525621827,-0.0021280159533137
2029,restraint,Public order and safety,0.0181188362506281,0.0184296265453098,0.0310790294681663
2029,restraint,"Recreation, culture and religion",0.00679072236049568,0.00686471318323883,0.007399082274315
2029,restraint,Social Protection,0.109396449181595,0.107898330999234,-0.149811818236113
2029,restraint,Transport,0.0160344150834477,0.0163442364426045,0.0309821359156828
2030,central,Defence,0.0194792123872485,0.0194672405993781,-0.00119717878704316
2030,central,Economic affairs,0.0152811384046083,0.0148137984666661,-0.0467339937942178
2030,central,Education,0.0475783098633434,0.0483401185916614,0.0761808728318034
2030,central,Environmental Protection,0.0068477561227768,0.00705380335814468,0.0206047235367877
2030,central,General public services excl interest,0.021103560297325,0.0210854545866046,-0.00181057107203966
2030,central,Health,0.0727395054785529,0.0732538006013307,0.0514295122777772
2030,central,Housing and community amenities,0.0045821992287128,0.0045569312721608,-0.00252679565520015
2030,central,Public order and safety,0.0176039836518164,0.0179739387658039,0.0369955113987505
2030,central,"Recreation, culture and religion",0.00658211183173584,0.0066698917560958,0.00877799243599623
2030,central,Social Protection,0.106660383790546,0.104875148740034,-0.178523505051179
2030,central,Transport,0.0155418389433346,0.0159098732621197,0.0368034318785061
2030,pressure,Defence,0.0211697347551229,0.0211576268861362,-0.00121078689866924
2030,pressure,Economic affairs,0.0150961820758224,0.0146364154341139,-0.0459766641708541
2030,pressure,Education,0.0470008091584348,0.0477531402153715,0.0752331056936728
2030,pressure,Environmental Protection,0.00676487382701093,0.0069681167113775,0.020324288436657
2030,pressure,General public services excl interest,0.0208481318774287,0.0208311489473659,-0.00169829300627859
2030,pressure,Health,0.072712632428851,0.0732269238512356,0.0514291422384641
2030,pressure,Housing and community amenities,0.00452673825946638,0.00450203226244608,-0.00247059970202987
2030,pressure,Public order and safety,0.0173903082817302,0.017755436415641,0.0365128133910847
2030,pressure,"Recreation, culture and religion",0.00650244478024908,0.00658917971960926,0.00867349393601762
2030,pressure,Social Protection,0.106634417348562,0.104863090672802,-0.177132667575991
2030,pressure,Transport,0.0153537272073219,0.0157168888839008,0.0363161676578929
2030,restraint,Defence,0.01845210866057,0.0184409637976946,-0.00111448628754458
2030,restraint,Economic affairs,0.0153729126730254,0.0149018251143508,-0.0471087558674609
2030,restraint,Education,0.0478654413091937,0.0486342934812056,0.0768852172011843
2030,restraint,Environmental Protection,0.00688888184206729,0.00709675886055403,0.0207877018486734
2030,restraint,General public services excl interest,0.0212303024127357,0.0212123005691306,-0.00180018436051164
2030,restraint,Health,0.0723095200312544,0.0728242269936635,0.0514706962409128
2030,restraint,Housing and community amenities,0.00460971864322383,0.00458429313961084,-0.00254255036129872
2030,restraint,Public order and safety,0.0177102223411096,0.0180835327916494,0.037331045053975
2030,restraint,"Recreation, culture and religion",0.00662164216527534,0.00671024479826396,0.00886026329886148
2030,restraint,Social Protection,0.107304071014844,0.105505040898037,-0.179903011680718
2030,restraint,Transport,0.0156351789067009,0.0160065195558399,0.0371340649139039
2031,central,Defence,0.0201072273675325,0.0200948696060419,-0.00123577614906042
2031,central,Economic affairs,0.0152867760694914,0.0147388445638492,-0.0547931505642156
2031,central,Education,0.0474541337432332,0.0483564149523258,0.0902281209092602
2031,central,Environmental Protection,0.00685028246297472,0.00709469845205921,0.0244415989084494
2031,central,General public services excl interest,0.0211113460262181,0.0210923152516361,-0.00190307745820406
2031,central,Health,0.0735030342051976,0.0741241798565057,0.0621145651308081
2031,central,Housing and community amenities,0.00458388973782247,0.0045546087295298,-0.00292810082926686
2031,central,Public order and safety,0.0176531417355467,0.0180932783818704,0.0440136646323669
2031,central,"Recreation, culture and religion",0.00658454016788122,0.00668891278352507,0.0104372615643846
2031,central,Social Protection,0.107248320622859,0.105147104367774,-0.210121625508536
2031,central,Transport,0.0155475727883735,0.0159842543576101,0.0436681569236571
2031,pressure,Defence,0.0222217401065313,0.0222090305510749,-0.00127095554564131
2031,pressure,Economic affairs,0.0151750846810665,0.014632922448069,-0.0542162232997493
2031,pressure,Education,0.0471059922525379,0.0480016878129074,0.0895695560369461
2031,pressure,Environmental Protection,0.00680023151986453,0.00704261960350983,0.0242388083645304
2031,pressure,General public services excl interest,0.0209570979664266,0.020939112840063,-0.00179851263636122
2031,pressure,Health,0.074011590181634,0.0746371684935089,0.0625578311874903
2031,pressure,Housing and community amenities,0.00455039797952912,0.00452158065687108,-0.00288173226580431
2031,pressure,Public order and safety,0.017523631604511,0.0179603279417158,0.0436696337204813
2031,pressure,"Recreation, culture and religion",0.00653643084580134,0.00664008946371184,0.0103658617910498
2031,pressure,Social Protection,0.108004246201806,0.105901993351245,-0.210225285056125
2031,pressure,Transport,0.0154339759133047,0.0158671730094245,0.0433197096119749
2031,restraint,Defence,0.018815186580802,0.0188038224230097,-0.0011364157792345
2031,restraint,Economic affairs,0.0153425675182499,0.0147919751058813,-0.0550592412368555
2031,restraint,Education,0.047628318317451,0.0485358703163562,0.0907551998905222
2031,restraint,Environmental Protection,0.00687528362615505,0.0071210560882556,0.0245772462100553
2031,restraint,General public services excl interest,0.0211883951420481,0.0211695102034723,-0.00188849385758527
2031,restraint,Health,0.0727208950712633,0.0733388110842794,0.0617916013016112
2031,restraint,Housing and community amenities,0.00460061935093775,0.00457123928164593,-0.0029380069291823
2031,restraint,Public order and safety,0.0177179391458935,0.0181605847935052,0.0442645647611702
2031,restraint,"Recreation, culture and religion",0.00660857146353864,0.00671356449472082,0.0104993031182181
2031,restraint,Social Protection,0.107641985022347,0.105531070125926,-0.211091489642093
2031,restraint,Transport,0.0156043160550112,0.0160434574811918,0.0439141426180567
2032,central,Defence,0.0207352423478165,0.0207224986127057,-0.001274373511077
2032,central,Economic affairs,0.015292428877281,0.0146676129394718,-0.0624815937809184
2032,central,Education,0.0474044593429955,0.0484425869502624,0.103812760726689
2032,central,Environmental Protection,0.00685281558898454,0.00713423356090461,0.0281417971920068
2032,central,General public services excl interest,0.0211191526677706,0.0210992344122987,-0.00199182554719221
2032,central,Health,0.0742395051766988,0.0749652123832147,0.0725707206515894
2032,central,Housing and community amenities,0.00458558478768119,0.00455245782932542,-0.00331269583557685
2032,central,Public order and safety,0.0177024540764532,0.0182105304224733,0.0508076346020112
2032,central,"Recreation, culture and religion",0.00658697502659721,0.00670730249716267,0.0120327470565459
2032,central,Social Protection,0.107793755517602,0.105387819548915,-0.240593596868674
2032,central,Transport,0.0155533220346612,0.0160561317956161,0.0502809760954915
2032,pressure,Defence,0.0232737454579396,0.0232604342160136,-0.00133112419260298
2032,pressure,Economic affairs,0.0152550774962921,0.0146334127141531,-0.0621664782139019
2032,pressure,Education,0.0472874577681218,0.048323307838261,0.103585007013921
2032,pressure,Environmental Protection,0.0068360777556446,0.00711663153001702,0.0280553774372417
2032,pressure,General public services excl interest,0.0210675696573942,0.0210486097769554,-0.00189598804387556
2032,pressure,Health,0.0753014381830272,0.0760376057410431,0.0736167558015921
2032,pressure,Housing and community amenities,0.00457438460974764,0.00454158236957749,-0.00328022401701556
2032,pressure,Public order and safety,0.0176587616678743,0.0181654925349013,0.0506730867026968
2032,pressure,"Recreation, culture and religion",0.00657088650228513,0.00669099827747362,0.0120111775188494
2032,pressure,Social Protection,0.109350024456622,0.106923433116781,-0.24265913398414
2032,pressure,Transport,0.0155153334285593,0.0160167395985483,0.0501406169989038
2032,restraint,Defence,0.0191782645010339,0.0191666810483248,-0.0011583452709147
2032,restraint,Economic affairs,0.0153122975984847,0.0146862729934954,-0.0626024604989296
2032,restraint,Education,0.0474666519152531,0.0485076373561268,0.104098544087365
2032,restraint,Environmental Protection,0.00686171912441965,0.00714384371848065,0.0282124594061003
2032,restraint,General public services excl interest,0.0211465917724269,0.0211268654762531,-0.00197262961737811
2032,restraint,Health,0.0731000794605971,0.0738179574640066,0.0717878003409528
2032,restraint,Housing and community amenities,0.00459154261860742,0.00455839338349482,-0.00331492351126009
2032,restraint,Public order and safety,0.0177256789200553,0.018235093690908,0.0509414770852704
2032,restraint,"Recreation, culture and religion",0.00659553316810824,0.00671620268769922,0.0120669519590982
2032,restraint,Social Protection,0.107935176198734,0.105525090759913,-0.241008543882133
2032,restraint,Transport,0.0155735297218623,0.0160776374447865,0.0504107722924219
2033,central,Defence,0.0213632573281005,0.0213501276193696,-0.00131297087309461
2033,central,Economic affairs,0.0152980356240046,0.0146000091454803,-0.0698026478524265
2033,central,Education,0.0473903540839221,0.0485593268517452,0.116897276782305
2033,central,Environmental Protection,0.00685532807419268,0.00717234694197418,0.0317018867781497
2033,central,General public services excl interest,0.0211268956980619,0.0211061278372291,-0.00207678608327676
2033,central,Health,0.0749781138845443,0.0758061490489382,0.0828035164393878
2033,central,Housing and community amenities,0.00458726602567747,0.00455046087292739,-0.00368051527500834
2033,central,Public order and safety,0.0177518414446735,0.0183255480914217,0.0573706646748211
2033,central,"Recreation, culture and religion",0.00658939004522799,0.00672502525180638,0.0135635206578392
2033,central,Social Protection,0.108341899318474,0.105641880612774,-0.270001870569955
2033,central,Transport,0.015559024434068,0.0161253905636027,0.0566366129534724
2033,pressure,Defence,0.0243257508093479,0.0243118378809523,-0.00139129283956499
2033,pressure,Economic affairs,0.0153329963226345,0.0146348534590907,-0.0698142863543801
2033,pressure,Education,0.0474976625213991,0.0486698314686859,0.11721689472868
2033,pressure,Environmental Protection,0.00687099459927482,0.00718863052954808,0.0317635930273261
2033,pressure,General public services excl interest,0.0211751771278898,0.0211552744517499,-0.00199026761399275
2033,pressure,Health,0.0765962720739477,0.0774422179061203,0.0845945832172637
2033,pressure,Housing and community amenities,0.00459774933405775,0.00456109757030808,-0.0036651763749675
2033,pressure,Public order and safety,0.0177920378602646,0.0183670795926952,0.0575041732430583
2033,pressure,"Recreation, culture and religion",0.00660444882043209,0.0067405033935108,0.0136054573078707
2033,pressure,Social Protection,0.110694879282836,0.107950558838771,-0.274432044406529
2033,pressure,Transport,0.0155945815720943,0.0161621920600827,0.0567610487988377
2033,restraint,Defence,0.0195413424212658,0.0195295396736399,-0.0011802747625949
2033,restraint,Economic affairs,0.01528203105412,0.0145845871197054,-0.0697443934414644
2033,restraint,Education,0.0473409890113112,0.0485097982710495,0.116880925973832
2033,restraint,Environmental Protection,0.00684815613526262,0.00716506549496915,0.0316909359706527
2033,restraint,General public services excl interest,0.0211047930643019,0.0210842671732353,-0.00205258910666341
2033,restraint,Health,0.073476093411189,0.0742907812792716,0.0814687868082586
2033,restraint,Housing and community amenities,0.00458246689842404,0.00454573333409069,-0.00367335643333532
2033,restraint,Public order and safety,0.0177333498980532,0.0183069171505097,0.0573567252456504
2033,restraint,"Recreation, culture and religion",0.0065824963265789,0.00671812386596062,0.0135627539381714
2033,restraint,Social Protection,0.108229042898005,0.105531792977256,-0.269724992074884
2033,restraint,Transport,0.0155427468216992,0.0161089524074112,0.0566205585711953
2034,central,Defence,0.0219912723083845,0.0219777566260334,-0.00135156823511187
2034,central,Economic affairs,0.0153035848518969,0.0145359758425029,-0.0767609009394005
2034,central,Education,0.0473956083217814,0.0486902318989107,0.129462357712931
2034,central,Environmental Protection,0.0068578147841661,0.0072090071190892,0.03511923349231
2034,central,General public services excl interest,0.0211345592936872,0.0211129797796705,-0.00215795140167258
2034,central,Health,0.0757439103898185,0.076672212367035,0.0928301977216481
2034,central,Housing and community amenities,0.00458893001608805,0.00454861432882805,-0.00403156872600058
2034,central,Public order and safety,0.0178012889625582,0.0184382626744657,0.0636973711907508
2034,central,"Recreation, culture and religion",0.00659178028852006,0.00674207012439925,0.0150289835879188
2034,central,Social Protection,0.108936755733291,0.105952170256717,-0.298458547657443
2034,central,Transport,0.015564668333356,0.0161919803037805,0.0627311970424534
2034,pressure,Defence,0.0253777561607563,0.0253632415458909,-0.00145146148653602
2034,pressure,Economic affairs,0.0154082664762913,0.0146367325122835,-0.0771533964007774
2034,pressure,Education,0.0477190655564864,0.0490233544626796,0.130428890619318
2034,pressure,Environmental Protection,0.00690472452448838,0.00725828595949672,0.0353561435008336
2034,pressure,General public services excl interest,0.0212791267279932,0.0212583149161018,-0.00208118118913588
2034,pressure,Health,0.0779187895880213,0.0788737657544276,0.0954976166406343
2034,pressure,Housing and community amenities,0.00462031982788477,0.00457995911904996,-0.00403607088348065
2034,pressure,Public order and safety,0.0179227760772065,0.0185642692899564,0.0641493212749918
2034,pressure,"Recreation, culture and religion",0.00663687026416506,0.00678833059472765,0.0151460330562592
2034,pressure,Social Protection,0.112079802747938,0.109023649918069,-0.305615282986935
2034,pressure,Transport,0.0156711358558393,0.0163028227281201,0.0631686872280775
2034,restraint,Defence,0.0199044203414977,0.019892398298955,-0.00120220425427475
2034,restraint,Economic affairs,0.0152517549724768,0.0144868324369822,-0.0764922535494589
2034,restraint,Education,0.0472349176867521,0.0485257847790847,0.129086709233261
2034,restraint,Environmental Protection,0.00683458887227759,0.00718469985776381,0.0350110985486218
2034,restraint,General public services excl interest,0.0210629811850029,0.0210416972621735,-0.00212839228293897
2034,restraint,Health,0.0738733772932039,0.0747819303398277,0.0908553046623836
2034,restraint,Housing and community amenities,0.00457338831839415,0.0045332539416235,-0.00401343767706475
2034,restraint,Public order and safety,0.0177409352604111,0.0183760021338602,0.0635066873449115
2034,restraint,"Recreation, culture and religion",0.00656945537701572,0.00671932128356428,0.0149865906548555
2034,restraint,Social Protection,0.108567415259002,0.105593811212801,-0.297360404620137
2034,restraint,Transport,0.0155119542215489,0.0161373698097736,0.0625415588224742
2035,central,Defence,0.0226192872886686,0.0226053856326972,-0.00139016559713885
2035,central,Economic affairs,0.015309079949184,0.0144754689867471,-0.083361096243692
2035,central,Education,0.047422447655525,0.0488377037745903,0.14152561190653
2035,central,Environmental Protection,0.00686027723723059,0.00724419214908934,0.0383914911858746
2035,central,General public services excl interest,0.0211421481338553,0.0211197949342494,-0.00223531996059352
2035,central,Health,0.0765117904620898,0.0775379177197742,0.102612725768436
2035,central,Housing and community amenities,0.00459057777490576,0.00454691892037107,-0.00436588545346872
2035,central,Public order and safety,0.0178508010248323,0.01854862923405,0.0697828209217717
2035,central,"Recreation, culture and religion",0.00659414721589894,0.00675843365494895,0.0164286439050011
2035,central,Social Protection,0.109529167567786,0.106270759137495,-0.325840843029132
2035,central,Transport,0.0155702571785554,0.0162558706603862,0.0685613481830754
2035,pressure,Defence,0.0264297615121646,0.0264146452108296,-0.00151163013349769
2035,pressure,Economic affairs,0.0154810755073017,0.0146392671422634,-0.0841808365038275
2035,pressure,Education,0.0479547597296745,0.049387025402268,0.143226567259354
2035,pressure,Environmental Protection,0.00693735157586991,0.00732562453505536,0.0388272959185448
2035,pressure,General public services excl interest,0.021379677468091,0.021357990898375,-0.00216865697159653
2035,pressure,Health,0.0792441016130636,0.0803068878296532,0.106278621658962
2035,pressure,Housing and community amenities,0.0046421523299475,0.00459822665019543,-0.00439256797520726
2035,pressure,Public order and safety,0.0180511744215785,0.0187571514305273,0.0705977008948824
2035,pressure,"Recreation, culture and religion",0.00666823161773586,0.00683454071430083,0.0166309096564965
2035,pressure,Social Protection,0.113455857296668,0.110095333649919,-0.336052364674937
2035,pressure,Transport,0.0157451870294904,0.0164387273612141,0.0693540331723738
2035,restraint,Defence,0.0202674982617297,0.0202552569242701,-0.00122413374596432
2035,restraint,Economic affairs,0.0152214738357516,0.01439294018452,-0.0828533651231589
2035,restraint,Education,0.0471505163739068,0.0485578885341097,0.140737216020292
2035,restraint,Environmental Protection,0.00682101934401837,0.00720273613962799,0.0381716795609621
2035,restraint,General public services excl interest,0.0210211623245339,0.0209991616702427,-0.0022000654291237
2035,restraint,Health,0.0742672269471878,0.0752663656247875,0.0999138677599668
2035,restraint,Housing and community amenities,0.00456430822254837,0.00452095503598788,-0.00433531865604948
2035,restraint,Public order and safety,0.0177484404036375,0.0184423227895306,0.0693882385893126
2035,restraint,"Recreation, culture and religion",0.00655641225005491,0.00671979679995716,0.0163384549902248
2035,restraint,Social Protection,0.108901101991593,0.10566310426694,-0.323799772465334
2035,restraint,Transport,0.0154811564800756,0.0161628799985181,0.0681723518442486
2036,central,Defence,0.0226192872886686,0.0226053856326972,-0.00139016559713885
2036,central,Economic affairs,0.0153145213460708,0.0144184450639249,-0.0896076282145874
2036,central,Education,0.0474468806198447,0.0489770896299937,0.153020901014898
2036,central,Environmental Protection,0.00686271562616872,0.00727787924163394,0.0415163615465216
2036,central,General public services excl interest,0.0211496628126876,0.0211265739225847,-0.00230888901029298
2036,central,Health,0.0773448600245335,0.078467150199309,0.11222901747755
2036,central,Housing and community amenities,0.00459220943113172,0.00454537454388888,-0.00468348872428399
2036,central,Public order and safety,0.0179003781804702,0.0186565990803285,0.0756220899858284
2036,central,"Recreation, culture and religion",0.0065964910126686,0.00677411113434451,0.0177620121675913
2036,central,Social Protection,0.110231787308519,0.106706832179839,-0.352495512868001
2036,central,Transport,0.0155757914072105,0.0163170288626967,0.07412374554862
2036,pressure,Defence,0.0264297615121646,0.0264146452108296,-0.00151163013349803
2036,pressure,Economic affairs,0.015551458249835,0.0146425258032278,-0.0908932446607171
2036,pressure,Education,0.0481807711700723,0.0497360753414175,0.155530417134519
2036,pressure,Environmental Protection,0.00696889136324431,0.00739060391308787,0.0421712549843557
2036,pressure,General public services excl interest,0.021476877454873,0.0214543513689452,-0.00225260859277841
2036,pressure,Health,0.0806378448293875,0.0818079429198387,0.117009809045115
2036,pressure,Housing and community amenities,0.00466325728561321,0.00461591415012818,-0.00473431354850278
2036,pressure,Public order and safety,0.0181772545150264,0.018945637117428,0.0768382602401578
2036,pressure,"Recreation, culture and religion",0.00669854788541907,0.00687912848870119,0.0180580603282118
2036,pressure,Social Protection,0.11494037286913,0.111279675759936,-0.366069710919406
2036,pressure,Transport,0.0158167705214973,0.0165698452173024,0.0753074695805128
2036,restraint,Defence,0.0202674982617297,0.0202552569242701,-0.00122413374596432
2036,restraint,Economic affairs,0.0151911886398596,0.014302842114395,-0.0888346525464623
2036,restraint,Education,0.0470638362439481,0.0485815414447979,0.151770520084984
2036,restraint,Environmental Protection,0.00680744799677262,0.00721916274976398,0.041171475299136
2036,restraint,General public services excl interest,0.0209793378582735,0.0209566615234842,-0.00226763347892581
2036,restraint,Health,0.0747186196155206,0.0758058600218036,0.108724040628301
2036,restraint,Housing and community amenities,0.00455522690952158,0.00450883546942512,-0.00463914400964651
2036,restraint,Public order and safety,0.0177558662737047,0.0185058492812267,0.0749983007522017
2036,restraint,"Recreation, culture and religion",0.00654336737467132,0.00671955082030527,0.0176183445633952
2036,restraint,Social Protection,0.109341872826852,0.105847925440584,-0.349394738626763
2036,restraint,Transport,0.0154503546101848,0.0161854705809998,0.0735115970814966
2037,central,Defence,0.0226192872886686,0.0226053856326972,-0.00139016559713885
2037,central,Economic affairs,0.0153195426239501,0.01436458165822,-0.0954960965730094
2037,central,Education,0.0474665237610757,0.0491057423938928,0.163921863281708
2037,central,Environmental Protection,0.00686496575213657,0.00730983992441826,0.0444874172281691
2037,central,General public services excl interest,0.0211565972986984,0.0211328120448185,-0.00237852538799259
2037,central,Health,0.0781190678120017,0.0793339033604099,0.121483554840818
2037,central,Housing and community amenities,0.00459371511055277,0.00454387549165195,-0.0049839618900825
2037,central,Public order and safety,0.0179495449709746,0.0187615696845707,0.0812024713596087
2037,central,"Recreation, culture and religion",0.00659865384973382,0.0067889220558353,0.0190268206101484
2037,central,Social Protection,0.110838437186725,0.107060911523377,-0.377752566334758
2037,central,Transport,0.0155808983495092,0.0163749752615558,0.0794076912046552
2037,pressure,Defence,0.0264297615121646,0.0264146452108296,-0.00151163013349803
2037,pressure,Economic affairs,0.0156024354899181,0.0146306204825762,-0.0971815007341859
2037,pressure,Education,0.04834331017641,0.0500146596954268,0.167134951901683
2037,pressure,Environmental Protection,0.00699173519193418,0.0074450653331315,0.045333014119732
2037,pressure,General public services excl interest,0.0215472780514385,0.0215239739239296,-0.00233041275088629
2037,pressure,Health,0.0818842732954013,0.0831578033143969,0.127353001899559
2037,pressure,Housing and community amenities,0.00467854331103917,0.00462798872627278,-0.00505545847663946
2037,pressure,Public order and safety,0.018281103213394,0.0191088030311818,0.0827699817787766
2037,pressure,"Recreation, culture and religion",0.00672050553583854,0.00691454940336749,0.0194043867528949
2037,pressure,Social Protection,0.116195500500152,0.112250024167546,-0.394547633260568
2037,pressure,Transport,0.0158686174476993,0.0166779325924243,0.080931514472498
2037,restraint,Defence,0.0202674982617297,0.0202552569242701,-0.00122413374596432
2037,restraint,Economic affairs,0.0151604827737411,0.0142161428628718,-0.0944339910869268
2037,restraint,Education,0.0469723679898171,0.0485940100961112,0.162164210629406
2037,restraint,Environmental Protection,0.00679368813954532,0.00723373889599624,0.0440050756450919
2037,restraint,General public services excl interest,0.0209369324379471,0.0209136225892372,-0.00233098487099383
2037,restraint,Health,0.0751073539374907,0.0762783556877878,0.117100175029713
2037,restraint,Housing and community amenities,0.00454601945440143,0.00449677338512181,-0.00492460692796196
2037,restraint,Public order and safety,0.0177626791435228,0.0185659379727154,0.0803258829192594
2037,restraint,"Recreation, culture and religion",0.00653014130215429,0.00671838571185991,0.0188244409705622
2037,restraint,Social Protection,0.109684540733536,0.105949670861611,-0.373486987192515
2037,restraint,Transport,0.0154191248933147,0.0162046292065644,0.0785504313249728
2038,central,Defence,0.0226192872886686,0.0226053856326972,-0.0013901655971392
2038,central,Economic affairs,0.0153245301436251,0.0143141346708778,-0.101039547274734
2038,central,Education,0.0474857959689184,0.0492282934240352,0.174249745511682
2038,central,Environmental Protection,0.00686720075043889,0.0073402710261395,0.0473070275700606
2038,central,General public services excl interest,0.0211634851639482,0.0211390415121717,-0.00244436517764964
2038,central,Health,0.0789003325098504,0.0802049517858702,0.130461927601981
2038,central,Housing and community amenities,0.00459521066724512,0.00454253273620461,-0.00526779310405139
2038,central,Public order and safety,0.017998800987015,0.018864076299182,0.0865275312166992
2038,central,"Recreation, culture and religion",0.00660080214597945,0.00680304751450641,0.0202245368526957
2038,central,Social Protection,0.111447304284268,0.107428103269315,-0.4019201014953
2038,central,Transport,0.015585970957679,0.0164301522198538,0.0844181262174823
2038,pressure,Defence,0.0264297615121646,0.0264146452108296,-0.00151163013349769
2038,pressure,Economic affairs,0.0156520158987499,0.0146205892120925,-0.103142668665736
2038,pressure,Education,0.0485012875879307,0.050283316848453,0.17820292605223
2038,pressure,Environmental Protection,0.00701395307512836,0.00749748682575384,0.0483533750625475
2038,pressure,General public services excl interest,0.0216157495958773,0.0215917042430117,-0.00240453528655704
2038,pressure,Health,0.083141181042174,0.0845161850056007,0.137500396342669
2038,pressure,Housing and community amenities,0.00469341048291426,0.0046398015200015,-0.00536089629127575
2038,pressure,Public order and safety,0.0183837083299718,0.0192683711059162,0.0884662775944439
2038,pressure,"Recreation, culture and religion",0.00674186152300084,0.00694873963529736,0.0206878112296516
2038,pressure,Social Protection,0.117451715318375,0.113230387747842,-0.422132757053285
2038,pressure,Transport,0.0159190437123142,0.0167820413781118,0.0862997665797595
2038,restraint,Defence,0.0202674982617297,0.0202552569242701,-0.00122413374596432
2038,restraint,Economic affairs,0.0151297990365955,0.0141331281640226,-0.0996670872572861
2038,restraint,Education,0.0468806879055965,0.0486001285961063,0.171944069050979
2038,restraint,Environmental Protection,0.00677993819871337,0.00724669893201828,0.0466760733304914
2038,restraint,General public services excl interest,0.0208945575781786,0.0208706546807557,-0.00239028974229269
2038,restraint,Health,0.075497440799086,0.076748742007958,0.125130120887196
2038,restraint,Housing and community amenities,0.00453681863487087,0.00448489536303172,-0.00519232718391473
2038,restraint,Public order and safety,0.0177694435679144,0.0186232100488699,0.08537664809555
2038,restraint,"Recreation, culture and religion",0.00651692476134691,0.00671651221770101,0.0199587456354096
2038,restraint,Social Protection,0.110027139346903,0.106063221726624,-0.396391762027853
2038,restraint,Transport,0.015387917682944,0.0162208776094539,0.0832959926509941
2039,central,Defence,0.0226192872886686,0.0226053856326972,-0.00139016559713885
2039,central,Economic affairs,0.0153294842817987,0.0142670683919429,-0.106241588985575
2039,central,Education,0.047504697072648,0.0493446963154752,0.183999924282721
2039,central,Environmental Protection,0.00686942078988313,0.00736915250600514,0.049973171612201
2039,central,General public services excl interest,0.0211703269286715,0.0211452628737398,-0.00250640549317033
2039,central,Health,0.0796887163597238,0.081080233675124,0.139151731540021
2039,central,Housing and community amenities,0.00459669621416688,0.0045413462172805,-0.00553499968863778
2039,central,Public order and safety,0.0180481467908007,0.0189640729765649,0.09159261857642
2039,central,"Recreation, culture and religion",0.00660293606366444,0.00681648336943233,0.0213547305767891
2039,central,Social Protection,0.112058396623465,0.107808537436417,-0.424985918704819
2039,central,Transport,0.0155910096148495,0.0164825309734243,0.089152135857478
2039,pressure,Defence,0.0264297615121646,0.0264146452108296,-0.00151163013349769
2039,pressure,Economic affairs,0.0157002160114095,0.0146124561494168,-0.108775986199273
2039,pressure,Education,0.0486547496696663,0.0505419678309585,0.188721816129221
2039,pressure,Environmental Protection,0.00703555242249661,0.00754783424977814,0.0512281827281534
2039,pressure,General public services excl interest,0.0216823149234673,0.0216575656834718,-0.00247492399954655
2039,pressure,Health,0.0844086296756273,0.0858829526991028,0.147432302347549
2039,pressure,Housing and community amenities,0.00470786375944411,0.00465135951470391,-0.00565042447402018
2039,pressure,Public order and safety,0.0184850787021101,0.0194242658388006,0.0939187136690448
2039,pressure,"Recreation, culture and religion",0.00676262296913317,0.00698169282672066,0.0219069857587485
2039,pressure,Social Protection,0.118708996202935,0.114221108784177,-0.448788741875836
2039,pressure,Transport,0.0159680661325143,0.0168821211434433,0.0914055010928977
2039,restraint,Defence,0.0202674982617297,0.0202552569242701,-0.00122413374596432
2039,restraint,Economic affairs,0.0150991380493756,0.0140537385259465,-0.104539952342909
2039,restraint,Education,0.0467887985166977,0.0485998957669554,0.181109725025765
2039,restraint,Environmental Protection,0.00676619845253698,0.00725803431633312,0.0491835863796143
2039,restraint,General public services excl interest,0.0208522141365161,0.020827758410094,-0.00244557264220818
2039,restraint,Health,0.0758888856191189,0.077216949995521,0.132806437640211
2039,restraint,Housing and community amenities,0.00452762463712864,0.00447320022053324,-0.00544244165953988
2039,restraint,Public order and safety,0.0177761601658707,0.0186776391776736,0.0901479011802903
2039,restraint,"Recreation, culture and religion",0.00650371801971488,0.00671393123919653,0.0210213219481654
2039,restraint,Social Protection,0.110369670049708,0.10618861974079,-0.41810503089179
2039,restraint,Transport,0.0153567336106191,0.0162342076720821,0.0877474061462982
2040,central,Defence,0.0226192872886686,0.0226053856326972,-0.0013901655971385
2040,central,Economic affairs,0.0153344054122953,0.0142233495370864,-0.111105587520887
2040,central,Education,0.0475232268843098,0.0494549069044051,0.193168002009528
2040,central,Environmental Protection,0.00687162603798685,0.00739646529103315,0.0524839253046298
2040,central,General public services excl interest,0.0211771231091272,0.0211514766745357,-0.00256464345914677
2040,central,Health,0.080484282131917,0.0819596858163427,0.147540368442568
2040,central,Housing and community amenities,0.00459817186341297,0.00454031589069227,-0.00578559727206973
2040,central,Public order and safety,0.0180975829432603,0.0190615147293219,0.0963931786061557
2040,central,"Recreation, culture and religion",0.00660505576380783,0.00682922568502511,0.0224169921217275
2040,central,Social Protection,0.112671722256731,0.108202348967095,-0.446937328963552
2040,central,Transport,0.0155960147012229,0.0165320841679325,0.0936069466709608
2040,pressure,Defence,0.0264297615121646,0.0264146452108296,-0.00151163013349803
2040,pressure,Economic affairs,0.015747052203392,0.0146062452813905,-0.114080692200149
2040,pressure,Education,0.0488037423287677,0.0507905386691753,0.198679634040761
2040,pressure,Environmental Protection,0.00705654057219618,0.0075960751084164,0.053953453622022
2040,pressure,General public services excl interest,0.0217469966490973,0.0217215813591163,-0.002541528998104
2040,pressure,Health,0.0856866811034202,0.0872579679937892,0.157128689036901
2040,pressure,Housing and community amenities,0.00472190805098154,0.00466266955885634,-0.00592384921251979
2040,pressure,Public order and safety,0.0185852231138787,0.0195764137525962,0.0991190638717464
2040,pressure,"Recreation, culture and religion",0.0067827969277244,0.00701340313189907,0.0230606204174673
2040,pressure,Social Protection,0.119967322134033,0.115222532293274,-0.474478984075899
2040,pressure,Transport,0.0160157013631652,0.0169781241257482,0.0962422762582984
2040,restraint,Defence,0.0202674982617297,0.0202552569242701,-0.00122413374596432
2040,restraint,Economic affairs,0.0150685004220224,0.0139779172538123,-0.109058316821006
2040,restraint,Education,0.0466967023103258,0.0485933128453027,0.189661053497692
2040,restraint,Environmental Protection,0.00675246917434186,0.00726773758761496,0.0515268413273096
2040,restraint,General public services excl interest,0.0208099029553008,0.0207849343749096,-0.00249685803912006
2040,restraint,Health,0.0762816938220589,0.0776829106846969,0.140121686263801
2040,restraint,Housing and community amenities,0.00451843764407157,0.00446168679499106,-0.00567508490805051
2040,restraint,Public order and safety,0.0177828295476474,0.0187292003064827,0.094637075883525
2040,restraint,"Recreation, culture and religion",0.00649052133998082,0.00671064389338534,0.0220122553404519
2040,restraint,Social Protection,0.110712134212236,0.106325910587596,-0.438622362463953
2040,restraint,Transport,0.015325573296687,0.0162446128281477,0.0919039531460671
2041,central,Defence,0.0226192872886686,0.0226053856326972,-0.0013901655971392
2041,central,Economic affairs,0.0153392939058627,0.0141797374478884,-0.115955645797427
2041,central,Education,0.0475413851982746,0.0495649604390304,0.202357524075577
2041,central,Environmental Protection,0.00687381666088882,0.0074238604448875,0.0550043783998679
2041,central,General public services excl interest,0.0211838742173255,0.0211576451586725,-0.0026229058652974
2041,central,Health,0.0812870931291911,0.0828479600144656,0.156086688527446
2041,central,Housing and community amenities,0.00459963772615572,0.00453927590101441,-0.00603618251413104
2041,central,Public order and safety,0.0181471100038568,0.0191594059792739,0.101229597541709
2041,central,"Recreation, culture and religion",0.00660716140610341,0.00684197558599188,0.0234814179888474
2041,central,Social Protection,0.113287289265317,0.108596547779229,-0.469074148608763
2041,central,Transport,0.0156009865938717,0.0165817452693573,0.0980758675485556
2041,pressure,Defence,0.0264297615121646,0.0264146452108296,-0.00151163013349803
2041,pressure,Economic affairs,0.0157925406920096,0.0145986620758526,-0.119387861615696
2041,pressure,Education,0.048948311116924,0.0510352438167132,0.208693269978921
2041,pressure,Environmental Protection,0.00707692479149971,0.00764390434893804,0.0566979557438335
2041,pressure,General public services excl interest,0.0218098171692024,0.0217837345484128,-0.00260826207895658
2041,pressure,Health,0.0869753975362761,0.0886461446128136,0.167074707653747
2041,pressure,Housing and community amenities,0.00473554822044667,0.00467356692335701,-0.00619812970896645
2041,pressure,Public order and safety,0.0186841502963625,0.019727895347462,0.104374505109948
2041,pressure,"Recreation, culture and religion",0.00680239038412864,0.00704459396657988,0.0242203582451236
2041,pressure,Social Protection,0.12122667219258,0.116220929939997,-0.500574225258306
2041,pressure,Transport,0.016061965898251,0.017073065015517,0.101109911726604
2041,restraint,Defence,0.0202674982617297,0.0202552569242701,-0.00122413374596432
2041,restraint,Economic affairs,0.0150378867534737,0.0139024740330649,-0.113541272040881
2041,restraint,Education,0.0466044017357057,0.0485863206284142,0.19819188927085
2041,restraint,Environmental Protection,0.00673875063252288,0.00727743309915953,0.0538682466636647
2041,restraint,General public services excl interest,0.0207676248616775,0.0207421457406331,-0.00254791210443708
2041,restraint,Health,0.0766758708376588,0.0781509999200742,0.147512908241543
2041,restraint,Housing and community amenities,0.00450925783529699,0.00445019191926092,-0.00590659160360661
2041,restraint,Public order and safety,0.0177894523147483,0.0187808478356189,0.0991395520870634
2041,restraint,"Recreation, culture and religion",0.00647733498012776,0.0067073401686223,0.0230005188494543
2041,restraint,Social Protection,0.111054533191463,0.106462315356551,-0.459221783491197
2041,restraint,Transport,0.0152944373503032,0.0162549793784117,0.0960542028108476
2042,central,Defence,0.0226192872886686,0.0226053856326972,-0.00139016559713885
2042,central,Economic affairs,0.0153441501299977,0.0141362322466741,-0.120791788332356
2042,central,Education,0.0475591717908574,0.0496748551567624,0.211568336590503
2042,central,Environmental Protection,0.00687599282327106,0.00745133837211754,0.0575345548846481
2042,central,General public services excl interest,0.0211905807607869,0.0211637688357308,-0.00268119250560819
2042,central,Health,0.0820972131906737,0.0837451420682173,0.164792887754361
2042,central,Housing and community amenities,0.00460109391259265,0.00453822636877857,-0.00628675438140809
2042,central,Public order and safety,0.0181967285304243,0.019257749176792,0.10610206463677
2042,central,"Recreation, culture and religion",0.0066092531488447,0.00685473322339529,0.0245480074550586
2042,central,Social Protection,0.113905105758164,0.108991134959373,-0.491397079879084
2042,central,Transport,0.0156059256665625,0.016631514868149,0.102558920158654
2042,pressure,Defence,0.0264297615121646,0.0264146452108296,-0.00151163013349803
2042,pressure,Economic affairs,0.0158366975377812,0.0145897349603869,-0.12469625773943
2042,pressure,Education,0.0490885012327657,0.0512761067969324,0.218760556416666
2042,pressure,Environmental Protection,0.0070967122774179,0.00769132420033186,0.0594611922913964
2042,pressure,General public services excl interest,0.0218707986636832,0.0218440475563225,-0.00267511073606987
2042,pressure,Health,0.088274841489315,0.0900475771607395,0.17727356714245
2042,pressure,Housing and community amenities,0.00474878908374361,0.00468405702829729,-0.00647320554463156
2042,pressure,Public order and safety,0.0187818689279562,0.0198787126417114,0.109684371375516
2042,pressure,"Recreation, culture and religion",0.00682141025616368,0.00707526988048995,0.0253859624326268
2042,pressure,Social Protection,0.122487025559844,0.117216287702174,-0.527073785767039
2042,pressure,Transport,0.0161068760722875,0.0171669508718866,0.106007479959911
2042,restraint,Defence,0.0202674982617297,0.0202552569242701,-0.00122413374596467
2042,restraint,Economic affairs,0.0150072976316909,0.0138274075191116,-0.117989011257926
2042,restraint,Education,0.0465118992043538,0.048578919954102,0.206702074974822
2042,restraint,Environmental Protection,0.00672504309055629,0.00728712106255574,0.0562077971999447
2042,restraint,General public services excl interest,0.020725380667633,0.0206993933141432,-0.00259873534898362
2042,restraint,Health,0.0770714221006397,0.0786212277517396,0.154980565109994
2042,restraint,Housing and community amenities,0.00450008538711095,0.00443871574076316,-0.0061369646347789
2042,restraint,Public order and safety,0.0177960290599254,0.0188325824590609,0.103655339913554
2042,restraint,"Recreation, culture and religion",0.00646415919341097,0.00670402032401765,0.0239861130606684
2042,restraint,Social Protection,0.111396868330315,0.106597837985072,-0.479903034524289
2042,restraint,Transport,0.0152633263694601,0.0162653078391981,0.1001981469738
2043,central,Defence,0.0226192872886686,0.0226053856326972,-0.00139016559713885
2043,central,Economic affairs,0.0153489744487941,0.0140928340508603,-0.125614039793378
2043,central,Education,0.0475765864199922,0.0497845892641164,0.220800284412422
2043,central,Environmental Protection,0.00687815468829062,0.00747889947748915,0.0600744789198532
2043,central,General public services excl interest,0.0211972432423322,0.0211698482105701,-0.00273950317620682
2043,central,Health,0.0829147066958373,0.0846513185826489,0.173661188681158
2043,central,Housing and community amenities,0.00460254053190088,0.00453716741338351,-0.00653731185173709
2043,central,Public order and safety,0.0182464390790244,0.0193565467814966,0.111010770247224
2043,central,"Recreation, culture and religion",0.00661133114885941,0.00686749874724214,0.0256167598382733
2043,central,Social Protection,0.114525179870862,0.109386111598233,-0.513906827262881
2043,central,Transport,0.0156108322896006,0.016681393553571,0.107056126397043
2043,pressure,Defence,0.0264297615121646,0.0264146452108296,-0.00151163013349803
2043,pressure,Economic affairs,0.01587953864581,0.0145794919275938,-0.130004671821616
2043,pressure,Education,0.0492243575242514,0.0515131510254117,0.228879350116031
2043,pressure,Environmental Protection,0.0071159101573168,0.00773833688122929,0.0622426723912487
2043,pressure,General public services excl interest,0.0219299630978078,0.0219025424710181,-0.0027420626789669
2043,pressure,Health,0.0895850757833877,0.0914623608237692,0.187728504038148
2043,pressure,Housing and community amenities,0.00476163541017353,0.00469414523664384,-0.00674901735296888
2043,pressure,Public order and safety,0.018878387634657,0.0200288676483232,0.115048001366623
2043,pressure,"Recreation, culture and religion",0.00683986339470442,0.00710543539006104,0.0265571995356622
2043,pressure,Social Protection,0.123748361517092,0.118208591789449,-0.55397697276432
2043,pressure,Transport,0.0161504480617236,0.0172597887141094,0.110934065238577
2043,restraint,Defence,0.0202674982617297,0.0202552569242701,-0.00122413374596467
2043,restraint,Economic affairs,0.0149767336337036,0.0137527163625825,-0.122401727112108
2043,restraint,Education,0.0464191970903897,0.0485711116291709,0.215191453878123
2043,restraint,Environmental Protection,0.00671134680701953,0.00729680168636716,0.0585454879347629
2043,restraint,General public services excl interest,0.0206831711700567,0.0206566778871901,-0.00264932828665694
2043,restraint,Health,0.0774683530504242,0.079093604259065,0.162525120864077
2043,restraint,Housing and community amenities,0.00449092047254139,0.00442725840349982,-0.00636620690415753
2043,restraint,Public order and safety,0.0178025603671958,0.0188844048652715,0.108184449807567
2043,restraint,"Recreation, culture and religion",0.00645099422837691,0.00670068461484926,0.024969038647235
2043,restraint,Social Protection,0.111739140957031,0.106732482386705,-0.50066585703256
2043,restraint,Transport,0.0152322409410316,0.0162755987192071,0.104335777817554
2044,central,Defence,0.0226192872886686,0.0226053856326972,-0.00139016559713885
2044,central,Economic affairs,0.0153537672228104,0.0140495429727974,-0.130422425001298
2044,central,Education,0.0475936288249613,0.0498941609363454,0.230053211138413
2044,central,Environmental Protection,0.00688030241752035,0.00750654416594064,0.0626241748420288
2044,central,General public services excl interest,0.0212038621599002,0.0211758837831462,-0.00279783767540356
2044,central,Health,0.0837396385685575,0.0855665769761773,0.182693840761977
2044,central,Housing and community amenities,0.0046039776921974,0.00453609915305426,-0.00678785391431411
2044,central,Public order and safety,0.0182962422038206,0.0194558012622026,0.115955905838203
2044,central,"Recreation, culture and religion",0.00661339556145251,0.00688027230643177,0.0266876744979258
2044,central,Social Protection,0.115147519764711,0.109781478789483,-0.53660409752281
2044,central,Transport,0.0156157068296958,0.0167313819135881,0.111567508389232
2044,pressure,Defence,0.0264297615121646,0.0264146452108296,-0.00151163013349803
2044,pressure,Economic affairs,0.0159221631597665,0.0145689552370065,-0.135320792276001
2044,pressure,Education,0.0493592749153351,0.0517499060199304,0.239063110459534
2044,pressure,Environmental Protection,0.00713501097747154,0.00778547255338831,0.0650461575916774
2044,pressure,General public services excl interest,0.0219888284111508,0.0219607354820588,-0.00280929290919912
2044,pressure,Health,0.0909122900200502,0.0928968462289148,0.198455620886459
2044,pressure,Housing and community amenities,0.00477441678874654,0.0047041571161215,-0.00702596726250429
2044,pressure,Public order and safety,0.0189750029815398,0.0201797288584419,0.120472587690206
2044,pressure,"Recreation, culture and religion",0.00685822323872956,0.00713557975194622,0.0277356513216665
2044,pressure,Social Protection,0.12501912503608,0.119205915258175,-0.581320977790474
2044,pressure,Transport,0.0161937997619314,0.0173527630829033,0.115896332097192
2044,restraint,Defence,0.0202674982617297,0.0202552569242701,-0.00122413374596432
2044,restraint,Economic affairs,0.0149461953256686,0.0136783992094009,-0.126779611626772
2044,restraint,Education,0.0463262977308852,0.0485628964296546,0.22365986987694
2044,restraint,Environmental Protection,0.00669766203561776,0.00730647517614031,0.0608813140522547
2044,restraint,General public services excl interest,0.0206409971508226,0.0206140002364786,-0.00269969143439908
2044,restraint,Health,0.0778666691309191,0.0795681395506086,0.170147041968946
2044,restraint,Housing and community amenities,0.004481763261356,0.00441582004807502,-0.00659432132809829
2044,restraint,Public order and safety,0.0178090468118717,0.0189363157372093,0.112726892533764
2044,restraint,"Recreation, culture and religion",0.00643784032888879,0.00669733329257842,0.0259492963689627
2044,restraint,Social Protection,0.112081352384614,0.10686625245051,-0.521509993410424
2044,restraint,Transport,0.0152011816408332,0.01628585251954,0.108467087870684
2045,central,Defence,0.0226192872886686,0.0226053856326972,-0.0013901655971385
2045,central,Economic affairs,0.0153585288089559,0.014006359119636,-0.135216968931989
2045,central,Education,0.0476102987261695,0.0500035683171121,0.239326959094261
2045,central,Environmental Protection,0.0068824361708978,0.00753427284254464,0.0651836671646837
2045,central,General public services excl interest,0.0212104380063896,0.0211818760483531,-0.00285619580364591
2045,central,Health,0.0845720742812451,0.0864910054877282,0.191893120648308
2045,central,Housing and community amenities,0.00460540550050499,0.00453502170480702,-0.00703837956979748
2045,central,Public order and safety,0.0183461384569692,0.0195555150968775,0.120937663990828
2045,central,"Recreation, culture and religion",0.00661544654035713,0.00689305404871101,0.027760750835388
2045,central,Social Protection,0.115772133625874,0.110177237628685,-0.559489599718886
2045,central,Transport,0.0156205496498463,0.0167814805347705,0.116093088492418
2045,pressure,Defence,0.0264297615121646,0.0264146452108296,-0.00151163013349803
2045,pressure,Economic affairs,0.0159648740516019,0.0145584048392335,-0.140646921236844
2045,pressure,Education,0.0494941868281244,0.0519873467810268,0.249315995290244
2045,pressure,Environmental Protection,0.00715415050512528,0.00783287931395444,0.0678728808829156
2045,pressure,General public services excl interest,0.0220478130140866,0.0220190444892385,-0.00287685248480628
2045,pressure,Health,0.0922584146173499,0.0943530535364207,0.209463891907076
2045,pressure,Housing and community amenities,0.00478722406857375,0.00471418229240778,-0.00730417761659686
2045,pressure,Public order and safety,0.0190720753420681,0.0203316823124999,0.125960697043175
2045,pressure,"Recreation, culture and religion",0.00687662028867771,0.00716583846435567,0.0289218175677958
2045,pressure,Social Protection,0.1263017500222,0.120210541081869,-0.609120894033129
2045,pressure,Transport,0.0162372393136491,0.0174462036341747,0.120896432052563
2045,restraint,Defence,0.0202674982617297,0.0202552569242701,-0.00122413374596432
2045,restraint,Economic affairs,0.0149156832629423,0.0136044547008717,-0.131122856207064
2045,restraint,Education,0.0462332034262421,0.0485542751010774,0.232107167483527
2045,restraint,Environmental Protection,0.00668398902521628,0.00731614173441744,0.0632152709201164
2045,restraint,General public services excl interest,0.0205988593768891,0.0205713611237679,-0.00274982531212331
2045,restraint,Health,0.0782663757903404,0.0800448437640573,0.17784679737169
2045,restraint,Housing and community amenities,0.00447261392008384,0.0044044008117195,-0.00682131083643393
2045,restraint,Public order and safety,0.0178154889606025,0.0189883157523511,0.11728267917486
2045,restraint,"Recreation, culture and religion",0.0064246977341577,0.00669396660487069,0.0269268870712993
2045,restraint,Social Protection,0.112423503910364,0.106999152040538,-0.542435186982609
2045,restraint,Transport,0.0151701490336959,0.0162960697337348,0.112592070003888
2046,central,Defence,0.0226192872886686,0.0226053856326972,-0.00139016559713885
2046,central,Economic affairs,0.0153632595603931,0.0139632825932156,-0.139997696717755
2046,central,Education,0.047626595824962,0.0501128095181966,0.248621369323462
2046,central,Environmental Protection,0.0068845561066815,0.00756208591247546,0.0677529805793956
2046,central,General public services excl interest,0.0212169712695251,0.0211878254958889,-0.00291457736361842
2046,central,Health,0.0854120798590463,0.0874246931839745,0.201261332492816
2046,central,Housing and community amenities,0.00460682406272286,0.0045339351844192,-0.00728888783036582
2046,central,Public order and safety,0.0183961283885248,0.0196556907726119,0.125956238408708
2046,central,"Recreation, culture and religion",0.00661748423769246,0.00690584412063548,0.0288359882943017
2046,central,Social Protection,0.116399029664603,0.110573389212308,-0.582564045229481
2046,central,Transport,0.0156253611092397,0.0168316900022102,0.120632889297051
2046,pressure,Defence,0.0264297615121646,0.0264146452108296,-0.00151163013349803
2046,pressure,Economic affairs,0.0160076716907802,0.0145478409575843,-0.145983073319591
2046,pressure,Education,0.0496290909570106,0.052225472670321,0.259638171331037
2046,pressure,Environmental Protection,0.00717332890584147,0.00788055880345672,0.0707229897615252
2046,pressure,General public services excl interest,0.022106917416852,0.0220774699919493,-0.00294474249027468
2046,pressure,Health,0.093623713036916,0.0958313049366435,0.220759189972751
2046,pressure,Housing and community amenities,0.00480005736044251,0.00472422084037058,-0.00758365200719344
2046,pressure,Public order and safety,0.0191696070910958,0.0204847360998007,0.131512900870491
2046,pressure,"Recreation, culture and religion",0.00689505470368965,0.00719621204493789,0.0301157341248236
2046,pressure,Social Protection,0.127596342143845,0.121222519603141,-0.6373822540704
2046,pressure,Transport,0.0162807670926438,0.0175401128969012,0.125934580425743
2046,restraint,Defence,0.0202674982617297,0.0202552569242701,-0.00122413374596432
2046,restraint,Economic affairs,0.0148851979901648,0.0135308814737847,-0.135431651638013
2046,restraint,Education,0.0461399164405978,0.0485452483587401,0.240533191814227
2046,restraint,Environmental Protection,0.00667032801987822,0.00732580156075339,0.0655473540875169
2046,restraint,General public services excl interest,0.020556758600415,0.0205287612959886,-0.00279973044264303
2046,restraint,Health,0.0786674784810739,0.080523727066201,0.185624858512708
2046,restraint,Housing and community amenities,0.00446347261204057,0.00439300082831876,-0.00704717837218104
2046,restraint,Public order and safety,0.017821887371429,0.0190404055827218,0.121851821129278
2046,restraint,"Recreation, culture and religion",0.00641156667877884,0.00669058479562122,0.0279018116842384
2046,restraint,Social Protection,0.112765596815479,0.107131184995399,-0.563441182007993
2046,restraint,Transport,0.0151391436735514,0.0163062508478114,0.116710717426002
2047,central,Defence,0.0226192872886686,0.0226053856326972,-0.0013901655971385
2047,central,Economic affairs,0.0153679598264549,0.0139203134899732,-0.144764633648171
2047,central,Education,0.0476425198034797,0.0502218826192358,0.257936281575612
2047,central,Environmental Protection,0.00688666238141385,0.0075899837809814,0.0703321399567551
2047,central,General public services excl interest,0.0212234624317423,0.0211937326101409,-0.00297298216014423
2047,central,Health,0.0862597218841152,0.0883677299666761,0.210800808256086
2047,central,Housing and community amenities,0.00460823348360191,0.00453283970640424,-0.00753937771976656
2047,central,Public order and safety,0.0184462125463594,0.0197563307856014,0.131011823924196
2047,central,"Recreation, culture and religion",0.00661950880392819,0.00691864266753636,0.0299133863608174
2047,central,Social Protection,0.117028216114552,0.110969934636836,-0.605828147771607
2047,central,Transport,0.0156301415631685,0.01688201089945,0.125186933628152
2047,pressure,Defence,0.0264297615121646,0.0264146452108296,-0.00151163013349803
2047,pressure,Economic affairs,0.0160505564480203,0.0145372638156227,-0.151329263239758
2047,pressure,Education,0.049763984968496,0.0524642830040194,0.270029803552338
2047,pressure,Environmental Protection,0.0071925463457461,0.00792851267212263,0.0735966326376532
2047,pressure,General public services excl interest,0.0221661421314178,0.0221360124912774,-0.00301296401404409
2047,pressure,Health,0.0950084523478603,0.0973319273223297,0.232347497446939
2047,pressure,Housing and community amenities,0.00481291677551658,0.00473427283513044,-0.00786439403861446
2047,pressure,Public order and safety,0.0192676006153575,0.0206388983687946,0.137129775343706
2047,pressure,"Recreation, culture and religion",0.00691352664344685,0.00722670101354196,0.0313174370095105
2047,pressure,Social Protection,0.128903007986021,0.122241901505678,-0.66611064803434
2047,pressure,Transport,0.0163243834759591,0.0176344934133346,0.13101099373755
2047,restraint,Defence,0.0202674982617297,0.0202552569242701,-0.00122413374596432
2047,restraint,Economic affairs,0.0148547400413539,0.0134576781605309,-0.139706188082296
2047,restraint,Education,0.0460464390022526,0.0485358168880255,0.248937788577288
2047,restraint,Environmental Protection,0.00665667925890672,0.00733545485173589,0.0678775592829171
2047,restraint,General public services excl interest,0.0205146955588899,0.0204862014853735,-0.0028494073516426
2047,restraint,Health,0.0790699826595727,0.081004799652942,0.193481699336934
2047,restraint,Housing and community amenities,0.0044543394973567,0.00438162022844436,-0.007271926891234
2047,restraint,Public order and safety,0.0178282425938454,0.0190925858949335,0.126434330108814
2047,restraint,"Recreation, culture and religion",0.00639844739277211,0.00668718810498394,0.0288740712211832
2047,restraint,Social Protection,0.113107632364726,0.107262355127903,-0.584527723682256
2047,restraint,Transport,0.0151081661035282,0.016316396340326,0.120823023679782
2048,central,Defence,0.0226192872886686,0.0226053856326972,-0.00139016559713885
2048,central,Economic affairs,0.0153726299525756,0.0138774519008708,-0.149517805170477
2048,central,Education,0.0476580703245502,0.0503307856674922,0.267271534294197
2048,central,Environmental Protection,0.00688875514989028,0.0076179668533616,0.0729211703471323
2048,central,General public services excl interest,0.0212299119700931,0.0211995978700904,-0.00303141000027145
2048,central,Health,0.087115067499951,0.0893202065801149,0.220513908016386
2048,central,Housing and community amenities,0.00460963386672401,0.00453173538399061,-0.00778984827334035
2048,central,Public order and safety,0.0184963914760935,0.0198574376411381,0.136104616504458
2048,central,"Recreation, culture and religion",0.00662152038785479,0.00693144983349238,0.0309929445637591
2048,central,Social Protection,0.117659701232158,0.11136687499796,-0.629282623419833
2048,central,Transport,0.0156348913629603,0.0169324438084228,0.129755244546246
2048,pressure,Defence,0.0264297615121646,0.0264146452108296,-0.00151163013349769
2048,pressure,Economic affairs,0.0160935286951187,0.0145266736369269,-0.156685505819184
2048,pressure,Education,0.0498988665005486,0.0527037770519692,0.28049105514206
2048,pressure,Environmental Protection,0.00721180299144788,0.00797674257987318,0.0764939588425301
2048,pressure,General public services excl interest,0.0222254876712422,0.0221946724897571,-0.003081518148507
2048,pressure,Health,0.0964129032750937,0.0988552523559929,0.244234908089919
2048,pressure,Housing and community amenities,0.00482580242528276,0.00474433835200425,-0.00814640732785133
2048,pressure,Public order and safety,0.0193660583133605,0.0207941773273717,0.142811901401121
2048,pressure,"Recreation, culture and religion",0.00693203626809479,0.00725730589215765,0.032526962406286
2048,pressure,Social Protection,0.130221855057198,0.12326873781545,-0.695311724174808
2048,pressure,Transport,0.0163680888417344,0.0177293477389212,0.136125889718679
2048,restraint,Defence,0.0202674982617297,0.0202552569242701,-0.00122413374596432
2048,restraint,Economic affairs,0.0148243099400086,0.0133848433892305,-0.143946655077809
2048,restraint,Education,0.0459527733041171,0.0485259813447217,0.25732080406046
2048,restraint,Environmental Protection,0.00664304297689118,0.00734510180100912,0.0702058824117937
2048,restraint,General public services excl interest,0.0204726709752765,0.0204436824096005,-0.00289885656759685
2048,restraint,Health,0.0794738937862861,0.0814880717493345,0.201417796304837
2048,restraint,Housing and community amenities,0.00444521473300852,0.00437025913938804,-0.00749555936204755
2048,restraint,Public order and safety,0.0178345551688711,0.0191448573502312,0.131030218136013
2048,restraint,"Recreation, culture and religion",0.00638534010162649,0.00668377676940423,0.0298436667777742
2048,restraint,Social Protection,0.113449611806172,0.107392666224776,-0.6056945581396
2048,restraint,Transport,0.0150772168560562,0.0163265066824319,0.124928982637569
2049,central,Defence,0.0226192872886686,0.0226053856326972,-0.00139016559713885
2049,central,Economic affairs,0.0153772702802342,0.0138346979113387,-0.154257236889547
2049,central,Education,0.0476732470316093,0.0504395166776479,0.276626964603862
2049,central,Environmental Protection,0.00689083456513373,0.00764603553494693,0.07552009698132
2049,central,General public services excl interest,0.0212363203561668,0.0212054217492347,-0.00308986069321344
2049,central,Health,0.0879781844157983,0.0902822146186216,0.230403020282334
2049,central,Housing and community amenities,0.00461102531448497,0.0045306223291047,-0.0080402985380269
2049,central,Public order and safety,0.0185466657210392,0.0199590138536118,0.141234813257258
2049,central,"Recreation, culture and religion",0.00662351913655897,0.0069442657613063,0.0320746624747331
2049,central,Social Protection,0.118293493296077,0.111764211389842,-0.652928190623459
2049,central,Transport,0.0156396108559198,0.0169829893094008,0.134337845348104
2049,pressure,Defence,0.0264297615121646,0.0264146452108296,-0.00151163013349803
2049,pressure,Economic affairs,0.0161365888047859,0.0145160706448704,-0.162051815991553
2049,pressure,Education,0.0500337331619961,0.0529439540367404,0.291022087474425
2049,pressure,Environmental Protection,0.0072310990099652,0.00802525019632334,0.0794151186358141
2049,pressure,General public services excl interest,0.0222849545510459,0.0222534504911452,-0.00315040599007145
2049,pressure,Health,0.0978373402483117,0.100401616538275,0.256427628996329
2049,pressure,Housing and community amenities,0.00483871442150196,0.00475441746645369,-0.00842969550482698
2049,pressure,Public order and safety,0.0194649825952895,0.0209505812431701,0.148559864788062
2049,pressure,"Recreation, culture and religion",0.00695058373817274,0.00728802720486124,0.0337443466688497
2049,pressure,Social Protection,0.131552991796281,0.124303079902002,-0.724991189427912
2049,pressure,Transport,0.0164118835690388,0.0178246784422348,0.141279487319596
2049,restraint,Defence,0.0202674982617297,0.0202552569242701,-0.00122413374596467
2049,restraint,Economic affairs,0.0147939081992198,0.01331237578387,-0.148153241534984
2049,restraint,Education,0.0458589215041756,0.0485157423553597,0.265682085118411
2049,restraint,Environmental Protection,0.00662941940375692,0.00735474259929988,0.0725323195542954
2049,restraint,General public services excl interest,0.0204306855581633,0.0204012047719466,-0.00294807862166596
2049,restraint,Health,0.0798792173256137,0.0819735536096467,0.209433628403298
2049,restraint,Housing and community amenities,0.00443609847285135,0.00435891768519822,-0.00771807876531272
2049,restraint,Public order and safety,0.0178408256291287,0.0191972206045442,0.13563949754155
2049,restraint,"Recreation, culture and religion",0.00637224502634786,0.00668035102165459,0.030810599530673
2049,restraint,Social Protection,0.113791536370968,0.107522122046431,-0.626941432453718
2049,restraint,Transport,0.0150462964529798,0.0163365823379475,0.12902858849677
2050,central,Defence,0.0226192872886686,0.0226053856326972,-0.0013901655971392
2050,central,Economic affairs,0.0153818811469087,0.013792051601234,-0.158982954567474
2050,central,Education,0.0476880495486496,0.0505480736316216,0.286002408297197
2050,central,Environmental Protection,0.00689290077837424,0.00767419023108464,0.0781289452710395
2050,central,General public services excl interest,0.0212426880560274,0.0212112047155236,-0.0031483340503756
2050,central,Health,0.0888491409111116,0.0912538465341993,0.24047056230877
2050,central,Housing and community amenities,0.00461240792808091,0.00452950065235731,-0.00829072757235951
2050,central,Public order and safety,0.0185970358221521,0.0200610619465193,0.146402612436719
2050,central,"Recreation, culture and religion",0.00662550519540415,0.00695709059248572,0.0331585397081568
2050,central,Social Protection,0.118929600606693,0.112161944904457,-0.676765570223577
2050,central,Transport,0.0156443003852826,0.0170336479809546,0.138934759567199
2050,pressure,Defence,0.0264297615121646,0.0264146452108296,-0.00151163013349803
2050,pressure,Economic affairs,0.0161797371504979,0.0145054550624227,-0.167428208807519
2050,pressure,Education,0.0501685825319546,0.0531848131327328,0.301623060077823
2050,pressure,Environmental Protection,0.00725043456865943,0.00807403720078733,0.0823602632127902
2050,pressure,General public services excl interest,0.0223445432866069,0.0223123470002143,-0.00321962863926127
2050,pressure,Health,0.0992820414516631,0.101971361277308,0.26893198256446
2050,pressure,Housing and community amenities,0.00485165287616461,0.00476451025403811,-0.00871426221265015
2050,pressure,Public order and safety,0.0195643758829255,0.0211081184438958,0.154374256097034
2050,pressure,"Recreation, culture and religion",0.00696916921454962,0.00731886547776652,0.0349696263216897
2050,pressure,Social Protection,0.1328965275797,0.125344979479815,-0.755154809988515
2050,pressure,Transport,0.0164557680377198,0.0179204881049205,0.146472006720073
2050,restraint,Defence,0.0202674982617297,0.0202552569242701,-0.00122413374596432
2050,restraint,Economic affairs,0.0147635353217876,0.0132402739644484,-0.152326135733922
2050,restraint,Education,0.0457648857259622,0.0485051005175622,0.274021479160003
2050,restraint,Environmental Protection,0.0066158087648179,0.00736437743444622,0.0748568669628319
2050,restraint,General public services excl interest,0.0203887400019279,0.0203587692614507,-0.00299707404772184
2050,restraint,Health,0.0802859587458887,0.0824612555174519,0.217529677156321
2050,restraint,Housing and community amenities,0.00442699086765478,0.00434759598671855,-0.00793948809362328
2050,restraint,Public order and safety,0.0178470544989298,0.0192496763085434,0.140262180961359
2050,restraint,"Recreation, culture and religion",0.00635916238350957,0.00667691109087289,0.0317748707363323
2050,restraint,Social Protection,0.11413340727318,0.107650726326808,-0.648268094637249
2050,restraint,Transport,0.0150154054056771,0.01634662376343,0.13312183577529
2051,central,Defence,0.0226192872886686,0.0226053856326972,-0.00139016559713885
2051,central,Economic affairs,0.0153864628860408,0.0137495130448125,-0.163694984122832
2051,central,Education,0.047702477480197,0.0506564544784076,0.295397699821063
2051,central,Environmental Protection,0.0068949539390331,0.0077024313471264,0.0807477408093299
2051,central,General public services excl interest,0.0212490155301645,0.0212169472313112,-0.00320682988532786
2051,central,Health,0.0897280058400781,0.0922351956442342,0.250718980415605
2051,central,Housing and community amenities,0.00461378180749758,0.00452837046303321,-0.00854113444643699
2051,central,Public order and safety,0.0186475023179937,0.0201635844524816,0.151608213448792
2051,central,"Recreation, culture and religion",0.00662747870801511,0.00696992446722759,0.0342445759212478
2051,central,Social Protection,0.119568031485665,0.112560076630985,-0.700795485467993
2051,central,Transport,0.0156489602901788,0.0170844203999188,0.143546010974003
2051,pressure,Defence,0.0264297615121646,0.0264146452108296,-0.00151163013349769
2051,pressure,Economic affairs,0.0162229741063598,0.0144948271119673,-0.172814699439249
2051,pressure,Education,0.0503034121592936,0.0534263534653096,0.312294130601597
2051,pressure,Environmental Protection,0.0072698098351739,0.00812310528228844,0.0853295447114545
2051,pressure,General public services excl interest,0.0224042543945719,0.022371362522565,-0.00328918720068766
2051,pressure,Health,0.100747288874099,0.103564832959081,0.281754408498157
2051,pressure,Housing and community amenities,0.00486461790144981,0.00477461679037145,-0.00900011110783645
2051,pressure,Public order and safety,0.0196642406095748,0.0212667973176558,0.160255670808103
2051,pressure,"Recreation, culture and religion",0.00698779285836539,0.00734982123898069,0.0362028380615304
2051,pressure,Social Protection,0.134252572728596,0.126394488609737,-0.785808411885938
2051,pressure,Transport,0.0164997426282649,0.01801677932165,0.151703669338507
2051,restraint,Defence,0.0202674982617297,0.0202552569242701,-0.00122413374596432
2051,restraint,Economic affairs,0.0147331918003452,0.0131685365471304,-0.15646552532148
2051,restraint,Education,0.0456706680590491,0.0484940564004051,0.282338834135601
2051,restraint,Environmental Protection,0.00660221128083192,0.00737400649142813,0.0771795210596207
2051,restraint,General public services excl interest,0.0203468349869061,0.0203163765530844,-0.00304584338216528
2051,restraint,Health,0.0806941235193808,0.0829511877857367,0.225706426635588
2051,restraint,Housing and community amenities,0.00441789206513964,0.00433629416162825,-0.00815979035113899
2051,restraint,Public order and safety,0.0178532422943648,0.0193022251077031,0.144898281333833
2051,restraint,"Recreation, culture and religion",0.00634609238530559,0.00667345720260292,0.0327364817297331
2051,restraint,Social Protection,0.114475225709665,0.107778482773255,-0.669674293641029
2051,restraint,Transport,0.0149845442151855,0.0163566314082537,0.137208719306819
2052,central,Defence,0.0226192872886686,0.0226053856326972,-0.00139016559713885
2052,central,Economic affairs,0.0153910158270095,0.0137070823107133,-0.168393351629619
2052,central,Education,0.0477165304113071,0.0507646571339326,0.304812672262552
2052,central,Environmental Protection,0.00689699419471103,0.00773075928841942,0.0833765093708385
2052,central,General public services excl interest,0.0212553032334573,0.021222649753319,-0.00326534801383081
2052,central,Health,0.0906148486362015,0.0932263561393008,0.261150750309928
2052,central,Housing and community amenities,0.0046151470515025,0.00452723186908362,-0.0087915182418883
2052,central,Public order and safety,0.0186980657447009,0.020266583913268,0.156851816856707
2052,central,"Recreation, culture and religion",0.00662943981626673,0.00698276752440625,0.0353327708139522
2052,central,Social Protection,0.120208794275541,0.112958607655274,-0.725018662026676
2052,central,Transport,0.0156535909056068,0.0171353071413667,0.148171623575993
2052,pressure,Defence,0.0264297615121646,0.0264146452108296,-0.00151163013349803
2052,pressure,Economic affairs,0.016266300046982,0.0144841870151359,-0.178211303184609
2052,pressure,Education,0.0504382195621283,0.053668574109948,0.323035454781973
2052,pressure,Environmental Protection,0.00728922497737829,0.00817245613957304,0.0883231162194747
2052,pressure,General public services excl interest,0.0224640883922852,0.0224304975644539,-0.00335908278312792
2052,pressure,Health,0.102233368360421,0.105182383018834,0.294901465841334
2052,pressure,Housing and community amenities,0.00487760960968813,0.00478473715108294,-0.0092872458605185
2052,pressure,Public order and safety,0.0197645792200108,0.0214266263133023,0.166204709329153
2052,pressure,"Recreation, culture and religion",0.0070064548309776,0.00738089501856469,0.0374440187587095
2052,pressure,Social Protection,0.135621238516136,0.127451659700479,-0.816957881565683
2052,pressure,Transport,0.0165438077216754,0.0181135547000851,0.156974697840969
2052,restraint,Defence,0.0202674982617297,0.0202552569242701,-0.00122413374596432
2052,restraint,Economic affairs,0.0147028781174864,0.0130971621444052,-0.160571597308121
2052,restraint,Education,0.0455762705595435,0.0484826105447847,0.290633998524116
2052,restraint,Environmental Protection,0.00658862716805811,0.00738362995239998,0.0795002784341865
2052,restraint,General public services excl interest,0.0203049711795701,0.0202740273079304,-0.0030943871639745
2052,restraint,Health,0.0811037171223216,0.0834433607570318,0.233964363471015
2052,restraint,Housing and community amenities,0.00440880221001645,0.004325012324484,-0.00837898855324502
2052,restraint,Public order and safety,0.0178593895233984,0.019354867642367,0.14954781189686
2052,restraint,"Recreation, culture and religion",0.00633303523960574,0.0066699895788368,0.0336954339231057
2052,restraint,Social Protection,0.11481699285999,0.107905395066464,-0.691159779352613
2052,restraint,Transport,0.0149537133723323,0.0163666057146928,0.141289234236049
2053,central,Defence,0.0226192872886686,0.0226053856326972,-0.00139016559713885
2053,central,Economic affairs,0.0153955402951132,0.0136647594619539,-0.173078083315934
2053,central,Education,0.0477302079075835,0.0508726794809291,0.314247157334557
2053,central,Environmental Protection,0.00689902169118013,0.00775917446030029,0.0860152769120158
2053,central,General public services excl interest,0.0212615516151492,0.0212283127326115,-0.0033238882537652
2053,central,Health,0.0915097393169429,0.0942274230910553,0.271768377411241
2053,central,Housing and community amenities,0.00461650375763957,0.00452608497712132,-0.00904187805182526
2053,central,Public order and safety,0.0187487266359641,0.0203700628798263,0.162133624386224
2053,central,"Recreation, culture and religion",0.00663138866027619,0.00699561990156457,0.036423124128838
2053,central,Social Protection,0.120851897339402,0.113357539059353,-0.749435828004899
2053,central,Transport,0.0156581925624147,0.0171863087785905,0.15281162161758
2053,pressure,Defence,0.0264297615121646,0.0264146452108296,-0.00151163013349803
2053,pressure,Economic affairs,0.0163097153473666,0.014473534992658,-0.183618035470856
2053,pressure,Education,0.050573002227341,0.0539114740914116,0.333847186407055
2053,pressure,Environmental Protection,0.00730868016331792,0.00822209148112845,0.0913411317810529
2053,pressure,General public services excl interest,0.0225240457976324,0.0224897526326368,-0.00342931649956468
2053,pressure,Health,0.103740569663023,0.106824368013489,0.308379835046559
2053,pressure,Housing and community amenities,0.00489062811332767,0.0047948714117813,-0.00957567015463746
2053,pressure,Public order and safety,0.0198653941704237,0.0215876139407882,0.172221977036453
2053,pressure,"Recreation, culture and religion",0.00702515529391259,0.00741208734849761,0.0386932054585014
2053,pressure,Social Protection,0.137002637174913,0.128516545510176,-0.848609166473699
2053,pressure,Transport,0.0165879636993512,0.0182108168608519,0.162285316150068
2053,restraint,Defence,0.0202674982617297,0.0202552569242701,-0.00122413374596432
2053,restraint,Economic affairs,0.0146725947458983,0.0130261493652504,-0.164644538064787
2053,restraint,Education,0.0454816952505899,0.0484707634637929,0.298906821320296
2053,restraint,Environmental Protection,0.00657505663831618,0.00739324799672453,0.0818191358408351
2053,restraint,General public services excl interest,0.0202631492327104,0.0202317221733649,-0.00314270593455429
2053,restraint,Health,0.0815147450349483,0.0839377848035596,0.242303976861127
2053,restraint,Housing and community amenities,0.00439972144402512,0.00431375058676301,-0.00859708572621071
2053,restraint,Public order and safety,0.0178654966859688,0.0194076045478172,0.154210786184836
2053,restraint,"Recreation, culture and religion",0.00631999115001264,0.00666650843805908,0.0346517288046443
2053,restraint,Social Protection,0.115158709886386,0.108031466860444,-0.712724302594202
2053,restraint,Transport,0.0149229133578687,0.0163765471180077,0.145363376013905
2054,central,Defence,0.0226192872886686,0.0226053856326972,-0.00139016559713885
2054,central,Economic affairs,0.015400036611559,0.013622544555935,-0.177749205562399
2054,central,Education,0.0477435095152132,0.0509805193688237,0.323700985361048
2054,central,Environmental Protection,0.00690103657237921,0.00778767726809143,0.0886640695712221
2054,central,General public services excl interest,0.021267761118834,0.0212339366145821,-0.00338245042518642
2054,central,Health,0.092412748488416,0.0952384924602158,0.282574397179979
2054,central,Housing and community amenities,0.00461785202222593,0.0045249298924181,-0.00929221298078282
2054,central,Public order and safety,0.0187994855230115,0.0204740239123197,0.167453838930818
2054,central,"Recreation, culture and religion",0.00663332537839848,0.0070084817349079,0.0375156356509416
2054,central,Social Protection,0.121497349060557,0.113756871920989,-0.774047713956823
2054,central,Transport,0.0156627655872895,0.017237425883088,0.15746602957985
2054,pressure,Defence,0.0264297615121646,0.0264146452108296,-0.00151163013349803
2054,pressure,Economic affairs,0.0163532203828046,0.0144628712642244,-0.189034911858019
2054,pressure,Education,0.0507077576101276,0.0541550523829369,0.344729477280934
2054,pressure,Environmental Protection,0.00732817556116752,0.00827201302520453,0.094383746403701
2054,pressure,General public services excl interest,0.0225841271288982,0.0225491282342258,-0.00349988946723896
2054,pressure,Health,0.105269186494349,0.108491149695116,0.322196320076698
2054,pressure,Housing and community amenities,0.00490367352490311,0.00480501964802198,-0.00986538768811274
2054,pressure,Public order and safety,0.0199666879283814,0.0217497687715328,0.178308084315144
2054,pressure,"Recreation, culture and religion",0.00704389440882112,0.00744339876264489,0.0399504353823773
2054,pressure,Social Protection,0.138396881904456,0.129589199147995,-0.880768275646085
2054,pressure,Transport,0.0166322109429858,0.018308568437522,0.167635749453619
2054,restraint,Defence,0.0202674982617297,0.0202552569242701,-0.00122413374596467
2054,restraint,Economic affairs,0.0146423421484973,0.0129554968153002,-0.168684533319711
2054,restraint,Education,0.0453869441228793,0.048458515643097,0.307157152021764
2054,restraint,Environmental Protection,0.0065614998990473,0.00740286080100828,0.0841360901960975
2054,restraint,General public services excl interest,0.0202213697856234,0.0201894617832466,-0.0031908002376832
2054,restraint,Health,0.0819272127415626,0.084434470327396,0.250725758583337
2054,restraint,Housing and community amenities,0.00439064990597558,0.00430250905690722,-0.00881408490683647
2054,restraint,Public order and safety,0.0178715642740908,0.0194604364543467,0.158887218025593
2054,restraint,"Recreation, culture and religion",0.00630696031592018,0.00666301399529226,0.0356053679372077
2054,restraint,Social Protection,0.115500377933724,0.108156701782532,-0.734367615119229
2054,restraint,Transport,0.0148921446426084,0.0163864560465347,0.149431140392634
2055,central,Defence,0.0226192872886686,0.0226053856326972,-0.00139016559713885
2055,central,Economic affairs,0.0154045050934595,0.0135804376444553,-0.182406744900419
2055,central,Education,0.0477564347610197,0.0510881746136398,0.333173985262007
2055,central,Environmental Protection,0.0069030389804121,0.00781626811709978,0.0913229136687681
2055,central,General public services excl interest,0.0212739321824502,0.0212395218389477,-0.00344103435024924
2055,central,Health,0.0933239473501409,0.0962596611046342,0.293571375449329
2055,central,Housing and community amenities,0.00461919194035085,0.00452376671890434,-0.00954252214465127
2055,central,Public order and safety,0.0188503429345998,0.0205784695801675,0.172812664556768
2055,central,"Recreation, culture and religion",0.00663525010722482,0.0070213531593006,0.0386103052075778
2055,central,Social Protection,0.122145157842274,0.114156607313297,-0.798855052897707
2055,central,Transport,0.0156673103027537,0.017288659024555,0.162134872180126
2055,pressure,Defence,0.0264297615121646,0.0264146452108296,-0.00151163013349838
2055,pressure,Economic affairs,0.0163968155287823,0.014452196048363,-0.194461948041933
2055,pressure,Education,0.0508424831335676,0.0543993079054377,0.35568247718701
2055,pressure,Environmental Protection,0.00734771133918924,0.00832222249983853,0.0974511160649294
2055,pressure,General public services excl interest,0.0226443329046362,0.0226086248765601,-0.00357080280761202
2055,pressure,Health,0.106819516580062,0.110183095085483,0.336357850542074
2055,pressure,Housing and community amenities,0.00491674595700765,0.00481518193527755,-0.0101564021730097
2055,pressure,Public order and safety,0.0200684629727977,0.0219130994387975,0.184463646599977
2055,pressure,"Recreation, culture and religion",0.00706267233743795,0.00747482979673014,0.0412157459292187
2055,pressure,Social Protection,0.139804086878846,0.130669674075811,-0.913441280303495
2055,pressure,Transport,0.0166765498344712,0.0184068120766021,0.173026224213093
2055,restraint,Defence,0.0202674982617297,0.0202552569242701,-0.00122413374596432
2055,restraint,Economic affairs,0.0146121207785669,0.012885203097016,-0.172691768155088
2055,restraint,Education,0.0452920191351611,0.0484458675413237,0.315384840616262
2055,restraint,Environmental Protection,0.00654795715337611,0.00741246853913778,0.086451138576167
2055,restraint,General public services excl interest,0.0201796334643031,0.0201472467581082,-0.00323867061948514
2055,restraint,Health,0.082341125730606,0.0849334277606492,0.259230203004325
2055,restraint,Housing and community amenities,0.00438158773178939,0.00429128784036825,-0.00902998914211403
2055,restraint,Public order and safety,0.0178775927719612,0.0195133639873346,0.163577121537341
2055,restraint,"Recreation, culture and religion",0.00629394293257325,0.00665950646214332,0.0365563529570066
2055,restraint,Social Protection,0.11584199812954,0.10828110343344,-0.756089469610027
2055,restraint,Transport,0.0148614076875682,0.0163963329217776,0.153492523420943
2056,central,Defence,0.0226192872886686,0.0226053856326972,-0.00139016559713885
2056,central,Economic affairs,0.0154089460538345,0.0135384387737331,-0.187050728010145
2056,central,Education,0.0477689831525295,0.0511956429979105,0.342665984538098
2056,central,Environmental Protection,0.00690502905554878,0.00784494741261756,0.0939918357068779
2056,central,General public services excl interest,0.0212800652382848,0.0212450688397524,-0.00349963985323797
2056,central,Health,0.0942434076998498,0.0972910267874536,0.304761908760381
2056,central,Housing and community amenities,0.00462052360587644,0.00452259555917047,-0.00979280467059687
2056,central,Public order and safety,0.0189012993970103,0.0206834024620922,0.178210306508187
2056,central,"Recreation, culture and religion",0.0066371629815837,0.00703423430826492,0.0397071326681217
2056,central,Social Protection,0.122795332107548,0.114556746304389,-0.823858580315906
2056,central,Transport,0.0156718270271675,0.0173400087708821,0.16681817437146
2056,pressure,Defence,0.0264297615121646,0.0264146452108296,-0.00151163013349769
2056,pressure,Economic affairs,0.0164405011608955,0.0144415095623269,-0.199899159856862
2056,pressure,Education,0.0509771761882154,0.0546442395267196,0.366706333850417
2056,pressure,Environmental Protection,0.0073672876656945,0.00837272164288316,0.100543397718866
2056,pressure,General public services excl interest,0.0227046636435522,0.0226682430670874,-0.0036420576464833
2056,pressure,Health,0.108391861712937,0.111900576551662,0.350871483872516
2056,pressure,Housing and community amenities,0.00492984552226744,0.00482535834891063,-0.0104487173356814
2056,pressure,Public order and safety,0.0201707217939091,0.0220776146380704,0.190689284416128
2056,pressure,"Recreation, culture and religion",0.00708148924154521,0.00750638098830999,0.0424891746764777
2056,pressure,Social Protection,0.141224367254422,0.131758024109926,-0.946634314449646
2056,pressure,Transport,0.0167209807558112,0.0185055504375306,0.178456968171944
2056,restraint,Defence,0.0202674982617297,0.0202552569242701,-0.00122413374596397
2056,restraint,Economic affairs,0.014581931079899,0.0128152668098604,-0.176666427003855
2056,restraint,Education,0.0451969222147569,0.0484328195904455,0.323589737568859
2056,restraint,Environmental Protection,0.00653442860017387,0.00742207138231703,0.0887642782143162
2056,restraint,General public services excl interest,0.0201379408816351,0.0201050777053519,-0.00328631762831939
2056,restraint,Health,0.0827564894947484,0.0854346675656499,0.267817807090147
2056,restraint,Housing and community amenities,0.00437253505454191,0.00428008703965316,-0.00924480148887467
2056,restraint,Public order and safety,0.0178835826560664,0.0195663877673225,0.16828051112561
2056,restraint,"Recreation, culture and religion",0.00628093919112829,0.00665598604685135,0.0375046855723055
2056,restraint,Social Protection,0.116183571584069,0.108404675387333,-0.777889619673625
2056,restraint,Transport,0.0148307029441112,0.0164061781585021,0.157547521439093
2057,central,Defence,0.0226192872886686,0.0226053856326972,-0.00139016559713885
2057,central,Economic affairs,0.0154133598016197,0.0134965479844357,-0.191681181718401
2057,central,Education,0.0477811541780508,0.0513029222706023,0.352176809255145
2057,central,Environmental Protection,0.00690700693622888,0.00787371555992492,0.0966708623696038
2057,central,General public services excl interest,0.0212861607129841,0.0212505780453788,-0.00355826676053071
2057,central,Health,0.095171201938346,0.0983326881853523,0.316148624700635
2057,central,Housing and community amenities,0.00462184711144006,0.00452141651447025,-0.0100430596969814
2057,central,Public order and safety,0.0189523554340506,0.0207888251461698,0.183646971211919
2057,central,"Recreation, culture and religion",0.0066390641345443,0.0070471253139819,0.0408061179437601
2057,central,Social Protection,0.123447880298895,0.114957289957058,-0.849059034183747
2057,central,Transport,0.0156763160747369,0.0173914756881568,0.17151596134199
2057,pressure,Defence,0.0264297615121646,0.0264146452108296,-0.00151163013349803
2057,pressure,Economic affairs,0.016484277654773,0.0144308120219933,-0.205346563277967
2057,pressure,Education,0.0511118341317098,0.0548898460607073,0.377801192899752
2057,pressure,Environmental Protection,0.00738690470900937,0.00842351220203753,0.103660749302816
2057,pressure,General public services excl interest,0.0227651198643971,0.0227279833132574,-0.00371365511397347
2057,pressure,Health,0.109986527807495,0.113643971882738,0.365744407524338
2057,pressure,Housing and community amenities,0.00494297233331844,0.00483554896414939,-0.0107423369169052
2057,pressure,Public order and safety,0.0202734668932587,0.0222433231274608,0.196985623420207
2057,pressure,"Recreation, culture and religion",0.00710034528293911,0.00753805287675211,0.0437707593812997
2057,pressure,Social Protection,0.142657839177585,0.132854303422837,-0.980353575474807
2057,pressure,Transport,0.016765504089043,0.0186047861926807,0.183928210363767
2057,restraint,Defence,0.0202674982617297,0.0202552569242701,-0.00122413374596467
2057,restraint,Economic affairs,0.0145517734869365,0.0127456865504722,-0.180608693646428
2057,restraint,Education,0.0451016552580745,0.0484193721961673,0.33177169380928
2057,restraint,Environmental Protection,0.00652091443412226,0.00743166949910548,0.0910755064983224
2057,restraint,General public services excl interest,0.0200962926375936,0.0200629552194463,-0.00333374181473063
2057,restraint,Health,0.0831733095309864,0.0859382002351516,0.27648907041652
2057,restraint,Housing and community amenities,0.00436349200450507,0.00426890675437061,-0.00945852501344604
2057,restraint,Public order and safety,0.0178895343952931,0.0196195084100936,0.172997401480051
2057,restraint,"Recreation, culture and religion",0.00626794927871472,0.00665245295433581,0.0384503675621088
2057,restraint,Social Protection,0.116525099390304,0.10852742119193,-0.799767819837374
2057,restraint,Transport,0.014800030854092,0.0164159921648317,0.161596131073967
2058,central,Defence,0.0226192872886686,0.0226053856326972,-0.00139016559713885
2058,central,Economic affairs,0.015417746641679,0.0134547653117156,-0.196298132996338
2058,central,Education,0.0477929473067662,0.051410010147049,0.361706284028283
2058,central,Environmental Protection,0.00690897275906752,0.00790257296429429,0.0993600205226765
2058,central,General public services excl interest,0.0212922190275715,0.0212560498785657,-0.00361691490057929
2058,central,Health,0.0961074030744179,0.0993847448968777,0.327734182245984
2058,central,Housing and community amenities,0.00462316254845819,0.00452022968472549,-0.0102932863732705
2058,central,Public order and safety,0.01900351156706,0.0208947402298848,0.189122866282478
2058,central,"Recreation, culture and religion",0.00664095369742203,0.00706002630729422,0.0419072609872189
2058,central,Social Protection,0.12410281087819,0.115358239328501,-0.8744571549689
2058,central,Transport,0.0156807777555272,0.0174430603406688,0.176228258514155
2058,pressure,Defence,0.0264297615121646,0.0264146452108296,-0.00151163013349803
2058,pressure,Economic affairs,0.0165281453860064,0.0144201036417724,-0.210804174423403
2058,pressure,Education,0.0512464542884034,0.0551361262666834,0.388967197828
2058,pressure,Environmental Protection,0.00740656263744324,0.00847459593488081,0.106803329743757
2058,pressure,General public services excl interest,0.0228257020858703,0.0227878461224249,-0.00378559634454274
2058,pressure,Health,0.111603824955367,0.115413664367618,0.380983941225077
2058,pressure,Housing and community amenities,0.00495612650278545,0.0048457538560654,-0.0110372646720049
2058,pressure,Public order and safety,0.0203767007836868,0.0224102337281011,0.203353294441429
2058,pressure,"Recreation, culture and religion",0.00711924062339985,0.00756984600321589,0.0450605379816043
2058,pressure,Social Protection,0.1441046197927,0.13395856654506,-1.01460532476398
2058,pressure,Transport,0.0168101202161656,0.0187045220273694,0.189440181120382
2058,restraint,Defence,0.0202674982617297,0.0202552569242701,-0.00122413374596432
2058,restraint,Economic affairs,0.0145216484249166,0.0126764609128426,-0.184518751207398
2058,restraint,Education,0.0450062201311241,0.0484055257383162,0.339930560719208
2058,restraint,Environmental Protection,0.00650741484577788,0.00744126305545668,0.0933848209678799
2058,restraint,General public services excl interest,0.0200546893194399,0.0200208798821262,-0.00338094373137365
2058,restraint,Health,0.0835915913407561,0.0864440362925453,0.285244495178917
2058,restraint,Housing and community amenities,0.00435445870919044,0.00425774708127741,-0.00967116279130256
2058,restraint,Public order and safety,0.0178954484510392,0.0196727265267528,0.177727807571363
2058,restraint,"Recreation, culture and religion",0.0062549733784969,0.00664890738624542,0.0393934007748521
2058,restraint,Social Protection,0.116866582624092,0.108649344368637,-0.821723825545476
2058,restraint,Transport,0.0147693918500025,0.0164257753423446,0.165638349234206
2059,central,Defence,0.0226192872886686,0.0226053856326972,-0.00139016559713885
2059,central,Economic affairs,0.0154221068748225,0.0134130907852517,-0.200901608957078
2059,central,Education,0.0478043619888323,0.0515169043088926,0.37125423200603
2059,central,Environmental Protection,0.00691092665886307,0.00793152003099621,0.102059337213314
2059,central,General public services excl interest,0.0212982405974713,0.0212614847564326,-0.00367558410387242
2059,central,Health,0.097052084729801,0.100447297450862,0.339521272106104
2059,central,Housing and community amenities,0.0046244700071316,0.00451903516853226,-0.0105434838599339
2059,central,Public order and safety,0.0190547683149199,0.0210011503201883,0.194638200526838
2059,central,"Recreation, culture and religion",0.00664283179978603,0.00707293741771067,0.043010561792464
2059,central,Social Protection,0.124760132326512,0.115759595470075,-0.900053685643748
2059,central,Transport,0.01568521237548,0.0174947632909193,0.180955091543931
2059,pressure,Defence,0.0264297615121646,0.0264146452108296,-0.00151163013349803
2059,pressure,Economic affairs,0.0165721047300869,0.014409384634525,-0.21627200955619
2059,pressure,Education,0.0513810339490062,0.0553830788485332,0.400204489952698
2059,pressure,Environmental Protection,0.00742626161926058,0.00852597460890852,0.109971298964794
2059,pressure,General public services excl interest,0.0228864108265329,0.0228478320017624,-0.00385788247705271
2059,pressure,Health,0.113244067481419,0.117210042873955,0.396597539253549
2059,pressure,Housing and community amenities,0.00496930814326321,0.00485597309955354,-0.0113335043709667
2059,pressure,Public order and safety,0.0204804259893284,0.0225783553245576,0.209792933522922
2059,pressure,"Recreation, culture and religion",0.00713817542466443,0.00760176091063571,0.0463585485971282
2059,pressure,Social Protection,0.145564827250093,0.135070868366986,-1.04939588831075
2059,pressure,Transport,0.0168548295190765,0.0188047606398732,0.194993112079674
2059,restraint,Defence,0.0202674982617297,0.0202552569242701,-0.00122413374596432
2059,restraint,Economic affairs,0.0144915563100159,0.0126075884884925,-0.188396782152342
2059,restraint,Education,0.0449106186700297,0.0483912805712283,0.348066190119861
2059,restraint,Environmental Protection,0.00649393002163702,0.00745085221475735,0.0956922193120329
2059,restraint,General public services excl interest,0.0200131315019223,0.0199788522625927,-0.00342792393296064
2059,restraint,Health,0.0840113404300507,0.0869521862920779,0.294084586202723
2059,restraint,Housing and community amenities,0.00434543529339267,0.0042466081143254,-0.00988271790672663
2059,restraint,Public order and safety,0.0179013252773261,0.019726042723808,0.182471744648189
2059,restraint,"Recreation, culture and religion",0.00624201166973639,0.00664534954100745,0.0403337871271059
2059,restraint,Social Protection,0.117208022344224,0.108770448412691,-0.843757393153266
2059,restraint,Transport,0.0147387863551194,0.0164355280861723,0.169674173105287
2060,central,Defence,0.0226192872886686,0.0226053856326972,-0.00139016559713885
2060,central,Economic affairs,0.0154264407978269,0.0133715244292962,-0.205491636853074
2060,central,Education,0.0478153976554906,0.0516236024040311,0.380820474854048
2060,central,Environmental Protection,0.00691286876860672,0.00796055716530662,0.10476883966999
2060,central,General public services excl interest,0.0213042258325387,0.0212668830905091,-0.00373427420296384
2060,central,Health,0.098005321144195,0.101520447314929,0.351512617073403
2060,central,Housing and community amenities,0.00462576957645181,0.00451783306316831,-0.0107936513283496
2060,central,Public order and safety,0.019106126194067,0.0211080580335598,0.200193183949278
2060,central,"Recreation, culture and religion",0.0066446985694684,0.00708585877341224,0.0441160203943836
2060,central,Social Protection,0.125419853144034,0.116161359427075,-0.925849371695854
2060,central,Transport,0.0156896202364354,0.0175465850996341,0.185696486319874
2060,pressure,Defence,0.0264297615121646,0.0264146452108296,-0.00151163013349769
2060,pressure,Economic affairs,0.0166161560623486,0.0143986552114898,-0.221750085085878
2060,pressure,Education,0.0515155703702448,0.055630702453999,0.411513208375423
2060,pressure,Environmental Protection,0.00744600182265541,0.00857765000157109,0.113164817891568
2060,pressure,General public services excl interest,0.0229472466047287,0.0229079414581813,-0.00393051465474442
2060,pressure,Health,0.11490757400063,0.119033501928215,0.412592792758519
2060,pressure,Housing and community amenities,0.00498251736729932,0.00486620676931392,-0.0116310597985398
2060,pressure,Public order and safety,0.0205846450456156,0.0227476968652488,0.216305181963321
2060,pressure,"Recreation, culture and religion",0.00715714984840212,0.00763379814370653,0.0476648295304412
2060,pressure,Social Protection,0.14703858071413,0.136191264140784,-1.08473165733458
2060,pressure,Transport,0.0168996323795128,0.0189055047414478,0.2005872361935
2060,restraint,Defence,0.0202674982617297,0.0202552569242701,-0.00122413374596432
2060,restraint,Economic affairs,0.0144614975494955,0.0125390678666492,-0.192242968284629
2060,restraint,Education,0.0448148526815412,0.048376637024136,0.356178434259484
2060,restraint,Environmental Protection,0.00648046014420077,0.00746043713786684,0.0979976993666066
2060,restraint,General public services excl interest,0.0199716197474765,0.0199368729177147,-0.00347468297617719
2060,restraint,Health,0.0844325623095499,0.087462660819084,0.303009850953412
2060,restraint,Housing and community amenities,0.00433642187923296,0.00423548994470835,-0.0100931934524608
2060,restraint,Public order and safety,0.0179071653209126,0.0197794576032519,0.187229228233934
2060,restraint,"Recreation, culture and religion",0.00622906432785453,0.00664177961387729,0.0412715286022763
2060,restraint,Social Protection,0.117549419592561,0.108890736793334,-0.865868279922703
2060,restraint,Transport,0.0147082147836517,0.0164452507850984,0.173703600144665
2061,central,Defence,0.0226192872886686,0.0226053856326972,-0.00139016559713885
2061,central,Economic affairs,0.0154307487034617,0.0133300662627256,-0.210068244073614
2061,central,Education,0.0478260537191849,0.0517301020465729,0.390404832738799
2061,central,Environmental Protection,0.00691479921949366,0.00798968477251529,0.107488555302163
2061,central,General public services excl interest,0.0213101751370939,0.0212722452867697,-0.0037929850324199
2061,central,Health,0.0989671871803297,0.102604296904085,0.363710972375521
2061,central,Housing and community amenities,0.00462706134420852,0.0045166234646016,-0.0110437879606922
2061,central,Public order and safety,0.0191575857185108,0.0212154659960717,0.205788027756094
2061,central,"Recreation, culture and religion",0.00664655413257487,0.00709879050125946,0.0452236368684587
2061,central,Social Protection,0.126081981849927,0.116563532238554,-0.951844961137271
2061,central,Transport,0.0156940016361575,0.0175985263257787,0.190452468962119
2061,pressure,Defence,0.0264297615121646,0.0264146452108296,-0.00151163013349838
2061,pressure,Economic affairs,0.0166602997579173,0.0143879155822175,-0.22723841756998
2061,pressure,Education,0.0516500607745353,0.05587899567394,0.422893489940469
2061,pressure,Environmental Protection,0.00746578341572841,0.00862962390031469,0.116384048458627
2061,pressure,General public services excl interest,0.023008209938514,0.022968174998261,-0.00400349402530226
2061,pressure,Health,0.116594667475745,0.120884441796891,0.428977432114586
2061,pressure,Housing and community amenities,0.00499575428737893,0.0048764549398356,-0.0119299347543333
2061,pressure,Public order and safety,0.0206893604992864,0.0229182673628711,0.222890686358465
2061,pressure,"Recreation, culture and religion",0.00717616405619251,0.00766595824887169,0.0489794192679183
2061,pressure,Social Protection,0.148526000371405,0.137319809482354,-1.12061908890514
2061,pressure,Transport,0.0169445291790003,0.0190067570563534,0.206222787735307
2061,restraint,Defence,0.0202674982617297,0.0202552569242701,-0.00122413374596432
2061,restraint,Economic affairs,0.0144314725418463,0.0124708976344236,-0.196057490742269
2061,restraint,Education,0.0447189239435417,0.0483615954015527,0.364267145801097
2061,restraint,Environmental Protection,0.00646700539204013,0.00747001798315672,0.100301259111659
2061,restraint,General public services excl interest,0.0199301546064264,0.0198949423922301,-0.00352122141962542
2061,restraint,Health,0.084855262494756,0.0879754704902221,0.312020799546606
2061,restraint,Housing and community amenities,0.00432741858620272,0.00422439266090897,-0.0103025925293753
2061,restraint,Public order and safety,0.0179129690214082,0.0198329717626453,0.19200027412371
2061,restraint,"Recreation, culture and religion",0.00621613152449504,0.00663819779698822,0.0422066272493178
2061,restraint,Social Protection,0.117890775394169,0.109010212953997,-0.888056244017239
2061,restraint,Transport,0.0146776775408887,0.0164549438216579,0.177726628076918
2062,central,Defence,0.0226192872886686,0.0226053856326972,-0.00139016559713885
2062,central,Economic affairs,0.0154350308805161,0.0132887162990964,-0.214631458141968
2062,central,Education,0.0478363295736857,0.0518364008167965,0.400007124311081
2062,central,Environmental Protection,0.00691671814093569,0.00801890325793542,0.110218511699973
2062,central,General public services excl interest,0.0213160889099607,0.021277571745673,-0.00385171642877311
2062,central,Health,0.0999377583290812,0.103698949589395,0.376119126031378
2062,central,Housing and community amenities,0.00462834539699807,0.00451540646749981,-0.0112938929498256
2062,central,Public order and safety,0.0192091473998531,0.021323376843457,0.211422944360386
2062,central,"Recreation, culture and religion",0.00664839861349697,0.00711173272680107,0.0463334113304097
2062,central,Social Protection,0.126746526982281,0.116966114937149,-0.978041204513166
2062,central,Transport,0.0156983568683623,0.0176505875265765,0.195223065821424
2062,pressure,Defence,0.0264297615121646,0.0264146452108296,-0.00151163013349769
2062,pressure,Economic affairs,0.0167045361916645,0.0143771659545126,-0.232737023715192
2062,pressure,Education,0.0517845023496676,0.0561279570415976,0.434345469192999
2062,pressure,Environmental Protection,0.00748560656646638,0.00868189810262415,0.119629153615777
2062,pressure,General public services excl interest,0.0230693013455941,0.0230285331281856,-0.00407682174084698
2062,pressure,Health,0.118305675275696,0.122763268568873,0.445759329317733
2062,pressure,Housing and community amenities,0.00500901901591096,0.00488671768538198,-0.0122301330528983
2062,pressure,Public order and safety,0.0207945749083976,0.0230900758948317,0.229550098643407
2062,pressure,"Recreation, culture and religion",0.0071952182095057,0.00769824177431272,0.0503023564807024
2062,pressure,Social Protection,0.150027207438995,0.138456560373299,-1.15706470656962
2062,pressure,Transport,0.0169895202988058,0.0191085203218845,0.21190000230787
2062,restraint,Defence,0.0202674982617297,0.0202552569242701,-0.00122413374596467
2062,restraint,Economic affairs,0.0144014816769342,0.0124030763769859,-0.199840529994829
2062,restraint,Education,0.0446228342055522,0.0483461559836555,0.372332177810326
2062,restraint,Environmental Protection,0.00645356593986114,0.00747959490655061,0.102602896668947
2062,restraint,General public services excl interest,0.0198887366171848,0.0198530612189472,-0.00356753982376397
2062,restraint,Health,0.0852794465061345,0.0884906259537174,0.321117944758292
2062,restraint,Housing and community amenities,0.00431842553120707,0.0042133163487458,-0.0105109182461267
2062,restraint,Public order and safety,0.0179187368113874,0.0198865857951995,0.19678489838121
2062,restraint,"Recreation, culture and religion",0.0062032134275866,0.00663460427940115,0.0431390851814551
2062,restraint,Social Protection,0.118232090757462,0.109128880312501,-0.910321044496061
2062,restraint,Transport,0.0146471750233475,0.0164646075722371,0.181743254888961
2063,central,Defence,0.0226192872886686,0.0226053856326972,-0.0013901655971392
2063,central,Economic affairs,0.0154392876138308,0.0132474745467039,-0.219181306712689
2063,central,Education,0.0478462245942212,0.0519424962611144,0.409627166689321
2063,central,Environmental Protection,0.00691862566057506,0.00804821302691424,0.112958736633918
2063,central,General public services excl interest,0.0213219675445099,0.0212828628622043,-0.00391046823055956
2063,central,Health,0.100917110714638,0.104804509706748,0.388739899210977
2063,central,Housing and community amenities,0.00462962182023272,0.00451418216524082,-0.0115439654991898
2063,central,Public order and safety,0.019260811747311,0.0214317932211783,0.217098147386731
2063,central,"Recreation, culture and religion",0.00665023213492538,0.00712468557428371,0.0474453439358325
2063,central,Social Protection,0.127413497098057,0.117369108548946,-1.00443885491108
2063,central,Transport,0.0157026862227501,0.0177027692575299,0.200008303477977
2063,pressure,Defence,0.0264297615121646,0.0264146452108296,-0.00151163013349803
2063,pressure,Economic affairs,0.016748865738167,0.0143664065343819,-0.238245920378513
2063,pressure,Education,0.0519188922485015,0.0563775850318652,0.445869278336369
2063,pressure,Environmental Protection,0.00750547144272394,0.00873447441606784,0.12290029733439
2063,pressure,General public services excl interest,0.0231305213432669,0.0230890163536873,-0.00415049895796452
2063,pressure,Health,0.120040929234824,0.124670394239013,0.462946500418927
2063,pressure,Housing and community amenities,0.00502231166521591,0.00489699507997777,-0.0125316585238137
2063,pressure,Public order and safety,0.0209002908423435,0.0232631316036889,0.236284076134536
2063,pressure,"Recreation, culture and religion",0.00721431246968473,0.00773064926994099,0.0516336800256263
2063,pressure,Social Protection,0.151542324172829,0.139601573162954,-1.1940751009875
2063,pressure,Transport,0.0170346061198965,0.0192107972884041,0.217619116850759
2063,restraint,Defence,0.0202674982617297,0.0202552569242701,-0.00122413374596432
2063,restraint,Economic affairs,0.0143715253361452,0.0123356026777408,-0.203592265840436
2063,restraint,Education,0.0445265851892321,0.0483303190266653,0.380373383743324
2063,restraint,Environmental Protection,0.00644014195856979,0.00748916806156391,0.104902610299411
2063,restraint,General public services excl interest,0.0198473663064534,0.0198112299189451,-0.00361363875082919
2063,restraint,Health,0.0857051198692626,0.0890081378896119,0.330301802034931
2063,restraint,Housing and community amenities,0.00430944282860836,0.00420226109142006,-0.0107181737188296
2063,restraint,Public order and safety,0.0179244691165034,0.0199403002898601,0.201583117335671
2063,restraint,"Recreation, culture and religion",0.00619031020140528,0.00663099924715443,0.0440689045749148
2063,restraint,Social Protection,0.118573366674365,0.109246742261276,-0.932662441308864
2063,restraint,Transport,0.0146167076189208,0.0164742424071731,0.185753478825232
2064,central,Defence,0.0226192872886686,0.0226053856326972,-0.0013901655971392
2064,central,Economic affairs,0.0154435191843312,0.0132063410086439,-0.223717817568727
2064,central,Education,0.0478557381376115,0.0520483858920398,0.419264775442828
2064,central,Environmental Protection,0.00692052190429956,0.00807761448484446,0.11570925805449
2064,central,General public services excl interest,0.0213278114287051,0.0212881190259225,-0.00396924027825825
2064,central,Health,0.10190532109972,0.105921082565705,0.401576146598526
2064,central,Housing and community amenities,0.00463089069815069,0.00451295064992385,-0.0117940048226836
2064,central,Public order and safety,0.0193125792677415,0.0215407177845009,0.222813851675936
2064,central,"Recreation, culture and religion",0.0066520548178643,0.00713764916666258,0.0485594348798283
2064,central,Social Protection,0.128082900773047,0.117772514093358,-1.03103866796895
2064,central,Transport,0.0157069899850388,0.0177550720724422,0.204808208740338
2064,pressure,Defence,0.0264297615121646,0.0264146452108296,-0.00151163013349803
2064,pressure,Economic affairs,0.01679328877167,0.0143556375259891,-0.243765124568089
2064,pressure,Education,0.0520532275886723,0.0566278780605602,0.457465047188795
2064,pressure,Environmental Protection,0.00752537821220721,0.00878735465834431,0.12619764461371
2064,pressure,General public services excl interest,0.0231918704483727,0.0231496251799954,-0.00422452683772612
2064,pressure,Health,0.121800765712887,0.126606236792875,0.480547107998833
2064,pressure,Housing and community amenities,0.00503563234751488,0.00490728719739736,-0.0128345150117516
2064,pressure,Public order and safety,0.0210065108818776,0.0234374436975982,0.243093281572061
2064,pressure,"Recreation, culture and religion",0.00723344699792992,0.00776318128739111,0.0529734289461185
2064,pressure,Social Protection,0.153071473876124,0.140754904570439,-1.23165693056855
2064,pressure,Transport,0.0170797870229024,0.0193135907193813,0.223380369647885
2064,restraint,Defence,0.0202674982617297,0.0202552569242701,-0.00122413374596467
2064,restraint,Economic affairs,0.0143416038925296,0.0122684751185013,-0.207312877402825
2064,restraint,Education,0.0444301785888733,0.0483140847632226,0.388390617434932
2064,restraint,Environmental Protection,0.00642673361533674,0.00749873759934356,0.107200398400682
2064,restraint,General public services excl interest,0.0198060441894223,0.0197694490017744,-0.00365951876479149
2064,restraint,Health,0.0861322881149819,0.0895280170100182,0.339572889503627
2064,restraint,Housing and community amenities,0.00430047059026937,0.00419122696956214,-0.0109243620707231
2064,restraint,Public order and safety,0.0179301663556025,0.0199941158313901,0.20639494757876
2064,restraint,"Recreation, culture and religion",0.00617742200663667,0.0066273828833134,0.0449960876676732
2064,restraint,Social Protection,0.11891460412048,0.109363802167582,-0.955080195289784
2064,restraint,Transport,0.0145862757070231,0.0164838486908533,0.189757298383024
2065,central,Defence,0.0226192872886686,0.0226053856326972,-0.00139016559713885
2065,central,Economic affairs,0.015447725869063,0.0131653156828778,-0.228241018618517
2065,central,Education,0.0478648695424096,0.0521540671881587,0.428919764574912
2065,central,Environmental Protection,0.00692240699625843,0.00810710803717654,0.118470104091811
2065,central,General public services excl interest,0.021333620945152,0.0212933406210094,-0.00402803241426192
2065,central,Health,0.102902466890838,0.107048774458439,0.414630756760148
2065,central,Housing and community amenities,0.00463215211382688,0.00451171201238141,-0.0120440101445473
2065,central,Public order and safety,0.0193644504656687,0.0216501531985658,0.228570273289715
2065,central,"Recreation, culture and religion",0.00665386678164687,0.00715062362561304,0.049675684396617
2065,central,Social Protection,0.128754746601854,0.118176332583022,-1.05784140188323
2065,central,Transport,0.0157112684370007,0.0178074965234429,0.209622808644219
2065,pressure,Defence,0.0264297615121646,0.0264146452108296,-0.00151163013349803
2065,pressure,Economic affairs,0.0168378056660552,0.0143448591316152,-0.249294653443997
2065,pressure,Education,0.0521875054523063,0.0568788344837012,0.469132903139488
2065,pressure,Environmental Protection,0.00754532704245937,0.00884054065733074,0.129521361487136
2065,pressure,General public services excl interest,0.0232533491772497,0.0232103601117927,-0.00429890654569873
2065,pressure,Health,0.123585525655882,0.128571220292705,0.498569463682343
2065,pressure,Housing and community amenities,0.00504898117491999,0.00491759411115449,-0.01313870637655
2065,pressure,Public order and safety,0.0211132376191393,0.0236130214507657,0.249978383162644
2065,pressure,"Recreation, culture and religion",0.00725262195528498,0.00779583838001586,0.054321642473088
2065,pressure,Social Protection,0.154614780907927,0.141916611686746,-1.26981692211805
2065,pressure,Transport,0.0171250633880837,0.019416903391433,0.229184000334926
2065,restraint,Defence,0.0202674982617297,0.0202552569242701,-0.00122413374596467
2065,restraint,Economic affairs,0.0143117177109457,0.0122016922796607,-0.211002543128499
2065,restraint,Education,0.0443336160718918,0.0482974534027608,0.396383733086904
2065,restraint,Environmental Protection,0.00641334107366157,0.00750830366870773,0.109496259504616
2065,restraint,General public services excl interest,0.0197647707699679,0.0197277189656553,-0.0037051804312585
2065,restraint,Health,0.0865609567795552,0.0900502740593783,0.348931727982311
2065,restraint,Housing and community amenities,0.00429150892559642,0.00418021406127792,-0.0111294864318504
2065,restraint,Public order and safety,0.0179358289408366,0.020048033000453,0.211220405961642
2065,restraint,"Recreation, culture and religion",0.00616454900043775,0.00662375536801984,0.0459206367582089
2065,restraint,Social Protection,0.119255804055263,0.109480063373748,-0.977574068151509
2065,restraint,Transport,0.0145558796587373,0.0164934267818147,0.193754712307741
2066,central,Defence,0.0226192872886686,0.0226053856326972,-0.00139016559713885
2066,central,Economic affairs,0.0154519079412301,0.0131243985622995,-0.23275093789306
2066,central,Education,0.047873618129044,0.0522595375941024,0.438591946505835
2066,central,Environmental Protection,0.00692428105887928,0.00813669408943168,0.12124130305524
2066,central,General public services excl interest,0.0213393964711508,0.0212985280263219,-0.00408684448289301
2066,central,Health,0.103908626143616,0.108187692668755,0.427906652513925
2066,central,Housing and community amenities,0.00463340614918413,0.00451046634219174,-0.0122939806992388
2066,central,Public order and safety,0.0194164258433129,0.0217601021384666,0.234367629515375
2066,central,"Recreation, culture and religion",0.00665566814395139,0.00716360907154283,0.0507940927591442
2066,central,Social Protection,0.12942904319789,0.118580565023719,-1.08484781741714
2066,central,Transport,0.0157155218565005,0.0178600431610135,0.214452130451297
2066,pressure,Defence,0.0264297615121646,0.0264146452108296,-0.00151163013349803
2066,pressure,Economic affairs,0.0168824167948125,0.014334071551624,-0.254834524318855
2066,pressure,Education,0.0523217228857439,0.0571304525967835,0.480872971103963
2066,pressure,Environmental Protection,0.00756531810084804,0.00889403425113293,0.132871615028489
2066,pressure,General public services excl interest,0.0233149580456948,0.0232712216531753,-0.00437363925195229
2066,pressure,Health,0.125395554657683,0.130565774964628,0.51702203069445
2066,pressure,Housing and community amenities,0.00506235825942582,0.00492791589449317,-0.0134442364932652
2066,pressure,Public order and safety,0.0212204736576842,0.0237898742039072,0.256940054622302
2066,pressure,"Recreation, culture and religion",0.00727183750262482,0.00782862110288272,0.0556783600257897
2066,pressure,Social Protection,0.156172370691725,0.143086751976869,-1.30856187148558
2066,pressure,Transport,0.017170435595302,0.0195207380943691,0.235030249906707
2066,restraint,Defence,0.0202674982617297,0.0202552569242701,-0.00122413374596467
2066,restraint,Economic affairs,0.014281867148202,0.0121352527403629,-0.214661440783915
2066,restraint,Education,0.0442368992793113,0.0482804251318745,0.404352585256319
2066,restraint,Environmental Protection,0.00639996449343672,0.00751786641618525,0.111790192274853
2066,restraint,General public services excl interest,0.0197235465408503,0.0196860402976756,-0.0037506243174671
2066,restraint,Health,0.086991131404826,0.0905749198147261,0.358378840990005
2066,restraint,Housing and community amenities,0.00428255794158207,0.00416922244219473,-0.0113335499387345
2066,restraint,Public order and safety,0.0179414572777769,0.0201020523736959,0.216059509591895
2066,restraint,"Recreation, culture and religion",0.00615169133649829,0.00662011687854103,0.0468425542042744
2066,restraint,Social Protection,0.119596967422212,0.109595529197416,-1.00014382247959
2066,restraint,Transport,0.0145255198369592,0.0165029770328423,0.197745719588312
