year,scenario,category,value,nominal_gdp,applied_excess_cost,raw_value,raw_share_gdp,share_gdp
2025,central,Defence,49773.9279983015,2778415.30054645,,50175,0.018058855344675,0.0179145025542122
2025,central,Economic affairs,45994.383092003,2778415.30054645,-0.007,46365,0.0166875700658865,0.0165541785934439
2025,central,Education,147254.442371617,2778415.30054645,0.00632066101123819,148441,0.0534264981807454,0.0529994354489249
2025,central,Environmental Protection,20610.9198210406,2778415.30054645,0.007,20777,0.00747800373684728,0.00741822859130774
2025,central,General public services excl interest,63519.1705761683,2778415.30054645,-5.61624937215077e-05,64031,0.0230458707837545,0.022861654470329
2025,central,Health,206082.414033904,2778415.30054645,0.00928076290987965,207743,0.0747703195987806,0.0741726458220169
2025,central,Housing and community amenities,13791.8668851098,2778415.30054645,-0.00113291479102969,13903,0.0050039315566919,0.00496393281537044
2025,central,Public order and safety,52352.1529881886,2778415.30054645,0.0074607141485205,52774,0.0189942806568984,0.0188424505788937
2025,central,"Recreation, culture and religion",19811.3625521491,2778415.30054645,0.0032015078494909,19971,0.00718791031566525,0.00713045402112947
2025,central,Social Protection,309254.069910483,2778415.30054645,-0.00125385054297046,311746,0.112202808535746,0.111305919546894
2025,central,Transport,46779.0602628382,2778415.30054645,0.00555266609786177,47156,0.0169722647261284,0.0168365975574774
2026,central,Defence,55958.92316096,2962133.33333333,,55548.7969738092,0.0187529698102075,0.0188914261661505
2026,central,Economic affairs,49507.9913403097,2962133.33333333,-0.00676666666666667,49145.1444058986,0.0165911317538819,0.0167136268928845
2026,central,Education,158981.249363554,2962133.33333333,0.00619330564419692,157816.066583993,0.0532778402673725,0.0536711995960865
2026,central,Environmental Protection,22472.3962961264,2962133.33333333,0.00676666666666667,22307.6948028084,0.00753095566353364,0.00758655798617878
2026,central,General public services excl interest,68810.1736128683,2962133.33333333,-5.42904105974575e-05,68305.8598672328,0.0230596844168278,0.0232299379769766
2026,central,Health,226502.319671816,2962133.33333333,0.009221404146217,224842.271059361,0.0759055200281424,0.076465943353377
2026,central,Housing and community amenities,14925.9294693796,2962133.33333333,-0.00109515096466204,14816.5364682786,0.00500198161289564,0.00503891209130119
2026,central,Public order and safety,57108.8157664743,2962133.33333333,0.00729535701023648,56690.2619498536,0.0191383221382743,0.0192796236157975
2026,central,"Recreation, culture and religion",21525.7878491118,2962133.33333333,0.00309479092117454,21368.0241038985,0.00721372797889985,0.00726698815575885
2026,central,Social Protection,336675.698480713,2962133.33333333,-0.00112872219153811,334208.182797341,0.112826853213002,0.113659873001681
2026,central,Transport,50936.5816553528,2962133.33333333,0.00536757722793304,50563.2644998257,0.0170698813354651,0.0171959111638074
2027,central,Defence,59037.9394182761,3095135.13513514,,60191.3538177769,0.01944708427574,0.0190744303045426
2027,central,Economic affairs,50068.0223565887,3095135.13513514,-0.00653333333333333,51046.1929788978,0.0164923955660078,0.0161763606985136
2027,central,Education,161306.026246791,3095135.13513514,0.00606595027715565,164457.435242982,0.0531341696122102,0.0521159882215444
2027,central,Environmental Protection,23015.9067129662,3095135.13513514,0.00653333333333333,23465.56465296,0.00758143461543416,0.00743615567918048
2027,central,General public services excl interest,70027.9187145265,3095135.13513514,-5.24183274734072e-05,71396.0425109916,0.0230671810417978,0.0226251571117488
2027,central,Health,233891.262403042,3095135.13513514,0.00916204538255434,238460.757081062,0.0770437304575559,0.075567383067696
2027,central,Housing and community amenities,15175.2974872583,3095135.13513514,-0.00105738713829438,15471.7747493542,0.00499873965880287,0.00490295151090253
2027,central,Public order and safety,58523.6037559863,3095135.13513514,0.00712999987195246,59666.9696652297,0.0192776622215639,0.0189082547936735
2027,central,"Recreation, culture and religion",21971.2160462172,3095135.13513514,0.00298807399285817,22400.4640384736,0.00723731373929028,0.00709862900550154
2027,central,Social Protection,344369.64797805,3095135.13513514,-0.00100359384010576,351097.540493315,0.113435286397596,0.111261587278972
2027,central,Transport,52100.7264478663,3095135.13513514,0.00518248835800432,53118.609671799,0.0171619678471582,0.0168331023277249
2028,central,Defence,61049.8156782821,3185558.58310627,,64160.9685243098,0.0201411987412725,0.0191645559438282
2028,central,Economic affairs,50190.0061843564,3185558.58310627,-0.0063,52747.7334902908,0.0165583937994498,0.0157554805146341
2028,central,Education,162296.036338484,3185558.58310627,0.00593859491011437,170566.786540488,0.05354376072223,0.0509474342111226
2028,central,Environmental Protection,23356.6537195665,3185558.58310627,0.0063,24546.9295440873,0.00770569082429222,0.0073320433795919
2028,central,General public services excl interest,70628.1271401292,3185558.58310627,-5.0546244349357e-05,74227.399248002,0.0233012193345451,0.0221713477550487
2028,central,Health,239220.997744079,3185558.58310627,0.00910268661889169,251411.91232248,0.0789223948527501,0.0750954633239902
2028,central,Housing and community amenities,15290.9289518517,3185558.58310627,-0.00101962331192672,16070.168276302,0.00504469400171315,0.00480007777378289
2028,central,Public order and safety,59428.2194146558,3185558.58310627,0.00696464273366845,62456.734274399,0.019606211169878,0.0186555098153953
2028,central,"Recreation, culture and religion",22222.7649346791,3185558.58310627,0.00288135706454181,23355.2567793305,0.00733160485673963,0.00697609676762228
2028,central,Social Protection,348899.827882141,3185558.58310627,-0.00087846548867341,366680.073087373,0.115106994117754,0.109525478430199
2028,central,Transport,52805.4503496514,3185558.58310627,0.00499739948807559,55496.4630139129,0.0174212658678522,0.0165765120847849
2029,central,Defence,64475.0239148114,3331215.46961326,,69406.9176687462,0.020835313206805,0.0193548044258742
2029,central,Economic affairs,50959.0408836149,3331215.46961326,-0.00606666666666667,54857.0553422443,0.0164675794293826,0.0152974316277209
2029,central,Education,165485.916274563,3331215.46961326,0.0058112395430731,178144.445225511,0.0534773108646115,0.0496773378318201
2029,central,Environmental Protection,23994.5192752213,3331215.46961326,0.00606666666666667,25829.934177874,0.00775390676871249,0.00720293223122159
2029,central,General public services excl interest,72130.2493396216,3331215.46961326,-4.86741612253067e-05,77647.7149346382,0.0233091241449034,0.0216528321261655
2029,central,Health,247554.55933545,3331215.46961326,0.00904332785522903,266490.772318601,0.0799980591917518,0.0743135836134281
2029,central,Housing and community amenities,15602.0395502781,3331215.46961326,-0.000981859485559068,16795.4877529237,0.00504184971105264,0.00468358762517679
2029,central,Public order and safety,61094.2065828165,3331215.46961326,0.00679928559538443,65767.4911750877,0.0197427911148368,0.0183399144066503
2029,central,"Recreation, culture and religion",22757.3865856684,3331215.46961326,0.00277464013622545,24498.1693871766,0.00735412332544817,0.00683155646737868
2029,central,Social Protection,357709.416540385,3331215.46961326,-0.000753337137241061,385071.714838873,0.115594958762478,0.107381050491433
2029,central,Transport,54182.1168556909,3331215.46961326,0.00481231061814687,58326.6743520731,0.0175091268890045,0.0162649691531305
2030,central,Defence,68304.8602041662,3508707.86516854,,75540.4722065078,0.0215294276723375,0.0194672405993781
2030,central,Economic affairs,51977.2911930131,3508707.86516854,-0.00583333333333333,57483.3051264467,0.0163830410895965,0.0148137984666661
2030,central,Education,169611.354305742,3508707.86516854,0.00568388417603183,187578.479152785,0.0534608426694352,0.0483401185916614
2030,central,Environmental Protection,24749.7353220745,3508707.86516854,0.00583333333333333,27371.5031057418,0.0078010208195053,0.00705380335814468
2030,central,General public services excl interest,73982.7003486736,3508707.86516854,-4.68020781012565e-05,81819.7724546474,0.0233190609189452,0.0210854545866046
2030,central,Health,257026.186323377,3508707.86516854,0.00898396909156638,284253.264354408,0.081013659522992,0.0732538006013307
2030,central,Housing and community amenities,15988.9405956631,3508707.86516854,-0.000944095659191412,17682.6673690274,0.00503965221629475,0.0045569312721608
2030,central,Public order and safety,63065.3003156339,3508707.86516854,0.00663392845710041,69745.8797433808,0.0198779386667549,0.0179739387658039
2030,central,"Recreation, culture and religion",23402.7016644361,3508707.86516854,0.00266792320790908,25881.7766313458,0.00737644102214324,0.0066698917560958
2030,central,Social Protection,367976.259244879,3508707.86516854,-0.000628208785808713,406956.405460105,0.115984693254181,0.104875148740034
2030,central,Transport,55823.0974486339,3508707.86516854,0.00462722174821814,61736.5020394625,0.0175952243423654,0.0159098732621197
2031,central,Defence,73609.3362258507,3663091.01123596,,81406.8574430551,0.02222354213787,0.0200948696060419
2031,central,Economic affairs,53989.7290378401,3663091.01123596,-0.0056,59708.9228149989,0.0163001472340849,0.0147388445638492
2031,central,Education,177133.948947461,3663091.01123596,0.00555652880899055,195897.950852968,0.0534788653222326,0.0483564149523258
2031,central,Environmental Protection,25988.5261271678,3663091.01123596,0.0056,28741.5204383608,0.00784624797751426,0.00709469845205921
2031,central,General public services excl interest,77263.0704044231,3663091.01123596,-4.49299949772062e-05,85447.6358641137,0.0233266483420741,0.0210923152516361
2031,central,Health,271523.616947603,3663091.01123596,0.00892461032790372,300286.424393997,0.0819762390486384,0.0741241798565057
2031,central,Housing and community amenities,16683.9462968374,3663091.01123596,-0.000906331832823755,18451.2958194188,0.00503708364406518,0.0045546087295298
2031,central,Public order and safety,66277.3254044192,3663091.01123596,0.0064685713188164,73298.1583253256,0.020009920064911,0.0180932783818704
2031,central,"Recreation, culture and religion",24502.096292272,3663091.01123596,0.00256120627959272,27097.6313901401,0.00739747696877375,0.00668891278352507
2031,central,Social Protection,385163.412867081,3663091.01123596,-0.000503080434376364,425964.213932682,0.116285457452764,0.105147104367774
2031,central,Transport,58551.7784586706,3663091.01123596,0.00444213287828942,64754.2353513086,0.017677484712415,0.0159842543576101
2032,central,Defence,79248.3679280882,3824267.01573034,,87643.2382262268,0.0229176566034025,0.0207224986127057
2032,central,Economic affairs,56092.8683639216,3824267.01573034,-0.00536666666666667,62034.8500965041,0.0162213699622271,0.0146676129394718
2032,central,Education,185257.387430537,3824267.01573034,0.00542917344194928,204881.914470168,0.0535741656185168,0.0484425869502624
2032,central,Environmental Protection,27283.2140894839,3824267.01573034,0.00536666666666667,30173.3561780301,0.00788997108567948,0.00713423356090461
2032,central,General public services excl interest,80689.1062201163,3824267.01573034,-4.30579118531559e-05,89236.5955741591,0.0233343004573432,0.0210992344122987
2032,central,Health,286686.989044348,3824267.01573034,0.00886525156424107,317056.069848321,0.0829063631132911,0.0749652123832147
2032,central,Housing and community amenities,17409.8143171925,3824267.01573034,-0.000868568006456099,19254.0558697773,0.00503470489654088,0.00455245782932542
2032,central,Public order and safety,69641.9308336186,3824267.01573034,0.00630321418053238,77019.1802577414,0.020139592748346,0.0182105304224733
2032,central,"Recreation, culture and religion",25650.5157044249,3824267.01573034,0.00245448935127636,28367.7041847531,0.00741781472582024,0.00670730249716267
2032,central,Social Protection,403031.162160658,3824267.01573034,-0.000377952082944016,445724.714354905,0.116551671868493,0.105387819548915
2032,central,Transport,61402.9352261938,3824267.01573034,0.00425704400836069,67907.4184177802,0.0177569762096781,0.0160561317956161
2033,central,Defence,85241.1267451894,3992534.76442247,,94270.8168423078,0.023611771068935,0.0213501276193696
2033,central,Economic affairs,58291.0440742163,3992534.76442247,-0.00513333333333333,64465.881075152,0.0161466048209795,0.0146000091454803
2033,central,Education,193874.800592546,3992534.76442247,0.00530181807490801,214412.180069292,0.0537032719113485,0.0485593268517452
2033,central,Environmental Protection,28635.8445083311,3992534.76442247,0.00513333333333333,31669.2722849541,0.0079321218608187,0.00717234694197418
2033,central,General public services excl interest,84266.9491324822,3992534.76442247,-4.11858287291057e-05,93193.4434803399,0.0233419241106647,0.0211061278372291
2033,central,Health,302658.685434877,3992534.76442247,0.00880589280057841,334719.666313833,0.0838363811622943,0.0758061490489382
2033,central,Housing and community amenities,18167.8732293068,3992534.76442247,-0.000830804180088442,20092.4168298949,0.0050324964002665,0.00455046087292739
2033,central,Public order and safety,73165.3878320971,3992534.76442247,0.00613785704224836,80915.8810879432,0.0202667943705802,0.0183255480914217
2033,central,"Recreation, culture and religion",26849.897109456,3992534.76442247,0.00234777242295999,29694.1374344654,0.00743741487214343,0.00672502525180638
2033,central,Social Protection,421778.88092547,3992534.76442247,-0.000252823731511667,466458.400421397,0.116832645911568,0.105641880612774
2033,central,Transport,64381.182415074,3992534.76442247,0.00407195513843196,71201.1547393719,0.01783357163821,0.0161253905636027
2034,central,Defence,91607.8234978866,4168206.29405706,,101311.945067398,0.0243058855344675,0.0219777566260334
2034,central,Economic affairs,60588.945996982,4168206.29405706,-0.0049,67007.202378074,0.0160757883969446,0.0145359758425029
2034,central,Education,202950.931060138,4168206.29405706,0.00517446270786674,224449.755423086,0.0538480438799543,0.0486902318989107
2034,central,Environmental Protection,30048.6288476898,4168206.29405706,0.0049,33231.7144860232,0.00797266549244557,0.0072090071190892
2034,central,General public services excl interest,88003.2552039219,4168206.29405706,-3.93137456050554e-05,97325.5407293638,0.0233495018872095,0.0211129797796705
2034,central,Health,319585.598167555,4168206.29405706,0.00874653403691576,353439.666281666,0.0847941875587091,0.076672212367035
2034,central,Housing and community amenities,18959.5628746592,4168206.29405706,-0.000793040353720786,20967.971065306,0.00503045424963772,0.00454861432882805
2034,central,Public order and safety,76854.4825311854,4168206.29405706,0.00597249990396435,84995.7658099187,0.0203914489383848,0.0184382626744657
2034,central,"Recreation, culture and religion",28102.339127495,4168206.29405706,0.00224105549464363,31079.2520686385,0.00745626532759442,0.00674207012439925
2034,central,Social Protection,441630.502933051,4168206.29405706,-0.000127695380079319,488412.927464354,0.117175804892556,0.105952170256717
2034,central,Transport,67491.514215466,4168206.29405706,0.00388686626850324,74640.9675465168,0.0179072153057631,0.0161919803037805
2035,central,Defence,98369.7627434426,4351607.37099557,,108790.184274889,0.025,0.0226053856326972
2035,central,Economic affairs,62991.5575413464,4351607.37099557,-0.00466666666666667,69664.3253126295,0.0160088719807209,0.0144754689867471
2035,central,Education,212522.511728006,4351607.37099557,0.00504710734082546,235035.264583814,0.054011137620176,0.0488377037745903
2035,central,Environmental Protection,31523.8799528854,4351607.37099557,0.00466666666666667,34863.2406289148,0.00801157771293568,0.00724419214908934
2035,central,General public services excl interest,91905.0553097945,4351607.37099557,-3.74416624810052e-05,101640.662985262,0.0233570389789115,0.0211197949342494
2035,central,Health,337414.574281018,4351607.37099557,0.0086871752732531,373157.286236437,0.0857515980700863,0.0775379177197742
2035,central,Housing and community amenities,19786.405889206,4351607.37099557,-0.000755276527353129,21882.4025065362,0.00502857924462285,0.00454691892037107
2035,central,Public order and safety,80716.351696756,4351607.37099557,0.00580714276568033,89266.7271953161,0.0205135067539178,0.01854862923405
2035,central,"Recreation, culture and religion",29410.0497092604,4351607.37099557,0.00213433856632727,32525.489928737,0.00747436226565996,0.00675843365494895
2035,central,Social Protection,462448.618784017,4351607.37099557,-2.56702864697041e-06,511436.330149479,0.117528142258034,0.106270759137495
2035,central,Transport,70739.1665876871,4351607.37099557,0.00370177739857451,78232.6474507998,0.0179778736409534,0.0162558706603862
2036,central,Defence,102698.032304154,4543078.09531938,,113576.952382984,0.025,0.0226053856326972
2036,central,Economic affairs,65504.1219384832,4543078.09531938,-0.00443333333333333,72443.04853147,0.015945807448502,0.0144184450639249
2036,central,Education,222506.743070518,4543078.09531938,0.00491975197378419,246077.136977346,0.0541652887787408,0.0489770896299937
2036,central,Environmental Protection,33063.9737630467,4543078.09531938,0.00443333333333333,36566.4783387082,0.0080488333177415,0.00727787924163394
2036,central,General public services excl interest,95979.67521684,4543078.09531938,-3.55695793569549e-05,106146.912041628,0.0233645360732383,0.0211265739225847
2036,central,Health,356482.391272616,4543078.09531938,0.00862781650959045,394244.978901165,0.0867792652094944,0.078467150199309
2036,central,Housing and community amenities,20649.9915253639,4543078.09531938,-0.000717512700985473,22837.468757329,0.00502687127057268,0.00454537454388888
2036,central,Public order and safety,84758.386614996,4543078.09531938,0.00564178562739631,93736.9394977258,0.0206329139695619,0.0186565990803285
2036,central,"Recreation, culture and religion",30775.3159096997,4543078.09531938,0.0020276216380109,34035.3803400562,0.00749170047838755,0.00677411113434451
2036,central,Social Protection,484777.471897148,4543078.09531938,0.000122561322785378,536130.50422368,0.118010409016751,0.106706832179839
2036,central,Transport,74129.5364068114,4543078.09531938,0.00351668852864579,81982.1630244475,0.0180455104016177,0.0163170288626967
2037,central,Defence,107216.745725537,4742973.53151343,,118574.338287836,0.025,0.0226053856326972
2037,central,Economic affairs,68130.8305962008,4742973.53151343,-0.0042,75348.0074430294,0.0158862382305951,0.01436458165822
2037,central,Education,232907.236419551,4742973.53151343,0.00479239660674292,257579.366488074,0.0543075698771364,0.0491057423938928
2037,central,Environmental Protection,34670.377281116,4742973.53151343,0.0042,38343.0500196461,0.00808417963222562,0.00730983992441826
2037,central,General public services excl interest,100232.368175022,4742973.53151343,-3.36974962329046e-05,110850.097631206,0.0233714350068986,0.0211328120448185
2037,central,Health,376278.603790069,4742973.53151343,0.00856845774592779,416138.226863299,0.087737834524772,0.0793339033604099
2037,central,Housing and community amenities,21551.4811873978,4742973.53151343,-0.000679748874617816,23834.4542508323,0.00502521342201693,0.00454387549165195
2037,central,Public order and safety,88985.6284235636,4742973.53151343,0.0054764284891123,98411.9778682869,0.0207490042300288,0.0187615696845707
2037,central,"Recreation, culture and religion",32199.6776183346,4742973.53151343,0.00192090470969454,35610.6263143769,0.00750808033773993,0.0067889220558353
2037,central,Social Protection,507787.06961508,4742973.53151343,0.000247689674217727,561577.534957643,0.118401996390321,0.107060911523377
2037,central,Transport,77666.0742447462,4742973.53151343,0.00333159965871706,85893.3303623974,0.0181095951288157,0.0163749752615558
2038,central,Defence,111934.282537461,4951664.36690002,,123791.609172501,0.025,0.0226053856326972
2038,central,Economic affairs,70878.7905927936,4951664.36690002,-0.00396666666666667,78387.0619865384,0.0158304473361575,0.0143141346708778
2038,central,Education,243761.986391094,4951664.36690002,0.00466504123970164,269583.97254514,0.0544431028781364,0.0492282934240352
2038,central,Environmental Protection,36346.5584835236,4951664.36690002,0.00396666666666667,40196.7910148707,0.00811783433537435,0.0073402710261395
2038,central,General public services excl interest,104673.438606241,4951664.36690002,-3.18254131088544e-05,115761.615735099,0.0233783243688569,0.0211390415121717
2038,central,Health,397148.001807028,4951664.36690002,0.00850909898226514,439218.344092944,0.0887011541066778,0.0802049517858702
2038,central,Housing and community amenities,22493.0974853412,4951664.36690002,-0.00064198504825016,24875.8170407038,0.00502372842694854,0.00454253273620461
2038,central,Public order and safety,93408.5744251427,4951664.36690002,0.00531107135082828,103303.451600969,0.0208623694876237,0.018864076299182
2038,central,"Recreation, culture and religion",33686.4079639091,4951664.36690002,0.00181418778137818,37254.8477067163,0.00752370212241175,0.00680304751450641
2038,central,Social Protection,531947.910962323,4951664.36690002,0.000372818025650075,588297.76187593,0.118808085178082,0.107428103269315
2038,central,Transport,81356.5992897935,4951664.36690002,0.00314651078878834,89974.7969485162,0.018170617045445,0.0164301522198538
2039,central,Defence,116859.390969109,5169537.59904362,,129238.439976091,0.025,0.0226053856326972
2039,central,Economic affairs,73754.1464802759,5169537.59904362,-0.00373333333333333,81567.0076134372,0.0157783952724374,0.0142670683919429
2039,central,Education,255089.262916238,5169537.59904362,0.00453768587266037,282111.16043434,0.0545718364610659,0.0493446963154752
2039,central,Environmental Protection,38095.1109528801,5169537.59904362,0.00373333333333333,42130.5696481661,0.00814977526345109,0.00736915250600514
2039,central,General public services excl interest,109311.231467459,5169537.59904362,-2.99533299848041e-05,120890.69530111,0.023385204766375,0.0211452628737398
2039,central,Health,419147.316522797,5169537.59904362,0.00844974021860248,463548.071390261,0.089669155608041,0.081080233675124
2039,central,Housing and community amenities,23476.6600205061,5169537.59904362,-0.000604221221882504,25963.5694807045,0.00502241621871708,0.0045413462172805
2039,central,Public order and safety,98035.4882833594,5169537.59904362,0.00514571421254427,108420.499738741,0.0209729589274675,0.0189640729765649
2039,central,"Recreation, culture and religion",35238.067071536,5169537.59904362,0.00170747085306181,38970.87583917,0.00753856125282456,0.00681648336943233
2039,central,Social Protection,557320.287775459,5169537.59904362,0.000497946377082424,616357.863598367,0.119228819171834,0.107808537436417
2039,central,Transport,85207.0635945179,5169537.59904362,0.00296142191885961,94233.1453431074,0.0182285443403179,0.0164825309734243
2040,central,Defence,122001.20417175,5396997.25340154,,134924.931335039,0.025,0.0226053856326972
2040,central,Economic affairs,76763.3783858256,5396997.25340154,-0.0035,84895.010898191,0.0157300452292586,0.0142233495370864
2040,central,Education,266907.996730303,5396997.25340154,0.0044103305056191,295181.866245447,0.0546937217837945,0.0494549069044051
2040,central,Environmental Protection,39918.7028605858,5396997.25340154,0.0035,44147.3367333822,0.00817998132305101,0.00739646529103315
2040,central,General public services excl interest,114154.461517856,5396997.25340154,-2.80812468607539e-05,126246.974252829,0.0233920768021996,0.0211514766745357
2040,central,Health,442336.199240455,5396997.25340154,0.00839038145493983,489193.378989125,0.0906417691209317,0.0819596858163427
2040,central,Housing and community amenities,24504.0723916416,5396997.25340154,-0.000566457395514847,27099.8168199772,0.00502127674845436,0.00454031589069227
2040,central,Public order and safety,102874.942639823,5396997.25340154,0.00498035707426025,113772.603032949,0.0210807227965961,0.0190615147293219
2040,central,"Recreation, culture and religion",36857.3122649398,5396997.25340154,0.00160075392474545,40761.6495288053,0.00755265337648905,0.00682922568502511
2040,central,Social Protection,583967.78018701,5396997.25340154,0.000623074728514772,645828.155373667,0.119664347608594,0.108202348967095
2040,central,Transport,89223.6128473349,5396997.25340154,0.00277633304893089,98675.1722543927,0.0182833467614239,0.0165320841679325
2041,central,Defence,127369.257155307,5634465.13255121,,140861.62831378,0.025,0.0226053856326972
2041,central,Economic affairs,79895.2362388581,5634465.13255121,-0.0035,88358.6300373647,0.0156818132615468,0.0141797374478884
2041,central,Education,279272.041389997,5634465.13255121,0.0044103305056191,308855.648304057,0.0548154334152764,0.0495649604390304
2041,central,Environmental Protection,41829.4828256447,5634465.13255121,0.0035,46260.527806636,0.00821027847690129,0.0074238604448875
2041,central,General public services excl interest,119212.013933431,5634465.13255121,-2.80812468607539e-05,131840.278983119,0.0233988987209196,0.0211576451586725
2041,central,Health,466803.942004503,5634465.13255121,0.00839038145493983,516253.017742486,0.0916241392213095,0.0828479600144656
2041,central,Housing and community amenities,25576.3917912957,5634465.13255121,-0.000566457395514847,28285.7282406865,0.00502012659147987,0.00453927590101441
2041,central,Public order and safety,107953.004950612,5634465.13255121,0.00498035707426025,119388.590295121,0.021188983778672,0.0191594059792739
2041,central,"Recreation, culture and religion",38550.8728770379,5634465.13255121,0.00160075392474545,42634.610954476,0.00756675388905489,0.00684197558599188
2041,central,Social Protection,611883.4619775,5634465.13255121,0.000623074728514772,676700.977280001,0.120100304351977,0.108596547779229
2041,central,Transport,93429.2655570395,5634465.13255121,0.00277633304893089,103326.334568144,0.0183382685201495,0.0165817452693573
2042,central,Defence,132973.50447014,5882381.59838346,,147059.539959587,0.025,0.0226053856326972
2042,central,Economic affairs,83154.7124383109,5882381.59838346,-0.0035,91963.3862804281,0.0156336995045851,0.0141362322466741
2042,central,Education,292206.453876503,5882381.59838346,0.0044103305056191,323160.217906044,0.0549369694062098,0.0496748551567624
2042,central,Environmental Protection,43831.6157234728,5882381.59838346,0.0035,48474.7489333618,0.00824066717240566,0.00745133837211754
2042,central,General public services excl interest,124493.364351744,5882381.59838346,-2.80812468607539e-05,137681.088894667,0.023405671086096,0.0211637688357308
2042,central,Health,492620.882656091,5882381.59838346,0.00839038145493983,544804.776459494,0.0926163607966562,0.0837451420682173
2042,central,Housing and community amenities,26695.5792810017,5882381.59838346,-0.000566457395514847,29523.4725418577,0.00501896588109331,0.00453822636877857
2042,central,Public order and safety,113281.429383846,5882381.59838346,0.00498035707426025,125281.460825857,0.0212977445836369,0.019257749176792
2042,central,"Recreation, culture and religion",40322.1565751282,5882381.59838346,0.00160075392474545,44593.5287615762,0.00758086295758693,0.00685473322339529
2042,central,Social Protection,641127.446671946,5882381.59838346,0.000623074728514772,709042.810736877,0.120536690603637,0.108991134959373
2042,central,Transport,97832.9170136409,5882381.59838346,0.00277633304893089,108196.46986262,0.0183933102694924,0.016631514868149
2043,central,Defence,138824.338666826,6141206.38871234,,153530.159717808,0.025,0.0226053856326972
2043,central,Economic affairs,86547.0025082062,6141206.38871234,-0.0035,95715.0255192082,0.0155857040882284,0.0140928340508603
2043,central,Education,305737.437648211,6141206.38871234,0.0044103305056191,338124.554272127,0.055058327773124,0.0497845892641164
2043,central,Environmental Protection,45929.4652516937,6141206.38871234,0.0035,50794.826062666,0.00827114785720733,0.00747889947748915
2043,central,General public services excl interest,130008.407078824,6141206.38871234,-2.80812468607539e-05,143780.346408662,0.0234123944560686,0.0211698482105701
2043,central,Health,519861.218492687,6141206.38871234,0.00839038145493983,574930.712242243,0.0936185296261948,0.0846513185826489
2043,central,Housing and community amenities,27863.6815057282,6141206.38871234,-0.000566457395514847,30815.3131719032,0.00501779474934149,0.00453716741338351
2043,central,Public order and safety,118872.548757936,6141206.38871234,0.00498035707426025,131464.853873135,0.0214070079316615,0.0193565467814966
2043,central,"Recreation, culture and religion",42174.7271810374,6141206.38871234,0.00160075392474545,46642.3442916568,0.00759498074798241,0.00686749874724214
2043,central,Social Protection,671762.68738347,6141206.38871234,0.000623074728514772,742923.277552728,0.120973507569821,0.109386111598233
2043,central,Transport,102443.880663815,6141206.38871234,0.00277633304893089,113295.87816856,0.0184484726611371,0.016681393553571
2044,central,Defence,144932.609568167,6411419.46981568,,160285.486745392,0.025,0.0226053856326972
2044,central,Economic affairs,90077.5133578055,6411419.46981568,-0.0035,99619.5274230516,0.0155378271367285,0.0140495429727974
2044,central,Education,319892.394857402,6411419.46981568,0.0044103305056191,353778.962295935,0.0551795064979745,0.0498941609363454
2044,central,Environmental Protection,48127.6034165431,6411419.46981568,0.0035,53225.8155186365,0.00830172097914016,0.00750654416594064
2044,central,General public services excl interest,135767.473577817,6411419.46981568,-2.80812468607539e-05,150149.477411965,0.0234190693837541,0.0211758837831462
2044,central,Health,548603.217590545,6411419.46981568,0.00839038145493983,606717.384193865,0.0946307423886753,0.0855665769761773
2044,central,Housing and community amenities,29082.8344269065,6411419.46981568,-0.000566457395514847,32163.6123570926,0.00501661332697316,0.00453609915305426
2044,central,Public order and safety,124739.30301335,6411419.46981568,0.00498035707426025,137953.080120123,0.0215167765530851,0.0194558012622026
2044,central,"Recreation, culture and religion",44112.3118230903,6411419.46981568,0.00160075392474545,48785.1794920109,0.00760910742491372,0.00688027230643177
2044,central,Social Protection,703855.110536048,6411419.46981568,0.000623074728514772,778415.28781306,0.121410756460057,0.109781478789483
2044,central,Transport,107271.907757701,6411419.46981568,0.00277633304893089,118635.343697189,0.0185037563453322,0.0167313819135881
2045,central,Defence,151309.644389166,6693521.92648757,,167338.048162189,0.025,0.0226053856326972
2045,central,Economic affairs,93751.8718775428,6693521.92648757,-0.0035,103683.114945335,0.0154900687685866,0.014006359119636
2045,central,Education,334699.980933209,6693521.92648757,0.0044103305056191,370155.132909,0.0553005035277802,0.0500035683171121
2045,central,Environmental Protection,50430.8204717124,6693521.92648757,0.0035,55773.0149920197,0.00833238698618661,0.00753427284254464
2045,central,General public services excl interest,141781.351773794,6693521.92648757,-2.80812468607539e-05,156800.412606892,0.0234256964164714,0.0211818760483531
2045,central,Health,578929.441676065,6693521.92648757,0.00839038145493983,640256.099898913,0.0956530966702738,0.0864910054877282
2045,central,Housing and community amenities,30355.2672182228,6693521.92648757,-0.000566457395514847,33570.8354100316,0.00501542174340017,0.00453502170480702
2045,central,Public order and safety,130895.269084708,6693521.92648757,0.00498035707426025,144761.154721661,0.0216270531883691,0.0195555150968775
2045,central,"Recreation, culture and religion",46138.8084155111,6693521.92648757,0.00160075392474545,51026.3451873768,0.00762324315177868,0.00689305404871101
2045,central,Social Protection,737473.755867436,6693521.92648757,0.000623074728514772,815595.194714051,0.121848438485961,0.110177237628685
2045,central,Transport,112327.207918411,6693521.92648757,0.00277633304893089,124226.157588677,0.018559161970784,0.0167814805347705
2046,central,Defence,157967.268742289,6988036.89125302,,174700.922281326,0.025,0.0226053856326972
2046,central,Economic affairs,97575.9338843815,6988036.89125302,-0.0035,107912.264216413,0.0154424290964302,0.0139632825932156
2046,central,Education,350190.161637494,6988036.89125302,0.0044103305056191,387286.206180626,0.0554213167742997,0.0501128095181966
2046,central,Environmental Protection,52844.1353312033,6988036.89125302,0.0035,58441.9750561208,0.00836314632644155,0.00756208591247546
2046,central,General public services excl interest,148061.306210703,6988036.89125302,-2.80812468607539e-05,163745.609803425,0.0234322760957925,0.0211878254958889
2046,central,Health,610926.98117609,6988036.89125302,0.00839038145493983,675643.175372802,0.0966856909725976,0.0874246931839745
2046,central,Housing and community amenities,31683.3063312715,6988036.89125302,-0.000566457395514847,35039.5552259941,0.00501422012666437,0.0045339351844192
2046,central,Public order and safety,137354.692242073,6988036.89125302,0.00498035707426025,151904.831965573,0.0217378405880646,0.0196556907726119
2046,central,"Recreation, culture and religion",48258.2934802435,6988036.89125302,0.00160075392474545,53370.3497303327,0.00763738809065773,0.00690584412063548
2046,central,Social Protection,772690.923006489,6988036.89125302,0.000623074728514772,854542.956666975,0.122286554860151,0.110573389212308
2046,central,Transport,117620.47067758,6988036.89125302,0.00277633304893089,130080.14172898,0.0186146901845641,0.0168316900022102
2047,central,Defence,164917.82856695,7295510.51446816,,182387.762861704,0.025,0.0226053856326972
2047,central,Economic affairs,101555.793430792,7295510.51446816,-0.0035,112313.714838709,0.015394908226912,0.0139203134899732
2047,central,Education,366394.272705021,7295510.51446816,0.0044103305056191,405206.837275821,0.0555419441137438,0.0502218826192358
2047,central,Environmental Protection,55372.8064787926,7295510.51446816,0.0035,61238.5112319202,0.00839399944808173,0.0075899837809814
2047,central,General public services excl interest,154619.099098109,7295510.51446816,-2.80812468607539e-05,170998.077195444,0.0234388089574167,0.0211937326101409
2047,central,Health,644687.703111568,7295510.51446816,0.00839038145493983,712980.209215132,0.0977286247208032,0.0883677299666761
2047,central,Housing and community amenities,33069.3797384709,7295510.51446816,-0.000566457395514847,36572.4569752951,0.00501300860340974,0.00453283970640424
2047,central,Public order and safety,144132.518973666,7295510.51446816,0.00498035707426025,159400.641638676,0.0218491415127919,0.0197563307856014
2047,central,"Recreation, culture and religion",50475.0303268596,7295510.51446816,0.00160075392474545,55821.9080477118,0.00765154240227714,0.00691864266753636
2047,central,Social Protection,809582.324932881,7295510.51446816,0.000623074728514772,895342.307014078,0.122725106795264,0.110969934636836
2047,central,Transport,123162.888022304,7295510.51446816,0.00277633304893089,136209.673685191,0.0186703416320305,0.01688201089945
2048,central,Defence,172174.213023896,7616512.97710476,,190412.824427619,0.025,0.0226053856326972
2048,central,Economic affairs,105697.79249213,7616512.97710476,-0.0035,116894.480600283,0.0153475062606298,0.0138774519008708
2048,central,Education,383345.082184332,7616512.97710476,0.0044103305056191,423953.265400004,0.0556623833865192,0.0503307856674922
2048,central,Environmental Protection,58022.3433977826,7616512.97710476,0.0035,64168.7166285907,0.00842494679934006,0.0076179668533616
2048,central,General public services excl interest,161467.012286946,7616512.97710476,-2.80812468607539e-05,178571.397664407,0.0234452955310642,0.0211995978700904
2048,central,Health,680308.512535123,7616512.97710476,0.00839038145493983,752374.37174164,0.0987819982718178,0.0893202065801149
2048,central,Housing and community amenities,34516.0213609693,7616512.97710476,-0.000566457395514847,38172.3430002496,0.00501178729885916,0.00453173538399061
2048,central,Public order and safety,151244.431485777,7616512.97710476,0.00498035707426025,167265.927181321,0.0219609587332317,0.0198574376411381
2048,central,"Recreation, culture and religion",52793.4776069453,7616512.97710476,0.00160075392474545,58385.9511011648,0.00766570624597805,0.00693144983349238
2048,central,Social Protection,848227.248641563,7616512.97710476,0.000623074728514772,938080.931712417,0.123164095503059,0.11136687499796
2048,central,Transport,128966.178000949,7616512.97710476,0.00277633304893089,142627.71281195,0.0187261169567608,0.0169324438084228
2049,central,Defence,179749.878396947,7951639.54809737,,198790.988702434,0.025,0.0226053856326972
2049,central,Economic affairs,110008.531047781,7951639.54809737,-0.0035,121661.860623892,0.0153002232920634,0.0138346979113387
2049,central,Education,401076.855600902,7951639.54809737,0.0044103305056191,443563.385864971,0.0557826323970011,0.0504395166776479
2049,central,Environmental Protection,60798.5185458418,7951639.54809737,0.0035,67238.9751868474,0.00845598882848457,0.00764603553494693
2049,central,General public services excl interest,168617.870215298,7951639.54809737,-2.80812468607539e-05,186479.754155801,0.0234517363403905,0.0212054217492347
2049,central,Health,717891.628251246,7951639.54809737,0.00839038145493983,793938.709911747,0.0998459129226647,0.0902822146186216
2049,central,Housing and community amenities,36025.8756896019,7951639.54809737,-0.000566457395514847,39842.1379256332,0.00501055633679553,0.0045306223291047
2049,central,Public order and safety,158706.883899403,7951639.54809737,0.00498035707426025,175518.88571837,0.0220732950301259,0.0199590138536118
2049,central,"Recreation, culture and religion",55218.2982601017,7951639.54809737,0.00160075392474545,61067.6357808203,0.00767987977969051,0.0069442657613063
2049,central,Social Protection,888708.723349385,7951639.54809737,0.000623074728514772,982850.65535879,0.123603522193604,0.111764211389842
2049,central,Transport,135042.609437547,7951639.54809737,0.00277633304893089,149347.827583857,0.0187820168004965,0.0169829893094008
2050,central,Defence,187658.873046413,8301511.68821365,,207537.792205341,0.025,0.0226053856326972
2050,central,Economic affairs,114494.87757209,8301511.68821365,-0.0035,126623.450969224,0.0152530594095292,0.013792051601234
2050,central,Education,419625.424069591,8301511.68821365,0.0044103305056191,464076.825416584,0.0559026889133303,0.0505480736316216
2050,central,Environmental Protection,63707.3799009241,8301511.68821365,0.0035,70455.9755538693,0.00848712598380142,0.00767419023108464
2050,central,General public services excl interest,176085.063867012,8301511.68821365,-2.80812468607539e-05,194737.956175714,0.0234581319029159,0.0212112047155236
2050,central,Health,757544.87359811,8301511.68821365,0.00839038145493983,837792.468913217,0.100920470918893,0.0912538465341993
2050,central,Housing and community amenities,37601.7026073156,8301511.68821365,-0.000566457395514847,41584.8939919512,0.00500931583954676,0.00452950065235731
2050,central,Public order and safety,166537.140227008,8301511.68821365,0.00498035707426025,184178.610058882,0.0221861531942882,0.0200610619465193
2050,central,"Recreation, culture and religion",57754.3688694814,8301511.68821365,0.00160075392474545,63872.3552518647,0.00769406315991215,0.00695709059248572
2050,central,Social Protection,931113.696597127,8301511.68821365,0.000623074728514772,1029747.63594647,0.124043388074546,0.112161944904457
2050,central,Transport,141405.027806811,8301511.68821365,0.00277633304893089,156384.224211462,0.0188380418030964,0.0170336479809546
2051,central,Defence,195915.863460455,8666778.20249505,,216669.455062376,0.025,0.0226053856326972
2051,central,Economic affairs,119163.979951702,8666778.20249505,-0.0035,131787.15670674,0.0152060146951494,0.0137495130448125
2051,central,Education,439028.255489146,8666778.20249505,0.0044103305056191,485535.020970977,0.0560225506672361,0.0506564544784076
2051,central,Environmental Protection,66755.2641054897,8666778.20249505,0.0035,73826.7256199033,0.00851835871358166,0.0077024313471264
2051,central,General public services excl interest,183882.575787816,8666778.20249505,-2.80812468607539e-05,203361.467456943,0.023464482729972,0.0212169472313112
2051,central,Health,799381.983112315,8666778.20249505,0.00839038145493983,884061.431312259,0.102005775463107,0.0922351956442342
2051,central,Housing and community amenities,39246.3824218387,8666778.20249505,-0.000566457395514847,43403.7966212257,0.00500806592797428,0.00452837046303321
2051,central,Public order and safety,174753.314216936,8666778.20249505,0.00498035707426025,193265.132761291,0.0222995360266231,0.0201635844524816
2051,central,"Recreation, culture and religion",60406.789445605,8666778.20249505,0.00160075392474545,66805.7497747689,0.00770825654169116,0.00696992446722759
2051,central,Social Protection,975533.218616594,8666778.20249505,0.000623074728514772,1078872.5687625,0.124483694350445,0.112560076630985
2051,central,Transport,148066.882324278,8666778.20249505,0.00277633304893089,163751.776601091,0.0188941926025001,0.0170844203999188
2052,central,Defence,204536.161452715,9048116.44340483,,226202.911085121,0.025,0.0226053856326972
2052,central,Economic affairs,124023.276846669,9048116.44340483,-0.0035,137161.20448226,0.0151590892248338,0.0137070823107133
2052,central,Education,459324.528957344,9048116.44340483,0.0044103305056191,507981.301912587,0.0561422153538766,0.0507646571339326
2052,central,Environmental Protection,69948.8102375524,9048116.44340483,0.0035,77358.5677480945,0.00854968746611137,0.00773075928841942
2052,central,General public services excl interest,192025.006205627,9048116.44340483,-2.80812468607539e-05,212366.434846256,0.0234707893266614,0.021222649753319
2052,central,Health,843522.925942723,9048116.44340483,0.00839038145493983,932878.274726955,0.103101930723596,0.0932263561393008
2052,central,Housing and community amenities,40962.9211177619,9048116.44340483,-0.000566457395514847,45302.1702254348,0.00500680672146472,0.00452723186908362
2052,central,Public order and safety,183374.411157284,9048116.44340483,0.00498035707426025,202799.472365608,0.0224134463381524,0.020266583913268
2052,central,"Recreation, culture and religion",63180.8936580535,9048116.44340483,0.00160075392474545,69873.7180208358,0.00772246007861301,0.00698276752440625
2052,central,Social Protection,1022062.6353498,9048116.44340483,0.000623074728514772,1130330.89985363,0.124924442222175,0.112958607655274
2052,central,Transport,155042.254308593,9048116.44340483,0.00277633304893089,171466.057721588,0.0189504698346991,0.0171353071413667
2053,central,Defence,213535.752556635,9446233.56691465,,236155.839172866,0.025,0.0226053856326972
2053,central,Economic affairs,129080.509513323,9446233.56691465,-0.0035,142754.155592259,0.0151122830682754,0.0136647594619539
2053,central,Education,480555.212551642,9446233.56691465,0.0044103305056191,531460.976114195,0.0562616806316998,0.0508726794809291
2053,central,Environmental Protection,73294.9742384354,9446233.56691465,0.0035,81059.19473059,0.00858111268966492,0.00775917446030029
2053,central,General public services excl interest,200527.600303757,9446233.56691465,-2.80812468607539e-05,221769.718466677,0.0234770521918305,0.0212283127326115
2053,central,Health,890094.246926595,9446233.56691465,0.00839038145493983,984382.949033981,0.104209041843066,0.0942274230910553
2053,central,Housing and community amenities,42754.4558375915,9446233.56691465,-0.000566457395514847,47283.4842681803,0.00500553833792447,0.00452608497712132
2053,central,Public order and safety,192420.371735578,9446233.56691465,0.00498035707426025,212803.681899209,0.0225278869500487,0.0203700628798263
2053,central,"Recreation, culture and religion",66082.2595355354,9446233.56691465,0.00160075392474545,73082.428905738,0.00773667392279062,0.00699561990156457
2053,central,Social Protection,1070801.7905253,9446233.56691465,0.000623074728514772,1184233.04950885,0.125365632886383,0.113357539059353
2053,central,Transport,162345.886875682,9446233.56691465,0.00277633304893089,179543.372444019,0.0190068741337149,0.0171863087785905
2054,central,Defence,222931.325669126,9861867.84385889,,246546.696096472,0.025,0.0226053856326972
2054,central,Economic affairs,134343.734107711,9861867.84385889,-0.0035,148574.919590612,0.0150655962889557,0.013622544555935
2054,central,Education,502763.144626628,9861867.84385889,0.0044103305056191,556021.419846311,0.0563809441223198,0.0509805193688237
2054,central,Environmental Protection,76801.0440285418,9861867.84385889,0.0035,84936.6665055407,0.00861263483250101,0.00778767726809143
2054,central,General public services excl interest,209406.276697886,9861867.84385889,-2.80812468607539e-05,231588.923211061,0.0234832718180537,0.0212339366145821
2054,central,Health,939229.426291,9861867.84385889,0.00839038145493983,1038723.0741736,0.105327214947463,0.0952384924602158
2054,central,Housing and community amenities,44624.260601754,9861867.84385889,-0.000566457395514847,49351.3595906188,0.00500426089377689,0.0045249298924181
2054,central,Public order and safety,201912.118055303,9861867.84385889,0.00498035707426025,223300.899767942,0.0226428606936762,0.0204740239123197
2054,central,"Recreation, culture and religion",69116.7206557606,9861867.84385889,0.00160075392474545,76438.3339647475,0.00775089822485774,0.0070084817349079
2054,central,Social Protection,1121855.23721557,9861867.84385889,0.000623074728514772,1240694.64622723,0.125807267535006,0.113756871920989
2054,central,Transport,169993.216027327,9861867.84385889,0.00277633304893089,188000.791923499,0.0190634061315848,0.017237425883088
2055,central,Defence,232740.303998568,10295790.0289887,,257394.750724717,0.025,0.0226053856326972
2055,central,Economic affairs,139821.334489086,10295790.0289887,-0.0035,154632.768448377,0.0150190289441602,0.0135804376444553
2055,central,Education,525993.118786345,10295790.0289887,0.0044103305056191,581712.171750712,0.0565000034104086,0.0510881746136398
2055,central,Environmental Protection,80474.6553439381,10295790.0289887,0.0035,88999.4276712722,0.00864425434286118,0.00781626811709978
2055,central,General public services excl interest,218677.657169925,10295790.0289887,-2.80812468607539e-05,241842.431625699,0.0234894486916274,0.0212395218389477
2055,central,Health,991069.258994923,10295790.0289887,0.00839038145493983,1096054.35967591,0.106456557154903,0.0962596611046342
2055,central,Housing and community amenities,46575.7522779661,10295790.0289887,-0.000566457395514847,51509.5750131745,0.0050029745039618,0.00452376671890434
2055,central,Public order and safety,211871.601915335,10295790.0289887,0.00498035707426025,234315.403149855,0.0227583704106358,0.0205784695801675
2055,central,"Recreation, culture and religion",72290.3778475353,10295790.0289887,0.00160075392474545,79948.1802944472,0.00776513313396506,0.0070213531593006
2055,central,Social Protection,1175332.45931942,10295790.0289887,0.000623074728514772,1299836.77166226,0.126249347354837,0.114156607313297
2055,central,Transport,178000.403199598,10295790.0289887,0.00277633304893089,196856.189595514,0.0191200664583532,0.017288659024555
2056,central,Defence,242980.877374505,10748804.7902642,,268720.119756605,0.025,0.0226053856326972
2056,central,Economic affairs,145522.0355438,10748804.7902642,-0.0035,160937.351289102,0.0149725810850032,0.0135384387737331
2056,central,Education,550291.972696595,10748804.7902642,0.0044103305056191,608585.031060733,0.0566188560436007,0.0511956429979105
2056,central,Environmental Protection,84323.8083281143,10748804.7902642,0.0035,93256.3258356289,0.00867597166897073,0.00784494741261756
2056,central,General public services excl interest,228359.097714223,10748804.7902642,-2.80812468607539e-05,252549.438245279,0.0234955832925748,0.0212450688397524
2056,central,Health,1045762.2547827,10748804.7902642,0.00839038145493983,1156541.04709242,0.10759717658469,0.0972910267874536
2056,central,Housing and community amenities,48612.4968108391,10748804.7902642,-0.000566457395514847,53762.0742250514,0.00500167928193717,0.00452259555917047
2056,central,Public order and safety,222321.855463498,10748804.7902642,0.00498035707426025,245872.664014548,0.0228744189528169,0.0206834024620922
2056,central,"Recreation, culture and religion",75609.6114285186,10748804.7902642,0.00160075392474545,83619.0240868467,0.00777937879777901,0.00703423430826492
2056,central,Social Protection,1231348.10343369,10748804.7902642,0.000623074728514772,1361786.21705598,0.126691873527132,0.114556746304389
2056,central,Transport,186384.369339681,10748804.7902642,0.00277633304893089,206128.278862547,0.0191768557420681,0.0173400087708821
2057,central,Defence,253672.035978983,11221752.2010358,,280543.805025895,0.025,0.0226053856326972
2057,central,Economic affairs,151454.917050727,11221752.2010358,-0.0035,167498.709723024,0.0149262527564602,0.0134965479844357
2057,central,Education,575708.6809097,11221752.2010358,0.0044103305056191,636694.160259066,0.0567374995324078,0.0513029222706023
2057,central,Environmental Protection,88356.8849149174,11221752.2010358,0.0035,97716.6308403018,0.00870778725904161,0.00787371555992492
2057,central,General public services excl interest,238468.720954013,11221752.2010358,-2.80812468607539e-05,263729.985443251,0.0235016760946573,0.0212505780453788
2057,central,Health,1103465.06007775,11221752.2010358,0.00839038145493983,1220356.3765814,0.108749182366436,0.0983326881853523
2057,central,Housing and community amenities,50738.2157230562,11221752.2010358,-0.000566457395514847,56112.9729740892,0.00500037533968267,0.00452141651447025
2057,central,Public order and safety,233287.044340979,11221752.2010358,0.00498035707426025,257999.407897233,0.0229910091824535,0.0207888251461698
2057,central,"Recreation, culture and religion",79081.0940031516,11221752.2010358,0.00160075392474545,87458.2447830109,0.00779363536248271,0.0070471253139819
2057,central,Social Protection,1290022.22160072,11221752.2010358,0.000623074728514772,1426675.75170095,0.127134847227268,0.114957289957058
2057,central,Transport,195162.830582834,11221752.2010358,0.00277633304893089,215836.652550338,0.019233774608783,0.0173914756881568
2058,central,Defence,264833.605562059,11715509.2978814,,292887.732447035,0.025,0.0226053856326972
2058,central,Economic affairs,157629.428110216,11715509.2978814,-0.0035,174327.293804508,0.0148800439974072,0.0134547653117156
2058,central,Education,602294.451881929,11715509.2978814,0.0044103305056191,666096.19237235,0.0568559313501467,0.051410010147049
2058,central,Environmental Protection,92582.6670403758,11715509.2978814,0.0035,102390.054901852,0.00873970156127721,0.00790257296429429
2058,central,General public services excl interest,249025.449988567,11715509.2978814,-2.80812468607539e-05,275405.000864449,0.0235077275653951,0.0212560498785657
2058,central,Health,1164342.90290694,11715509.2978814,0.00839038145493983,1287683.07896371,0.109912684649277,0.0993847448968777
2058,central,Housing and community amenities,52956.7928999609,11715509.2978814,-0.000566457395514847,58566.5665700504,0.00499906278770497,0.00452022968472549
2058,central,Public order and safety,244792.523440031,11715509.2978814,0.00498035707426025,270723.67556291,0.0231081439721846,0.0208947402298848
2058,central,"Recreation, culture and religion",82711.8038463926,11715509.2978814,0.00160075392474545,91473.5598745498,0.00780790297277914,0.00706002630729422
2058,central,Social Protection,1351480.52544028,11715509.2978814,0.000623074728514772,1494644.40399266,0.127578269624433,0.115358239328501
2058,central,Transport,204354.335604611,11715509.2978814,0.00277633304893089,226001.824216865,0.0192908236825636,0.0174430603406688
2059,central,Defence,276486.284206789,12230991.7069882,,305774.792674704,0.025,0.0226053856326972
2059,central,Economic affairs,164055.402159493,12230991.7069882,-0.0035,181433.978638035,0.014833954840667,0.0134130907852517
2059,central,Education,630102.829371768,12230991.7069882,0.0044103305056191,696850.343110677,0.0569741489328728,0.0515169043088926
2059,central,Environmental Protection,97010.3557229252,12230991.7069882,0.0035,107286.773713126,0.00877171502387885,0.00793152003099621
2059,central,General public services excl interest,260049.043734182,12230991.7069882,-2.80812468607539e-05,287596.336509781,0.0235137381660935,0.0212614847564326
2059,central,Health,1228570.06211087,12230991.7069882,0.00839038145493983,1358713.89463693,0.111087794611178,0.100447297450862
2059,central,Housing and community amenities,55272.281669906,12230991.7069882,-0.000566457395514847,61127.3377149981,0.00499774173504452,0.00451903516853226
2059,central,Public order and safety,256864.895403435,12230991.7069882,0.00498035707426025,284074.887702752,0.0232258262051184,0.0210011503201883
2059,central,"Recreation, culture and religion",86509.0389000655,12230991.7069882,0.00160075392474545,95673.0403826156,0.00782218177189613,0.00707293741771067
2059,central,Social Protection,1415854.65219879,12230991.7069882,0.000623074728514772,1565837.75566169,0.128022141881353,0.115759595470075
2059,central,Transport,213978.304726955,12230991.7069882,0.00277633304893089,236645.271400999,0.0193480035854977,0.0174947632909193
2060,central,Defence,288651.680711888,12769155.3420956,,319228.883552391,0.025,0.0226053856326972
2060,central,Economic affairs,170743.07259831,12769155.3420956,-0.0035,188830.081659103,0.0147879853130609,0.0133715244292962
2060,central,Education,659189.798415655,12769155.3420956,0.0044103305056191,729018.528069457,0.0570921496793234,0.0516236024040311
2060,central,Environmental Protection,101649.591053433,12769155.3420956,0.0035,112417.448550848,0.00880382809505382,0.00796055716530662
2060,central,General public services excl interest,271560.133824897,12769155.3420956,-2.80812468607539e-05,300326.809545889,0.023519708351876,0.0212668830905091
2060,central,Health,1296330.36216337,12769155.3420956,0.00839038145493983,1433652.12081176,0.112274624468346,0.101520447314929
2060,central,Housing and community amenities,57688.912193252,12769155.3420956,-0.000566457395514847,63799.9646750206,0.0049964122892838,0.00451783306316831
2060,central,Public order and safety,269532.072000495,12769155.3420956,0.00498035707426025,298083.912811727,0.0233440587749014,0.0211080580335598
2060,central,"Recreation, culture and religion",90480.4314098522,12769155.3420956,0.00160075392474545,100065.127045409,0.007836471901593,0.00708585877341224
2060,central,Social Protection,1483282.44327333,12769155.3420956,0.000623074728514772,1640408.24980205,0.128466465154056,0.116161359427075
2060,central,Transport,224055.070860529,12769155.3420956,0.00277633304893089,247789.480901896,0.0194053149377091,0.0175465850996341
2061,central,Defence,301352.354663211,13330998.1771479,,333274.954428697,0.025,0.0226053856326972
2061,central,Economic affairs,177703.089049655,13330998.1771479,-0.0035,196527.380617452,0.0147421354354651,0.0133300662627256
2061,central,Education,689613.896086536,13330998.1771479,0.0044103305056191,762665.485220759,0.0572099309508667,0.0517301020465729
2061,central,Environmental Protection,106510.473138387,13330998.1771479,0.0035,117793.249437345,0.00883604122302467,0.00798968477251529
2061,central,General public services excl interest,283580.263141769,13330998.1771479,-2.80812468607539e-05,313620.244915872,0.0235256385717225,0.0212722452867697
2061,central,Health,1367817.69499589,13330998.1771479,0.00839038145493983,1512712.18861384,0.113473287484725,0.102604296904085
2061,central,Housing and community amenities,60211.0991734672,13330998.1771479,-0.000566457395514847,66589.3298081761,0.00499507455655678,0.0045166234646016
2061,central,Public order and safety,282823.338520975,13330998.1771479,0.00498035707426025,312783.138403852,0.0234628445857886,0.0212154659960717
2061,central,"Recreation, culture and religion",94633.9632322444,13330998.1771479,0.00160075392474545,104658.647246613,0.00785077350216879,0.00709879050125946
2061,central,Social Protection,1553908.23579408,13330998.1771479,0.000623074728514772,1718515.51334127,0.128911240591659,0.116563532238554
2061,central,Transport,234605.922369444,13330998.1771479,0.00277633304893089,259457.996184438,0.0194627583573752,0.0175985263257787
2062,central,Defence,314611.858268392,13917562.0969424,,347939.052423559,0.025,0.0226053856326972
2062,central,Economic affairs,184946.534281325,13917562.0969424,-0.0035,204538.132291151,0.0146964052228722,0.0132887162990964
2062,central,Education,721436.327249759,13917562.0969424,0.0044103305056191,797858.902931354,0.0573274900714573,0.0518364008167965
2062,central,Environmental Protection,111603.58404169,13917562.0969424,0.0035,123425.879406656,0.00886835485603993,0.00801890325793542
2062,central,General public services excl interest,296131.92604255,13917562.0969424,-2.80812468607539e-05,327501.519830538,0.0235315292685124,0.021277571745673
2062,central,Health,1443236.5702981,13917562.0969424,0.00839038145493983,1596120.27167826,0.114683897981596,0.103698949589395
2062,central,Housing and community amenities,62843.4499043638,13917562.0969424,-0.000566457395514847,69500.5284641825,0.0049937286415594,0.00451540646749981
2062,central,Public order and safety,296769.421335315,13917562.0969424,0.00498035707426025,328206.545729149,0.0235821865527192,0.021323376843457
2062,central,"Recreation, culture and religion",98977.9818421111,13917562.0969424,0.00160075392474545,109462.832718662,0.00786508671247175,0.00711173272680107
2062,central,Social Protection,1627883.16787587,13917562.0969424,0.000623074728514772,1800326.69462764,0.129356469336189,0.116966114937149
2062,central,Transport,245653.147948645,13917562.0969424,0.00277633304893089,271675.46701053,0.019520334460747,0.0176505875265765
2063,central,Defence,328454.780032202,14529934.8292078,,363248.370730196,0.025,0.0226053856326972
2063,central,Economic affairs,192484.941815197,14529934.8292078,-0.0035,212875.09196125,0.014650794684456,0.0132474745467039
2063,central,Education,754721.085540364,14529934.8292078,0.0044103305056191,834669.553755266,0.0574448243275963,0.0519424962611144
2063,central,Environmental Protection,116940.010772645,14529934.8292078,0.0035,129327.599927669,0.0089007694423857,0.00804821302691424
2063,central,General public services excl interest,309238.610366796,14529934.8292078,-2.80812468607539e-05,341996.610223166,0.0235373808790725,0.0212828628622043
2063,central,Health,1522802.69584612,14529934.8292078,0.00839038145493983,1684114.92795271,0.115906571347267,0.104804509706748
2063,central,Housing and community amenities,65590.7726681214,14529934.8292078,-0.000566457395514847,72538.8782720529,0.00499237464756115,0.00451418216524082
2063,central,Public order and safety,311402.558776779,14529934.8292078,0.00498035707426025,344389.788164414,0.0237020876013929,0.0214317932211783
2063,central,"Recreation, culture and religion",103521.217072939,14529934.8292078,0.00160075392474545,114487.338056293,0.0078794116699101,0.00712468557428371
2063,central,Social Protection,1705365.49817841,14529934.8292078,0.000623074728514772,1886016.81684177,0.129802152522428,0.117369108548946
2063,central,Transport,257220.083608413,14529934.8292078,0.00277633304893089,284467.701400724,0.0195780438621715,0.0177027692575299
2064,central,Defence,342906.790353618,15169251.961693,,379231.299042324,0.025,0.0226053856326972
2064,central,Economic affairs,200330.314252158,15169251.961693,-0.0035,221551.533677879,0.0146053038236404,0.0132063410086439
2064,central,Education,789535.079795778,15169251.961693,0.0044103305056191,873171.434259638,0.0575619309682946,0.0520483858920398
2064,central,Environmental Protection,122531.369370026,15169251.961693,0.0035,135511.257539434,0.00893328543039841,0.00807761448484446
2064,central,General public services excl interest,322924.841294729,15169251.961693,-2.80812468607539e-05,357132.639254381,0.023543193834228,0.0212881190259225
2064,central,Health,1606743.58949447,15169251.961693,0.00839038145493983,1776947.77651837,0.117141424046862,0.105921082565705
2064,central,Housing and community amenities,68458.085499381,15169251.961693,-0.000566457395514847,75709.9288325797,0.00499101267641744,0.00451295064992385
2064,central,Public order and safety,326756.575508814,15169251.961693,0.00498035707426025,361370.273458399,0.02382255066835,0.0215407177845009
2064,central,"Recreation, culture and religion",108272.798623273,15169251.961693,0.00160075392474545,119742.260077465,0.00789374851046385,0.00713764916666258
2064,central,Social Protection,1786520.94044418,15169251.961693,0.000623074728514772,1975769.14797252,0.130248291277773,0.117772514093358
2064,central,Transport,269331.161864894,15169251.961693,0.00277633304893089,297861.720035561,0.0196358871741173,0.0177550720724422
2065,central,Defence,357994.689129178,15836699.0480075,,395917.476200187,0.025,0.0226053856326972
2065,central,Economic affairs,208495.142341749,15836699.0480075,-0.0035,230581.271349973,0.0145599326381708,0.0131653156828778
2065,central,Education,825948.266188431,15836699.0480075,0.0044103305056191,913441.911154294,0.057678807205042,0.0521540671881587
2065,central,Environmental Protection,128389.830134447,15836699.0480075,0.0035,141990.311756438,0.00896590326847835,0.00810710803717654
2065,central,General public services excl interest,337216.227141638,15836699.0480075,-2.80812468607539e-05,372937.927957616,0.0235489685588574,0.0212933406210094
2065,central,Health,1695299.22455633,15836699.0480075,0.00839038145493983,1874884.21133612,0.118388573632206,0.107048774458439
2065,central,Housing and community amenities,71450.6253313645,15836699.0480075,-0.000566457395514847,79019.4718333137,0.00498964282858275,0.00451171201238141
2065,central,Public order and safety,342866.960548944,15836699.0480075,0.00498035707426025,379187.250020863,0.0239435787010533,0.0216501531985658
2065,central,"Recreation, culture and religion",113242.274364406,15836699.0480075,0.00160075392474545,125238.158070403,0.00790809736869754,0.00715062362561304
2065,central,Social Protection,1871523.01371455,15836699.0480075,0.000623074728514772,2069775.58813188,0.130694886722135,0.118176332583022
2065,central,Transport,282011.963240204,15836699.0480075,0.00277633304893089,311885.813211136,0.0196938650072015,0.0178074965234429
2066,central,Defence,373746.455450861,16533513.8061198,,413337.845152995,0.025,0.0226053856326972
2066,central,Economic affairs,216992.424826798,16533513.8061198,-0.0035,239978.680692061,0.0145146811201884,0.0131243985622995
2066,central,Education,864033.786313528,16533513.8061198,0.0044103305056191,955561.874007315,0.0577954502117765,0.0522595375941024
2066,central,Environmental Protection,134528.144063792,16533513.8061198,0.0035,148778.864304361,0.00899862340510405,0.00813669408943168
2066,central,General public services excl interest,352139.507173222,16533513.8061198,-2.80812468607539e-05,389442.048119581,0.0235547054719506,0.0212985280263219
2066,central,Health,1788722.71039111,16533513.8061198,0.00839038145493983,1978204.15392941,0.119648138751799,0.108187692668755
2066,central,Housing and community amenities,74573.8575406658,16533513.8061198,-0.000566457395514847,82473.5516044455,0.00498826520312448,0.00451046634219174
2066,central,Public order and safety,359770.949128915,16533513.8061198,0.00498035707426025,397881.897454262,0.0240651746579719,0.0217601021384666
2066,central,"Recreation, culture and religion",118439.629485998,16533513.8061198,0.00160075392474545,130986.074967334,0.00792245837777386,0.00716360907154283
2066,central,Social Protection,1960553.40895714,16533513.8061198,0.000623074728514772,2168237.07501955,0.131141939967836,0.118580565023719
2066,central,Transport,295289.270180512,16533513.8061198,0.00277633304893089,326569.600468787,0.0197519779702188,0.0178600431610135
2025,pressure,Defence,49773.9279983015,2778415.30054645,,50175,0.018058855344675,0.0179145025542122
2025,pressure,Economic affairs,45994.383092003,2778415.30054645,-0.0045,46365,0.0166875700658865,0.0165541785934439
2025,pressure,Education,147254.442371617,2778415.30054645,0.00882066101123819,148441,0.0534264981807454,0.0529994354489249
2025,pressure,Environmental Protection,20610.9198210406,2778415.30054645,0.0095,20777,0.00747800373684728,0.00741822859130774
2025,pressure,General public services excl interest,63519.1705761683,2778415.30054645,0.00244383750627849,64031,0.0230458707837545,0.022861654470329
2025,pressure,Health,206082.414033904,2778415.30054645,0.0142807629098797,207743,0.0747703195987806,0.0741726458220169
2025,pressure,Housing and community amenities,13791.8668851098,2778415.30054645,0.00136708520897031,13903,0.0050039315566919,0.00496393281537044
2025,pressure,Public order and safety,52352.1529881886,2778415.30054645,0.0099607141485205,52774,0.0189942806568984,0.0188424505788937
2025,pressure,"Recreation, culture and religion",19811.3625521491,2778415.30054645,0.0057015078494909,19971,0.00718791031566525,0.00713045402112947
2025,pressure,Social Protection,309254.069910483,2778415.30054645,0.00374614945702954,311746,0.112202808535746,0.111305919546894
2025,pressure,Transport,46779.0602628382,2778415.30054645,0.00805266609786177,47156,0.0169722647261284,0.0168365975574774
2026,pressure,Defence,57170.8387573443,2962133.33333333,,57029.8636404759,0.0192529698102075,0.0193005622380304
2026,pressure,Economic affairs,49384.348440857,2962133.33333333,-0.00426666666666667,49262.5736961751,0.0166307752395262,0.0166718857267927
2026,pressure,Education,158579.57909604,2962133.33333333,0.00869330564419692,158188.544519988,0.0534035867797942,0.0535355979123289
2026,pressure,Environmental Protection,22415.5906467692,2962133.33333333,0.00926666666666667,22360.3170041257,0.00754872063066902,0.00756738070988339
2026,pressure,General public services excl interest,68637.2818117183,2962133.33333333,0.00244570958940254,68468.0320851924,0.023114432869956,0.0231715706512373
2026,pressure,Health,226459.007861444,2962133.33333333,0.014221404146217,225900.592316157,0.0762628034916807,0.0764513215232638
2026,pressure,Housing and community amenities,14888.4616110241,2962133.33333333,0.00140484903533796,14851.7487927197,0.00501386910089117,0.00502626314740191
2026,pressure,Public order and safety,56964.3894473174,2962133.33333333,0.00979535701023648,56823.9234049394,0.019183445513911,0.0192308660809723
2026,pressure,"Recreation, culture and religion",21471.5507127324,2962133.33333333,0.00559479092117454,21418.6049376333,0.00723080379151286,0.0072486779953859
2026,pressure,Social Protection,336626.83589193,2962133.33333333,0.00387127780846189,335796.76222916,0.113363148934043,0.113643377259159
2026,pressure,Transport,50807.9823894901,2962133.33333333,0.00786757722793305,50682.6971669729,0.0171102011501754,0.0171524967555445
2027,pressure,Defence,61467.7769114977,3095135.13513514,,63286.4889529121,0.02044708427574,0.0198594808393766
2027,pressure,Economic affairs,49818.7469768098,3095135.13513514,-0.00403333333333333,51292.786865146,0.0165720670102201,0.0160958228968037
2027,pressure,Education,160493.516839966,3095135.13513514,0.00856595027715565,165242.20804554,0.0533877200286846,0.051853476450216
2027,pressure,Environmental Protection,22899.9201434526,3095135.13513514,0.00903333333333333,23577.484268999,0.00761759446343838,0.00739868184865301
2027,pressure,General public services excl interest,69677.1473345662,3095135.13513514,0.00244758167252659,71738.7586899148,0.023177908413612,0.022511827203798
2027,pressure,Health,233814.516133754,3095135.13513514,0.0141620453825543,240732.633191447,0.0777777456172156,0.0755425872943492
2027,pressure,Housing and community amenities,15099.3549797682,3095135.13513514,0.00144261286170562,15546.1155443944,0.00502275825307886,0.00487841542308264
2027,pressure,Public order and safety,58228.5309108732,3095135.13513514,0.00962999987195246,59951.3999593822,0.0193695581426575,0.0188129203955842
2027,pressure,"Recreation, culture and religion",21860.8524432439,3095135.13513514,0.00548807399285817,22507.672575219,0.00727195149566102,0.00706297188613361
2027,pressure,Social Protection,344288.712233887,3095135.13513514,0.00399640615989424,354475.546021034,0.114526678333725,0.111235437937948
2027,pressure,Transport,51838.4926597509,3095135.13513514,0.00768248835800432,53372.2928969842,0.0172439297693714,0.016748377824055
2028,pressure,Defence,64493.1912205742,3185558.58310627,,68939.3063989692,0.0216411987412725,0.0202454889897791
2028,pressure,Economic affairs,49827.0187021311,3185558.58310627,-0.0038,53262.0582768985,0.016719848933044,0.0156415326864101
2028,pressure,Education,161103.525934707,3185558.58310627,0.00843859491011437,172209.889542944,0.0540595581748869,0.0505730852947031
2028,pressure,Environmental Protection,23184.9413286194,3185558.58310627,0.0088,24783.2948540143,0.00777988983955457,0.00727813999452854
2028,pressure,General public services excl interest,70113.1134801086,3185558.58310627,0.00244945375565064,74946.662140808,0.0235270079596925,0.0220096763725941
2028,pressure,Health,239156.252653244,3185558.58310627,0.0141026866188917,255643.516266746,0.0802507659480762,0.0750751387595076
2028,pressure,Housing and community amenities,15179.5696038202,3185558.58310627,0.00148037668807328,16226.0384409138,0.00509362424755398,0.00476512021606536
2028,pressure,Public order and safety,58990.9848782818,3185558.58310627,0.00946464273366845,63057.7818267964,0.0197948900268876,0.0185182545978354
2028,pressure,"Recreation, culture and religion",22060.102504475,3185558.58310627,0.00538135706454181,23580.9104335887,0.00740244130453087,0.00692503431626235
2028,pressure,Social Protection,348862.245409148,3185558.58310627,0.00412153451132659,372912.562894255,0.117063476676239,0.109513680664748
2028,pressure,Transport,52417.8826227673,3185558.58310627,0.00749739948807559,56031.5345314058,0.0175892337464938,0.0164548481075662
2029,pressure,Defence,69139.9121575604,3331215.46961326,,76069.3486079728,0.022835313206805,0.0207551606277775
2029,pressure,Economic affairs,50468.5654856562,3331215.46961326,-0.00356666666666667,55526.696257928,0.0166685994239737,0.0151501954604922
2029,pressure,Education,163869.523358857,3331215.46961326,0.0083112395430731,180293.082672714,0.054122311906064,0.0491921116642394
2029,pressure,Environmental Protection,23760.0415651107,3331215.46961326,0.00856666666666667,26141.3535012524,0.00784739196239604,0.00713254419650889
2029,pressure,General public services excl interest,71430.7026450405,3331215.46961326,0.00245132583877469,78589.7298861965,0.0235919082998616,0.0214428346940083
2029,pressure,Health,247472.876877282,3331215.46961326,0.014043327855229,272275.44778038,0.0817345651351666,0.0742890632967709
2029,pressure,Housing and community amenities,15450.9018791344,3331215.46961326,0.00151814051444093,16999.4436595901,0.00510307538334158,0.00463821749750946
2029,pressure,Public order and safety,60496.742179266,3331215.46961326,0.00929928559538443,66559.9308253969,0.0199806741510852,0.018160561131847
2029,pressure,"Recreation, culture and religion",22535.8992535965,3331215.46961326,0.00527464013622545,24794.5234962022,0.00744308608145384,0.00676506802371833
2029,pressure,Social Protection,357665.852283289,3331215.46961326,0.00424666286275894,393512.336846816,0.118128755235548,0.107367972905341
2029,pressure,Transport,53653.4574533293,3331215.46961326,0.00731231061814687,59030.7888985948,0.0177204955479653,0.0161062705017872
2030,pressure,Defence,74235.9318636875,3508707.86516854,,84312.2418694291,0.0240294276723375,0.0211576268861362
2030,pressure,Economic affairs,51354.9059515495,3508707.86516854,-0.00333333333333333,58325.4920234493,0.0166230687377695,0.0146364154341139
2030,pressure,Education,167551.81866017,3508707.86516854,0.00818388417603183,190294.229571719,0.0542348456709085,0.0477531402153715
2030,pressure,Environmental Protection,24449.0859106226,3508707.86516854,0.00833333333333333,27767.6482672561,0.00791392425197595,0.0069681167113775
2030,pressure,General public services excl interest,73090.4161521202,3508707.86516854,0.00245319792189874,83011.2411907249,0.0236586357088288,0.0208311489473659
2030,pressure,Health,256931.883658928,3508707.86516854,0.0139839690915664,291806.172229325,0.0831662775707625,0.0732269238512356
2030,pressure,Housing and community amenities,15796.3160084871,3508707.86516854,0.00155590434080859,17940.4067884404,0.00511310929203809,0.00450203226244608
2030,pressure,Public order and safety,62298.6394010597,3508707.86516854,0.00913392845710041,70754.6577708923,0.020165445654021,0.017755436415641
2030,pressure,"Recreation, culture and religion",23119.506707202,3508707.86516854,0.00516792320790909,26257.6004970039,0.00748355277954798,0.00658917971960926
2030,pressure,Social Protection,367933.951009542,3508707.86516854,0.00437179121419129,417874.949376979,0.119096535087827,0.104863090672802
2030,pressure,Transport,55145.9716429229,3508707.86516854,0.00712722174821814,62631.1326948815,0.0178501987345911,0.0157168888839008
2031,pressure,Defence,80808.2251787009,3638530.05617978,,91776.6161919571,0.02522354213787,0.0222090305510749
2031,pressure,Economic affairs,53242.3281370468,3638530.05617978,-0.0031,60469.1008099002,0.016619101636167,0.014632922448069
2031,pressure,Education,174655.583854622,3638530.05617978,0.00805652880899055,198362.214363208,0.0545171295277069,0.0480016878129074
2031,pressure,Environmental Protection,25624.7831016114,3638530.05617978,0.0081,29102.927066125,0.00799853968959136,0.00704261960350983
2031,pressure,General public services excl interest,76187.5914183091,3638530.05617978,0.00245507000502279,86528.8071941318,0.023781253928951,0.020939112840063
2031,pressure,Health,271569.580871786,3638530.05617978,0.0139246103279037,308430.696726277,0.0847679397899792,0.0746371684935089
2031,pressure,Housing and community amenities,16451.9071214665,3638530.05617978,0.00159366816717625,18684.9836408798,0.00513531106034007,0.00452158065687108
2031,pressure,Public order and safety,65349.1930347784,3638530.05617978,0.0089685713188164,74219.274019989,0.0203981478437791,0.0179603279417158
2031,pressure,"Recreation, culture and religion",24160.1650894382,3638530.05617978,0.00506120627959272,27439.5111839695,0.00754137268630377,0.00664008946371184
2031,pressure,Social Protection,385327.585817855,3638530.05617978,0.00449691956562364,437629.484790365,0.120276451763009,0.105901993351245
2031,pressure,Transport,57733.1859013954,3638530.05617978,0.00694213287828942,65569.5188490273,0.0180208814649373,0.0158671730094245
2032,pressure,Defence,87765.2392083039,3773155.66825843,,99677.9307552328,0.0264176566034025,0.0232604342160136
2032,pressure,Economic affairs,55214.1441283716,3773155.66825843,-0.00286666666666667,62708.5584769482,0.0166196584478298,0.0146334127141531
2032,pressure,Education,182331.362878931,3773155.66825843,0.00792917344194928,207079.854478808,0.0548824041957404,0.048323307838261
2032,pressure,Environmental Protection,26852.1585963904,3773155.66825843,0.00786666666666667,30496.8986508076,0.00808259752105166,0.00711663153001702
2032,pressure,General public services excl interest,79419.6812888792,3773155.66825843,0.00245694208814684,90199.6002463644,0.0239056132788706,0.0210486097769554
2032,pressure,Health,286901.723102616,3773155.66825843,0.0138652515642411,325843.925760916,0.0863584634214986,0.0760376057410431
2032,pressure,Housing and community amenities,17136.0972606338,3773155.66825843,0.0016314319935439,19462.0413681819,0.00515802767744407,0.00454158236957749
2032,pressure,Public order and safety,68541.2311247689,3773155.66825843,0.00880321418053238,77844.5789194261,0.0206311601650288,0.0181654925349013
2032,pressure,"Recreation, culture and religion",25246.178076957,3773155.66825843,0.00495448935127636,28672.932619901,0.00759919153644026,0.00669099827747362
2032,pressure,Social Protection,403438.757734232,3773155.66825843,0.00462204791705598,458198.951203964,0.121436535221314,0.106923433116781
2032,pressure,Transport,60433.6518032819,3773155.66825843,0.00675704400836069,68636.5286994333,0.0181907492650877,0.0160167395985483
2033,pressure,Defence,95126.4458158279,3912762.42798399,,108038.300408624,0.027611771068935,0.0243118378809523
2033,pressure,Economic affairs,57262.7047537816,3912762.42798399,-0.00263333333333333,65035.1776032616,0.0166212947502592,0.0146348534590907
2033,pressure,Education,190433.487946987,3912762.42798399,0.00780181807490801,216281.710119936,0.0552759627247221,0.0486698314686859
2033,pressure,Environmental Protection,28127.4034446744,3912762.42798399,0.00763333333333333,31945.2370684985,0.0081643692037183,0.00718863052954808
2033,pressure,General public services excl interest,82775.5630284965,3912762.42798399,0.00245881417127089,94010.9878832213,0.0240267559335719,0.0211552744517499
2033,pressure,Health,303013.000562817,3912762.42798399,0.0138058928005784,344142.044851603,0.0879537286471334,0.0774422179061203
2033,pressure,Housing and community amenities,17846.4912034705,3912762.42798399,0.00166919581991156,20268.8596356619,0.00518019174655213,0.00456109757030808
2033,pressure,Public order and safety,71866.0189420892,3912762.42798399,0.00863785704224837,81620.6521440899,0.0208601093591425,0.0183670795926952
2033,pressure,"Recreation, culture and religion",26373.9884238276,3912762.42798399,0.00484777242295999,29953.8247210847,0.00765541615991188,0.0067405033935108
2033,pressure,Social Protection,422384.890704217,3912762.42798399,0.00474717626848833,479716.71093774,0.122603076411391,0.107950558838771
2033,pressure,Transport,63238.8178465526,3912762.42798399,0.00657195513843197,71822.4500179457,0.0183559445123152,0.0161621920600827
2034,pressure,Defence,102912.231099832,4057534.6378194,,116880.878329163,0.0288058855344675,0.0253632415458909
2034,pressure,Economic affairs,59389.0491530877,4057534.6378194,-0.0024,67450.138374835,0.0166234288540995,0.0146367325122835
2034,pressure,Education,198913.95879442,4057534.6378194,0.00767446270786674,225913.265773718,0.0556774706660615,0.0490233544626796
2034,pressure,Environmental Protection,29450.7466918561,4057534.6378194,0.0074,33448.2024537453,0.00824347921567494,0.00725828595949672
2034,pressure,General public services excl interest,86256.349113756,4057534.6378194,0.00246068625439494,97964.2335817467,0.0241437824507136,0.0212583149161018
2034,pressure,Health,320033.036563844,4057534.6378194,0.0137465340369158,363472.271548021,0.0895795856331516,0.0788737657544276
2034,pressure,Housing and community amenities,18583.342765342,4057534.6378194,0.00170695964627921,21105.7267099576,0.00520161344113634,0.00457995911904996
2034,pressure,Public order and safety,75325.1656698051,4057534.6378194,0.00847249990396435,85549.3212972509,0.0210840643231642,0.0185642692899564
2034,pressure,"Recreation, culture and religion",27543.8865210766,4057534.6378194,0.00474105549464363,31282.5172943652,0.00770973511915034,0.00678833059472765
2034,pressure,Social Protection,442367.235884059,4057534.6378194,0.00487230461992068,502411.331691135,0.123821822002028,0.109023649918069
2034,pressure,Transport,66149.2679135765,4057534.6378194,0.00638686626850324,75127.945939387,0.0185156634866738,0.0163028227281201
2035,pressure,Defence,111143.936390532,4207663.41941871,,126229.902582561,0.03,0.0264146452108296
2035,pressure,Economic affairs,61597.1088416001,4207663.41941871,-0.00216666666666667,69957.9059456906,0.0166263075185218,0.0146392671422634
2035,pressure,Education,207803.980179026,4207663.41941871,0.00754710734082546,236009.961731944,0.0560905039701462,0.049387025402268
2035,pressure,Environmental Protection,30823.7623805486,4207663.41941871,0.00716666666666667,35007.5824996257,0.00831995789826315,0.00732562453505536
2035,pressure,General public services excl interest,89867.2370153705,4207663.41941871,0.002462558337519,102065.240284045,0.0242569878125244,0.021357990898375
2035,pressure,Health,337904.354248194,4207663.41941871,0.0136871752732531,383769.327452096,0.091207230521569,0.0803068878296532
2035,pressure,Housing and community amenities,19347.7900702235,4207663.41941871,0.00174472347264687,21973.9351967043,0.0052223604899795,0.00459822665019543
2035,pressure,Public order and safety,78923.7799267272,4207663.41941871,0.00830714276568033,89636.3884089228,0.0213031270503347,0.0187571514305273
2035,pressure,"Recreation, culture and religion",28757.4469520914,4207663.41941871,0.00463433856632727,32660.798646996,0.00776221750443814,0.00683454071430083
2035,pressure,Social Protection,463244.108047461,4207663.41941871,0.00499743297135303,526121.896792546,0.125038969220886,0.110095333649919
2035,pressure,Transport,69168.6317795782,4207663.41941871,0.00620177739857451,78557.138921427,0.0186700149443701,0.0164387273612141
2036,pressure,Defence,115256.262036981,4363346.96593721,,130900.408978116,0.03,0.0264146452108296
2036,pressure,Economic affairs,63890.4205371714,4363346.96593721,-0.00193333333333333,72562.4970851139,0.016630008489258,0.0146425258032278
2036,pressure,Education,217015.753438598,4363346.96593721,0.00741975197378419,246472.082104239,0.0564869317128209,0.0497360753414175
2036,pressure,Environmental Protection,32247.7691606156,4363346.96593721,0.00693333333333333,36624.8748410913,0.00839375716096065,0.00739060391308787
2036,pressure,General public services excl interest,93612.7789518378,4363346.96593721,0.00246443042064305,106319.178097601,0.0243664276363052,0.0214543513689452
2036,pressure,Health,356956.439528842,4363346.96593721,0.0136278165095904,405407.420784696,0.0929120292173736,0.0818079429198387
2036,pressure,Housing and community amenities,20140.8350019884,4363346.96593721,0.00178248729901453,22874.6229690766,0.00524244877788749,0.00461591415012818
2036,pressure,Public order and safety,82666.3882340767,4363346.96593721,0.00814178562739631,93886.9944013308,0.0215171965773675,0.018945637117428
2036,pressure,"Recreation, culture and religion",30016.0244194665,4363346.96593721,0.0045276216380109,34090.2073602265,0.0078128573378084,0.00687912848870119
2036,pressure,Social Protection,485551.835597593,4363346.96593721,0.00512256132278538,551457.532428098,0.126384066344733,0.111279675759936
2036,pressure,Transport,72299.9838549657,4363346.96593721,0.00601668852864579,82113.5206752545,0.018818929898603,0.0165698452173024
2037,pressure,Defence,119520.743732349,4524790.80367688,,135743.724110306,0.03,0.0264146452108296
2037,pressure,Economic affairs,66200.4970116476,4524790.80367688,-0.0017,75186.128547174,0.0166164872166194,0.0146306204825762
2037,pressure,Education,226305.872238896,4524790.80367688,0.00729239660674292,257023.182139256,0.0568033293230699,0.0500146596954268
2037,pressure,Environmental Protection,33687.363152127,4524790.80367688,0.0067,38259.870102267,0.00845561082540582,0.0074450653331315
2037,pressure,General public services excl interest,97391.4792695778,4524790.80367688,0.0024663025037671,110610.774998767,0.0244455003110605,0.0215239739239296
2037,pressure,Health,376271.663690954,4524790.80367688,0.0135684577459278,427344.369785464,0.0944451110177737,0.0831578033143969
2037,pressure,Housing and community amenities,20940.6808281593,4524790.80367688,0.00182025112538218,23783.0347457107,0.00525616227967586,0.00462798872627278
2037,pressure,Public order and safety,86463.3362247642,4524790.80367688,0.0079764284891123,98199.3157977176,0.0217025095873869,0.0191088030311818
2037,pressure,"Recreation, culture and religion",31286.8895519267,4524790.80367688,0.00442090470969454,35533.5715875141,0.00785308606060621,0.00691454940336749
2037,pressure,Social Protection,507907.877065821,4524790.80367688,0.00524768967421773,576848.039803601,0.127486123631362,0.112250024167546
2037,pressure,Transport,75464.1560185443,4524790.80367688,0.00583159965871706,85707.177305874,0.0189416883618636,0.0166779325924243
2038,pressure,Defence,123943.011250446,4692208.06341293,,140766.241902388,0.03,0.0264146452108296
2038,pressure,Economic affairs,68602.8465928287,4692208.06341293,-0.00146666666666667,77914.5576765527,0.0166050943657176,0.0146205892120925
2038,pressure,Education,235939.784771458,4692208.06341293,0.00716504123970164,267964.740266199,0.0571084522776451,0.050283316848453
2038,pressure,Environmental Protection,35179.7681391343,4692208.06341293,0.00646666666666667,39954.8445852808,0.00851514767574464,0.00749748682575384
2038,pressure,General public services excl interest,101312.768751887,4692208.06341293,0.00246817458689115,115064.315204601,0.0245224239099295,0.0215917042430117
2038,pressure,Health,396567.524772178,4692208.06341293,0.0135090989822651,450395.06108103,0.095987870741058,0.0845161850056007
2038,pressure,Housing and community amenities,21770.9141047866,4692208.06341293,0.00185801495174984,24725.9585707335,0.00526957846637961,0.0046398015200015
2038,pressure,Public order and safety,90411.2062720128,4692208.06341293,0.00781107135082828,102683.044444162,0.021883736410758,0.0192683711059162
2038,pressure,"Recreation, culture and religion",32604.9321472993,4692208.06341293,0.00431418778137818,37030.516844419,0.00789191705567388,0.00694873963529736
2038,pressure,Social Protection,531300.538413797,4692208.06341293,0.00537281802565008,603415.871203114,0.128599555486082,0.113230387747842
2038,pressure,Transport,78744.8298749056,4692208.06341293,0.00564651078878834,89433.1488230112,0.0190599282074378,0.0167820413781118
2039,pressure,Defence,128528.902666713,4865819.7617592,,145974.592852776,0.03,0.0264146452108296
2039,pressure,Economic affairs,71101.577899672,4865819.7617592,-0.00123333333333333,80752.4507698343,0.016595857373196,0.0146124561494168
2039,pressure,Education,245928.105870076,4865819.7617592,0.00703768587266037,279308.812108423,0.0574022108881898,0.0505419678309585
2039,pressure,Environmental Protection,36726.4010510535,4865819.7617592,0.00623333333333333,41711.407544474,0.00857232893669567,0.00754783424977814
2039,pressure,General public services excl interest,105381.811094235,4865819.7617592,0.0024700466700152,119685.66329753,0.02459722496056,0.0216575656834718
2039,pressure,Health,417890.968441525,4865819.7617592,0.0134497402186025,474612.812444889,0.0975401547288911,0.0858829526991028
2039,pressure,Housing and community amenities,22632.677045693,4865819.7617592,0.0018957787781175,25704.6916947579,0.00528270526926887,0.00465135951470391
2039,pressure,Public order and safety,94514.9765760999,4865819.7617592,0.00764571421254427,107343.834249968,0.0220607912963793,0.0194242658388006
2039,pressure,"Recreation, culture and religion",33971.6589267898,4865819.7617592,0.00420747085306182,38582.7543648347,0.00792934310227827,0.00698169282672066
2039,pressure,Social Protection,555779.328332095,4865819.7617592,0.00549794637708242,631217.255309831,0.129724750651598,0.114221108784177
2039,pressure,Transport,82145.3586801792,4865819.7617592,0.00546142191885961,93295.2436323098,0.0191735921592335,0.0168821211434433
2040,pressure,Defence,133284.472065381,5045855.09294429,,151375.652788329,0.03,0.0264146452108296
2040,pressure,Economic affairs,73700.9971418979,5045855.09294429,-0.001,83704.698534071,0.0165888034817165,0.0146062452813905
2040,pressure,Education,256281.698217242,5045855.09294429,0.0069103305056191,291067.734779384,0.0576845211402104,0.0507905386691753
2040,pressure,Environmental Protection,38328.6942721903,5045855.09294429,0.006,43531.1857868256,0.00862711770056497,0.0075960751084164
2040,pressure,General public services excl interest,109603.951927701,5045855.09294429,0.00247191875313925,124480.890490361,0.0246699297140785,0.0217215813591163
2040,pressure,Health,440291.062201432,5045855.09294429,0.0133903814549398,500053.351488043,0.099101805794478,0.0872579679937892
2040,pressure,Housing and community amenities,23527.1549402716,5045855.09294429,0.00193354260448515,26720.5802907689,0.0052955504663883,0.00466266955885634
2040,pressure,Public order and safety,98779.7470351221,5045855.09294429,0.00748035707426025,112187.477340741,0.0222335907936823,0.0195764137525962
2040,pressure,"Recreation, culture and religion",35388.6159119644,5045855.09294429,0.00410075392474545,40192.0400173941,0.00796535756121799,0.00701340313189907
2040,pressure,Social Protection,581396.201393955,5045855.09294429,0.00562307472851477,660311.198678063,0.130862100974994,0.115222532293274
2040,pressure,Transport,85669.1540885469,5045855.09294429,0.00527633304893088,97297.3364640428,0.0192826259715812,0.0169781241257482
2041,pressure,Defence,138215.9975318,5232551.73138323,,156976.551941497,0.03,0.0264146452108296
2041,pressure,Economic affairs,76388.2545208815,5232551.73138323,-0.001,86756.7070212589,0.0165801909804195,0.0145986620758526
2041,pressure,Education,267044.553394708,5232551.73138323,0.0069103305056191,303291.470996427,0.0579624409974541,0.0510352438167132
2041,pressure,Environmental Protection,39997.1249355636,5232551.73138323,0.006,45426.0785442979,0.0086814389759104,0.00764390434893804
2041,pressure,General public services excl interest,113984.51792729,5232551.73138323,0.00247191875313925,129456.046466857,0.0247405191792792,0.0217837345484128
2041,pressure,Health,463845.537474226,5232551.73138323,0.0133903814549398,526804.960398321,0.100678404618287,0.0886461446128136
2041,pressure,Housing and community amenities,24454.6806965471,5232551.73138323,0.00193354260448515,27774.0024535946,0.00530792696936271,0.00467356692335701
2041,pressure,Public order and safety,103227.232956909,5232551.73138323,0.00748035707426025,117238.636521138,0.0224056335301909,0.019727895347462
2041,pressure,"Recreation, culture and religion",36861.2023567194,5232551.73138323,0.00410075392474545,41864.5059161425,0.00800078204006128,0.00704459396657988
2041,pressure,Social Protection,608132.0281805,5232551.73138323,0.00562307472851477,690675.975384112,0.131996014724833,0.116220929939997
2041,pressure,Transport,89335.6959069622,5232551.73138323,0.00527633304893088,101461.551189417,0.0193904535297533,0.017073065015517
2042,pressure,Defence,143329.989440477,5426156.14544441,,162784.684363332,0.03,0.0264146452108296
2042,pressure,Economic affairs,79166.1800157086,5426156.14544441,-0.001,89911.6903337225,0.0165700521554671,0.0145897349603869
2042,pressure,Education,278232.162010639,5426156.14544441,0.0069103305056191,315997.613963674,0.0582359971761914,0.0512761067969324
2042,pressure,Environmental Protection,41734.3260762361,5426156.14544441,0.006,47399.0762432716,0.00873529529426941,0.00769132420033186
2042,pressure,General public services excl interest,118529.212889119,5426156.14544441,0.00247191875313925,134617.609219893,0.0248090186886554,0.0218440475563225
2042,pressure,Health,488612.214193127,5426156.14544441,0.0133903814549398,554933.30721641,0.1022700586459,0.0900475771607395
2042,pressure,Housing and community amenities,25416.4248297075,5426156.14544441,0.00193354260448515,28866.2875766589,0.005319840933972,0.00468405702829729
2042,pressure,Public order and safety,107864.998764346,5426156.14544441,0.00748035707426025,122505.902960365,0.0225769217981713,0.0198787126417114
2042,pressure,"Recreation, culture and religion",38391.5191426983,5426156.14544441,0.00410075392474545,43602.5381029441,0.00803562170608582,0.00707526988048995
2042,pressure,Social Protection,636033.87986133,5426156.14544441,0.00562307472851477,722365.045736709,0.133126475975664,0.117216287702174
2042,pressure,Transport,93150.5559720298,5426156.14544441,0.00527633304893088,105794.215930456,0.0194970828510486,0.0171669508718866
2043,pressure,Defence,148633.199049775,5626923.92282585,,168807.717684776,0.03,0.0264146452108296
2043,pressure,Economic affairs,82037.6919100242,5626923.92282585,-0.001,93172.9628642409,0.0165584187989962,0.0145794919275938
2043,pressure,Education,289860.58184503,5626923.92282585,0.0069103305056191,329204.401041349,0.0585052162702819,0.0515131510254117
2043,pressure,Environmental Protection,43543.0329198747,5626923.92282585,0.006,49453.2853714303,0.00878868917541624,0.00773833688122929
2043,pressure,General public services excl interest,123243.940200881,5626923.92282585,0.00247191875313925,139972.283425203,0.0248754533284873,0.0219025424710181
2043,pressure,Health,514651.746157397,5626923.92282585,0.0133903814549398,584507.27849988,0.103876875983484,0.0914623608237692
2043,pressure,Housing and community amenities,26413.5981292903,5626923.92282585,0.00193354260448515,29998.8107943177,0.00533129845111754,0.00469414523664384
2043,pressure,Public order and safety,112700.914517463,5626923.92282585,0.00748035707426025,127998.214950005,0.0227474578838315,0.0200288676483232
2043,pressure,"Recreation, culture and religion",39981.7443784279,5626923.92282585,0.00410075392474545,45408.6103288293,0.0080698816887549,0.00710543539006104
2043,pressure,Social Protection,665150.753023605,5626923.92282585,0.00562307472851477,755434.056805999,0.134253469065318,0.118208591789449
2043,pressure,Transport,97119.5180183417,5626923.92282585,0.00527633304893088,110301.899468849,0.019602521907468,0.0172597887141094
2044,pressure,Defence,154132.627414616,5835120.10797041,,175053.603239112,0.03,0.0264146452108296
2044,pressure,Economic affairs,85011.6036555774,5835120.10797041,-0.001,96550.5343460648,0.0165464519255024,0.0145689552370065
2044,pressure,Education,301966.917202475,5835120.10797041,0.0069103305056191,342953.972834744,0.058774106871646,0.0517499060199304
2044,pressure,Environmental Protection,45429.1674463279,5835120.10797041,0.006,51595.4317202443,0.00884222274187092,0.00778547255338831
2044,pressure,General public services excl interest,128143.529197181,5835120.10797041,0.00247191875313925,145536.91125631,0.0249415450861955,0.0219607354820588
2044,pressure,Health,542064.255397376,5835120.10797041,0.0133903814549398,615640.586202314,0.105506069251494,0.0928968462289148
2044,pressure,Housing and community amenities,27449.3217793326,5835120.10797041,0.00193354260448515,31175.1169401422,0.00534266927900231,0.0047041571161215
2044,pressure,Public order and safety,117751.141635285,5835120.10797041,0.00748035707426025,133733.927556606,0.02291879602854,0.0201797288584419
2044,pressure,"Recreation, culture and religion",41636.9648926079,5835120.10797041,0.00410075392474545,47288.4998760506,0.0081041176532866,0.00713557975194622
2044,pressure,Social Protection,695580.833111995,5835120.10797041,0.00562307472851477,789994.521100155,0.135386162835118,0.119205915258175
2044,pressure,Transport,101255.456793896,5835120.10797041,0.00527633304893088,114999.224088441,0.019708116021701,0.0173527630829033
2045,pressure,Defence,159835.534628957,6051019.55196531,,181530.586558959,0.03,0.0264146452108296
2045,pressure,Economic affairs,88093.1923276281,6051019.55196531,-0.001,100050.398130857,0.0165344694842974,0.0145584048392335
2045,pressure,Education,314576.451826795,6051019.55196531,0.0069103305056191,357275.044941156,0.0590437763211517,0.0519873467810268
2045,pressure,Environmental Protection,47396.905876923,6051019.55196531,0.006,53830.2583645806,0.00889606419253711,0.00783287931395444
2045,pressure,General public services excl interest,133237.668719977,6051019.55196531,0.00247191875313925,151322.496656534,0.0250077685846158,0.0220190444892385
2045,pressure,Health,570932.171736512,6051019.55196531,0.0133903814549398,648426.848643537,0.107159932813791,0.0943530535364207
2045,pressure,Housing and community amenities,28525.6092228882,6051019.55196531,0.00193354260448515,32397.4927490524,0.00535405520851937,0.00471418229240778
2045,pressure,Public order and safety,123027.407197284,6051019.55196531,0.00748035707426025,139726.359618313,0.0230913746713859,0.0203316823124999
2045,pressure,"Recreation, culture and religion",43360.6286540413,6051019.55196531,0.00410075392474545,49246.1227186168,0.00813848348955046,0.00716583846435567
2045,pressure,Social Protection,727396.334438717,6051019.55196531,0.00562307472851477,826128.454839699,0.136527150134787,0.120210541081869
2045,pressure,Transport,105567.31929796,6051019.55196531,0.00527633304893088,119896.351196887,0.0198142395950358,0.0174462036341747
2046,pressure,Defence,165749.449410228,6274907.27538803,,188247.218261641,0.03,0.0264146452108296
2046,pressure,Economic affairs,91286.3530659336,6274907.27538803,-0.001,103676.978059703,0.0165224717290012,0.0145478409575843
2046,pressure,Education,327709.998419576,6274907.27538803,0.0069103305056191,372191.255045008,0.0593142238937693,0.052225472670321
2046,pressure,Environmental Protection,49449.7757699338,6274907.27538803,0.006,56161.7716708837,0.00895021539061877,0.00788055880345672
2046,pressure,General public services excl interest,138534.077074643,6274907.27538803,0.00247191875313925,157337.805564596,0.0250741243909244,0.0220774699919493
2046,pressure,Health,601332.552556873,6274907.27538803,0.0133903814549398,682953.582481209,0.108838832592785,0.0958313049366435
2046,pressure,Housing and community amenities,29644.0477217811,6274907.27538803,0.00193354260448515,33667.7409276284,0.00536545632469867,0.00472422084037058
2046,pressure,Public order and safety,128539.819587043,6274907.27538803,0.00748035707426025,145986.991565963,0.0232652029996628,0.0204847360998007
2046,pressure,"Recreation, culture and religion",45155.5633160157,6274907.27538803,0.00410075392474545,51284.6903173652,0.00817297978545729,0.00719621204493789
2046,pressure,Social Protection,760660.070198618,6274907.27538803,0.00562307472851477,863907.197080306,0.137676488140119,0.121222519603141
2046,pressure,Transport,110062.582027893,6274907.27538803,0.00527633304893088,125001.772103419,0.019920895499717,0.0175401128969012
2047,pressure,Defence,171882.179038407,6507078.84457739,,195212.365337322,0.03,0.0264146452108296
2047,pressure,Economic affairs,94595.1218326789,6507078.84457739,-0.001,107434.857910448,0.0165104589135227,0.0145372638156227
2047,pressure,Education,341389.226031376,6507078.84457739,0.0069103305056191,387727.213415016,0.0595854488128916,0.0524642830040194
2047,pressure,Environmental Protection,51591.4570777329,6507078.84457739,0.006,58594.1510846958,0.00900467821033469,0.00792851267212263
2047,pressure,General public services excl interest,144040.778585292,6507078.84457739,0.00247191875313925,163591.951474976,0.0251406130742221,0.0221360124912774
2047,pressure,Health,633346.525181075,6507078.84457739,0.0133903814549398,719312.9267412,0.110543139851553,0.0973319273223297
2047,pressure,Housing and community amenities,30806.2866099347,6507078.84457739,0.00193354260448515,34987.7346798183,0.00537687271285717,0.00473427283513044
2047,pressure,Public order and safety,134298.938950966,6507078.84457739,0.00748035707426025,152527.81691261,0.0234402902678393,0.0206388983687946
2047,pressure,"Recreation, culture and religion",47024.7132813048,6507078.84457739,0.00410075392474545,53407.5467294469,0.00820760713141713,0.00722670101354196
2047,pressure,Social Protection,795437.691208508,6507078.84457739,0.00562307472851477,903405.309660252,0.138834234414279,0.122241901505678
2047,pressure,Transport,114749.039024749,6507078.84457739,0.00527633304893088,130324.338762313,0.0200280866230655,0.0176344934133346
2048,pressure,Defence,178241.819662828,6747840.76182675,,202435.222854803,0.03,0.0264146452108296
2048,pressure,Economic affairs,98023.6805010092,6747840.76182675,-0.001,111328.787176919,0.0164984312917871,0.0145266736369269
2048,pressure,Education,355636.695093507,6747840.76182675,0.0069103305056191,403908.54269097,0.0598574502492596,0.0527037770519692
2048,pressure,Environmental Protection,53825.7887270673,6747840.76182675,0.006,61131.7566040973,0.00905945453691292,0.00797674257987318
2048,pressure,General public services excl interest,149766.115721778,6747840.76182675,0.00247191875313925,170094.409210966,0.0252072352052538,0.0221946724897571
2048,pressure,Health,667059.501368439,6747840.76182675,0.0133903814549398,757601.886428088,0.112273231270353,0.0988552523559929
2048,pressure,Housing and community amenities,32014.0397195522,6747840.76182675,0.00193354260448515,36359.4204624338,0.00538830445853477,0.00474433835200425
2048,pressure,Public order and safety,140315.797378293,6747840.76182675,0.00748035707426025,159361.365172641,0.0236166457978922,0.0207941773273717
2048,pressure,"Recreation, culture and religion",48971.1445201469,6747840.76182675,0.00410075392474545,55618.1740802667,0.00824236612027133,0.00725730589215765
2048,pressure,Social Protection,831797.813690028,6747840.76182675,0.00562307472851477,944700.722327706,0.140000446909177,0.12326873781545
2048,pressure,Transport,119634.815353293,6747840.76182675,0.00527633304893088,135873.279082596,0.0201358158673876,0.0177293477389212
2049,pressure,Defence,184836.766990353,6997510.87001434,,209925.32610043,0.03,0.0264146452108296
2049,pressure,Economic affairs,101576.362127376,6997510.87001434,-0.001,115363.687056904,0.0164863891174874,0.0145160706448704
2049,pressure,Education,370475.89387363,6997510.87001434,0.0069103305056191,420761.919287571,0.0601302273199196,0.0529439540367404
2049,pressure,Environmental Protection,56156.7754833573,6997510.87001434,0.006,63779.1365757211,0.00911454626659127,0.00802525019632334
2049,pressure,General public services excl interest,155718.761707114,6997510.87001434,0.00247191875313925,176855.029243329,0.025273991356153,0.0222534504911452
2049,pressure,Health,702561.403093591,6997510.87001434,0.0133903814549398,797922.588949502,0.114029489024269,0.100401616538275
2049,pressure,Housing and community amenities,33269.0879020957,6997510.87001434,0.00193354260448515,37784.8208483102,0.00539975164743585,0.00475441746645369
2049,pressure,Public order and safety,146601.919982201,6997510.87001434,0.00748035707426025,166500.725804294,0.0237942789796556,0.0209505812431701
2049,pressure,"Recreation, culture and religion",50998.0495869767,6997510.87001434,0.00410075392474545,57920.1982611543,0.00827725734723091,0.00728802720486124
2049,pressure,Social Protection,869812.152790519,6997510.87001434,0.00562307472851477,987874.884384866,0.14117518396693,0.124303079902002
2049,pressure,Transport,124728.381154048,6997510.87001434,0.00527633304893088,141658.212887423,0.0202440861498987,0.0178246784422348
2050,pressure,Defence,191675.727368996,7256418.77220487,,217692.563166146,0.03,0.0264146452108296
2050,pressure,Economic affairs,105257.656414338,7256418.77220487,-0.001,119544.656656434,0.0164743326438574,0.0145054550624227
2050,pressure,Education,385931.276412571,7256418.77220487,0.0069103305056191,438315.116480548,0.0604037790872101,0.0531848131327328
2050,pressure,Environmental Protection,58588.5951112737,7256418.77220487,0.006,66541.0358272613,0.00916995530662334,0.00807403720078733
2050,pressure,General public services excl interest,161907.733624304,7256418.77220487,0.00247191875313925,183884.052576172,0.0253408821002069,0.0223123470002143
2050,pressure,Health,739946.90019994,7256418.77220487,0.0133903814549398,840382.554027157,0.115812300861987,0.101971361277308
2050,pressure,Housing and community amenities,34573.2816477647,7256418.77220487,0.00193354260448515,39266.0375013368,0.00541121436537568,0.00476451025403811
2050,pressure,Public order and safety,153169.34692221,7256418.77220487,0.00748035707426025,173959.573221236,0.0239731992711852,0.0211081184438958
2050,pressure,"Recreation, culture and religion",53108.7528441071,7256418.77220487,0.00410075392474545,60317.3948620744,0.00831228140982097,0.00731886547776652
2050,pressure,Social Protection,909555.662098963,7256418.77220487,0.00562307472851477,1033012.9231409,0.142358504321412,0.125344979479815
2050,pressure,Transport,130038.566291619,7256418.77220487,0.00527633304893088,147689.168550678,0.02035290040266,0.0179204881049205
2051,pressure,Defence,198767.729281648,7524906.26677645,,225747.188003294,0.03,0.0264146452108296
2051,pressure,Economic affairs,109072.215370684,7524906.26677645,-0.001,123876.979418182,0.0164622621234655,0.0144948271119673
2051,pressure,Education,402028.302002122,7524906.26677645,0.0069103305056191,456597.049242928,0.0606781045577764,0.0534263534653096
2051,pressure,Environmental Protection,61125.6058443772,7524906.26677645,0.006,69422.4041509934,0.00922568357528962,0.00812310528228844
2051,pressure,General public services excl interest,168342.406042377,7524906.26677645,0.00247191875313925,191192.126222494,0.0254079080116432,0.022371362522565
2051,pressure,Health,779315.660551442,7524906.26677645,0.0133903814549398,885094.977802617,0.117622060185712,0.103564832959081
2051,pressure,Housing and community amenities,35928.5438073221,7524906.26677645,0.00193354260448515,40805.2542677257,0.00542269269823157,0.00477461679037145
2051,pressure,Public order and safety,160030.656409893,7524906.26677645,0.00748035707426025,181752.192920936,0.0241534161991357,0.0212667973176558
2051,pressure,"Recreation, culture and religion",55306.7159008925,7524906.26677645,0.00410075392474545,62813.6953490682,0.00834743890783062,0.00734982123898069
2051,pressure,Social Protection,951106.679425412,7524906.26677645,0.00562307472851477,1080203.80947854,0.143550467099876,0.126394488609737
2051,pressure,Transport,135574.575624612,7524906.26677645,0.00527633304893088,153976.600339529,0.0204622615725272,0.01801677932165
2052,pressure,Defence,206122.135265069,7803327.79864718,,234099.833959415,0.03,0.0264146452108296
2052,pressure,Economic affairs,113024.859176015,7803327.79864718,-0.001,128366.12978206,0.0164501778080263,0.0144841870151359
2052,pressure,Education,418793.476265914,7803327.79864718,0.0069103305056191,475637.820901961,0.0609532026816071,0.053668574109948
2052,pressure,Environmental Protection,63772.3541771551,7803327.79864718,0.006,72428.4051534518,0.0092817330019134,0.00817245613957304
2052,pressure,General public services excl interest,175032.525182191,7803327.79864718,0.00247191875313925,198790.319292758,0.0254750696654344,0.0224304975644539
2052,pressure,Health,820772.613338825,7803327.79864718,0.0133903814549398,932179.031883025,0.119459166132254,0.105182383018834
2052,pressure,Housing and community amenities,37336.8724202654,7803327.79864718,0.00193354260448515,42404.7403880608,0.00543418673189819,0.00478473715108294
2052,pressure,Public order and safety,167198.988741817,7803327.79864718,0.00748035707426025,189893.508779669,0.0243349393591526,0.0214266263133023
2052,pressure,"Recreation, culture and religion",57595.5432772624,7803327.79864718,0.00410075392474545,65413.193496518,0.00838273044326785,0.00738089501856469
2052,pressure,Social Protection,994547.079124469,7803327.79864718,0.00562307472851477,1129540.530853,0.144751131824658,0.127451659700479
2052,pressure,Transport,141346.00492349,7803327.79864718,0.00527633304893088,160531.406492873,0.0205721726211096,0.0181135547000851
2053,pressure,Defence,213748.654269877,8092050.92719712,,242761.527815914,0.03,0.0264146452108296
2053,pressure,Economic affairs,117120.582257159,8092050.92719712,-0.001,133017.780086413,0.0164380799482297,0.014473534992658
2053,pressure,Education,436254.393907971,8092050.92719712,0.0069103305056191,495468.771690084,0.0612290723510933,0.0539114740914116
2053,pressure,Environmental Protection,66533.582993365,8092050.92719712,0.006,75564.4254870634,0.00933810552688118,0.00822209148112845
2053,pressure,General public services excl interest,181988.223643362,8092050.92719712,0.00247191875313925,206690.139720767,0.0255423676371201,0.0224897526326368
2053,pressure,Health,864428.226230797,8092050.92719712,0.0133903814549398,981760.178111036,0.121324023655285,0.106824368013489
2053,pressure,Housing and community amenities,38800.3436534958,8092050.92719712,0.00193354260448515,44066.8538348434,0.00544569655224686,0.0047948714117813
2053,pressure,Public order and safety,174688.071405529,8092050.92719712,0.00748035707426025,198399.111566234,0.0245177784162753,0.0215876139407882
2053,pressure,"Recreation, culture and religion",59978.9883008761,8092050.92719712,0.00410075392474545,68120.1520847446,0.0084181566203192,0.00741208734849761
2053,pressure,Social Protection,1039962.43125579,8092050.92719712,0.00562307472851477,1181120.27205585,0.145960558414943,0.128516545510176
2053,pressure,Transport,147362.857463873,8092050.92719712,0.00527633304893088,167364.948066904,0.0206826365247401,0.0182108168608519
2054,pressure,Defence,221657.354477862,8391456.81150341,,251743.704345102,0.03,0.0264146452108296
2054,pressure,Economic affairs,121364.559584073,8391456.81150341,-0.001,137837.80771848,0.016425968793586,0.0144628712642244
2054,pressure,Education,454439.783196121,8391456.81150341,0.0069103305056191,516122.529266235,0.0615057124001054,0.0541550523829369
2054,pressure,Environmental Protection,69414.2400451975,8391456.81150341,0.006,78836.0844802171,0.00939480310166702,0.00827201302520453
2054,pressure,General public services excl interest,189220.035714558,8391456.81150341,0.00247191875313925,214903.551652074,0.0256098025026446,0.0225491282342258
2054,pressure,Health,910398.797096918,8391456.81150341,0.0133903814549398,1033970.49988428,0.123217043608789,0.108491149695116
2054,pressure,Housing and community amenities,40321.1148548018,8391456.81150341,0.00193354260448515,45794.0447804357,0.00545722224508849,0.00480501964802198
2054,pressure,Public order and safety,182512.245306504,8391456.81150341,0.00748035707426025,207285.28872878,0.0247019431053525,0.0217497687715328
2054,pressure,"Recreation, culture and religion",62460.9592475326,8391456.81150341,0.00410075392474545,70939.0098738761,0.0084537180453136,0.00744339876264489
2054,pressure,Social Protection,1087442.16788772,8391456.81150341,0.00562307472851477,1235044.60409169,0.147178807188596,0.129589199147995
2054,pressure,Transport,153635.56132392,8391456.81150341,0.00527633304893088,174489.068580333,0.0207936562744546,0.018308568437522
2055,pressure,Defence,229858.676593543,8701940.71352904,,261058.221405871,0.03,0.0264146452108296
2055,pressure,Economic affairs,125762.153193153,8701940.71352904,-0.001,142832.302523139,0.0164138445922845,0.014452196048363
2055,pressure,Education,473379.55225013,8701940.71352904,0.0069103305056191,537633.061286833,0.0617831216030887,0.0543993079054377
2055,pressure,Environmental Protection,72419.4867983924,8701940.71352904,0.006,82249.2441829597,0.00945182768886089,0.00832222249983853
2055,pressure,General public services excl interest,196738.913290244,8701940.71352904,0.00247191875313925,223442.993521166,0.0256773748382101,0.0226086248765601
2055,pressure,Health,958806.761067004,8701940.71352904,0.0133903814549398,1088949.05089307,0.125138642831715,0.110183095085483
2055,pressure,Housing and community amenities,41901.4277256413,8701940.71352904,0.00193354260448515,47588.8592004965,0.00546876389613978,0.00481518193527755
2055,pressure,Public order and safety,190686.492166082,8701940.71352904,0.00748035707426025,216569.055511565,0.0248874432314693,0.0219130994387975
2055,pressure,"Recreation, culture and religion",65045.525734866,8701940.71352904,0.00410075392474545,73874.388865384,0.00848941532669032,0.00747482979673014
2055,pressure,Social Protection,1137079.75686387,8701940.71352904,0.00562307472851477,1291419.6815307,0.148405938864064,0.130669674075811
2055,pressure,Transport,160174.987415662,8701940.71352904,0.00527633304893088,181916.114493174,0.0209052348759796,0.0184068120766021
2056,pressure,Defence,238363.447627504,9023912.51992961,,270717.375597888,0.03,0.0264146452108296
2056,pressure,Economic affairs,130318.918946165,9023912.51992961,-0.001,148007.574479254,0.016401707591067,0.0144415095623269
2056,pressure,Education,493104.837207197,9023912.51992961,0.0069103305056191,560035.730108953,0.0620612986741721,0.0546442395267196
2056,pressure,Environmental Protection,75554.707659099,9023912.51992961,0.006,85810.0198462511,0.00950918126220049,0.00837272164288316
2056,pressure,General public services excl interest,204556.242417897,9023912.51992961,0.00247191875313925,232321.396844693,0.0257450852201419,0.0226682430670874
2056,pressure,Health,1009781.01373189,9023912.51992961,0.0133903814549398,1146842.22219031,0.127089244233859,0.111900576551662
2056,pressure,Housing and community amenities,43543.6116178815,9023912.51992961,0.00193354260448515,49453.9426181987,0.0054803215909926,0.00482535834891063
2056,pressure,Public order and safety,199226.463142665,9023912.51992961,0.00748035707426025,226268.187461005,0.0250742886703838,0.0220776146380704
2056,pressure,"Recreation, culture and religion",67736.9253797721,9023912.51992961,0.00410075392474545,76931.1018631448,0.00852524907497052,0.00750638098830999
2056,pressure,Social Protection,1188972.88336674,9023912.51992961,0.00562307472851477,1350356.44871651,0.149642014562331,0.131758024109926
2056,pressure,Transport,166992.468281422,9023912.51992961,0.00527633304893088,189658.956554477,0.0210173753497287,0.0185055504375306
2057,pressure,Defence,247182.895189722,9357797.28316701,,280733.91849501,0.03,0.0264146452108296
2057,pressure,Economic affairs,135040.613533303,9357797.28316701,-0.001,153370.161653284,0.0163895580351126,0.0144308120219933
2057,pressure,Education,513648.052340342,9357797.28316701,0.0069103305056191,583367.349711463,0.0623402422662902,0.0548898460607073
2057,pressure,Environmental Protection,78825.5195989509,9357797.28316701,0.006,89524.7908534848,0.00956686580660641,0.00842351220203753
2057,pressure,General public services excl interest,212683.860500665,9357797.28316701,0.00247191875313925,241552.2057591,0.0258129342247677,0.0227279833132574
2057,pressure,Health,1063457.2513326,9357797.28316701,0.0133903814549398,1207804.12855585,0.129069276882976,0.113643971882738
2057,pressure,Housing and community amenities,45250.0869593382,9357797.28316701,0.00193354260448515,51392.0439947302,0.00549189541508612,0.00483554896414939
2057,pressure,Public order and safety,208148.508730758,9357797.28316701,0.00748035707426025,236401.254383027,0.0252624893689748,0.0222433231274608
2057,pressure,"Recreation, culture and religion",70539.5707304401,9357797.28316701,0.00410075392474545,80114.1603463823,0.00856121990273216,0.00753805287675211
2057,pressure,Social Protection,1243223.63962727,9357797.28316701,0.00562307472851477,1411970.85522568,0.150887095808921,0.132854303422837
2057,pressure,Transport,174099.81768777,9357797.28316701,0.00527633304893088,197731.012055833,0.0211300807308057,0.0186047861926807
2058,pressure,Defence,256328.662311741,9704035.78264418,,291121.073479326,0.03,0.0264146452108296
2058,pressure,Economic affairs,139933.201729197,9704035.78264418,-0.001,158926.838440169,0.0163773961679338,0.0144201036417724
2058,pressure,Education,535042.942208284,9704035.78264418,0.0069103305056191,607666.244923393,0.0626199509703182,0.0551361262666834
2058,pressure,Environmental Protection,82237.7821955343,9704035.78264418,0.006,93400.2121237858,0.00962488331822039,0.00847459593488081
2058,pressure,General public services excl interest,221134.074181401,9704035.78264418,0.00247191875313925,251149.397332135,0.0258809224283075,0.0227878461224249
2058,pressure,Health,1119978.32882945,9704035.78264418,0.0133903814549398,1271997.01516749,0.131079176093154,0.115413664367618
2058,pressure,Housing and community amenities,47023.3688131447,9704035.78264418,0.00193354260448515,53406.0197717883,0.00550348545368163,0.0048457538560654
2058,pressure,Public order and safety,217469.709994913,9704035.78264418,0.00748035707426025,246987.655816501,0.0254520553456988,0.0224102337281011
2058,pressure,"Recreation, culture and religion",73458.0564843131,9704035.78264418,0.00410075392474545,83428.7826673474,0.00859732842458815,0.00756984600321589
2058,pressure,Social Protection,1299938.72314499,9704035.78264418,0.00562307472851477,1476384.0809931,0.152141244535973,0.13395856654506
2058,pressure,Transport,181509.351050849,9704035.78264418,0.00527633304893088,206146.268029108,0.0212433540690157,0.0187045220273694
2059,pressure,Defence,265812.822817276,10063085.106602,,301892.553198061,0.03,0.0264146452108296
2059,pressure,Economic affairs,145002.863910989,10063085.106602,-0.001,164684.624101867,0.0163652222312841,0.014409384634525
2059,pressure,Education,557324.63591844,10063085.106602,0.0069103305056191,632972.313052243,0.0629004233142154,0.0553830788485332
2059,pressure,Environmental Protection,85797.6081061743,10063085.106602,0.006,97443.2260074406,0.00968323580444646,0.00852597460890852
2059,pressure,General public services excl interest,229919.67793508,10063085.106602,0.00247191875313925,261127.502678873,0.0259490504067741,0.0228478320017624
2059,pressure,Health,1179494.63678908,10063085.106602,0.0133903814549398,1339591.68564433,0.133119383514453,0.117210042873955
2059,pressure,Housing and community amenities,48866.0705761773,10063085.106602,0.00193354260448515,55498.8380720059,0.00551509179183978,0.00485597309955354
2059,pressure,Public order and safety,227207.911198124,10063085.106602,0.00748035707426025,258047.658090413,0.0256429966910562,0.0225783553245576
2059,pressure,"Recreation, culture and religion",76497.1670037676,10063085.106602,0.00410075392474545,86880.402587128,0.0086335752571673,0.00760176091063571
2059,pressure,Social Protection,1359229.64379961,10063085.106602,0.00562307472851477,1543722.77153548,0.153404523084348,0.135070868366986
2059,pressure,Transport,189233.906728324,10063085.106602,0.00527633304893088,214919.305428423,0.0213571984288817,0.0188047606398732
2060,pressure,Defence,275647.897261515,10435419.2555463,,313062.577666389,0.03,0.0264146452108296
2060,pressure,Economic affairs,150256.003847953,10435419.2555463,-0.001,170650.791614286,0.0163530364650742,0.0143986552114898
2060,pressure,Education,580529.703588028,10435419.2555463,0.0069103305056191,659327.08800876,0.0631816577621772,0.055630702453999
2060,pressure,Environmental Protection,89511.3739937316,10435419.2555463,0.006,101661.074694692,0.00974192528399478,0.00857765000157109
2060,pressure,General public services excl interest,239053.973397632,10435419.2555463,0.00247191875313925,271501.628914126,0.0260173187358837,0.0229079414581813
2060,pressure,Health,1242164.4980768,10435419.2555463,0.0133903814549398,1410767.95258359,0.135190347223835,0.119033501928215
2060,pressure,Housing and community amenities,50780.9078219682,10435419.2555463,0.00193354260448515,57673.5830634766,0.00552671451439997,0.00486620676931392
2060,pressure,Public order and safety,237381.753886947,10435419.2555463,0.00748035707426025,269602.433035471,0.0258353235680666,0.0227476968652488
2060,pressure,"Recreation, culture and religion",79661.8841417887,10435419.2555463,0.00410075392474545,90474.6781635308,0.00866996101909798,0.00763379814370653
2060,pressure,Social Protection,1421212.94025193,10435419.2555463,0.00562307472851477,1614119.28372514,0.154676994205791,0.136191264140784
2060,pressure,Transport,197286.868214726,10435419.2555463,0.00527633304893088,224065.324338153,0.0214716168896679,0.0189055047414478
2061,pressure,Defence,285846.869460191,10821529.7680015,,324645.893040045,0.03,0.0264146452108296
2061,pressure,Economic affairs,155699.256772459,10821529.7680015,-0.001,176832.876833748,0.0163408391072979,0.0143879155822175
2061,pressure,Education,604696.215091569,10821529.7680015,0.0069103305056191,686773.807028442,0.063463652713795,0.05587899567394
2061,pressure,Environmental Protection,93385.7319239126,10821529.7680015,0.006,106061.313160049,0.00980095378692802,0.00862962390031469
2061,pressure,General public services excl interest,248550.789460349,10821529.7680015,0.00247191875313925,282287.481974333,0.0260857279909757,0.022968174998261
2061,pressure,Health,1308154.5853933,10821529.7680015,0.0133903814549398,1485715.111771,0.137292521817401,0.120884441796891
2061,pressure,Housing and community amenities,52770.7022937489,10821529.7680015,0.00193354260448515,59933.4594947885,0.00553835370596194,0.0048764549398356
2061,pressure,Public order and safety,248010.712498326,10821529.7680015,0.00748035707426025,281674.098423982,0.026029046212752,0.0229182673628711
2061,pressure,"Recreation, culture and religion",82957.3953904217,10821529.7680015,0.00410075392474545,94217.5010055525,0.00870648633099425,0.00766595824887169
2061,pressure,Social Protection,1486010.40604959,10821529.7680015,0.00562307472851477,1687711.94258594,0.155958721065147,0.137319809482354
2061,pressure,Transport,205682.187278501,10821529.7680015,0.00527633304893088,233600.170250449,0.0215866125454082,0.0190067570563534
2062,pressure,Defence,296423.203630218,11221926.3694176,,336657.791082527,0.03,0.0264146452108296
2062,pressure,Economic affairs,161339.497742437,11221926.3694176,-0.001,183238.687994519,0.0163286303939659,0.0143771659545126
2062,pressure,Education,629863.80118664,11221926.3694176,0.0069103305056191,715357.480094117,0.0637464065032219,0.0561279570415976
2062,pressure,Environmental Protection,97427.6212544343,11221926.3694176,0.006,110651.822665205,0.0098603233547101,0.00868189810262415
2062,pressure,General public services excl interest,258424.503160192,11221926.3694176,0.00247191875313925,293501.390343386,0.0261542787469403,0.0230285331281856
2062,pressure,Health,1377640.36074893,11221926.3694176,0.0133903814549398,1564632.44130659,0.139426368503949,0.122763268568873
2062,pressure,Housing and community amenities,54838.3860534872,11221926.3694176,0.00193354260448515,62281.7974072249,0.00555000945086913,0.00488671768538198
2062,pressure,Public order and safety,259115.131556064,11221926.3694176,0.00748035707426025,294285.76021513,0.0262241749346288,0.0230900758948317
2062,pressure,"Recreation, culture and religion",86389.1023653118,11221926.3694176,0.00410075392474545,98115.0059095553,0.00874315181544429,0.00769824177431272
2062,pressure,Social Protection,1553749.32587198,11221926.3694176,0.00562307472851477,1764645.30960457,0.157249767242606,0.138456560373299
2062,pressure,Transport,214434.408080707,11221926.3694176,0.00527633304893088,243540.361457657,0.02170218850494,0.0191085203218845
2063,pressure,Defence,307390.862164536,11637137.645086,,349114.12935258,0.03,0.0264146452108296
2063,pressure,Economic affairs,167183.850305865,11637137.645086,-0.001,189876.315549363,0.0163164105590468,0.0143664065343819
2063,pressure,Education,656073.717113356,11637137.645086,0.0069103305056191,745124.962168004,0.0640299173983429,0.0563775850318652
2063,pressure,Environmental Protection,101644.281037264,11637137.645086,0.006,115440.824844686,0.00992003604025713,0.00873447441606784
2063,pressure,General public services excl interest,268690.0613975,11637137.645086,0.00247191875313925,305160.329718161,0.0262229715781544,0.0230890163536873
2063,pressure,Health,1450806.53802654,11637137.645086,0.0133903814549398,1647729.72695283,0.141592355199872,0.124670394239013
2063,pressure,Housing and community amenities,56987.0057930103,11637137.645086,0.00193354260448515,64722.0570310516,0.00556168183319389,0.00489699507997777
2063,pressure,Public order and safety,270716.264527878,11637137.645086,0.00748035707426025,307461.556686237,0.0264207201172075,0.0232631316036889
2063,pressure,"Recreation, culture and religion",89962.629640187,11637137.645086,0.00410075392474545,102173.580892887,0.00877995809700091,0.00773064926994099
2063,pressure,Social Protection,1624562.72236784,11637137.645086,0.00562307472851477,1845070.46307227,0.158550196735998,0.139601573162954
2063,pressure,Transport,223558.692317003,11637137.645086,0.00527633304893088,253903.117606911,0.0218183478919429,0.0192107972884041
2064,pressure,Defence,318764.324064624,12067711.7379542,,362031.352138626,0.03,0.0264146452108296
2064,pressure,Economic affairs,173239.695478194,12067711.7379542,-0.001,196754.142365503,0.0163041798344164,0.0143556375259891
2064,pressure,Education,683368.908766862,12067711.7379542,0.0069103305056191,776125.028346044,0.0643141835999489,0.0566278780605602
2064,pressure,Environmental Protection,106043.262956068,12067711.7379542,0.006,120436.896399341,0.00998009390799043,0.00878735465834431
2064,pressure,General public services excl interest,279363.003513871,12067711.7379542,0.00247191875313925,317281.948650974,0.0262918070584243,0.0231496251799954
2064,pressure,Health,1527847.56984359,12067711.7379542,0.0133903814549398,1735227.81508024,0.14379095662542,0.126606236792875
2064,pressure,Housing and community amenities,59219.7273135445,12067711.7379542,0.00193354260448515,67257.8338730803,0.00557337093672428,0.00490728719739736
2064,pressure,Public order and safety,282836.314417146,12067711.7379542,0.00748035707426025,321226.704534181,0.0266186922184999,0.0234374436975982
2064,pressure,"Recreation, culture and religion",93683.833945716,12067711.7379542,0.00410075392474545,106399.877641332,0.00881690580217407,0.00776318128739111
2064,pressure,Social Protection,1698589.6140593,12067711.7379542,0.00562307472851477,1929145.29099513,0.159860073963134,0.140754904570439
2064,pressure,Transport,233070.84542632,12067711.7379542,0.00527633304893088,264706.389466209,0.0219350938449815,0.0193135907193813
2065,pressure,Defence,330558.604055015,12514217.0722585,,375426.512167755,0.03,0.0264146452108296
2065,pressure,Economic affairs,179514.681044002,12514217.0722585,-0.001,203880.854288822,0.016291938449812,0.0143448591316152
2065,pressure,Education,711794.081546099,12514217.0722585,0.0069103305056191,808408.452051751,0.0645992032409146,0.0568788344837012
2065,pressure,Environmental Protection,110632.444821964,12514217.0722585,0.006,125648.98442392,0.0100404990338915,0.00884054065733074
2065,pressure,General public services excl interest,290459.484764264,12514217.0722585,0.00247191875313925,329884.595207639,0.0263607857609348,0.0232103601117927
2065,pressure,Health,1608968.15998808,12514217.0722585,0.0133903814549398,1827359.19465815,0.146022654402331,0.128571220292705
2065,pressure,Housing and community amenities,61539.8401802474,12514217.0722585,0.00193354260448515,69892.8640029777,0.0055850768449523,0.00491759411115449
2065,pressure,Public order and safety,295498.476166779,12514217.0722585,0.00748035707426025,335607.547034887,0.0268181017715333,0.0236130214507657
2065,pressure,"Recreation, culture and religion",97558.8137477625,12514217.0722585,0.00410075392474545,110800.822387459,0.00885399555942513,0.00779583838001586
2065,pressure,Social Protection,1775975.28480736,12514217.0722585,0.00562307472851477,2017034.79713508,0.161179463764173,0.141916611686746
2065,pressure,Transport,242987.343911464,12514217.0722585,0.00527633304893088,275968.889953339,0.022052429517553,0.019416903391433
2066,pressure,Defence,342789.272405051,12977243.1039321,,389317.293117962,0.03,0.0264146452108296
2066,pressure,Economic affairs,186016.731194581,12977243.1039321,-0.001,211265.451089591,0.0162796866327932,0.014334071551624
2066,pressure,Education,741395.771986127,12977243.1039321,0.0069103305056191,842028.086391444,0.0648849743853772,0.0571304525967835
2066,pressure,Environmental Protection,115420.04465165,12977243.1039321,0.006,131086.422396084,0.0101012535055589,0.00889403425113293
2066,pressure,General public services excl interest,301996.300718743,12977243.1039321,0.00247191875313925,342987.344681347,0.0264299082582049,0.0232712216531753
2066,pressure,Health,1694383.80276926,12977243.1039321,0.0133903814549398,1924368.60981338,0.148287937152869,0.130565774964628
2066,pressure,Housing and community amenities,63950.7625585686,12977243.1039321,0.00193354260448515,72631.0295460828,0.00559679964106366,0.00492791589449317
2066,pressure,Public order and safety,308726.980956066,12977243.1039321,0.00748035707426025,350631.604352754,0.0270189593848723,0.0237898742039072
2066,pressure,"Recreation, culture and religion",101593.919220682,12977243.1039321,0.00410075392474545,115383.627237624,0.00889122799916286,0.00782862110288272
2066,pressure,Social Protection,1856871.56535586,12977243.1039321,0.00562307472851477,2108911.42076885,0.162508431404037,0.143086751976869
2066,pressure,Transport,253325.363818815,12977243.1039321,0.00527633304893088,287710.126481224,0.0221703580781382,0.0195207380943691
2025,restraint,Defence,49773.9279983015,2778415.30054645,,50175,0.018058855344675,0.0179145025542122
2025,restraint,Economic affairs,45994.383092003,2778415.30054645,-0.0095,46365,0.0166875700658865,0.0165541785934439
2025,restraint,Education,147254.442371617,2778415.30054645,0.00382066101123819,148441,0.0534264981807454,0.0529994354489249
2025,restraint,Environmental Protection,20610.9198210406,2778415.30054645,0.0045,20777,0.00747800373684728,0.00741822859130774
2025,restraint,General public services excl interest,63519.1705761683,2778415.30054645,-0.00255616249372151,64031,0.0230458707837545,0.022861654470329
2025,restraint,Health,206082.414033904,2778415.30054645,0.00428076290987965,207743,0.0747703195987806,0.0741726458220169
2025,restraint,Housing and community amenities,13791.8668851098,2778415.30054645,-0.00363291479102969,13903,0.0050039315566919,0.00496393281537044
2025,restraint,Public order and safety,52352.1529881886,2778415.30054645,0.0049607141485205,52774,0.0189942806568984,0.0188424505788937
2025,restraint,"Recreation, culture and religion",19811.3625521491,2778415.30054645,0.000701507849490901,19971,0.00718791031566525,0.00713045402112947
2025,restraint,Social Protection,309254.069910483,2778415.30054645,-0.00375385054297046,311746,0.112202808535746,0.111305919546894
2025,restraint,Transport,46779.0602628382,2778415.30054645,0.00305266609786177,47156,0.0169722647261284,0.0168365975574774
2026,restraint,Defence,55261.8605826713,2962133.33333333,,54660.1569738092,0.0184529698102075,0.018656101655115
2026,restraint,Economic affairs,49567.4163304113,2962133.33333333,-0.00926666666666667,49027.7151156221,0.0165514882682376,0.0167336884442782
2026,restraint,Education,159176.740924291,2962133.33333333,0.00369330564419692,157443.588647998,0.0531520937549508,0.0537371964769619
2026,restraint,Environmental Protection,22500.0583139585,2962133.33333333,0.00426666666666667,22255.0726014912,0.00751319069639827,0.00759589653198996
2026,restraint,General public services excl interest,68893.8190987564,2962133.33333333,-0.00255429041059746,68143.6876492733,0.0230049359636996,0.0232581762351762
2026,restraint,Health,226247.382358497,2962133.33333333,0.004221404146217,223783.949802566,0.075548236564604,0.0763798779118082
2026,restraint,Housing and community amenities,14944.0382041971,2962133.33333333,-0.00359515096466204,14781.3241438374,0.00499009412490011,0.00504502550105684
2026,restraint,Public order and safety,57179.1803135375,2962133.33333333,0.00479535701023648,56556.6004947679,0.0190931987626377,0.0193033783017434
2026,restraint,"Recreation, culture and religion",21552.107480029,2962133.33333333,0.000594790921174538,21317.4432701638,0.00719665216628684,0.00727587351909516
2026,restraint,Social Protection,337084.141280829,2962133.33333333,-0.00362872219153811,333413.893081432,0.112558705352482,0.113797761055375
2026,restraint,Transport,50999.1217794875,2962133.33333333,0.00286757722793304,50443.8318326786,0.0170295615207548,0.0172170243673999
2027,restraint,Defence,57631.5977616734,3095135.13513514,,58334.2727366958,0.01884708427574,0.0186200586550988
2027,restraint,Economic affairs,50188.2712326535,3095135.13513514,-0.00903333333333333,50800.1932269155,0.0164129160792514,0.0162152116277347
2027,restraint,Education,161702.962050005,3095135.13513514,0.00356595027715565,163674.530238855,0.0528812226583796,0.0522442332854537
2027,restraint,Environmental Protection,23072.5979405832,3095135.13513514,0.00403333333333333,23353.9112792945,0.0075453607870581,0.00745447191583632
2027,restraint,General public services excl interest,70198.2525549824,3095135.13513514,-0.00255241832747341,71054.1468434711,0.0229567187671012,0.0226801898754309
2027,restraint,Health,233354.469779675,3095135.13513514,0.00416204538255434,236199.651114086,0.0763131949984385,0.0753939519895909
2027,restraint,Housing and community amenities,15212.1376689512,3095135.13513514,-0.00355738713829438,15397.612111301,0.00497477862485273,0.00491485411937823
2027,restraint,Public order and safety,58667.9054447235,3095135.13513514,0.00462999987195246,59383.2156320876,0.0191859847920646,0.0189548768901045
2027,restraint,"Recreation, culture and religion",22024.9712961931,3095135.13513514,0.000488073992858175,22293.511415789,0.00720275866559721,0.00711599666398134
2027,restraint,Social Protection,345205.671474244,3095135.13513514,-0.00350359384010576,349414.601922153,0.112891549695421,0.111531696162653
2027,restraint,Transport,52228.7303638861,3095135.13513514,0.00268248835800432,52865.5307169783,0.0170802011572493,0.0168744588147379
2028,restraint,Defence,58958.4573949183,3185558.58310627,,61293.9657995141,0.0192411987412725,0.0185080436779873
2028,restraint,Economic affairs,50369.7389198618,3185558.58310627,-0.0088,52365.0243086342,0.0164382550006575,0.0158119016196983
2028,restraint,Education,162891.555164012,3185558.58310627,0.00343859491011437,169344.142509963,0.0531599523575027,0.0511343775085043
2028,restraint,Environmental Protection,23442.432447023,3185558.58310627,0.0038,24371.0523672741,0.00765048004344331,0.00735897075362026
2028,restraint,General public services excl interest,70884.27584299,3185558.58310627,-0.00255054624434936,73692.1990706297,0.0231332110674203,0.0222517571074992
2028,restraint,Health,238383.784127465,3185558.58310627,0.00410268661889169,247826.828534476,0.0777969772236358,0.0748326479982719
2028,restraint,Housing and community amenities,15346.2771912197,3185558.58310627,-0.00351962331192672,15954.1858941099,0.00500828519642318,0.00481745250977473
2028,restraint,Public order and safety,59646.7188607541,3185558.58310627,0.00446464273366845,62009.4912154098,0.0194658141100465,0.0187241004378554
2028,restraint,"Recreation, culture and religion",22303.8326365499,3185558.58310627,0.000381357064541811,23187.349452949,0.00727889594494251,0.00700154527210145
2028,restraint,Social Protection,350162.868170198,3185558.58310627,-0.00337846548867341,364033.792847061,0.114276282589061,0.1099219678543
2028,restraint,Transport,52998.8875828831,3185558.58310627,0.00249739948807559,55098.3208593502,0.0172962824013185,0.0166372352603867
2029,restraint,Defence,61647.3372161998,3331215.46961326,,65409.4591052103,0.019635313206805,0.0185059590946715
2029,restraint,Economic affairs,51201.8899284732,3331215.46961326,-0.00856666666666667,54326.5626160065,0.0163083304312085,0.0153703326595135
2029,restraint,Education,166293.812900225,3331215.46961326,0.0033112395430731,176442.144065363,0.0529662958385118,0.0499198609087663
2029,restraint,Environmental Protection,24111.751429152,3331215.46961326,0.00356666666666667,25583.2074876005,0.00767984170371621,0.00723812423696246
2029,restraint,General public services excl interest,72478.3188882246,3331215.46961326,-0.00254867416122531,76901.4177969707,0.0230850926631589,0.0217573193776742
2029,restraint,Health,246394.522451971,3331215.46961326,0.00404332785522903,261431.120431831,0.0784791986038003,0.0739653512958068
2029,restraint,Housing and community amenities,15677.1838797614,3331215.46961326,-0.00348185948555907,16633.9077107559,0.00499334488041598,0.00470614525621827
2029,restraint,Public order and safety,61393.0570469311,3331215.46961326,0.00429928559538443,65139.6611044513,0.019554322348297,0.0184296265453098
2029,restraint,"Recreation, culture and religion",22867.8387504633,3331215.46961326,0.000274640136225448,24263.3831584199,0.00728364267629819,0.00686471318323883
2029,restraint,Social Protection,359432.5893701,3331215.46961326,-0.00325333713724106,381367.506158974,0.114482989658801,0.107898330999234
2029,restraint,Transport,54446.173276621,3331215.46961326,0.00231231061814687,57768.8332568644,0.0173416681640143,0.0163442364426045
2030,restraint,Defence,64703.9547182592,3508707.86516854,,70277.410408755,0.0200294276723375,0.0184409637976946
2030,restraint,Economic affairs,52286.1509840887,3508707.86516854,-0.00833333333333333,56789.964499125,0.0161854354028408,0.0149018251143508
2030,restraint,Education,170643.528054421,3508707.86516854,0.00318388417603183,185342.384509524,0.0528235440600357,0.0486342934812056
2030,restraint,Environmental Protection,24900.4536312304,3508707.86516854,0.00333333333333333,27045.3236873376,0.00770805798790503,0.00709675886055403
2030,restraint,General public services excl interest,74427.7658452276,3508707.86516854,-0.00254680207810126,80838.8091406061,0.0230394812697588,0.0212123005691306
2030,restraint,Health,255518.938027486,3508707.86516854,0.00398396909156638,277528.774758175,0.0790971449955249,0.0728242269936635
2030,restraint,Housing and community amenities,16084.9453951907,3508707.86516854,-0.00344409565919141,17470.4670504666,0.00497917402126821,0.00458429313961084
2030,restraint,Public order and safety,63449.8337360933,3508707.86516854,0.00413392845710041,68915.2622162731,0.019641208349206,0.0180835327916494
2030,restraint,"Recreation, culture and religion",23544.288700875,3508707.86516854,0.000167923207909084,25572.341706444,0.00728825045832525,0.00671024479826396
2030,restraint,Social Protection,370186.36681387,3508707.86516854,-0.00312820878580871,402073.402492703,0.114593011998561,0.105505040898037
2030,restraint,Transport,56162.2010595497,3508707.86516854,0.00212722174821814,60999.8889636212,0.0173852857826028,0.0160065195558399
2031,restraint,Defence,69275.9756123889,3684143.25842697,,75243.2550804328,0.02042354213787,0.0188038224230097
2031,restraint,Economic affairs,54495.7553651523,3684143.25842697,-0.0081,59189.8993192631,0.0160661231573648,0.0147919751058813
2031,restraint,Education,178813.099417889,3684143.25842697,0.00305652880899055,194215.664698873,0.0527166429412407,0.0485358703163562
2031,restraint,Environmental Protection,26234.9907804272,3684143.25842697,0.0031,28494.8149177919,0.00773444812511402,0.0071210560882556
2031,restraint,General public services excl interest,77991.5083003232,3684143.25842697,-0.00254492999497721,84709.5244963892,0.0229930050365517,0.0211695102034723
2031,restraint,Health,270190.686437197,3684143.25842697,0.00392461032790372,293464.315157412,0.0796560542226887,0.0733388110842794
2031,restraint,Housing and community amenities,16841.1003821324,3684143.25842697,-0.00340633183282376,18291.7555571942,0.00496499573282182,0.00457123928164593
2031,restraint,Public order and safety,66906.1960360835,3684143.25842697,0.0039685713188164,72669.3479276557,0.0197248974402487,0.0181605847935052
2031,restraint,"Recreation, culture and religion",24733.7333732404,3684143.25842697,6.12062795927212e-05,26864.242514707,0.00729185610609976,0.00671356449472082
2031,restraint,Social Protection,388791.580559014,3684143.25842697,-0.00300308043437636,422281.228240039,0.114621283326627,0.105531070125926
2031,restraint,Transport,59106.3957211924,3684143.25842697,0.00194213287828942,64197.6900479673,0.0174254054592269,0.0160434574811918
2032,restraint,Defence,74143.4387091358,3868350.42134832,,80529.9906932566,0.0208176566034025,0.0191666810483248
2032,restraint,Economic affairs,56811.6503224244,3868350.42134832,-0.00786666666666667,61705.2803509861,0.0159513160985759,0.0146862729934954
2032,restraint,Education,187644.539405184,3868350.42134832,0.00292917344194928,203807.82541285,0.0526859780562002,0.0485076373561268
2032,restraint,Environmental Protection,27634.8908584312,3868350.42134832,0.00286666666666667,30015.2992953159,0.00775919863145543,0.00714384371848065
2032,restraint,General public services excl interest,81726.118966833,3868350.42134832,-0.00254305791185316,88765.8262737696,0.0229466869867571,0.0211268654762531
2032,restraint,Health,285553.726858962,3868350.42134832,0.00386525156424107,310150.693935153,0.0801764732128507,0.0738179574640066
2032,restraint,Housing and community amenities,17633.4629657136,3868350.42134832,-0.0033685680064561,19152.370502932,0.00495104331738809,0.00455839338349482
2032,restraint,Public order and safety,70539.73236255,3868350.42134832,0.00380321418053238,76615.869044674,0.01980582436944,0.018235093690908
2032,restraint,"Recreation, culture and religion",25980.625496822,3868350.42134832,-4.55106487236424e-05,28218.5391706988,0.00729472154719201,0.00671620268769922
2032,restraint,Social Protection,408208.029303928,3868350.42134832,-0.00287795208294402,443370.166977531,0.114614788911237,0.105525090759913
2032,restraint,Transport,62193.9355838254,3868350.42134832,0.00175704400836069,67551.1837721835,0.0174625296093621,0.0160776374447865
2033,restraint,Defence,79324.4581765266,4061767.94241573,,86157.2917296616,0.021211771068935,0.0195295396736399
2033,restraint,Economic affairs,59239.2084161886,4061767.94241573,-0.00763333333333333,64341.9429350495,0.0158408712283012,0.0145845871197054
2033,restraint,Education,197035.543510403,4061767.94241573,0.00280181807490801,214007.749861464,0.0526883251075597,0.0485097982710495
2033,restraint,Environmental Protection,29102.8333327748,4061767.94241573,0.00263333333333333,31609.6870908548,0.00778224840487931,0.00716506549496915
2033,restraint,General public services excl interest,85639.4004935754,4061767.94241573,-0.00254118582872911,93016.1892244946,0.0229004193600419,0.0210842671732353
2033,restraint,Health,301751.913817164,4061767.94241573,0.00380589280057841,327744.156926652,0.0806900250268178,0.0742907812792716
2033,restraint,Housing and community amenities,18463.7139311801,4061767.94241573,-0.00333080418008844,20054.1374520532,0.00493729275930175,0.00454573333409069
2033,restraint,Public order and safety,74358.4492064011,4061767.94241573,0.00363785704224836,80763.5217196721,0.0198838345431517,0.0183069171505097
2033,restraint,"Recreation, culture and religion",27287.4601519369,4061767.94241573,-0.000152227577040006,29637.9416754421,0.00729680821150383,0.00671812386596062
2033,restraint,Social Protection,428645.653620673,4061767.94241573,-0.00275282373151167,465568.243094238,0.114622068442773,0.105531792977256
2033,restraint,Transport,65430.8264743233,4061767.94241573,0.00157195513843196,71066.893291801,0.0174965419736742,0.0161089524074112
2034,restraint,Defence,84838.2209938835,4264856.33953652,,92145.9978929741,0.0216058855344675,0.019892398298955
2034,restraint,Economic affairs,61784.2591586669,4264856.33953652,-0.0074,67106.218724977,0.0157346961732056,0.0144868324369822
2034,restraint,Education,206955.500846064,4264856.33953652,0.00267446270786674,224782.190403023,0.0527056886580734,0.0485257847790847
2034,restraint,Environmental Protection,30641.7127360511,4264856.33953652,0.0024,33281.1221656433,0.0078035740283013,0.00718469985776381
2034,restraint,General public services excl interest,89739.8159631889,4264856.33953652,-0.00253931374560506,97469.8054224411,0.0228541825709031,0.0210416972621735
2034,restraint,Health,318934.189692593,4264856.33953652,0.00374653403691576,346406.476080278,0.0812234805822143,0.0747819303398277
2034,restraint,Housing and community amenities,19333.6768116619,4264856.33953652,-0.00329304035372079,20999.0370128021,0.00492373841954173,0.0045332539416235
2034,restraint,Public order and safety,78371.0091959303,4264856.33953652,0.00347249990396435,85121.7147606041,0.0199588703543188,0.0183760021338602
2034,restraint,"Recreation, culture and religion",28656.9399735918,4264856.33953652,-0.000258944505356369,31125.3854629513,0.00729810877201407,0.00671932128356428
2034,restraint,Social Protection,450342.435166735,4264856.33953652,-0.00262769538007932,489133.937461779,0.114689428792093,0.105593811212801
2034,restraint,Transport,68823.5639366584,4264856.33953652,0.00138686626850324,74751.8736625973,0.0175274071882855,0.0161373698097736
2035,restraint,Defence,90705.0489475348,4478099.15651334,,98518.1814432936,0.022,0.0202552569242701
2035,restraint,Economic affairs,64453.0133000461,4478099.15651334,-0.00716666666666667,70004.8534512535,0.0156327162495793,0.01439294018452
2035,restraint,Education,217447.039686666,4478099.15651334,0.00254710734082546,236177.447217399,0.0527405577596203,0.0485578885341097
2035,restraint,Environmental Protection,32254.5666314563,4478099.15651334,0.00216666666666667,35032.9037318598,0.00782316391563255,0.00720273613962799
2035,restraint,General public services excl interest,94036.328163001,4478099.15651334,-0.00253744166248101,102136.409689633,0.0228079830570694,0.0209991616702427
2035,restraint,Health,337050.248418186,4478099.15651334,0.0036871752732531,366083.012075509,0.0817496440522191,0.0752663656247875
2035,restraint,Housing and community amenities,20245.2849332921,4478099.15651334,-0.00325527652735313,21989.1690437531,0.00491038011335013,0.00452095503598788
2035,restraint,Public order and safety,82586.5501279439,4478099.15651334,0.00330714276568033,89700.3730739023,0.0200309037247275,0.0184423227895306
2035,restraint,"Recreation, culture and religion",30091.9163818292,4478099.15651334,-0.000365661433672732,32683.9675682909,0.00729862524833834,0.00671979679995716
2035,restraint,Social Protection,473169.858092364,4478099.15651334,-0.00250256702864697,513927.664159074,0.114764690596806,0.10566310426694
2035,restraint,Transport,72378.9792881903,4478099.15651334,0.00120177739857451,78613.5446365151,0.0175551147683214,0.0161628799985181
2036,restraint,Defence,95240.3013949116,4702004.11433901,,103444.090515458,0.022,0.0202552569242701
2036,restraint,Economic affairs,67252.0224686265,4702004.11433901,-0.00693333333333333,73044.9630849647,0.0155348573307731,0.014302842114395
2036,restraint,Education,228430.607754371,4702004.11433901,0.00241975197378419,248107.115569321,0.0527662480797721,0.0485815414447979
2036,restraint,Environmental Protection,33944.5329514732,4702004.11433901,0.00193333333333333,36868.4400165574,0.00784100547766965,0.00721916274976398
2036,restraint,General public services excl interest,98538.308706233,4702004.11433901,-0.00253556957935696,107026.180889347,0.0227618220415769,0.0209566615234842
2036,restraint,Health,356439.465713528,4702004.11433901,0.00362781650959045,387142.373706534,0.0823356093045352,0.0758058600218036
2036,restraint,Housing and community amenities,21200.5629281146,4702004.11433901,-0.00321751270098547,23026.732574281,0.00489721659410288,0.00450883546942512
2036,restraint,Public order and safety,87014.5794596657,4702004.11433901,0.00314178562739631,94509.8230681481,0.0200999022480511,0.0185058492812267
2036,restraint,"Recreation, culture and religion",31595.3556035855,4702004.11433901,-0.000472378361989096,34316.9097226314,0.00729835808054276,0.00671955082030527
2036,restraint,Social Protection,497697.380915877,4702004.11433901,-0.00237743867721462,540567.933602939,0.114965431857971,0.105847925440584
2036,restraint,Transport,76104.1492643739,4702004.11433901,0.00101668852864579,82659.5925233648,0.0175796512536622,0.0161854705809998
2037,restraint,Defence,100002.316464657,4937104.32005596,,108616.295041231,0.022,0.0202552569242701
2037,restraint,Economic affairs,70186.5803428173,4937104.32005596,-0.0067,76232.2972902811,0.0154406899972932,0.0142161428628718
2037,restraint,Education,239913.697174354,4937104.32005596,0.00229239660674292,260579.33293907,0.0527797907531589,0.0485940100961112
2037,restraint,Environmental Protection,35713.7235535799,4937104.32005596,0.0017,38790.0247879513,0.00785683718093111,0.00723373889599624
2037,restraint,General public services excl interest,103252.736433343,4937104.32005596,-0.0025336974962329,112146.699003938,0.022715075828632,0.0209136225892372
2037,restraint,Health,376594.199392943,4937104.32005596,0.00356845774592779,409033.191611481,0.0828488047031676,0.0762783556877878
2037,restraint,Housing and community amenities,22201.0393059976,4937104.32005596,-0.00317974887461782,24113.3877767165,0.0048841155085099,0.00449677338512181
2037,restraint,Public order and safety,91661.9725709842,4937104.32005596,0.0029764284891123,99557.5323532621,0.0201651668466535,0.0185659379727154
2037,restraint,"Recreation, culture and religion",33169.3711218258,4937104.32005596,-0.000579095290305459,36026.5074596908,0.00729709261223032,0.00671838571185991
2037,restraint,Social Protection,523084.577719366,4937104.32005596,-0.00225231032578227,568141.927443894,0.115075941404749,0.105949670861611
2037,restraint,Transport,80003.9448606343,4937104.32005596,0.000831599658717062,86895.3078953543,0.0176004601609004,0.0162046292065644
2038,restraint,Defence,105002.43228789,5183959.53605876,,114047.109793293,0.022,0.0202552569242701
2038,restraint,Economic affairs,73265.5645202258,5183959.53605876,-0.00646666666666667,79576.4983614521,0.0153505245957132,0.0141331281640226
2038,restraint,Education,251941.100089467,5183959.53605876,0.00216504123970164,273642.749765714,0.0527864362872242,0.0486001285961063
2038,restraint,Environmental Protection,37566.594033583,5183959.53605876,0.00146666666666667,40802.4974370257,0.00787091356581978,0.00724669893201828
2038,restraint,General public services excl interest,108192.629356093,5183959.53605876,-0.00253182541310885,117512.103387937,0.0226684067594552,0.0208706546807557
2038,restraint,Health,397862.373012667,5183959.53605876,0.00350909898226514,432133.358712956,0.0833597090615982,0.076748742007958
2038,restraint,Housing and community amenities,23249.516085414,5183959.53605876,-0.00314198504825016,25252.1780292126,0.00487121433984248,0.00448489536303172
2038,restraint,Public order and safety,96541.9673248645,5183959.53605876,0.00281107135082828,104857.879072475,0.0202273722129004,0.0186232100488699
2038,restraint,"Recreation, culture and religion",34818.1275600063,5183959.53605876,-0.000685812218621823,37817.2841343874,0.00729505773942421,0.00671651221770101
2038,restraint,Social Protection,549827.44969485,5183959.53605876,-0.00212718197434992,597188.371320677,0.115199273290375,0.106063221726624
2038,restraint,Transport,84088.3731667708,5183959.53605876,0.000646510788788336,91331.5598308869,0.0176181081653126,0.0162208776094539
2039,restraint,Defence,110252.553902285,5443157.5128617,,119749.465282957,0.022,0.0202552569242701
2039,restraint,Economic affairs,76496.7124412997,5443157.5128617,-0.00623333333333333,83085.9702249489,0.0152642965096314,0.0140537385259465
2039,restraint,Education,264536.887768199,5443157.5128617,0.00203768587266037,287323.510763619,0.0527861834026847,0.0485998957669554
2039,restraint,Environmental Protection,39506.6240175567,5443157.5128617,0.00123333333333333,42909.6373171563,0.007883225355093,0.00725803431633312
2039,restraint,General public services excl interest,113368.769665972,5443157.5128617,-0.0025299533299848,123134.104986983,0.0226218154988217,0.020827758410094
2039,restraint,Health,420304.021488386,5443157.5128617,0.00344974021860248,456508.081201627,0.0838682474506643,0.077216949995521
2039,restraint,Housing and community amenities,24348.3333869301,5443157.5128617,-0.0031042212218825,26445.6450251503,0.0048585118036106,0.00447320022053324
2039,restraint,Public order and safety,101665.332012474,5443157.5128617,0.00264571421254427,110422.559073762,0.0202864897465934,0.0186776391776736
2039,restraint,"Recreation, culture and religion",36544.9852654695,5443157.5128617,-0.000792529146938186,39692.889546959,0.00729225444113426,0.00671393123919653
2039,restraint,Social Protection,578001.383322496,5443157.5128617,-0.00200205362291758,627789.145338287,0.115335472812403,0.10618861974079
2039,restraint,Transport,88365.3494556506,5443157.5128617,0.00046142191885961,95976.9454069451,0.0176325864500816,0.0162342076720821
2040,restraint,Defence,115765.181597399,5715315.38850479,,125736.938547105,0.022,0.0202552569242701
2040,restraint,Economic affairs,79888.2055799602,5715315.38850479,-0.006,86769.5990887789,0.0151819441606492,0.0139779172538123
2040,restraint,Education,277726.108683186,5715315.38850479,0.0019103305056191,301648.822025509,0.0527790334427064,0.0485933128453027
2040,restraint,Environmental Protection,41537.4124741104,5715315.38850479,0.001,45115.3534041564,0.00789376444472284,0.00726773758761496
2040,restraint,General public services excl interest,118792.455281983,5715315.38850479,-0.00252808124686075,129024.974897859,0.0225753026958699,0.0207849343749096
2040,restraint,Health,443982.334860091,5715315.38850479,0.00339038145493983,482225.992167908,0.0843743449640257,0.0776829106846969
2040,restraint,Housing and community amenities,25499.947198101,5715315.38850479,-0.00306645739551485,27696.456305426,0.00484600663703212,0.00446168679499106
2040,restraint,Public order and safety,107043.286726029,5715315.38850479,0.00248035707426025,116263.75892329,0.0203424922371093,0.0187292003064827
2040,restraint,"Recreation, culture and religion",38353.4463106409,5715315.38850479,-0.000899246075254549,41657.1274306118,0.00728868393061856,0.00671064389338534
2040,restraint,Social Protection,607686.112978074,5715315.38850479,-0.00187692527148523,660030.852015441,0.115484589589397,0.106325910587596
2040,restraint,Transport,92843.0856770146,5715315.38850479,0.000276333048930885,100840.383932475,0.0176438878832996,0.0162446128281477
2041,restraint,Defence,121553.440677269,6001081.15793003,,132023.785474461,0.022,0.0202552569242701
2041,restraint,Economic affairs,83429.8749684372,6001081.15793003,-0.006,90616.340052757,0.0151000024275649,0.0139024740330649
2041,restraint,Education,291570.453256323,6001081.15793003,0.0019103305056191,316685.68784991,0.052771438931705,0.0485863206284142
2041,restraint,Environmental Protection,43672.4666494626,6001081.15793003,0.001,47434.3164285881,0.0079042951062088,0.00727743309915953
2041,restraint,General public services excl interest,124475.299979152,6001081.15793003,-0.00252808124686075,135197.327280509,0.022528828343182,0.0207421457406331
2041,restraint,Health,468990.493093748,6001081.15793003,0.00339038145493983,509388.297894142,0.0848827543718551,0.0781509999200742
2041,restraint,Housing and community amenities,26705.9628758492,6001081.15793003,-0.00306645739551485,29006.3555088603,0.00483352161810549,0.00445019191926092
2041,restraint,Public order and safety,112705.392076284,6001081.15793003,0.00248035707426025,122413.585517509,0.0203985885702858,0.0187808478356189
2041,restraint,"Recreation, culture and religion",40251.2927057465,6001081.15793003,-0.000899246075254549,43718.4501207375,0.0072850956303043,0.0067073401686223
2041,restraint,Social Protection,638888.994715803,6001081.15793003,-0.00187692527148523,693921.481040616,0.115632743963751,0.106462315356551
2041,restraint,Transport,97547.4504703274,6001081.15793003,0.000276333048930885,105949.972314387,0.0176551473852976,0.0162549793784117
2042,restraint,Defence,127631.112711132,6301135.21582653,,138624.974748184,0.022,0.0202552569242701
2042,restraint,Economic affairs,87128.3644622589,6301135.21582653,-0.006,94633.4092594469,0.0150184698499656,0.0138274075191116
2042,restraint,Education,306102.34326961,6301135.21582653,0.0019103305056191,332469.322759485,0.05276340077966,0.048578919954102
2042,restraint,Environmental Protection,45917.1351492612,6301135.21582653,0.001,49872.3357131719,0.00791481756936557,0.00728712106255574
2042,restraint,General public services excl interest,130429.676157992,6301135.21582653,-0.00252808124686075,141664.60026669,0.0224823933171393,0.0206993933141432
2042,restraint,Health,495402.986898005,6301135.21582653,0.00339038145493983,538075.905554028,0.0853934865899315,0.0786212277517396
2042,restraint,Housing and community amenities,27968.9480671663,6301135.21582653,-0.00306645739551485,30378.1314538834,0.00482105690694954,0.00443871574076316
2042,restraint,Public order and safety,118666.648537746,6301135.21582653,0.00248035707426025,128888.331438654,0.020454779499879,0.0188325824590609
2042,restraint,"Recreation, culture and religion",42242.9385512844,6301135.21582653,-0.000899246075254549,45881.6519386978,0.00728148982162089,0.00670402032401765
2042,restraint,Social Protection,671687.390858708,6301135.21582653,-0.00187692527148523,729545.058556403,0.115779940212044,0.106597837985072
2042,restraint,Transport,102489.90402183,6301135.21582653,0.000276333048930885,111318.157894041,0.0176663655168745,0.0162653078391981
2043,restraint,Defence,134012.668346689,6616191.97661785,,145556.223485593,0.022,0.0202552569242701
2043,restraint,Economic affairs,90990.6116548195,6616191.97661785,-0.006,98828.3418912085,0.0149373449622495,0.0137527163625825
2043,restraint,Education,321355.799056331,6616191.97661785,0.0019103305056191,349036.677523855,0.0527549198628725,0.0485711116291709
2043,restraint,Environmental Protection,48277.040772314,6616191.97661785,0.001,52435.5183921807,0.00792533206072194,0.00729680168636716
2043,restraint,General public services excl interest,136668.546500807,6616191.97661785,-0.00252808124686075,148440.873115516,0.022435998477692,0.0206566778871901
2043,restraint,Health,523298.469900613,6616191.97661785,0.00339038145493983,568374.24382502,0.0859065525658414,0.079093604259065
2043,restraint,Housing and community amenities,29291.5915276494,6616191.97661785,-0.00306645739551485,31814.7044995585,0.00480861265997029,0.00442725840349982
2043,restraint,Public order and safety,124942.847952812,6616191.97661785,0.00248035707426025,135705.148803534,0.0205110657736544,0.0188844048652715
2043,restraint,"Recreation, culture and religion",44333.0157866124,6616191.97661785,-0.000899246075254549,48151.7638088721,0.00727786678183526,0.00670068461484926
2043,restraint,Social Protection,706162.593611427,6616191.97661785,-0.00187692527148523,766989.879098324,0.115926182584926,0.106732482386705
2043,restraint,Transport,107682.48566067,6616191.97661785,0.000276333048930885,116958.017041796,0.017677542830549,0.0162755987192071
2044,restraint,Defence,140713.301764023,6947001.57544875,,152834.034659872,0.022,0.0202552569242701
2044,restraint,Economic affairs,95023.8608573248,6947001.57544875,-0.006,103209.006268208,0.014856626293703,0.0136783992094009
2044,restraint,Education,337366.518005165,6947001.57544875,0.0019103305056191,366426.524425885,0.052745997024222,0.0485628964296546
2044,restraint,Environmental Protection,50758.0945596239,6947001.57544875,0.001,55130.2846706284,0.00793583880352974,0.00730647517614031
2044,restraint,General public services excl interest,143205.492119118,6947001.57544875,-0.00252808124686075,155540.896785447,0.0223896446684481,0.0206140002364786
2044,restraint,Health,552759.990813603,6947001.57544875,0.00339038145493983,600373.515051699,0.0864219632788722,0.0795681395506086
2044,restraint,Housing and community amenities,30676.7088308753,6947001.57544875,-0.00306645739551485,33319.1327467488,0.00479618902988323,0.00441582004807502
2044,restraint,Public order and safety,131550.615259588,6947001.57544875,0.00248035707426025,142882.094585687,0.0205674481333995,0.0189363157372093
2044,restraint,"Recreation, culture and religion",46526.3849348476,6947001.57544875,-0.000899246075254549,50534.0649290991,0.00727422678406904,0.00669733329257842
2044,restraint,Social Protection,742400.024135995,6947001.57544875,-0.00187692527148523,806348.721818569,0.11607147530645,0.10686625245051
2044,restraint,Transport,113137.843110771,6947001.57544875,0.000276333048930885,122883.286928569,0.0176886798705859,0.01628585251954
2045,restraint,Defence,147748.966852224,7294351.65422118,,160475.736392866,0.022,0.0202552569242701
2045,restraint,Economic affairs,99235.6766520803,7294351.65422118,-0.006,107783.618569155,0.0147763123685958,0.0136044547008717
2045,restraint,Education,354171.956903054,7294351.65422118,0.0019103305056191,384679.546697381,0.0527366330734507,0.0485542751010774
2045,restraint,Environmental Protection,53366.5105629645,7294351.65422118,0.001,57963.383864978,0.00794633801777778,0.00731614173441744
2045,restraint,General public services excl interest,150054.742042738,7294351.65422118,-0.00252808124686075,162980.125963482,0.0223433327167832,0.0205713611237679
2045,restraint,Health,583875.238522228,7294351.65422118,0.00339038145493983,634168.961446137,0.0869397297399486,0.0800448437640573
2045,restraint,Housing and community amenities,32127.2483468193,7294351.65422118,-0.00306645739551485,34894.6185315048,0.00478378616573983,0.0044044008117195
2045,restraint,Public order and safety,138507.452419036,7294351.65422118,0.00248035707426025,150438.178326322,0.0206239273149471,0.0189883157523511
2045,restraint,"Recreation, culture and religion",48828.1463775399,7294351.65422118,-0.000899246075254549,53034.0950165257,0.00727057009732116,0.00669396660487069
2045,restraint,Social Protection,780489.441687162,7294351.65422118,-0.00187692527148523,847719.07763576,0.11621582257351,0.106999152040538
2045,restraint,Transport,118869.263219572,7294351.65422118,0.000276333048930885,129108.398901478,0.0176997771730355,0.0162960697337348
2046,restraint,Defence,155136.415194836,7659069.23693224,,168499.523212509,0.022,0.0202552569242701
2046,restraint,Economic affairs,103633.958044441,7659069.23693224,-0.006,112560.758202274,0.0146964017062938,0.0135308814737847
2046,restraint,Education,371811.418303662,7659069.23693224,0.0019103305056191,403838.432327134,0.0527268287874739,0.0485452483587401
2046,restraint,Environmental Protection,56108.8213698365,7659069.23693224,0.001,60941.9112653831,0.00795682992021009,0.00732580156075339
2046,restraint,General public services excl interest,157231.204114431,7659069.23693224,-0.00252808124686075,170774.752621023,0.022297063433967,0.0205287612959886
2046,restraint,Health,616736.800815868,7659069.23693224,0.00339038145493983,669861.146105312,0.0874598629916052,0.080523727066201
2046,restraint,Housing and community amenities,33646.2975019941,7659069.23693224,-0.00306645739551485,36544.515224437,0.00477140421295819,0.00439300082831876
2046,restraint,Public order and safety,145831.784657337,7659069.23693224,0.00248035707426025,158393.41235989,0.020680504048209,0.0190404055827218
2046,restraint,"Recreation, culture and religion",51243.6521852291,7659069.23693224,-0.000899246075254549,55657.6671572221,0.00726689698649534,0.00669058479562122
2046,restraint,Social Protection,820525.163314358,7659069.23693224,-0.00187692527148523,891203.387861564,0.116359228555365,0.107131184995399
2046,restraint,Transport,124890.704238173,7659069.23693224,0.000276333048930885,135648.513544531,0.0177108352657827,0.0163062508478114
2047,restraint,Defence,162893.235954577,8042022.69877886,,176924.499373135,0.022,0.0202552569242701
2047,restraint,Economic affairs,108226.95323985,8042022.69877886,-0.006,117549.383855199,0.0146168928213854,0.0134576781605309
2047,restraint,Education,390326.141117275,8042022.69877886,0.0019103305056191,423947.972454045,0.0527165849107116,0.0485358168880255
2047,restraint,Environmental Protection,58991.8944235275,8042022.69877886,0.001,64073.325861522,0.00796731472434805,0.00733545485173589
2047,restraint,General public services excl interest,164750.497357131,8042022.69877886,-0.00252808124686075,178941.741169126,0.0222508376153051,0.0204862014853735
2047,restraint,Health,651442.437518993,8042022.69877886,0.00339038145493983,707556.249668965,0.087982374107997,0.081004799652942
2047,restraint,Housing and community amenities,35237.0893345781,8042022.69877886,-0.00306645739551485,38272.3343504889,0.00475904331335702,0.00438162022844436
2047,restraint,Public order and safety,153543.009145441,8042022.69877886,0.00248035707426025,166768.864686787,0.0207371790572177,0.0190925858949335
2047,restraint,"Recreation, culture and religion",53778.5185312848,8042022.69877886,-0.000899246075254549,58410.8812893225,0.00726320771243184,0.00668718810498394
2047,restraint,Social Protection,862606.294663078,8042022.69877886,-0.00187692527148523,936909.294882796,0.116501697393252,0.107262355127903
2047,restraint,Transport,131216.829731174,8042022.69877886,0.000276333048930885,142519.557509383,0.0177218546686052,0.016316396340326
2048,restraint,Defence,171037.897752306,8444123.8337178,,185770.724341792,0.022,0.0202552569242701
2048,restraint,Economic affairs,113023.275073582,8444123.8337178,-0.006,122758.850253804,0.0145377842238199,0.0133848433892305
2048,restraint,Education,409759.39562751,8444123.8337178,0.0019103305056191,445055.16456835,0.0527059021554401,0.0485259813447217
2048,restraint,Environmental Protection,62022.9491789846,8444123.8337178,0.001,67365.4689762389,0.00797779264051591,0.00734510180100912
2048,restraint,General public services excl interest,172628.985883865,8444123.8337178,-0.00252808124686075,187498.865289357,0.0222046560402946,0.0204436824096005
2048,restraint,Health,688095.368822261,8444123.8337178,0.00339038145493983,747366.383486902,0.0885072741949415,0.0814880717493345
2048,restraint,Housing and community amenities,36903.0093584296,8444123.8337178,-0.00306645739551485,40081.7530442018,0.0047467036051927,0.00437025913938804
2048,restraint,Public order and safety,161661.546244215,8444123.8337178,0.00248035707426025,175586.714632646,0.0207939530601765,0.0191448573502312
2048,restraint,"Recreation, culture and religion",56438.6387177756,8444123.8337178,-0.000899246075254549,61300.138350914,0.00725950253194293,0.00668377676940423
2048,restraint,Social Protection,906836.972435132,8444123.8337178,-0.00187692527148523,984949.905506659,0.116643233200075,0.107392666224776
2048,restraint,Transport,137863.044198476,8444123.8337178,0.000276333048930885,149738.262205517,0.0177328358932404,0.0163265066824319
2049,restraint,Defence,179589.792639922,8866330.02540369,,195059.260558881,0.022,0.0202552569242701
2049,restraint,Economic affairs,118031.917121983,8866330.02540369,-0.006,128198.925661231,0.0144590744190569,0.01331237578387
2049,restraint,Education,430156.583150075,8866330.02540369,0.0019103305056191,467209.320754775,0.0526947812021584,0.0485157423553597
2049,restraint,Environmental Protection,65209.5751372881,8866330.02540369,0.001,70826.5838534673,0.00798826387586926,0.00735474259929988
2049,restraint,General public services excl interest,180883.81442392,8866330.02540369,-0.00252808124686075,196464.746520101,0.0221585194727912,0.0204012047719466
2049,restraint,Health,726804.57965825,8866330.02540369,0.00339038145493983,789409.920212983,0.0890345743899873,0.0819735536096467
2049,restraint,Housing and community amenities,38647.6027505362,8866330.02540369,-0.00306645739551485,41976.6218562758,0.00473438522319888,0.00435891768519822
2049,restraint,Public order and safety,170208.893450369,8866330.02540369,0.00248035707426025,184870.311441041,0.0208508267695149,0.0191972206045442
2049,restraint,"Recreation, culture and religion",59230.1968435323,8866330.02540369,-0.000899246075254549,64332.1551254364,0.00725578169785162,0.00668035102165459
2049,restraint,Social Protection,953326.61909539,8866330.02540369,-0.00187692527148523,1035444.06760737,0.116783840060164,0.107522122046431
2049,restraint,Transport,144845.530495424,8866330.02540369,0.000276333048930885,157322.204443682,0.0177437794434591,0.0163365823379475
2050,restraint,Defence,188569.282271918,9309646.52667387,,204812.223586825,0.022,0.0202552569242701
2050,restraint,Economic affairs,123262.270525337,9309646.52667387,-0.006,133879.810149836,0.0143807619082255,0.0132402739644484
2050,restraint,Education,451565.340559291,9309646.52667387,0.0019103305056191,490462.181222735,0.0526832226999671,0.0485051005175622
2050,restraint,Environmental Protection,68559.7508037077,9309646.52667387,0.001,74465.336249292,0.00799872863442612,0.00736437743444622
2050,restraint,General public services excl interest,189532.945542219,9309646.52667387,-0.00252808124686075,205858.894681934,0.022112428661186,0.0203587692614507
2050,restraint,Health,767685.141013213,9309646.52667387,0.00339038145493983,833811.842793958,0.0895642858625117,0.0824612555174519
2050,restraint,Housing and community amenities,40474.5818771356,9309646.52667387,-0.00306645739551485,43960.9729279735,0.00472208829862843,0.00434759598671855
2050,restraint,Public order and safety,179207.682185427,9309646.52667387,0.00248035707426025,194644.235954143,0.0209078008919512,0.0192496763085434
2050,restraint,"Recreation, culture and religion",62159.6821460551,9309646.52667387,-0.000899246075254549,67513.9798189696,0.00725204545903321,0.00667691109087289
2050,restraint,Social Protection,1002190.21044228,9309646.52667387,-0.00187692527148523,1088516.66074459,0.11692352202909,0.107650726326808
2050,restraint,Transport,152181.289142061,9309646.52667387,0.000276333048930885,165289.849131153,0.0177546858151452,0.01634662376343
2051,restraint,Defence,197997.746385514,9775128.85300757,,215052.834766167,0.022,0.0202552569242701
2051,restraint,Economic affairs,128724.141553739,9775128.85300757,-0.006,139812.154680152,0.0143028451882898,0.0131685365471304
2051,restraint,Education,474035.649918976,9775128.85300757,0.0019103305056191,514868.033380589,0.0526712272669609,0.0484940564004051
2051,restraint,Environmental Protection,72081.8636166242,9775128.85300757,0.001,78290.8360775029,0.00800918711710022,0.00737400649142813
2051,restraint,General public services excl interest,198595.198632622,9775128.85300757,-0.00252808124686075,215701.750229719,0.0220663843385914,0.0203163765530844
2051,restraint,Health,810858.549115604,9775128.85300757,0.00339038145493983,880704.112874942,0.0900964198138391,0.0829511877857367
2051,restraint,Housing and community amenities,42387.8341744606,9775128.85300757,-0.00306645739551485,46039.0285506951,0.0047098129592972,0.00433629416162825
2051,restraint,Public order and safety,188681.737577556,9775128.85300757,0.00248035707426025,204934.365544012,0.0209648761285595,0.0193022251077031
2051,restraint,"Recreation, culture and religion",65233.904050475,9775128.85300757,-0.000899246075254549,70853.0084054793,0.00724829406045933,0.00667345720260292
2051,restraint,Social Protection,1053548.55669022,9775128.85300757,-0.00187692527148523,1144298.90145766,0.117062283133545,0.107778482773255
2051,restraint,Transport,159888.17961683,9775128.85300757,0.000276333048930885,173660.594122384,0.0177655554963813,0.0163566314082537
2052,restraint,Defence,207897.633704789,10263885.2956579,,225805.476504475,0.022,0.0202552569242701
2052,restraint,Economic affairs,134427.769948808,10263885.2956579,-0.006,146007.081022516,0.0142253227522217,0.0130971621444052
2052,restraint,Education,497619.953465726,10263885.2956579,0.0019103305056191,540483.836723315,0.0526587954906279,0.0484826105447847
2052,restraint,Environmental Protection,75784.7308970177,10263885.2956579,0.001,82312.6601636268,0.00801963952173632,0.00738362995239998
2052,restraint,General public services excl interest,208090.290769634,10263885.2956579,-0.00252808124686075,226014.728623193,0.022020387223034,0.0202740273079304
2052,restraint,Health,856453.08349438,10263885.2956579,0.00339038145493983,930226.059700073,0.0906309874773832,0.0834433607570318
2052,restraint,Housing and community amenities,44391.4304008107,10263885.2956579,-0.00306645739551485,48215.2101288654,0.00469755932962953,0.004325012324484
2052,restraint,Public order and safety,198656.141393896,10263885.2956579,0.00248035707426025,215767.942465791,0.0210220531748411,0.019354867642367
2052,restraint,"Recreation, culture and religion",68460.0079604148,10263885.2956579,-0.000899246075254549,74357.0017778681,0.007244527743244,0.0066699895788368
2052,restraint,Social Protection,1107528.59774484,10263885.2956579,-0.00187692527148523,1202928.66397519,0.117200127371268,0.107905395066464
2052,restraint,Transport,167984.963734867,10263885.2956579,0.000276333048930885,182454.817333809,0.017776388967538,0.0163666057146928
2053,restraint,Defence,218292.515390029,10777079.5604408,,237095.750329699,0.022,0.0202552569242701
2053,restraint,Economic affairs,140383.84807549,10777079.5604408,-0.006,152476.202558565,0.0141481930891793,0.0130261493652504
2053,restraint,Education,522373.274204605,10777079.5604408,0.0019103305056191,567369.353816057,0.0526459279282567,0.0484707634637929
2053,restraint,Environmental Protection,79677.6218707702,10777079.5604408,0.001,86540.876164182,0.0080300860431471,0.00739324799672453
2053,restraint,General public services excl interest,218038.879507088,10777079.5604408,-0.00252808124686075,236820.266812232,0.0219744380176539,0.0202317221733649
2053,restraint,Health,904604.184955124,10777079.5604408,0.00339038145493983,982524.790646659,0.0911680001188066,0.0839377848035596
2053,restraint,Housing and community amenities,46489.6332774434,10777079.5604408,-0.00306645739551485,50494.147565132,0.00468532753070504,0.00431375058676301
2053,restraint,Public order and safety,209157.298289399,10777079.5604408,0.00248035707426025,227173.645813066,0.0210793327208001,0.0194076045478172
2053,restraint,"Recreation, culture and religion",71845.491827313,10777079.5604408,-0.000899246075254549,78034.1037445441,0.00724074674469157,0.00666650843805908
2053,restraint,Social Protection,1164263.71338613,10777079.5604408,-0.00187692527148523,1264550.81711673,0.117337058711015,0.108031466860444
2053,restraint,Transport,176491.351216078,10777079.5604408,0.000276333048930885,191693.926237059,0.0177871867013681,0.0163765471180077
2054,restraint,Defence,229207.14115953,11315933.5384629,,248950.537846184,0.022,0.0202552569242701
2054,restraint,Economic affairs,146603.540919705,11315933.5384629,-0.006,159231.646001436,0.0140714546846892,0.0129554968153002
2054,restraint,Education,548353.342389849,11315933.5384629,0.0019103305056191,595587.28766959,0.0526326251073486,0.048458515643097
2054,restraint,Environmental Protection,83770.2808187018,11315933.5384629,0.001,90986.0677108076,0.00804052687315153,0.00740286080100828
2054,restraint,General public services excl interest,228462.607716555,11315933.5384629,-0.00252808124686075,248141.871937541,0.0219285374109088,0.0201894617832466
2054,restraint,Health,955454.85458013,11315933.5384629,0.00339038145493983,1037755.62459425,0.091707469036197,0.084434470327396
2054,restraint,Housing and community amenities,48686.9065365967,11315933.5384629,-0.00306645739551485,52880.6890877652,0.00467311768030658,0.00430250905690722
2054,restraint,Public order and safety,220213.005546868,11315933.5384629,0.00248035707426025,239181.66726516,0.0211367154510214,0.0194604364543467
2054,restraint,"Recreation, culture and religion",75398.2235365753,11315933.5384629,-0.000899246075254549,81892.859913177,0.00723695129834608,0.00666301399529226
2054,restraint,Social Protection,1223894.04911048,11315933.5384629,-0.00187692527148523,1329317.57820203,0.117473081092574,0.108156701782532
2054,restraint,Transport,185428.04755353,11315933.5384629,0.000276333048930885,201400.409850624,0.0177979491631038,0.0163864560465347
2055,restraint,Defence,240667.498217507,11881730.215386,,261398.064738493,0.022,0.0202552569242701
2055,restraint,Economic affairs,153098.506969201,11881730.215386,-0.006,166286.074075251,0.0139951060208321,0.012885203097016
2055,restraint,Education,575620.728176336,11881730.215386,0.0019103305056191,625203.425818098,0.0526188875260357,0.0484458675413237
2055,restraint,Environmental Protection,88072.9514120717,11881730.215386,0.001,95659.3608419709,0.00805096220061439,0.00741246853913778
2055,restraint,General public services excl interest,239384.150562653,11881730.215386,-0.00252808124686075,260004.172352317,0.0218826860767827,0.0201472467581082
2055,restraint,Health,1009156.07492001,11881730.215386,0.00339038145493983,1096082.54939676,0.0922494055602615,0.0849334277606492
2055,restraint,Housing and community amenities,50987.9243958221,11881730.215386,-0.00306645739551485,55379.911541088,0.00466092989296919,0.00429128784036825
2055,restraint,Public order and safety,231852.526492139,11881730.215386,0.00248035707426025,251823.790826138,0.021194202044753,0.0195133639873346
2055,restraint,"Recreation, culture and religion",79126.4591508068,11881730.215386,-0.000899246075254549,85942.2375053622,0.00723314163404189,0.00665950646214332
2055,restraint,Social Protection,1286566.85842044,11881730.215386,-0.00187692527148523,1397388.88482501,0.117608198426815,0.10828110343344
2055,restraint,Transport,194816.804298214,11881730.215386,0.000276333048930885,211597.893356031,0.0178086768105563,0.0163963329217776
2056,restraint,Defence,252700.873128382,12475816.7261553,,274467.967975417,0.022,0.0202552569242701
2056,restraint,Economic affairs,159880.9200166,12475816.7261553,-0.006,173652.709196231,0.0139191455764311,0.0128152668098604
2056,restraint,Education,604238.980741344,12475816.7261553,0.0019103305056191,656286.791424573,0.0526047156534994,0.0484328195904455
2056,restraint,Environmental Protection,92596.4022942297,12475816.7261553,0.001,100572.451788165,0.0080613922114868,0.00742207138231703
2056,restraint,General public services excl interest,250827.264717082,12475816.7261553,-0.00252808124686075,272432.971075466,0.0218368846749981,0.0201050777053519
2056,restraint,Health,1065867.25460906,12475816.7261553,0.00339038145493983,1157678.704796,0.0927938210545326,0.0854346675656499
2056,restraint,Housing and community amenities,53397.5814787056,12475816.7261553,-0.00306645739551485,57997.1311607472,0.00464876428002964,0.00428008703965316
2056,restraint,Public order and safety,244106.667778003,12475816.7261553,0.00248035707426025,265133.47676579,0.0212517931759884,0.0195663877673225
2056,restraint,"Recreation, culture and religion",83038.8620523646,12475816.7261553,-0.000899246075254549,90191.6461480705,0.00722931797795533,0.00665598604685135
2056,restraint,Social Protection,1352436.86239073,12475816.7261553,-0.00187692527148523,1468932.78539187,0.117742414595774,0.108404675387333
2056,restraint,Transport,204680.471882125,12475816.7261553,0.000276333048930885,222311.195471001,0.0178193700942183,0.0164061781585021
2057,restraint,Defence,265335.916784801,13099607.5624631,,288191.366374188,0.022,0.0202552569242701
2057,restraint,Economic affairs,166963.49192535,13099607.5624631,-0.006,181345.35819965,0.0138435718272428,0.0127456865504722
2057,restraint,Education,634274.774190629,13099607.5624631,0.0019103305056191,688909.801754919,0.0525901099303912,0.0484193721961673
2057,restraint,Environmental Protection,97351.9539722086,13099607.5624631,0.001,105737.636179886,0.00807181708884755,0.00743166949910548
2057,restraint,General public services excl interest,262816.839918017,13099607.5624631,-0.00252808124686075,285455.301792216,0.0217911338512298,0.0200629552194463
2057,restraint,Health,1125756.69770486,13099607.5624631,0.00339038145493983,1222726.89218922,0.0933407269155866,0.0859382002351516
2057,restraint,Housing and community amenities,55921.0032030031,13099607.5624631,-0.00306645739551485,60737.914856659,0.00463662094967664,0.00426890675437061
2057,restraint,Public order and safety,257007.860740671,13099607.5624631,0.00248035707426025,279145.94998397,0.0213094895135532,0.0196195084100936
2057,restraint,"Recreation, culture and religion",87144.5230295474,13099607.5624631,-0.000899246075254549,94650.9596900179,0.00722548055265717,0.00665245295433581
2057,restraint,Social Protection,1421666.62738043,13099607.5624631,-0.00187692527148523,1544125.84936868,0.117875733452762,0.10852742119193
2057,restraint,Transport,215043.055107764,13099607.5624631,0.000276333048930885,233566.388718681,0.0178300294573682,0.0164159921648317
2058,restraint,Defence,278602.712624041,13754587.9405863,,302600.934692898,0.022,0.0202552569242701
2058,restraint,Economic affairs,174359.496401098,13754587.9405863,-0.006,189378.438158834,0.0137683832461477,0.0126764609128426
2058,restraint,Education,665798.060577982,13754587.9405863,0.0019103305056191,723148.434378275,0.0525750707692558,0.0484055257383162
2058,restraint,Environmental Protection,102351.507085314,13754587.9405863,0.001,111167.839751214,0.00808223701294505,0.00744126305545668
2058,restraint,General public services excl interest,275378.952986619,13754587.9405863,-0.00252808124686075,299099.487523481,0.021745434237322,0.0200208798821262
2058,restraint,Health,1189002.09912504,13754587.9405863,0.00339038145493983,1291420.1127416,0.093890134573276,0.0864440362925453
2058,restraint,Housing and community amenities,58563.5566582047,13754587.9405863,-0.00306645739551485,63608.0920275433,0.00462450000700145,0.00425774708127741
2058,restraint,Public order and safety,270590.247043326,13754587.9405863,0.00248035707426025,293898.293031289,0.0213672917211915,0.0196727265267528
2058,restraint,"Recreation, culture and religion",91452.9813529262,13754587.9405863,-0.000899246075254549,99330.5390934646,0.00722162957716571,0.00664890738624542
2058,restraint,Social Protection,1494426.96180546,13754587.9405863,-0.00187692527148523,1623153.59823089,0.118008158822511,0.108649344368637
2058,restraint,Transport,225929.771438592,13754587.9405863,0.000276333048930885,245390.862739113,0.0178406553361753,0.0164257753423446
2059,restraint,Defence,292532.848255243,14442317.3376156,,317730.981427543,0.022,0.0202552569242701
2059,restraint,Economic affairs,182082.793812877,14442317.3376156,-0.006,197767.003344376,0.0136935783033436,0.0126075884884925
2059,restraint,Education,698882.23038327,14442317.3376156,0.0019103305056191,759082.401468281,0.0525595985549509,0.0483912805712283
2059,restraint,Environmental Protection,107607.572121201,14442317.3376156,0.001,116876.650615566,0.00809265216123981,0.00745085221475735
2059,restraint,General public services excl interest,288540.924417703,14442317.3376156,-0.00252808124686075,313395.202091134,0.0216997864515055,0.0199788522625927
2059,restraint,Health,1255791.06762966,14442317.3376156,0.00339038145493983,1363962.13541725,0.0944420554909674,0.0869521862920779
2059,restraint,Housing and community amenities,61330.8619955808,14442317.3376156,-0.00306645739551485,66613.7669320825,0.0046124015540487,0.0042466081143254
2059,restraint,Public order and safety,284889.768832598,14442317.3376156,0.00248035707426025,309429.544031469,0.0214252004576543,0.019726042723808
2059,restraint,"Recreation, culture and religion",95974.2468906076,14442317.3376156,-0.000899246075254549,104241.256454438,0.00721776526700031,0.00664534954100745
2059,restraint,Social Protection,1570897.33293083,14442317.3376156,-0.00187692527148523,1706210.95815716,0.11813969450133,0.108770448412691
2059,restraint,Transport,237367.112231794,14442317.3376156,0.000276333048930885,257813.390796456,0.0178512481598068,0.0164355280861723
2060,restraint,Defence,307159.490668006,15164433.2044964,,333617.53049892,0.022,0.0202552569242701
2060,restraint,Economic affairs,190147.857110449,15164433.2044964,-0.006,206526.773373951,0.0136191554665369,0.0125390678666492
2060,restraint,Education,733604.280810676,15164433.2044964,0.0019103305056191,796795.332598157,0.0525436936450682,0.048376637024136
2060,restraint,Environmental Protection,113133.300653526,15164433.2044964,0.001,122878.353194093,0.00810306270844724,0.00746043713786684
2060,restraint,General public services excl interest,302331.377667217,15164433.2044964,-0.00252808124686075,328373.534512373,0.0216541910986168,0.0199368729177147
2060,restraint,Health,1326321.67787852,15164433.2044964,0.00339038145493983,1440568.09658952,0.0949965011657926,0.087462660819084
2060,restraint,Housing and community amenities,64228.8043548458,15164433.2044964,-0.00306645739551485,69761.3316429225,0.00460032568986738,0.00423548994470835
2060,restraint,Public order and safety,299944.263645682,15164433.2044964,0.00248035707426025,325780.799763556,0.0214832163767888,0.0197794576032519
2060,restraint,"Recreation, culture and religion",100718.823313628,15164433.2044964,-0.000899246075254549,109394.520206989,0.00721388783423522,0.00664177961387729
2060,restraint,Social Protection,1651266.30469091,15164433.2044964,-0.00187692527148523,1793502.73556252,0.118270344257294,0.108890736793334
2060,restraint,Transport,249382.907061815,15164433.2044964,0.000276333048930885,270864.199643207,0.0178618083505352,0.0164452507850984
2061,restraint,Defence,322517.465201406,15922654.8647212,,350298.407023866,0.022,0.0202552569242701
2061,restraint,Economic affairs,198569.798886195,15922654.8647212,-0.006,215674.162605257,0.0135451132011354,0.0124708976344236
2061,restraint,Education,770044.99228621,15922654.8647212,0.0019103305056191,836374.966441317,0.0525273563703513,0.0483615954015527
2061,restraint,Environmental Protection,118942.518179065,15922654.8647212,0.001,129187.963881319,0.0081134688265807,0.00747001798315672
2061,restraint,General public services excl interest,316780.301264991,15922654.8647212,-0.00252808124686075,344067.056462724,0.021608648770316,0.0198949423922301
2061,restraint,Health,1400803.05317727,15922654.8647212,0.00339038145493983,1521465.13298352,0.0955534831289055,0.0879754704902221
2061,restraint,Housing and community amenities,67263.5463527146,15922654.8647212,-0.00306645739551485,73057.4796109652,0.00458827251056192,0.00422439266090897
2061,restraint,Public order and safety,315793.564318362,15922654.8647212,0.00248035707426025,342995.324175792,0.0215413401276282,0.0198329717626453
2061,restraint,"Recreation, culture and religion",105697.732445196,15922654.8647212,-0.000899246075254549,114802.301569824,0.00720999748755365,0.00663819779698822
2061,restraint,Social Protection,1735731.99759624,15922654.8647212,-0.00187692527148523,1885244.11662053,0.118400111830443,0.109010212953997
2061,restraint,Transport,262006.391290635,15922654.8647212,0.000276333048930885,284575.042910826,0.0178723363238464,0.0164549438216579
2062,restraint,Defence,338643.338461476,16718787.6079572,,367813.327375059,0.022,0.0202552569242701
2062,restraint,Economic affairs,207364.399632099,16718787.6079572,-0.006,225226.31082699,0.0134714499704389,0.0124030763769859
2062,restraint,Education,808289.113551906,16718787.6079572,0.0019103305056191,877913.351809176,0.0525105870351111,0.0483461559836555
2062,restraint,Environmental Protection,125049.758636178,16718787.6079572,0.001,135821.268536936,0.0081238706849947,0.00747959490655061
2062,restraint,General public services excl interest,331919.11388735,16718787.6079572,-0.00252808124686075,360509.892953868,0.0215631600453065,0.0198530612189472
2062,restraint,Health,1479455.98061539,16718787.6079572,0.00339038145493983,1606893.04980077,0.0961130129457462,0.0884906259537174
2062,restraint,Housing and community amenities,70441.541159815,16718787.6079572,-0.00306645739551485,76509.2198686972,0.00457624210934308,0.0042133163487458
2062,restraint,Public order and safety,332479.60415736,16718787.6079572,0.00248035707426025,361118.662617285,0.0215995723544818,0.0198865857951995
2062,restraint,"Recreation, culture and religion",110922.539810152,16718787.6079572,-0.000899246075254549,120477.162296537,0.00720609443230182,0.00663460427940115
2062,restraint,Social Protection,1824502.5718389,16718787.6079572,-0.00187692527148523,1981661.19198225,0.118529000933003,0.109128880312501
2062,restraint,Transport,275268.277048597,16718787.6079572,0.000276333048930885,298979.278204705,0.0178828324885477,0.0164646075722371
2063,restraint,Defence,355575.50538455,17554726.9883551,,386203.993743812,0.022,0.0202552569242701
2063,restraint,Economic affairs,216548.137244563,17554726.9883551,-0.006,235201.115305135,0.0133981642358298,0.0123356026777408
2063,restraint,Education,848425.555773214,17554726.9883551,0.0019103305056191,921507.058478517,0.052493385917639,0.0483303190266653
2063,restraint,Environmental Protection,131470.300690663,17554726.9883551,0.001,142794.861897256,0.00813426845042813,0.00748916806156391
2063,restraint,General public services excl interest,347780.732530614,17554726.9883551,-0.00252808124686075,377737.796379457,0.0215177254895521,0.0198112299189451
2063,restraint,Health,1562513.560394,17554726.9883551,0.00339038145493983,1697105.02597867,0.0966751022163117,0.0890081378896119
2063,restraint,Housing and community amenities,73769.5461936663,17554726.9883551,-0.00306645739551485,80123.8919026521,0.00456423457657884,0.00420226109142006
2063,restraint,Public order and safety,350046.527654312,17554726.9883551,0.00248035707426025,380198.762088642,0.0216579136970257,0.0199403002898601
2063,restraint,"Recreation, culture and religion",116405.381443784,17554726.9883551,-0.000899246075254549,126432.283793682,0.00720217887054299,0.00663099924715443
2063,restraint,Social Protection,1917796.7347639,17554726.9883551,-0.00187692527148523,2082991.50796016,0.11865701524962,0.109246742261276
2063,restraint,Transport,289200.827797906,17554726.9883551,0.000276333048930885,314111.948090395,0.0178932972468761,0.0164742424071731
2064,restraint,Defence,373354.280653777,18432463.3377728,,405514.193431003,0.022,0.0202552569242701
2064,restraint,Economic affairs,226138.217832155,18432463.3377728,-0.006,245617.264244437,0.0133252544569615,0.0122684751185013
2064,restraint,Education,890547.596096151,18432463.3377728,0.0019103305056191,967257.398282612,0.0524757532706143,0.0483140847632226
2064,restraint,Environmental Protection,138220.205879479,18432463.3377728,0.001,150126.189004543,0.00814466228704741,0.00749873759934356
2064,restraint,General public services excl interest,364399.643933176,18432463.3377728,-0.00252808124686075,395788.224089327,0.0214723456564948,0.0197694490017744
2064,restraint,Health,1650221.89124066,18432463.3377728,0.00339038145493983,1792368.35864539,0.0972397625754322,0.0895280170100182
2064,restraint,Housing and community amenities,77254.6374567389,18432463.3377728,-0.00306645739551485,83909.1812265179,0.00455224999984492,0.00419122696956214
2064,restraint,Public order and safety,368540.807033282,18432463.3377728,0.00248035707426025,400286.09782862,0.021716364790393,0.0199941158313901
2064,restraint,"Recreation, culture and religion",122158.992022058,18432463.3377728,-0.000899246075254549,132681.497674072,0.00719825100111137,0.0066273828833134
2064,restraint,Social Protection,2015844.2739334,18432463.3377728,-0.00187692527148523,2189484.64550928,0.118784158437601,0.109363802167582
2064,restraint,Transport,303837.936659549,18432463.3377728,0.000276333048930885,330009.865167433,0.0179037309946066,0.0164838486908533
2065,restraint,Defence,392021.994686466,19354086.5046615,,425789.903102553,0.022,0.0202552569242701
2065,restraint,Economic affairs,236152.607883814,19354086.5046615,-0.006,256494.271727493,0.0132527190919455,0.0122016922796607
2065,restraint,Education,934753.091111891,19354086.5046615,0.0019103305056191,1015270.65696318,0.0524576893215108,0.0482974534027608
2065,restraint,Environmental Protection,145316.358707437,19354086.5046615,0.001,157833.588757543,0.00815505235648957,0.00750830366870773
2065,restraint,General public services excl interest,381811.979400944,19354086.5046615,-0.00252808124686075,414700.41966024,0.0214270210872705,0.0197277189656553
2065,restraint,Health,1742840.79391368,19354086.5046615,0.00339038145493983,1892965.24894526,0.0978070056930525,0.0900502740593783
2065,restraint,Housing and community amenities,80904.2245499751,19354086.5046615,-0.00306645739551485,87873.1356878899,0.00454028846397505,0.00418021406127792
2065,restraint,Public order and safety,388011.364939076,19354086.5046615,0.00248035707426025,421433.806570553,0.0217749262652644,0.020048033000453
2065,restraint,"Recreation, culture and religion",128196.734378372,19354086.5046615,-0.000899246075254549,139239.31781605,0.00719431101966572,0.00662375536801984
2065,restraint,Social Protection,2118886.61707134,19354086.5046615,-0.00187692527148523,2301402.82840423,0.118910434127177,0.109480063373748
2065,restraint,Transport,319215.208693543,19354086.5046615,0.000276333048930885,346711.701437034,0.0179141341211598,0.0164934267818147
2066,restraint,Defence,411623.09442079,20321790.8298946,,447079.398257681,0.022,0.0202552569242701
2066,restraint,Economic affairs,246610.067857559,20321790.8298946,-0.006,267852.514196722,0.0131805565975364,0.0121352527403629
2066,restraint,Education,981144.700708338,20321790.8298946,0.0019103305056191,1065658.33730402,0.0524391942729957,0.0482804251318745
2066,restraint,Environmental Protection,152776.508796806,20321790.8298946,0.001,165936.339691769,0.00816543881790509,0.00751786641618525
2066,restraint,General public services excl interest,400055.59319824,20321790.8298946,-0.00252808124686075,434515.498039206,0.0213817523109237,0.0196860402976756
2066,restraint,Health,1840644.57490934,20321790.8298946,0.00339038145493983,1999193.63153004,0.0983768432745162,0.0905749198147261
2066,restraint,Housing and community amenities,84726.0663935834,20321790.8298946,-0.00306645739551485,92024.1825432193,0.00452835005111096,0.00416922244219473
2066,restraint,Public order and safety,408509.703589833,20321790.8298946,0.00248035707426025,443697.826819849,0.0218335987479579,0.0201020523736959
2066,restraint,"Recreation, culture and religion",134532.630475165,20321790.8298946,-0.000899246075254549,146120.974002916,0.00719035911874277,0.00662011687854103
2066,restraint,Social Protection,2227177.42024149,20321790.8298946,-0.00187692527148523,2419021.56208165,0.119035845921764,0.109595529197416
2066,restraint,Transport,335370.047331976,20321790.8298946,0.000276333048930885,364258.082180281,0.0179245070097088,0.0165029770328423
