year,model,forecast,actual,origin,horizon,error,interest_treatment,interest_treatment_label,model_label
2011,structural_ols,0.336183933628854,0.347158149042668,2010,1,-0.0109742154138144,include_interest,Include all interest,Structural OLS (levels)
2011,arimax_level,0.338790665550367,0.347158149042668,2010,1,-0.00836748349230071,include_interest,Include all interest,ARIMAX (levels)
2011,arimax_diff,0.352992654863578,0.347158149042668,2010,1,0.00583450582090983,include_interest,Include all interest,Differenced ARIMAX
2011,hybrid,0.346545127628535,0.347158149042668,2010,1,-0.000613021414132997,include_interest,Include all interest,Hybrid structural/macro
2011,ardl_ecm,0.358621851227614,0.347158149042668,2010,1,0.0114637021849464,include_interest,Include all interest,ARDL error-correction model
2012,structural_ols,0.331919894465846,0.349874026949591,2010,2,-0.017954132483745,include_interest,Include all interest,Structural OLS (levels)
2012,arimax_level,0.334081339639796,0.349874026949591,2010,2,-0.0157926873097948,include_interest,Include all interest,ARIMAX (levels)
2012,arimax_diff,0.351237278809019,0.349874026949591,2010,2,0.00136325185942765,include_interest,Include all interest,Differenced ARIMAX
2012,hybrid,0.339813892159228,0.349874026949591,2010,2,-0.0100601347903627,include_interest,Include all interest,Hybrid structural/macro
2012,ardl_ecm,0.360508470043265,0.349874026949591,2010,2,0.0106344430936739,include_interest,Include all interest,ARDL error-correction model
2013,structural_ols,0.327517537769104,0.344430952357823,2010,3,-0.0169134145887194,include_interest,Include all interest,Structural OLS (levels)
2013,arimax_level,0.329278211456021,0.344430952357823,2010,3,-0.0151527409018017,include_interest,Include all interest,ARIMAX (levels)
2013,arimax_diff,0.349780718138794,0.344430952357823,2010,3,0.00534976578097141,include_interest,Include all interest,Differenced ARIMAX
2013,hybrid,0.332187367619647,0.344430952357823,2010,3,-0.0122435847381763,include_interest,Include all interest,Hybrid structural/macro
2013,ardl_ecm,0.366603392377604,0.344430952357823,2010,3,0.0221724400197805,include_interest,Include all interest,ARDL error-correction model
2014,structural_ols,0.322464893081563,0.346132712717135,2010,4,-0.0236678196355724,include_interest,Include all interest,Structural OLS (levels)
2014,arimax_level,0.324173284981702,0.346132712717135,2010,4,-0.0219594277354331,include_interest,Include all interest,ARIMAX (levels)
2014,arimax_diff,0.349898880699027,0.346132712717135,2010,4,0.00376616798189211,include_interest,Include all interest,Differenced ARIMAX
2014,hybrid,0.324640677031035,0.346132712717135,2010,4,-0.0214920356860998,include_interest,Include all interest,Hybrid structural/macro
2014,ardl_ecm,0.372232145933897,0.346132712717135,2010,4,0.0260994332167622,include_interest,Include all interest,ARDL error-correction model
2015,structural_ols,0.321367703008393,0.348893646518989,2010,5,-0.027525943510596,include_interest,Include all interest,Structural OLS (levels)
2015,arimax_level,0.322712831671789,0.348893646518989,2010,5,-0.0261808148471996,include_interest,Include all interest,ARIMAX (levels)
2015,arimax_diff,0.351801199623484,0.348893646518989,2010,5,0.00290755310449525,include_interest,Include all interest,Differenced ARIMAX
2015,hybrid,0.320459095515112,0.348893646518989,2010,5,-0.0284345510038766,include_interest,Include all interest,Hybrid structural/macro
2015,ardl_ecm,0.384424576684818,0.348893646518989,2010,5,0.0355309301658286,include_interest,Include all interest,ARDL error-correction model
2012,structural_ols,0.337640999604826,0.349874026949591,2011,1,-0.0122330273447646,include_interest,Include all interest,Structural OLS (levels)
2012,arimax_level,0.342288793026491,0.349874026949591,2011,1,-0.0075852339230999,include_interest,Include all interest,ARIMAX (levels)
2012,arimax_diff,0.346694487892551,0.349874026949591,2011,1,-0.00317953905704033,include_interest,Include all interest,Differenced ARIMAX
2012,hybrid,0.341550478078996,0.349874026949591,2011,1,-0.00832354887059461,include_interest,Include all interest,Hybrid structural/macro
2012,ardl_ecm,0.3492751886311,0.349874026949591,2011,1,-0.000598838318490724,include_interest,Include all interest,ARDL error-correction model
2013,structural_ols,0.33255051472017,0.344430952357823,2011,2,-0.0118804376376527,include_interest,Include all interest,Structural OLS (levels)
2013,arimax_level,0.334501474319396,0.344430952357823,2011,2,-0.00992947803842659,include_interest,Include all interest,ARIMAX (levels)
2013,arimax_diff,0.345961529845539,0.344430952357823,2011,2,0.00153057748771551,include_interest,Include all interest,Differenced ARIMAX
2013,hybrid,0.335120644307188,0.344430952357823,2011,2,-0.00931030805063504,include_interest,Include all interest,Hybrid structural/macro
2013,ardl_ecm,0.360560617058994,0.344430952357823,2011,2,0.016129664701171,include_interest,Include all interest,ARDL error-correction model
2014,structural_ols,0.327681403510867,0.346132712717135,2011,3,-0.0184513092062676,include_interest,Include all interest,Structural OLS (levels)
2014,arimax_level,0.32954655432408,0.346132712717135,2011,3,-0.0165861583930551,include_interest,Include all interest,ARIMAX (levels)
2014,arimax_diff,0.344293479518037,0.346132712717135,2011,3,-0.00183923319909773,include_interest,Include all interest,Differenced ARIMAX
2014,hybrid,0.328780511639955,0.346132712717135,2011,3,-0.0173522010771801,include_interest,Include all interest,Hybrid structural/macro
2014,ardl_ecm,0.367510766136614,0.346132712717135,2011,3,0.021378053419479,include_interest,Include all interest,ARDL error-correction model
2015,structural_ols,0.325839705539808,0.348893646518989,2011,4,-0.0230539409791806,include_interest,Include all interest,Structural OLS (levels)
2015,arimax_level,0.327093235638127,0.348893646518989,2011,4,-0.0218004108808617,include_interest,Include all interest,ARIMAX (levels)
2015,arimax_diff,0.346234719171342,0.348893646518989,2011,4,-0.00265892734764756,include_interest,Include all interest,Differenced ARIMAX
2015,hybrid,0.325691103461742,0.348893646518989,2011,4,-0.0232025430572469,include_interest,Include all interest,Hybrid structural/macro
2015,ardl_ecm,0.382143870309913,0.348893646518989,2011,4,0.0332502237909239,include_interest,Include all interest,ARDL error-correction model
2016,structural_ols,0.318682001796242,0.354659808866871,2011,5,-0.0359778070706292,include_interest,Include all interest,Structural OLS (levels)
2016,arimax_level,0.319301170149622,0.354659808866871,2011,5,-0.0353586387172495,include_interest,Include all interest,ARIMAX (levels)
2016,arimax_diff,0.343998829014346,0.354659808866871,2011,5,-0.0106609798525247,include_interest,Include all interest,Differenced ARIMAX
2016,hybrid,0.318587028474902,0.354659808866871,2011,5,-0.0360727803919687,include_interest,Include all interest,Hybrid structural/macro
2016,ardl_ecm,0.395667546352334,0.354659808866871,2011,5,0.0410077374854632,include_interest,Include all interest,ARDL error-correction model
2013,structural_ols,0.337593974825567,0.344430952357823,2012,1,-0.00683697753225582,include_interest,Include all interest,Structural OLS (levels)
2013,arimax_level,0.342170475575426,0.344430952357823,2012,1,-0.00226047678239671,include_interest,Include all interest,ARIMAX (levels)
2013,arimax_diff,0.350180385816556,0.344430952357823,2012,1,0.0057494334587333,include_interest,Include all interest,Differenced ARIMAX
2013,hybrid,0.346163752395264,0.344430952357823,2012,1,0.0017328000374412,include_interest,Include all interest,Hybrid structural/macro
2013,ardl_ecm,0.361227015534529,0.344430952357823,2012,1,0.0167960631767056,include_interest,Include all interest,ARDL error-correction model
2014,structural_ols,0.333378329005582,0.346132712717135,2012,2,-0.0127543837115532,include_interest,Include all interest,Structural OLS (levels)
2014,arimax_level,0.335342018073513,0.346132712717135,2012,2,-0.0107906946436219,include_interest,Include all interest,ARIMAX (levels)
2014,arimax_diff,0.348628824002198,0.346132712717135,2012,2,0.00249611128506294,include_interest,Include all interest,Differenced ARIMAX
2014,hybrid,0.340413514880013,0.346132712717135,2012,2,-0.00571919783712233,include_interest,Include all interest,Hybrid structural/macro
2014,ardl_ecm,0.368229798783917,0.346132712717135,2012,2,0.0220970860667816,include_interest,Include all interest,ARDL error-correction model
2015,structural_ols,0.331693510927959,0.348893646518989,2012,3,-0.0172001355910302,include_interest,Include all interest,Structural OLS (levels)
2015,arimax_level,0.333818741132868,0.348893646518989,2012,3,-0.0150749053861213,include_interest,Include all interest,ARIMAX (levels)
2015,arimax_diff,0.351228859688612,0.348893646518989,2012,3,0.00233521316962343,include_interest,Include all interest,Differenced ARIMAX
2015,hybrid,0.339360480605658,0.348893646518989,2012,3,-0.00953316591333136,include_interest,Include all interest,Hybrid structural/macro
2015,ardl_ecm,0.382972770560579,0.348893646518989,2012,3,0.0340791240415897,include_interest,Include all interest,ARDL error-correction model
2016,structural_ols,0.324706686565498,0.354659808866871,2012,4,-0.0299531223013733,include_interest,Include all interest,Structural OLS (levels)
2016,arimax_level,0.326926175003912,0.354659808866871,2012,4,-0.027733633862959,include_interest,Include all interest,ARIMAX (levels)
2016,arimax_diff,0.349157277842376,0.354659808866871,2012,4,-0.00550253102449472,include_interest,Include all interest,Differenced ARIMAX
2016,hybrid,0.333301556626466,0.354659808866871,2012,4,-0.0213582522404054,include_interest,Include all interest,Hybrid structural/macro
2016,ardl_ecm,0.396613403982388,0.354659808866871,2012,4,0.0419535951155171,include_interest,Include all interest,ARDL error-correction model
2017,structural_ols,0.312515039032939,0.350056716497443,2012,5,-0.0375416774645045,include_interest,Include all interest,Structural OLS (levels)
2017,arimax_level,0.314732592012917,0.350056716497443,2012,5,-0.0353241244845265,include_interest,Include all interest,ARIMAX (levels)
2017,arimax_diff,0.337748536419065,0.350056716497443,2012,5,-0.0123081800783776,include_interest,Include all interest,Differenced ARIMAX
2017,hybrid,0.318621017682999,0.350056716497443,2012,5,-0.0314356988144443,include_interest,Include all interest,Hybrid structural/macro
2017,ardl_ecm,0.394294980150995,0.350056716497443,2012,5,0.0442382636535519,include_interest,Include all interest,ARDL error-correction model
2014,structural_ols,0.336394041517939,0.346132712717135,2013,1,-0.0097386711991958,include_interest,Include all interest,Structural OLS (levels)
2014,arimax_level,0.337720111809204,0.346132712717135,2013,1,-0.00841260090793122,include_interest,Include all interest,ARIMAX (levels)
2014,arimax_diff,0.340712386225022,0.346132712717135,2013,1,-0.00542032649211299,include_interest,Include all interest,Differenced ARIMAX
2014,hybrid,0.340010767681176,0.346132712717135,2013,1,-0.00612194503595887,include_interest,Include all interest,Hybrid structural/macro
2014,ardl_ecm,0.347943322743796,0.346132712717135,2013,1,0.00181061002666055,include_interest,Include all interest,ARDL error-correction model
2015,structural_ols,0.335330145491723,0.348893646518989,2013,2,-0.0135635010272657,include_interest,Include all interest,Structural OLS (levels)
2015,arimax_level,0.335571031552179,0.348893646518989,2013,2,-0.0133226149668098,include_interest,Include all interest,ARIMAX (levels)
2015,arimax_diff,0.341001175711741,0.348893646518989,2013,2,-0.00789247080724798,include_interest,Include all interest,Differenced ARIMAX
2015,hybrid,0.339834005180769,0.348893646518989,2013,2,-0.00905964133822051,include_interest,Include all interest,Hybrid structural/macro
2015,ardl_ecm,0.356619453529622,0.348893646518989,2013,2,0.00772580701063336,include_interest,Include all interest,ARDL error-correction model
2016,structural_ols,0.328967980645698,0.354659808866871,2013,3,-0.0256918282211726,include_interest,Include all interest,Structural OLS (levels)
2016,arimax_level,0.328979080476366,0.354659808866871,2013,3,-0.0256807283905054,include_interest,Include all interest,ARIMAX (levels)
2016,arimax_diff,0.336434400167354,0.354659808866871,2013,3,-0.0182254086995169,include_interest,Include all interest,Differenced ARIMAX
2016,hybrid,0.335111619031962,0.354659808866871,2013,3,-0.0195481898349088,include_interest,Include all interest,Hybrid structural/macro
2016,ardl_ecm,0.364682136001287,0.354659808866871,2013,3,0.0100223271344157,include_interest,Include all interest,ARDL error-correction model
2017,structural_ols,0.317122882021401,0.350056716497443,2013,4,-0.032933834476042,include_interest,Include all interest,Structural OLS (levels)
2017,arimax_level,0.317023080245951,0.350056716497443,2013,4,-0.0330336362514919,include_interest,Include all interest,ARIMAX (levels)
2017,arimax_diff,0.324100022912033,0.350056716497443,2013,4,-0.0259566935854104,include_interest,Include all interest,Differenced ARIMAX
2017,hybrid,0.321808133217195,0.350056716497443,2013,4,-0.0282485832802482,include_interest,Include all interest,Hybrid structural/macro
2017,ardl_ecm,0.364339331946445,0.350056716497443,2013,4,0.0142826154490021,include_interest,Include all interest,ARDL error-correction model
2018,structural_ols,0.309091600023484,0.349966601492251,2013,5,-0.0408750014687668,include_interest,Include all interest,Structural OLS (levels)
2018,arimax_level,0.308856023158008,0.349966601492251,2013,5,-0.0411105783342426,include_interest,Include all interest,ARIMAX (levels)
2018,arimax_diff,0.318448866337672,0.349966601492251,2013,5,-0.0315177351545786,include_interest,Include all interest,Differenced ARIMAX
2018,hybrid,0.315144009905657,0.349966601492251,2013,5,-0.0348225915865936,include_interest,Include all interest,Hybrid structural/macro
2018,ardl_ecm,0.363965649688158,0.349966601492251,2013,5,0.0139990481959065,include_interest,Include all interest,ARDL error-correction model
2015,structural_ols,0.339845964534899,0.348893646518989,2014,1,-0.00904768198409056,include_interest,Include all interest,Structural OLS (levels)
2015,arimax_level,0.344650455720079,0.348893646518989,2014,1,-0.00424319079891011,include_interest,Include all interest,ARIMAX (levels)
2015,arimax_diff,0.34791809762069,0.348893646518989,2014,1,-0.000975548898299483,include_interest,Include all interest,Differenced ARIMAX
2015,hybrid,0.347334801243105,0.348893646518989,2014,1,-0.00155884527588374,include_interest,Include all interest,Hybrid structural/macro
2015,ardl_ecm,0.354463928146746,0.348893646518989,2014,1,0.00557028162775652,include_interest,Include all interest,ARDL error-correction model
2016,structural_ols,0.334418197370454,0.354659808866871,2014,2,-0.0202416114964167,include_interest,Include all interest,Structural OLS (levels)
2016,arimax_level,0.335973351495111,0.354659808866871,2014,2,-0.0186864573717601,include_interest,Include all interest,ARIMAX (levels)
2016,arimax_diff,0.345501894179944,0.354659808866871,2014,2,-0.00915791468692684,include_interest,Include all interest,Differenced ARIMAX
2016,hybrid,0.344708792375402,0.354659808866871,2014,2,-0.00995101649146951,include_interest,Include all interest,Hybrid structural/macro
2016,ardl_ecm,0.362162755345989,0.354659808866871,2014,2,0.00750294647911759,include_interest,Include all interest,ARDL error-correction model
2017,structural_ols,0.323055918932366,0.350056716497443,2014,3,-0.0270007975650768,include_interest,Include all interest,Structural OLS (levels)
2017,arimax_level,0.324617563169542,0.350056716497443,2014,3,-0.0254391533279007,include_interest,Include all interest,ARIMAX (levels)
2017,arimax_diff,0.334882994078728,0.350056716497443,2014,3,-0.0151737224187147,include_interest,Include all interest,Differenced ARIMAX
2017,hybrid,0.333055827314646,0.350056716497443,2014,3,-0.0170008891827967,include_interest,Include all interest,Hybrid structural/macro
2017,ardl_ecm,0.361724172298029,0.350056716497443,2014,3,0.0116674558005855,include_interest,Include all interest,ARDL error-correction model
2018,structural_ols,0.315645576400867,0.349966601492251,2014,4,-0.0343210250913843,include_interest,Include all interest,Structural OLS (levels)
2018,arimax_level,0.317244510966339,0.349966601492251,2014,4,-0.0327220905259125,include_interest,Include all interest,ARIMAX (levels)
2018,arimax_diff,0.32924665199202,0.349966601492251,2014,4,-0.0207199495002312,include_interest,Include all interest,Differenced ARIMAX
2018,hybrid,0.326185398214109,0.349966601492251,2014,4,-0.0237812032781419,include_interest,Include all interest,Hybrid structural/macro
2018,ardl_ecm,0.361278067943523,0.349966601492251,2014,4,0.0113114664512724,include_interest,Include all interest,ARDL error-correction model
2019,structural_ols,0.305900257726283,0.3489459716794,2014,5,-0.0430457139531168,include_interest,Include all interest,Structural OLS (levels)
2019,arimax_level,0.307520915170862,0.3489459716794,2014,5,-0.0414250565085378,include_interest,Include all interest,ARIMAX (levels)
2019,arimax_diff,0.321282727171186,0.3489459716794,2014,5,-0.0276632445082144,include_interest,Include all interest,Differenced ARIMAX
2019,hybrid,0.3171663049691,0.3489459716794,2014,5,-0.0317796667103005,include_interest,Include all interest,Hybrid structural/macro
2019,ardl_ecm,0.360464862119458,0.3489459716794,2014,5,0.0115188904400582,include_interest,Include all interest,ARDL error-correction model
2016,structural_ols,0.339161478501088,0.354659808866871,2015,1,-0.0154983303657831,include_interest,Include all interest,Structural OLS (levels)
2016,arimax_level,0.340732075310419,0.354659808866871,2015,1,-0.0139277335564519,include_interest,Include all interest,ARIMAX (levels)
2016,arimax_diff,0.346746365462646,0.354659808866871,2015,1,-0.00791344340422523,include_interest,Include all interest,Differenced ARIMAX
2016,hybrid,0.347117687146063,0.354659808866871,2015,1,-0.00754212172080798,include_interest,Include all interest,Hybrid structural/macro
2016,ardl_ecm,0.355197655542517,0.354659808866871,2015,1,0.000537846675646048,include_interest,Include all interest,ARDL error-correction model
2017,structural_ols,0.32763500124931,0.350056716497443,2015,2,-0.0224217152481327,include_interest,Include all interest,Structural OLS (levels)
2017,arimax_level,0.327707610325146,0.350056716497443,2015,2,-0.0223491061722974,include_interest,Include all interest,ARIMAX (levels)
2017,arimax_diff,0.336170241118133,0.350056716497443,2015,2,-0.01388647537931,include_interest,Include all interest,Differenced ARIMAX
2017,hybrid,0.335781204534783,0.350056716497443,2015,2,-0.0142755119626596,include_interest,Include all interest,Hybrid structural/macro
2017,ardl_ecm,0.354798395444624,0.350056716497443,2015,2,0.00474167894718119,include_interest,Include all interest,ARDL error-correction model
2018,structural_ols,0.320616731624518,0.349966601492251,2015,3,-0.029349869867733,include_interest,Include all interest,Structural OLS (levels)
2018,arimax_level,0.320614996204266,0.349966601492251,2015,3,-0.0293516052879855,include_interest,Include all interest,ARIMAX (levels)
2018,arimax_diff,0.330581322968575,0.349966601492251,2015,3,-0.0193852785236762,include_interest,Include all interest,Differenced ARIMAX
2018,hybrid,0.329028525971736,0.349966601492251,2015,3,-0.0209380755205155,include_interest,Include all interest,Hybrid structural/macro
2018,ardl_ecm,0.354140320002025,0.349966601492251,2015,3,0.00417371850977394,include_interest,Include all interest,ARDL error-correction model
2019,structural_ols,0.311107022642693,0.3489459716794,2015,4,-0.037838949036707,include_interest,Include all interest,Structural OLS (levels)
2019,arimax_level,0.311071596825909,0.3489459716794,2015,4,-0.0378743748534905,include_interest,Include all interest,ARIMAX (levels)
2019,arimax_diff,0.322683018068083,0.3489459716794,2015,4,-0.0262629536113169,include_interest,Include all interest,Differenced ARIMAX
2019,hybrid,0.320289427003451,0.3489459716794,2015,4,-0.028656544675949,include_interest,Include all interest,Hybrid structural/macro
2019,ardl_ecm,0.35333164784411,0.3489459716794,2015,4,0.00438567616470947,include_interest,Include all interest,ARDL error-correction model
2020,structural_ols,0.308007378146928,0.397665294079763,2015,5,-0.0896579159328352,include_interest,Include all interest,Structural OLS (levels)
2020,arimax_level,0.307972231401447,0.397665294079763,2015,5,-0.0896930626783164,include_interest,Include all interest,ARIMAX (levels)
2020,arimax_diff,0.320266956689538,0.397665294079763,2015,5,-0.077398337390225,include_interest,Include all interest,Differenced ARIMAX
2020,hybrid,0.316518270314278,0.397665294079763,2015,5,-0.0811470237654855,include_interest,Include all interest,Hybrid structural/macro
2020,ardl_ecm,0.360033947576856,0.397665294079763,2015,5,-0.0376313465029071,include_interest,Include all interest,ARDL error-correction model
2017,structural_ols,0.333429079993531,0.350056716497443,2016,1,-0.0166276365039117,include_interest,Include all interest,Structural OLS (levels)
2017,arimax_level,0.340735235080332,0.350056716497443,2016,1,-0.00932148141711114,include_interest,Include all interest,ARIMAX (levels)
2017,arimax_diff,0.345064231770478,0.350056716497443,2016,1,-0.00499248472696523,include_interest,Include all interest,Differenced ARIMAX
2017,hybrid,0.343659881238595,0.350056716497443,2016,1,-0.00639683525884804,include_interest,Include all interest,Hybrid structural/macro
2017,ardl_ecm,0.354210458259799,0.350056716497443,2016,1,0.00415374176235567,include_interest,Include all interest,ARDL error-correction model
2018,structural_ols,0.326840473645235,0.349966601492251,2016,2,-0.0231261278470165,include_interest,Include all interest,Structural OLS (levels)
2018,arimax_level,0.329173890609677,0.349966601492251,2016,2,-0.020792710882574,include_interest,Include all interest,ARIMAX (levels)
2018,arimax_diff,0.339176111515728,0.349966601492251,2016,2,-0.0107904899765234,include_interest,Include all interest,Differenced ARIMAX
2018,hybrid,0.336218396133619,0.349966601492251,2016,2,-0.0137482053586325,include_interest,Include all interest,Hybrid structural/macro
2018,ardl_ecm,0.353521388068735,0.349966601492251,2016,2,0.00355478657648439,include_interest,Include all interest,ARDL error-correction model
2019,structural_ols,0.317436535344984,0.3489459716794,2016,3,-0.0315094363344156,include_interest,Include all interest,Structural OLS (levels)
2019,arimax_level,0.320103254569039,0.3489459716794,2016,3,-0.0288427171103609,include_interest,Include all interest,ARIMAX (levels)
2019,arimax_diff,0.331758932789791,0.3489459716794,2016,3,-0.017187038889609,include_interest,Include all interest,Differenced ARIMAX
2019,hybrid,0.327415933923198,0.3489459716794,2016,3,-0.0215300377562025,include_interest,Include all interest,Hybrid structural/macro
2019,ardl_ecm,0.352695371839479,0.3489459716794,2016,3,0.00374940016007908,include_interest,Include all interest,ARDL error-correction model
2020,structural_ols,0.315124662075534,0.397665294079763,2016,4,-0.0825406320042294,include_interest,Include all interest,Structural OLS (levels)
2020,arimax_level,0.318247951750371,0.397665294079763,2016,4,-0.0794173423293924,include_interest,Include all interest,ARIMAX (levels)
2020,arimax_diff,0.329920580451484,0.397665294079763,2016,4,-0.0677447136282792,include_interest,Include all interest,Differenced ARIMAX
2020,hybrid,0.323463614860299,0.397665294079763,2016,4,-0.0742016792194637,include_interest,Include all interest,Hybrid structural/macro
2020,ardl_ecm,0.359368218674439,0.397665294079763,2016,4,-0.0382970754053243,include_interest,Include all interest,ARDL error-correction model
2021,structural_ols,0.307513594604903,0.420022274506502,2016,5,-0.112508679901599,include_interest,Include all interest,Structural OLS (levels)
2021,arimax_level,0.31145457006251,0.420022274506502,2016,5,-0.108567704443992,include_interest,Include all interest,ARIMAX (levels)
2021,arimax_diff,0.322858784564214,0.420022274506502,2016,5,-0.0971634899422883,include_interest,Include all interest,Differenced ARIMAX
2021,hybrid,0.314015592424444,0.420022274506502,2016,5,-0.106006682082058,include_interest,Include all interest,Hybrid structural/macro
2021,ardl_ecm,0.353367156268007,0.420022274506502,2016,5,-0.0666551182384953,include_interest,Include all interest,ARDL error-correction model
2018,structural_ols,0.333429840503863,0.349966601492251,2017,1,-0.0165367609883876,include_interest,Include all interest,Structural OLS (levels)
2018,arimax_level,0.342297283358796,0.349966601492251,2017,1,-0.00766931813345462,include_interest,Include all interest,ARIMAX (levels)
2018,arimax_diff,0.344300701102194,0.349966601492251,2017,1,-0.00566590039005704,include_interest,Include all interest,Differenced ARIMAX
2018,hybrid,0.343067260262662,0.349966601492251,2017,1,-0.00689934122958935,include_interest,Include all interest,Hybrid structural/macro
2018,ardl_ecm,0.349070214336279,0.349966601492251,2017,1,-0.000896387155972012,include_interest,Include all interest,ARDL error-correction model
2019,structural_ols,0.325140704766345,0.3489459716794,2017,2,-0.0238052669130546,include_interest,Include all interest,Structural OLS (levels)
2019,arimax_level,0.331286496680729,0.3489459716794,2017,2,-0.0176594749986714,include_interest,Include all interest,ARIMAX (levels)
2019,arimax_diff,0.337648365130385,0.3489459716794,2017,2,-0.0112976065490148,include_interest,Include all interest,Differenced ARIMAX
2019,hybrid,0.335426786487103,0.3489459716794,2017,2,-0.0135191851922974,include_interest,Include all interest,Hybrid structural/macro
2019,ardl_ecm,0.347886444005987,0.3489459716794,2017,2,-0.00105952767341277,include_interest,Include all interest,ARDL error-correction model
2020,structural_ols,0.324226660086291,0.397665294079763,2017,3,-0.0734386339934716,include_interest,Include all interest,Structural OLS (levels)
2020,arimax_level,0.329877132018208,0.397665294079763,2017,3,-0.0677881620615554,include_interest,Include all interest,ARIMAX (levels)
2020,arimax_diff,0.336527251268469,0.397665294079763,2017,3,-0.0611380428112938,include_interest,Include all interest,Differenced ARIMAX
2020,hybrid,0.332678397344896,0.397665294079763,2017,3,-0.0649868967348673,include_interest,Include all interest,Hybrid structural/macro
2020,ardl_ecm,0.35435982744134,0.397665294079763,2017,3,-0.0433054666384225,include_interest,Include all interest,ARDL error-correction model
2021,structural_ols,0.318861849468246,0.420022274506502,2017,4,-0.101160425038256,include_interest,Include all interest,Structural OLS (levels)
2021,arimax_level,0.327123048891814,0.420022274506502,2017,4,-0.0928992256146881,include_interest,Include all interest,ARIMAX (levels)
2021,arimax_diff,0.331112398804081,0.420022274506502,2017,4,-0.0889098757024208,include_interest,Include all interest,Differenced ARIMAX
2021,hybrid,0.325785400888505,0.420022274506502,2017,4,-0.0942368736179969,include_interest,Include all interest,Hybrid structural/macro
2021,ardl_ecm,0.348131158428853,0.420022274506502,2017,4,-0.0718911160776492,include_interest,Include all interest,ARDL error-correction model
2022,structural_ols,0.290270685541859,0.378859989972692,2017,5,-0.0885893044308333,include_interest,Include all interest,Structural OLS (levels)
2022,arimax_level,0.302030991512775,0.378859989972692,2017,5,-0.0768289984599174,include_interest,Include all interest,ARIMAX (levels)
2022,arimax_diff,0.306498180074599,0.378859989972692,2017,5,-0.0723618098980933,include_interest,Include all interest,Differenced ARIMAX
2022,hybrid,0.299192600347644,0.378859989972692,2017,5,-0.0796673896250483,include_interest,Include all interest,Hybrid structural/macro
2022,ardl_ecm,0.329089565994262,0.378859989972692,2017,5,-0.0497704239784298,include_interest,Include all interest,ARDL error-correction model
2019,structural_ols,0.331576711292122,0.3489459716794,2018,1,-0.0173692603872778,include_interest,Include all interest,Structural OLS (levels)
2019,arimax_level,0.339308946853865,0.3489459716794,2018,1,-0.0096370248255353,include_interest,Include all interest,ARIMAX (levels)
2019,arimax_diff,0.343981233462168,0.3489459716794,2018,1,-0.00496473821723192,include_interest,Include all interest,Differenced ARIMAX
2019,hybrid,0.343227797316012,0.3489459716794,2018,1,-0.00571817436338817,include_interest,Include all interest,Hybrid structural/macro
2019,ardl_ecm,0.348771267434406,0.3489459716794,2018,1,-0.000174704244994162,include_interest,Include all interest,ARDL error-correction model
2020,structural_ols,0.331900656702023,0.397665294079763,2018,2,-0.0657646373777402,include_interest,Include all interest,Structural OLS (levels)
2020,arimax_level,0.334669873321638,0.397665294079763,2018,2,-0.0629954207581245,include_interest,Include all interest,ARIMAX (levels)
2020,arimax_diff,0.343994135922408,0.397665294079763,2018,2,-0.053671158157355,include_interest,Include all interest,Differenced ARIMAX
2020,hybrid,0.341994698827278,0.397665294079763,2018,2,-0.055670595252485,include_interest,Include all interest,Hybrid structural/macro
2020,ardl_ecm,0.355237559891417,0.397665294079763,2018,2,-0.0424277341883457,include_interest,Include all interest,ARDL error-correction model
2021,structural_ols,0.328714087317253,0.420022274506502,2018,3,-0.0913081871892489,include_interest,Include all interest,Structural OLS (levels)
2021,arimax_level,0.329187948937117,0.420022274506502,2018,3,-0.0908343255693847,include_interest,Include all interest,ARIMAX (levels)
2021,arimax_diff,0.339798769045346,0.420022274506502,2018,3,-0.0802235054611564,include_interest,Include all interest,Differenced ARIMAX
2021,hybrid,0.336854769992401,0.420022274506502,2018,3,-0.0831675045141012,include_interest,Include all interest,Hybrid structural/macro
2021,ardl_ecm,0.348977094156528,0.420022274506502,2018,3,-0.0710451803499743,include_interest,Include all interest,ARDL error-correction model
2022,structural_ols,0.302068210105522,0.378859989972692,2018,4,-0.0767917798671703,include_interest,Include all interest,Structural OLS (levels)
2022,arimax_level,0.302368287672388,0.378859989972692,2018,4,-0.0764917023003041,include_interest,Include all interest,ARIMAX (levels)
2022,arimax_diff,0.316671419225209,0.378859989972692,2018,4,-0.0621885707474827,include_interest,Include all interest,Differenced ARIMAX
2022,hybrid,0.31230334031048,0.378859989972692,2018,4,-0.0665566496622118,include_interest,Include all interest,Hybrid structural/macro
2022,ardl_ecm,0.329846110443519,0.378859989972692,2018,4,-0.0490138795291733,include_interest,Include all interest,ARDL error-correction model
2023,structural_ols,0.292349612988938,0.357918223925394,2018,5,-0.0655686109364566,include_interest,Include all interest,Structural OLS (levels)
2023,arimax_level,0.2932526284897,0.357918223925394,2018,5,-0.0646655954356943,include_interest,Include all interest,ARIMAX (levels)
2023,arimax_diff,0.30989170853344,0.357918223925394,2018,5,-0.0480265153919544,include_interest,Include all interest,Differenced ARIMAX
2023,hybrid,0.303186083281019,0.357918223925394,2018,5,-0.0547321406443752,include_interest,Include all interest,Hybrid structural/macro
2023,ardl_ecm,0.320095419120929,0.357918223925394,2018,5,-0.0378228048044648,include_interest,Include all interest,ARDL error-correction model
2020,structural_ols,0.338845310327796,0.397665294079763,2019,1,-0.0588199837519671,include_interest,Include all interest,Structural OLS (levels)
2020,arimax_level,0.347308777042706,0.397665294079763,2019,1,-0.0503565170370568,include_interest,Include all interest,ARIMAX (levels)
2020,arimax_diff,0.349654775186467,0.397665294079763,2019,1,-0.0480105188932957,include_interest,Include all interest,Differenced ARIMAX
2020,hybrid,0.348923603920512,0.397665294079763,2019,1,-0.048741690159251,include_interest,Include all interest,Hybrid structural/macro
2020,ardl_ecm,0.355415919018382,0.397665294079763,2019,1,-0.0422493750613809,include_interest,Include all interest,ARDL error-correction model
2021,structural_ols,0.338096134165134,0.420022274506502,2019,2,-0.0819261403413682,include_interest,Include all interest,Structural OLS (levels)
2021,arimax_level,0.34155601896954,0.420022274506502,2019,2,-0.0784662555369619,include_interest,Include all interest,ARIMAX (levels)
2021,arimax_diff,0.346513092305576,0.420022274506502,2019,2,-0.0735091822009264,include_interest,Include all interest,Differenced ARIMAX
2021,hybrid,0.345634840248473,0.420022274506502,2019,2,-0.074387434258029,include_interest,Include all interest,Hybrid structural/macro
2021,ardl_ecm,0.349142290949906,0.420022274506502,2019,2,-0.0708799835565959,include_interest,Include all interest,ARDL error-correction model
2022,structural_ols,0.313962202825134,0.378859989972692,2019,3,-0.0648977871475582,include_interest,Include all interest,Structural OLS (levels)
2022,arimax_level,0.314271529776463,0.378859989972692,2019,3,-0.0645884601962293,include_interest,Include all interest,ARIMAX (levels)
2022,arimax_diff,0.324221772432342,0.378859989972692,2019,3,-0.0546382175403499,include_interest,Include all interest,Differenced ARIMAX
2022,hybrid,0.322883416747092,0.378859989972692,2019,3,-0.0559765732255998,include_interest,Include all interest,Hybrid structural/macro
2022,ardl_ecm,0.330000457508621,0.378859989972692,2019,3,-0.0488595324640714,include_interest,Include all interest,ARDL error-correction model
2023,structural_ols,0.304415017290582,0.357918223925394,2019,4,-0.0535032066348122,include_interest,Include all interest,Structural OLS (levels)
2023,arimax_level,0.303622475673026,0.357918223925394,2019,4,-0.0542957482523677,include_interest,Include all interest,ARIMAX (levels)
2023,arimax_diff,0.317497424988968,0.357918223925394,2019,4,-0.0404207989364259,include_interest,Include all interest,Differenced ARIMAX
2023,hybrid,0.314236116507755,0.357918223925394,2019,4,-0.0436821074176394,include_interest,Include all interest,Hybrid structural/macro
2023,ardl_ecm,0.320229963207189,0.357918223925394,2019,4,-0.0376882607182055,include_interest,Include all interest,ARDL error-correction model
2024,structural_ols,0.30964250549218,0.373326881738081,2019,5,-0.0636843762459013,include_interest,Include all interest,Structural OLS (levels)
2024,arimax_level,0.309339376813253,0.373326881738081,2019,5,-0.063987504924828,include_interest,Include all interest,ARIMAX (levels)
2024,arimax_diff,0.324470348399593,0.373326881738081,2019,5,-0.0488565333384876,include_interest,Include all interest,Differenced ARIMAX
2024,hybrid,0.319242487695713,0.373326881738081,2019,5,-0.054084394042368,include_interest,Include all interest,Hybrid structural/macro
2024,ardl_ecm,0.32434968839982,0.373326881738081,2019,5,-0.0489771933382611,include_interest,Include all interest,ARDL error-correction model
2021,structural_ols,0.338096134165133,0.420022274506502,2020,1,-0.0819261403413686,include_interest,Include all interest,Structural OLS (levels)
2021,arimax_level,0.341559054916051,0.420022274506502,2020,1,-0.0784632195904513,include_interest,Include all interest,ARIMAX (levels)
2021,arimax_diff,0.394523611198908,0.420022274506502,2020,1,-0.0254986633075943,include_interest,Include all interest,Differenced ARIMAX
2021,hybrid,0.331717940108373,0.420022274506502,2020,1,-0.0883043343981288,include_interest,Include all interest,Hybrid structural/macro
2021,ardl_ecm,0.38459909407869,0.420022274506502,2020,1,-0.0354231804278117,include_interest,Include all interest,ARDL error-correction model
2022,structural_ols,0.313962202825133,0.378859989972692,2020,2,-0.0648977871475587,include_interest,Include all interest,Structural OLS (levels)
2022,arimax_level,0.314269588696449,0.378859989972692,2020,2,-0.0645904012762431,include_interest,Include all interest,ARIMAX (levels)
2022,arimax_diff,0.372232291325679,0.378859989972692,2020,2,-0.00662769864701274,include_interest,Include all interest,Differenced ARIMAX
2022,hybrid,0.309189622452249,0.378859989972692,2020,2,-0.0696703675204426,include_interest,Include all interest,Hybrid structural/macro
2022,ardl_ecm,0.358662761303225,0.378859989972692,2020,2,-0.0201972286694665,include_interest,Include all interest,ARDL error-correction model
2023,structural_ols,0.304415017290581,0.357918223925394,2020,3,-0.0535032066348127,include_interest,Include all interest,Structural OLS (levels)
2023,arimax_level,0.303617265013144,0.357918223925394,2020,3,-0.0543009589122496,include_interest,Include all interest,ARIMAX (levels)
2023,arimax_diff,0.365507943882302,0.357918223925394,2020,3,0.0075897199569076,include_interest,Include all interest,Differenced ARIMAX
2023,hybrid,0.299702112447633,0.357918223925394,2020,3,-0.0582161114777613,include_interest,Include all interest,Hybrid structural/macro
2023,ardl_ecm,0.344040785689299,0.357918223925394,2020,3,-0.0138774382360952,include_interest,Include all interest,ARDL error-correction model
2024,structural_ols,0.309642505492179,0.373326881738081,2020,4,-0.0636843762459019,include_interest,Include all interest,Structural OLS (levels)
2024,arimax_level,0.309334715744863,0.373326881738081,2020,4,-0.0639921659932177,include_interest,Include all interest,ARIMAX (levels)
2024,arimax_diff,0.372480867292932,0.373326881738081,2020,4,-0.000846014445148702,include_interest,Include all interest,Differenced ARIMAX
2024,hybrid,0.304503396750397,0.373326881738081,2020,4,-0.0688234849876841,include_interest,Include all interest,Hybrid structural/macro
2024,ardl_ecm,0.345012958371309,0.373326881738081,2020,4,-0.0283139233667724,include_interest,Include all interest,ARDL error-correction model
2025,structural_ols,0.311540051396567,0.383410740130003,2020,5,-0.0718706887334362,include_interest,Include all interest,Structural OLS (levels)
2025,arimax_level,0.311983930087711,0.383410740130003,2020,5,-0.0714268100422918,include_interest,Include all interest,ARIMAX (levels)
2025,arimax_diff,0.375566961485439,0.383410740130003,2020,5,-0.00784377864456359,include_interest,Include all interest,Differenced ARIMAX
2025,hybrid,0.306380911679005,0.383410740130003,2020,5,-0.0770298284509984,include_interest,Include all interest,Hybrid structural/macro
2025,ardl_ecm,0.344363366552392,0.383410740130003,2020,5,-0.0390473735776108,include_interest,Include all interest,ARDL error-correction model
2011,structural_ols,0.341278284569062,0.337557068560976,2010,1,0.00372121600808562,exclude_other_interest,Exclude conventional other interest,Structural OLS (levels)
2011,arimax_level,0.341161032365331,0.337557068560976,2010,1,0.0036039638043549,exclude_other_interest,Exclude conventional other interest,ARIMAX (levels)
2011,arimax_diff,0.350482348376904,0.337557068560976,2010,1,0.0129252798159277,exclude_other_interest,Exclude conventional other interest,Differenced ARIMAX
2011,hybrid,0.341817707640935,0.337557068560976,2010,1,0.00426063907995938,exclude_other_interest,Exclude conventional other interest,Hybrid structural/macro
2011,ardl_ecm,0.347833830543243,0.337557068560976,2010,1,0.0102767619822665,exclude_other_interest,Exclude conventional other interest,ARDL error-correction model
2012,structural_ols,0.344618785424024,0.340366551662246,2010,2,0.00425223376177775,exclude_other_interest,Exclude conventional other interest,Structural OLS (levels)
2012,arimax_level,0.34544678771474,0.340366551662246,2010,2,0.00508023605249391,exclude_other_interest,Exclude conventional other interest,ARIMAX (levels)
2012,arimax_diff,0.351846782980122,0.340366551662246,2010,2,0.0114802313178755,exclude_other_interest,Exclude conventional other interest,Differenced ARIMAX
2012,hybrid,0.345934596562552,0.340366551662246,2010,2,0.00556804490030621,exclude_other_interest,Exclude conventional other interest,Hybrid structural/macro
2012,ardl_ecm,0.351361712835713,0.340366551662246,2010,2,0.0109951611734666,exclude_other_interest,Exclude conventional other interest,ARDL error-correction model
2013,structural_ols,0.345701539189281,0.335789108971806,2010,3,0.00991243021747518,exclude_other_interest,Exclude conventional other interest,Structural OLS (levels)
2013,arimax_level,0.345917981451293,0.335789108971806,2010,3,0.0101288724794871,exclude_other_interest,Exclude conventional other interest,ARIMAX (levels)
2013,arimax_diff,0.351393065349053,0.335789108971806,2010,3,0.0156039563772468,exclude_other_interest,Exclude conventional other interest,Differenced ARIMAX
2013,hybrid,0.345762539026909,0.335789108971806,2010,3,0.00997343005510265,exclude_other_interest,Exclude conventional other interest,Hybrid structural/macro
2013,ardl_ecm,0.358053701179902,0.335789108971806,2010,3,0.022264592208096,exclude_other_interest,Exclude conventional other interest,ARDL error-correction model
2014,structural_ols,0.345485577287094,0.336198082768878,2010,4,0.00928749451821581,exclude_other_interest,Exclude conventional other interest,Structural OLS (levels)
2014,arimax_level,0.345636024890273,0.336198082768878,2010,4,0.00943794212139498,exclude_other_interest,Exclude conventional other interest,ARIMAX (levels)
2014,arimax_diff,0.3539423613659,0.336198082768878,2010,4,0.017744278597022,exclude_other_interest,Exclude conventional other interest,Differenced ARIMAX
2014,hybrid,0.342804567156723,0.336198082768878,2010,4,0.00660648438784528,exclude_other_interest,Exclude conventional other interest,Hybrid structural/macro
2014,ardl_ecm,0.362949720720685,0.336198082768878,2010,4,0.0267516379518067,exclude_other_interest,Exclude conventional other interest,ARDL error-correction model
2015,structural_ols,0.350185503032147,0.339910313901345,2010,5,0.0102751891308021,exclude_other_interest,Exclude conventional other interest,Structural OLS (levels)
2015,arimax_level,0.349542726458327,0.339910313901345,2010,5,0.00963241255698194,exclude_other_interest,Exclude conventional other interest,ARIMAX (levels)
2015,arimax_diff,0.356987918950368,0.339910313901345,2010,5,0.017077605049023,exclude_other_interest,Exclude conventional other interest,Differenced ARIMAX
2015,hybrid,0.346178204639542,0.339910313901345,2010,5,0.00626789073819684,exclude_other_interest,Exclude conventional other interest,Hybrid structural/macro
2015,ardl_ecm,0.373546788553598,0.339910313901345,2010,5,0.033636474652253,exclude_other_interest,Exclude conventional other interest,ARDL error-correction model
2012,structural_ols,0.342678831885266,0.340366551662246,2011,1,0.00231228022301994,exclude_other_interest,Exclude conventional other interest,Structural OLS (levels)
2012,arimax_level,0.342405626951915,0.340366551662246,2011,1,0.00203907528966873,exclude_other_interest,Exclude conventional other interest,ARIMAX (levels)
2012,arimax_diff,0.341783061125535,0.340366551662246,2011,1,0.00141650946328908,exclude_other_interest,Exclude conventional other interest,Differenced ARIMAX
2012,hybrid,0.339878132070995,0.340366551662246,2011,1,-0.000488419591251066,exclude_other_interest,Exclude conventional other interest,Hybrid structural/macro
2012,ardl_ecm,0.342238652235882,0.340366551662246,2011,1,0.00187210057363596,exclude_other_interest,Exclude conventional other interest,ARDL error-correction model
2013,structural_ols,0.343994921112962,0.335789108971806,2011,2,0.00820581214115568,exclude_other_interest,Exclude conventional other interest,Structural OLS (levels)
2013,arimax_level,0.343870790995128,0.335789108971806,2011,2,0.00808168202332227,exclude_other_interest,Exclude conventional other interest,ARIMAX (levels)
2013,arimax_diff,0.34293235267256,0.335789108971806,2011,2,0.00714324370075442,exclude_other_interest,Exclude conventional other interest,Differenced ARIMAX
2013,hybrid,0.339922606728053,0.335789108971806,2011,2,0.00413349775624716,exclude_other_interest,Exclude conventional other interest,Hybrid structural/macro
2013,ardl_ecm,0.354362736981121,0.335789108971806,2011,2,0.018573628009315,exclude_other_interest,Exclude conventional other interest,ARDL error-correction model
2014,structural_ols,0.34371672535701,0.336198082768878,2011,3,0.00751864258813201,exclude_other_interest,Exclude conventional other interest,Structural OLS (levels)
2014,arimax_level,0.343520245552348,0.336198082768878,2011,3,0.00732216278347014,exclude_other_interest,Exclude conventional other interest,ARIMAX (levels)
2014,arimax_diff,0.341524620949024,0.336198082768878,2011,3,0.00532653818014572,exclude_other_interest,Exclude conventional other interest,Differenced ARIMAX
2014,hybrid,0.339016690378864,0.336198082768878,2011,3,0.00281860760998559,exclude_other_interest,Exclude conventional other interest,Hybrid structural/macro
2014,ardl_ecm,0.360996966291663,0.336198082768878,2011,3,0.0247988835227851,exclude_other_interest,Exclude conventional other interest,ARDL error-correction model
2015,structural_ols,0.348669104202654,0.339910313901345,2011,4,0.00875879030130938,exclude_other_interest,Exclude conventional other interest,Structural OLS (levels)
2015,arimax_level,0.347759056092964,0.339910313901345,2011,4,0.00784874219161907,exclude_other_interest,Exclude conventional other interest,ARIMAX (levels)
2015,arimax_diff,0.344656400284988,0.339910313901345,2011,4,0.00474608638364288,exclude_other_interest,Exclude conventional other interest,Differenced ARIMAX
2015,hybrid,0.342596451699729,0.339910313901345,2011,4,0.00268613779838378,exclude_other_interest,Exclude conventional other interest,Hybrid structural/macro
2015,ardl_ecm,0.374494776433027,0.339910313901345,2011,4,0.0345844625316818,exclude_other_interest,Exclude conventional other interest,ARDL error-correction model
2016,structural_ols,0.349484492828128,0.34606272363207,2011,5,0.00342176919605791,exclude_other_interest,Exclude conventional other interest,Structural OLS (levels)
2016,arimax_level,0.347848369661951,0.34606272363207,2011,5,0.00178564602988129,exclude_other_interest,Exclude conventional other interest,ARIMAX (levels)
2016,arimax_diff,0.342539686003573,0.34606272363207,2011,5,-0.00352303762849726,exclude_other_interest,Exclude conventional other interest,Differenced ARIMAX
2016,hybrid,0.342276340108255,0.34606272363207,2011,5,-0.00378638352381477,exclude_other_interest,Exclude conventional other interest,Hybrid structural/macro
2016,ardl_ecm,0.384286564153435,0.34606272363207,2011,5,0.0382238405213651,exclude_other_interest,Exclude conventional other interest,ARDL error-correction model
2013,structural_ols,0.343041609007248,0.335789108971806,2012,1,0.00725250003544176,exclude_other_interest,Exclude conventional other interest,Structural OLS (levels)
2013,arimax_level,0.34216172422556,0.335789108971806,2012,1,0.00637261525375371,exclude_other_interest,Exclude conventional other interest,ARIMAX (levels)
2013,arimax_diff,0.341052819413181,0.335789108971806,2012,1,0.00526371044137491,exclude_other_interest,Exclude conventional other interest,Differenced ARIMAX
2013,hybrid,0.341001786329603,0.335789108971806,2012,1,0.00521267735779685,exclude_other_interest,Exclude conventional other interest,Hybrid structural/macro
2013,ardl_ecm,0.352370691921188,0.335789108971806,2012,1,0.0165815829493816,exclude_other_interest,Exclude conventional other interest,ARDL error-correction model
2014,structural_ols,0.342639895576271,0.336198082768878,2012,2,0.00644181280739281,exclude_other_interest,Exclude conventional other interest,Structural OLS (levels)
2014,arimax_level,0.342145355155306,0.336198082768878,2012,2,0.00594727238642795,exclude_other_interest,Exclude conventional other interest,ARIMAX (levels)
2014,arimax_diff,0.339593191147952,0.336198082768878,2012,2,0.00339510837907436,exclude_other_interest,Exclude conventional other interest,Differenced ARIMAX
2014,hybrid,0.340653586429908,0.336198082768878,2012,2,0.00445550366102987,exclude_other_interest,Exclude conventional other interest,Hybrid structural/macro
2014,ardl_ecm,0.358967157590065,0.336198082768878,2012,2,0.022769074821187,exclude_other_interest,Exclude conventional other interest,ARDL error-correction model
2015,structural_ols,0.347562621069171,0.339910313901345,2012,3,0.00765230716782617,exclude_other_interest,Exclude conventional other interest,Structural OLS (levels)
2015,arimax_level,0.346233072074698,0.339910313901345,2012,3,0.00632275817335254,exclude_other_interest,Exclude conventional other interest,ARIMAX (levels)
2015,arimax_diff,0.342431471709868,0.339910313901345,2012,3,0.0025211578085228,exclude_other_interest,Exclude conventional other interest,Differenced ARIMAX
2015,hybrid,0.344812034548587,0.339910313901345,2012,3,0.00490172064724237,exclude_other_interest,Exclude conventional other interest,Hybrid structural/macro
2015,ardl_ecm,0.372274290166761,0.339910313901345,2012,3,0.0323639762654159,exclude_other_interest,Exclude conventional other interest,ARDL error-correction model
2016,structural_ols,0.348345710166301,0.34606272363207,2012,4,0.00228298653423104,exclude_other_interest,Exclude conventional other interest,Structural OLS (levels)
2016,arimax_level,0.346171884761376,0.34606272363207,2012,4,0.000109161129305702,exclude_other_interest,Exclude conventional other interest,ARIMAX (levels)
2016,arimax_diff,0.340241556793733,0.34606272363207,2012,4,-0.00582116683833683,exclude_other_interest,Exclude conventional other interest,Differenced ARIMAX
2016,hybrid,0.345130496022044,0.34606272363207,2012,4,-0.00093222761002576,exclude_other_interest,Exclude conventional other interest,Hybrid structural/macro
2016,ardl_ecm,0.381902773168652,0.34606272363207,2012,4,0.0358400495365816,exclude_other_interest,Exclude conventional other interest,ARDL error-correction model
2017,structural_ols,0.335471645105882,0.341654398405476,2012,5,-0.00618275329959361,exclude_other_interest,Exclude conventional other interest,Structural OLS (levels)
2017,arimax_level,0.33434033570531,0.341654398405476,2012,5,-0.00731406270016582,exclude_other_interest,Exclude conventional other interest,ARIMAX (levels)
2017,arimax_diff,0.328788643206099,0.341654398405476,2012,5,-0.0128657551993767,exclude_other_interest,Exclude conventional other interest,Differenced ARIMAX
2017,hybrid,0.333396925283024,0.341654398405476,2012,5,-0.00825747312245229,exclude_other_interest,Exclude conventional other interest,Hybrid structural/macro
2017,ardl_ecm,0.374244623543409,0.341654398405476,2012,5,0.0325902251379331,exclude_other_interest,Exclude conventional other interest,ARDL error-correction model
2014,structural_ols,0.339440900845109,0.336198082768878,2013,1,0.00324281807623078,exclude_other_interest,Exclude conventional other interest,Structural OLS (levels)
2014,arimax_level,0.336525477226983,0.336198082768878,2013,1,0.000327394458104646,exclude_other_interest,Exclude conventional other interest,ARIMAX (levels)
2014,arimax_diff,0.332345549013306,0.336198082768878,2013,1,-0.00385253375557171,exclude_other_interest,Exclude conventional other interest,Differenced ARIMAX
2014,hybrid,0.334908722211404,0.336198082768878,2013,1,-0.00128936055747425,exclude_other_interest,Exclude conventional other interest,Hybrid structural/macro
2014,ardl_ecm,0.3395385133064,0.336198082768878,2013,1,0.00334043053752225,exclude_other_interest,Exclude conventional other interest,ARDL error-correction model
2015,structural_ols,0.343704967277249,0.339910313901345,2013,2,0.00379465337590368,exclude_other_interest,Exclude conventional other interest,Structural OLS (levels)
2015,arimax_level,0.341530390914904,0.339910313901345,2013,2,0.00162007701355876,exclude_other_interest,Exclude conventional other interest,ARIMAX (levels)
2015,arimax_diff,0.333067841827725,0.339910313901345,2013,2,-0.00684247207361999,exclude_other_interest,Exclude conventional other interest,Differenced ARIMAX
2015,hybrid,0.338065615344194,0.339910313901345,2013,2,-0.00184469855715069,exclude_other_interest,Exclude conventional other interest,Hybrid structural/macro
2015,ardl_ecm,0.347673685461426,0.339910313901345,2013,2,0.00776337156008067,exclude_other_interest,Exclude conventional other interest,ARDL error-correction model
2016,structural_ols,0.343825432701313,0.34606272363207,2013,3,-0.00223729093075742,exclude_other_interest,Exclude conventional other interest,Structural OLS (levels)
2016,arimax_level,0.340531700636747,0.34606272363207,2013,3,-0.00553102299532338,exclude_other_interest,Exclude conventional other interest,ARIMAX (levels)
2016,arimax_diff,0.328593531898391,0.34606272363207,2013,3,-0.0174691917336787,exclude_other_interest,Exclude conventional other interest,Differenced ARIMAX
2016,hybrid,0.337432460077609,0.34606272363207,2013,3,-0.00863026355446112,exclude_other_interest,Exclude conventional other interest,Hybrid structural/macro
2016,ardl_ecm,0.35299712034052,0.34606272363207,2013,3,0.00693439670844953,exclude_other_interest,Exclude conventional other interest,ARDL error-correction model
2017,structural_ols,0.330583756959478,0.341654398405476,2013,4,-0.0110706414459978,exclude_other_interest,Exclude conventional other interest,Structural OLS (levels)
2017,arimax_level,0.328298759607413,0.341654398405476,2013,4,-0.0133556387980631,exclude_other_interest,Exclude conventional other interest,ARIMAX (levels)
2017,arimax_diff,0.31629318194534,0.341654398405476,2013,4,-0.0253612164601358,exclude_other_interest,Exclude conventional other interest,Differenced ARIMAX
2017,hybrid,0.326202211427375,0.341654398405476,2013,4,-0.0154521869781009,exclude_other_interest,Exclude conventional other interest,Hybrid structural/macro
2017,ardl_ecm,0.348602215816418,0.341654398405476,2013,4,0.00694781741094236,exclude_other_interest,Exclude conventional other interest,ARDL error-correction model
2018,structural_ols,0.324768567482596,0.3404240934401,2013,5,-0.0156555259575044,exclude_other_interest,Exclude conventional other interest,Structural OLS (levels)
2018,arimax_level,0.322480917973294,0.3404240934401,2013,5,-0.0179431754668064,exclude_other_interest,Exclude conventional other interest,ARIMAX (levels)
2018,arimax_diff,0.311250161174918,0.3404240934401,2013,5,-0.0291739322651816,exclude_other_interest,Exclude conventional other interest,Differenced ARIMAX
2018,hybrid,0.320355160201066,0.3404240934401,2013,5,-0.0200689332390336,exclude_other_interest,Exclude conventional other interest,Hybrid structural/macro
2018,ardl_ecm,0.347259588537877,0.3404240934401,2013,5,0.00683549509777714,exclude_other_interest,Exclude conventional other interest,ARDL error-correction model
2015,structural_ols,0.342201273464954,0.339910313901345,2014,1,0.00229095956360942,exclude_other_interest,Exclude conventional other interest,Structural OLS (levels)
2015,arimax_level,0.341243108953528,0.339910313901345,2014,1,0.00133279505218248,exclude_other_interest,Exclude conventional other interest,ARIMAX (levels)
2015,arimax_diff,0.337984090909306,0.339910313901345,2014,1,-0.00192622299203882,exclude_other_interest,Exclude conventional other interest,Differenced ARIMAX
2015,hybrid,0.339422289353247,0.339910313901345,2014,1,-0.000488024548098043,exclude_other_interest,Exclude conventional other interest,Hybrid structural/macro
2015,ardl_ecm,0.343690997969976,0.339910313901345,2014,1,0.00378068406863119,exclude_other_interest,Exclude conventional other interest,ARDL error-correction model
2016,structural_ols,0.342010599758203,0.34606272363207,2014,2,-0.00405212387386739,exclude_other_interest,Exclude conventional other interest,Structural OLS (levels)
2016,arimax_level,0.340293154392466,0.34606272363207,2014,2,-0.00576956923960437,exclude_other_interest,Exclude conventional other interest,ARIMAX (levels)
2016,arimax_diff,0.33503831466422,0.34606272363207,2014,2,-0.01102440896785,exclude_other_interest,Exclude conventional other interest,Differenced ARIMAX
2016,hybrid,0.338950146843404,0.34606272363207,2014,2,-0.00711257678866639,exclude_other_interest,Exclude conventional other interest,Hybrid structural/macro
2016,ardl_ecm,0.348366438639044,0.34606272363207,2014,2,0.00230371500697352,exclude_other_interest,Exclude conventional other interest,ARDL error-correction model
2017,structural_ols,0.328608152798675,0.341654398405476,2014,3,-0.0130462456068009,exclude_other_interest,Exclude conventional other interest,Structural OLS (levels)
2017,arimax_level,0.328033197065641,0.341654398405476,2014,3,-0.0136212013398349,exclude_other_interest,Exclude conventional other interest,ARIMAX (levels)
2017,arimax_diff,0.323957251713999,0.341654398405476,2014,3,-0.0176971466914768,exclude_other_interest,Exclude conventional other interest,Differenced ARIMAX
2017,hybrid,0.327833325194847,0.341654398405476,2014,3,-0.0138210732106286,exclude_other_interest,Exclude conventional other interest,Hybrid structural/macro
2017,ardl_ecm,0.343837717288374,0.341654398405476,2014,3,0.00218331888289758,exclude_other_interest,Exclude conventional other interest,ARDL error-correction model
2018,structural_ols,0.322586200644959,0.3404240934401,2014,4,-0.0178378927951406,exclude_other_interest,Exclude conventional other interest,Structural OLS (levels)
2018,arimax_level,0.322184407504477,0.3404240934401,2014,4,-0.0182396859356233,exclude_other_interest,Exclude conventional other interest,ARIMAX (levels)
2018,arimax_diff,0.318924760440998,0.3404240934401,2014,4,-0.0214993329991025,exclude_other_interest,Exclude conventional other interest,Differenced ARIMAX
2018,hybrid,0.32180990153023,0.3404240934401,2014,4,-0.0186141919098705,exclude_other_interest,Exclude conventional other interest,Hybrid structural/macro
2018,ardl_ecm,0.342383571968961,0.3404240934401,2014,4,0.00195947852886075,exclude_other_interest,Exclude conventional other interest,ARDL error-correction model
2019,structural_ols,0.313762471455915,0.340792684143503,2014,5,-0.0270302126875885,exclude_other_interest,Exclude conventional other interest,Structural OLS (levels)
2019,arimax_level,0.31378110840144,0.340792684143503,2014,5,-0.0270115757420633,exclude_other_interest,Exclude conventional other interest,ARIMAX (levels)
2019,arimax_diff,0.310992224949638,0.340792684143503,2014,5,-0.029800459193865,exclude_other_interest,Exclude conventional other interest,Differenced ARIMAX
2019,hybrid,0.313826693575434,0.340792684143503,2014,5,-0.0269659905680686,exclude_other_interest,Exclude conventional other interest,Hybrid structural/macro
2019,ardl_ecm,0.340240324762362,0.340792684143503,2014,5,-0.000552359381141121,exclude_other_interest,Exclude conventional other interest,ARDL error-correction model
2016,structural_ols,0.340809555635717,0.34606272363207,2015,1,-0.00525316799635311,exclude_other_interest,Exclude conventional other interest,Structural OLS (levels)
2016,arimax_level,0.339007516460241,0.34606272363207,2015,1,-0.00705520717182867,exclude_other_interest,Exclude conventional other interest,ARIMAX (levels)
2016,arimax_diff,0.337495525370593,0.34606272363207,2015,1,-0.00856719826147662,exclude_other_interest,Exclude conventional other interest,Differenced ARIMAX
2016,hybrid,0.339303697808908,0.34606272363207,2015,1,-0.00675902582316224,exclude_other_interest,Exclude conventional other interest,Hybrid structural/macro
2016,ardl_ecm,0.343667531426952,0.34606272363207,2015,1,-0.00239519220511836,exclude_other_interest,Exclude conventional other interest,ARDL error-correction model
2017,structural_ols,0.327448685385364,0.341654398405476,2015,2,-0.0142057130201123,exclude_other_interest,Exclude conventional other interest,Structural OLS (levels)
2017,arimax_level,0.327145298318617,0.341654398405476,2015,2,-0.0145091000868594,exclude_other_interest,Exclude conventional other interest,ARIMAX (levels)
2017,arimax_diff,0.326498923226069,0.341654398405476,2015,2,-0.0151554751794075,exclude_other_interest,Exclude conventional other interest,Differenced ARIMAX
2017,hybrid,0.328001184199837,0.341654398405476,2015,2,-0.0136532142056393,exclude_other_interest,Exclude conventional other interest,Hybrid structural/macro
2017,ardl_ecm,0.339208470520172,0.341654398405476,2015,2,-0.0024459278853044,exclude_other_interest,Exclude conventional other interest,ARDL error-correction model
2018,structural_ols,0.321327456623912,0.3404240934401,2015,3,-0.0190966368161877,exclude_other_interest,Exclude conventional other interest,Structural OLS (levels)
2018,arimax_level,0.321220078743915,0.3404240934401,2015,3,-0.0192040146961846,exclude_other_interest,Exclude conventional other interest,ARIMAX (levels)
2018,arimax_diff,0.321560070599239,0.3404240934401,2015,3,-0.0188640228408615,exclude_other_interest,Exclude conventional other interest,Differenced ARIMAX
2018,hybrid,0.321916209684653,0.3404240934401,2015,3,-0.0185078837554474,exclude_other_interest,Exclude conventional other interest,Hybrid structural/macro
2018,ardl_ecm,0.337631182922028,0.3404240934401,2015,3,-0.00279291051807162,exclude_other_interest,Exclude conventional other interest,ARDL error-correction model
2019,structural_ols,0.312444068808508,0.340792684143503,2015,4,-0.0283486153349947,exclude_other_interest,Exclude conventional other interest,Structural OLS (levels)
2019,arimax_level,0.312773318856552,0.340792684143503,2015,4,-0.0280193652869513,exclude_other_interest,Exclude conventional other interest,ARIMAX (levels)
2019,arimax_diff,0.313757101754359,0.340792684143503,2015,4,-0.0270355823891437,exclude_other_interest,Exclude conventional other interest,Differenced ARIMAX
2019,hybrid,0.313805402442662,0.340792684143503,2015,4,-0.0269872817008411,exclude_other_interest,Exclude conventional other interest,Hybrid structural/macro
2019,ardl_ecm,0.33553726379499,0.340792684143503,2015,4,-0.00525542034851345,exclude_other_interest,Exclude conventional other interest,ARDL error-correction model
2020,structural_ols,0.309355071390364,0.393181241849007,2015,5,-0.0838261704586432,exclude_other_interest,Exclude conventional other interest,Structural OLS (levels)
2020,arimax_level,0.309981895737327,0.393181241849007,2015,5,-0.0831993461116797,exclude_other_interest,Exclude conventional other interest,ARIMAX (levels)
2020,arimax_diff,0.3124210399189,0.393181241849007,2015,5,-0.0807602019301073,exclude_other_interest,Exclude conventional other interest,Differenced ARIMAX
2020,hybrid,0.311869187429921,0.393181241849007,2015,5,-0.0813120544190858,exclude_other_interest,Exclude conventional other interest,Hybrid structural/macro
2020,ardl_ecm,0.341605399127128,0.393181241849007,2015,5,-0.051575842721879,exclude_other_interest,Exclude conventional other interest,ARDL error-correction model
2017,structural_ols,0.329412591710054,0.341654398405476,2016,1,-0.0122418066954225,exclude_other_interest,Exclude conventional other interest,Structural OLS (levels)
2017,arimax_level,0.332296039746768,0.341654398405476,2016,1,-0.0093583586587081,exclude_other_interest,Exclude conventional other interest,ARIMAX (levels)
2017,arimax_diff,0.336127674878431,0.341654398405476,2016,1,-0.00552672352704542,exclude_other_interest,Exclude conventional other interest,Differenced ARIMAX
2017,hybrid,0.334788588323242,0.341654398405476,2016,1,-0.00686581008223391,exclude_other_interest,Exclude conventional other interest,Hybrid structural/macro
2017,ardl_ecm,0.341807254117049,0.341654398405476,2016,1,0.000152855711573363,exclude_other_interest,Exclude conventional other interest,ARDL error-correction model
2018,structural_ols,0.32343699756343,0.3404240934401,2016,2,-0.0169870958766703,exclude_other_interest,Exclude conventional other interest,Structural OLS (levels)
2018,arimax_level,0.324969498886383,0.3404240934401,2016,2,-0.015454594553717,exclude_other_interest,Exclude conventional other interest,ARIMAX (levels)
2018,arimax_diff,0.330864902104003,0.3404240934401,2016,2,-0.00955919133609712,exclude_other_interest,Exclude conventional other interest,Differenced ARIMAX
2018,hybrid,0.328004761423507,0.3404240934401,2016,2,-0.0124193320165927,exclude_other_interest,Exclude conventional other interest,Hybrid structural/macro
2018,ardl_ecm,0.340356003774219,0.3404240934401,2016,2,-6.80896658807884e-05,exclude_other_interest,Exclude conventional other interest,ARDL error-correction model
2019,structural_ols,0.314589460781414,0.340792684143503,2016,3,-0.0262032233620891,exclude_other_interest,Exclude conventional other interest,Structural OLS (levels)
2019,arimax_level,0.316645375439409,0.340792684143503,2016,3,-0.0241473087040937,exclude_other_interest,Exclude conventional other interest,ARIMAX (levels)
2019,arimax_diff,0.323582806805017,0.340792684143503,2016,3,-0.0172098773384862,exclude_other_interest,Exclude conventional other interest,Differenced ARIMAX
2019,hybrid,0.319613635150223,0.340792684143503,2016,3,-0.02117904899328,exclude_other_interest,Exclude conventional other interest,Hybrid structural/macro
2019,ardl_ecm,0.338309110270275,0.340792684143503,2016,3,-0.0024835738732284,exclude_other_interest,Exclude conventional other interest,ARDL error-correction model
2020,structural_ols,0.31176747887377,0.393181241849007,2016,4,-0.0814137629752373,exclude_other_interest,Exclude conventional other interest,Structural OLS (levels)
2020,arimax_level,0.314342530069576,0.393181241849007,2016,4,-0.0788387117794306,exclude_other_interest,Exclude conventional other interest,ARIMAX (levels)
2020,arimax_diff,0.322872180400436,0.393181241849007,2016,4,-0.0703090614485709,exclude_other_interest,Exclude conventional other interest,Differenced ARIMAX
2020,hybrid,0.317227828207458,0.393181241849007,2016,4,-0.0759534136415488,exclude_other_interest,Exclude conventional other interest,Hybrid structural/macro
2020,ardl_ecm,0.344444405736364,0.393181241849007,2016,4,-0.0487368361126431,exclude_other_interest,Exclude conventional other interest,ARDL error-correction model
2021,structural_ols,0.301862083088664,0.415593685445313,2016,5,-0.113731602356649,exclude_other_interest,Exclude conventional other interest,Structural OLS (levels)
2021,arimax_level,0.305687321408043,0.415593685445313,2016,5,-0.10990636403727,exclude_other_interest,Exclude conventional other interest,ARIMAX (levels)
2021,arimax_diff,0.316192840267083,0.415593685445313,2016,5,-0.0994008451782296,exclude_other_interest,Exclude conventional other interest,Differenced ARIMAX
2021,hybrid,0.308178187207851,0.415593685445313,2016,5,-0.107415498237462,exclude_other_interest,Exclude conventional other interest,Hybrid structural/macro
2021,ardl_ecm,0.340163245272656,0.415593685445313,2016,5,-0.075430440172657,exclude_other_interest,Exclude conventional other interest,ARDL error-correction model
2018,structural_ols,0.328288303719273,0.3404240934401,2017,1,-0.012135789720827,exclude_other_interest,Exclude conventional other interest,Structural OLS (levels)
2018,arimax_level,0.332694504184733,0.3404240934401,2017,1,-0.0077295892553666,exclude_other_interest,Exclude conventional other interest,ARIMAX (levels)
2018,arimax_diff,0.336537866846595,0.3404240934401,2017,1,-0.00388622659350468,exclude_other_interest,Exclude conventional other interest,Differenced ARIMAX
2018,hybrid,0.334946517770196,0.3404240934401,2017,1,-0.0054775756699037,exclude_other_interest,Exclude conventional other interest,Hybrid structural/macro
2018,ardl_ecm,0.340194321920205,0.3404240934401,2017,1,-0.000229771519895339,exclude_other_interest,Exclude conventional other interest,ARDL error-correction model
2019,structural_ols,0.320261520835342,0.340792684143503,2017,2,-0.0205311633081607,exclude_other_interest,Exclude conventional other interest,Structural OLS (levels)
2019,arimax_level,0.322653448364816,0.340792684143503,2017,2,-0.018139235778687,exclude_other_interest,Exclude conventional other interest,ARIMAX (levels)
2019,arimax_diff,0.330102459053933,0.340792684143503,2017,2,-0.0106902250895703,exclude_other_interest,Exclude conventional other interest,Differenced ARIMAX
2019,hybrid,0.327465537241742,0.340792684143503,2017,2,-0.0133271469017608,exclude_other_interest,Exclude conventional other interest,Hybrid structural/macro
2019,ardl_ecm,0.33813751082235,0.340792684143503,2017,2,-0.00265517332115273,exclude_other_interest,Exclude conventional other interest,ARDL error-correction model
2020,structural_ols,0.318468665790118,0.393181241849007,2017,3,-0.0747125760588888,exclude_other_interest,Exclude conventional other interest,Structural OLS (levels)
2020,arimax_level,0.321549926126331,0.393181241849007,2017,3,-0.0716313157226759,exclude_other_interest,Exclude conventional other interest,ARIMAX (levels)
2020,arimax_diff,0.330185821810828,0.393181241849007,2017,3,-0.062995420038179,exclude_other_interest,Exclude conventional other interest,Differenced ARIMAX
2020,hybrid,0.325853503793225,0.393181241849007,2017,3,-0.0673277380557821,exclude_other_interest,Exclude conventional other interest,Hybrid structural/macro
2020,ardl_ecm,0.344270616103836,0.393181241849007,2017,3,-0.0489106257451708,exclude_other_interest,Exclude conventional other interest,ARDL error-correction model
2021,structural_ols,0.310217037344175,0.415593685445313,2017,4,-0.105376648101139,exclude_other_interest,Exclude conventional other interest,Structural OLS (levels)
2021,arimax_level,0.315140303525805,0.415593685445313,2017,4,-0.100453381919508,exclude_other_interest,Exclude conventional other interest,ARIMAX (levels)
2021,arimax_diff,0.325329662209989,0.415593685445313,2017,4,-0.0902640232353236,exclude_other_interest,Exclude conventional other interest,Differenced ARIMAX
2021,hybrid,0.318841038686294,0.415593685445313,2017,4,-0.0967526467590195,exclude_other_interest,Exclude conventional other interest,Hybrid structural/macro
2021,ardl_ecm,0.339981700031635,0.415593685445313,2017,4,-0.0756119854136777,exclude_other_interest,Exclude conventional other interest,ARDL error-correction model
2022,structural_ols,0.283356610112424,0.370772320697757,2017,5,-0.087415710585333,exclude_other_interest,Exclude conventional other interest,Structural OLS (levels)
2022,arimax_level,0.289752828889525,0.370772320697757,2017,5,-0.0810194918082318,exclude_other_interest,Exclude conventional other interest,ARIMAX (levels)
2022,arimax_diff,0.299106210861366,0.370772320697757,2017,5,-0.071666109836391,exclude_other_interest,Exclude conventional other interest,Differenced ARIMAX
2022,hybrid,0.290005678170097,0.370772320697757,2017,5,-0.0807666425276602,exclude_other_interest,Exclude conventional other interest,Hybrid structural/macro
2022,ardl_ecm,0.320034155047358,0.370772320697757,2017,5,-0.050738165650399,exclude_other_interest,Exclude conventional other interest,ARDL error-correction model
2019,structural_ols,0.324984696183498,0.340792684143503,2018,1,-0.0158079879600049,exclude_other_interest,Exclude conventional other interest,Structural OLS (levels)
2019,arimax_level,0.32916337204132,0.340792684143503,2018,1,-0.0116293121021825,exclude_other_interest,Exclude conventional other interest,ARIMAX (levels)
2019,arimax_diff,0.334446157253662,0.340792684143503,2018,1,-0.00634652688984061,exclude_other_interest,Exclude conventional other interest,Differenced ARIMAX
2019,hybrid,0.333591518310587,0.340792684143503,2018,1,-0.00720116583291564,exclude_other_interest,Exclude conventional other interest,Hybrid structural/macro
2019,ardl_ecm,0.338360373661248,0.340792684143503,2018,1,-0.00243231048225506,exclude_other_interest,Exclude conventional other interest,ARDL error-correction model
2020,structural_ols,0.324100361701563,0.393181241849007,2018,2,-0.0690808801474435,exclude_other_interest,Exclude conventional other interest,Structural OLS (levels)
2020,arimax_level,0.326027454036555,0.393181241849007,2018,2,-0.0671537878124521,exclude_other_interest,Exclude conventional other interest,ARIMAX (levels)
2020,arimax_diff,0.33530733890698,0.393181241849007,2018,2,-0.0578739029420274,exclude_other_interest,Exclude conventional other interest,Differenced ARIMAX
2020,hybrid,0.333079519460152,0.393181241849007,2018,2,-0.060101722388855,exclude_other_interest,Exclude conventional other interest,Hybrid structural/macro
2020,ardl_ecm,0.344486367406764,0.393181241849007,2018,2,-0.0486948744422431,exclude_other_interest,Exclude conventional other interest,ARDL error-correction model
2021,structural_ols,0.317447273476817,0.415593685445313,2018,3,-0.098146411968496,exclude_other_interest,Exclude conventional other interest,Structural OLS (levels)
2021,arimax_level,0.320644800920327,0.415593685445313,2018,3,-0.0949488845249863,exclude_other_interest,Exclude conventional other interest,ARIMAX (levels)
2021,arimax_diff,0.331287621353053,0.415593685445313,2018,3,-0.0843060640922597,exclude_other_interest,Exclude conventional other interest,Differenced ARIMAX
2021,hybrid,0.327314168543703,0.415593685445313,2018,3,-0.0882795169016103,exclude_other_interest,Exclude conventional other interest,Hybrid structural/macro
2021,ardl_ecm,0.340189027694015,0.415593685445313,2018,3,-0.0754046577512977,exclude_other_interest,Exclude conventional other interest,ARDL error-correction model
2022,structural_ols,0.292014428740355,0.370772320697757,2018,4,-0.0787578919574024,exclude_other_interest,Exclude conventional other interest,Structural OLS (levels)
2022,arimax_level,0.296018370086261,0.370772320697757,2018,4,-0.0747539506114956,exclude_other_interest,Exclude conventional other interest,ARIMAX (levels)
2022,arimax_diff,0.30608400958839,0.370772320697757,2018,4,-0.0646883111093667,exclude_other_interest,Exclude conventional other interest,Differenced ARIMAX
2022,hybrid,0.299990350293143,0.370772320697757,2018,4,-0.0707819704046139,exclude_other_interest,Exclude conventional other interest,Hybrid structural/macro
2022,ardl_ecm,0.320217718386051,0.370772320697757,2018,4,-0.050554602311706,exclude_other_interest,Exclude conventional other interest,ARDL error-correction model
2023,structural_ols,0.283907457277896,0.343482881928863,2018,5,-0.0595754246509668,exclude_other_interest,Exclude conventional other interest,Structural OLS (levels)
2023,arimax_level,0.287835718291478,0.343482881928863,2018,5,-0.0556471636373853,exclude_other_interest,Exclude conventional other interest,ARIMAX (levels)
2023,arimax_diff,0.299503082848359,0.343482881928863,2018,5,-0.0439797990805038,exclude_other_interest,Exclude conventional other interest,Differenced ARIMAX
2023,hybrid,0.291915304324165,0.343482881928863,2018,5,-0.0515675776046984,exclude_other_interest,Exclude conventional other interest,Hybrid structural/macro
2023,ardl_ecm,0.312466381302296,0.343482881928863,2018,5,-0.0310165006265667,exclude_other_interest,Exclude conventional other interest,ARDL error-correction model
2020,structural_ols,0.330420780559642,0.393181241849007,2019,1,-0.0627604612893647,exclude_other_interest,Exclude conventional other interest,Structural OLS (levels)
2020,arimax_level,0.336413281486396,0.393181241849007,2019,1,-0.056767960362611,exclude_other_interest,Exclude conventional other interest,ARIMAX (levels)
2020,arimax_diff,0.34254345040594,0.393181241849007,2019,1,-0.050637791443067,exclude_other_interest,Exclude conventional other interest,Differenced ARIMAX
2020,hybrid,0.341405208256269,0.393181241849007,2019,1,-0.0517760335927378,exclude_other_interest,Exclude conventional other interest,Hybrid structural/macro
2020,ardl_ecm,0.346900614989959,0.393181241849007,2019,1,-0.0462806268590483,exclude_other_interest,Exclude conventional other interest,ARDL error-correction model
2021,structural_ols,0.325985995351246,0.415593685445313,2019,2,-0.0896076900940667,exclude_other_interest,Exclude conventional other interest,Structural OLS (levels)
2021,arimax_level,0.329052213413381,0.415593685445313,2019,2,-0.0865414720319319,exclude_other_interest,Exclude conventional other interest,ARIMAX (levels)
2021,arimax_diff,0.339870678757818,0.415593685445313,2019,2,-0.0757230066874948,exclude_other_interest,Exclude conventional other interest,Differenced ARIMAX
2021,hybrid,0.337416507955835,0.415593685445313,2019,2,-0.0781771774894776,exclude_other_interest,Exclude conventional other interest,Hybrid structural/macro
2021,ardl_ecm,0.342392133535793,0.415593685445313,2019,2,-0.07320155190952,exclude_other_interest,Exclude conventional other interest,ARDL error-correction model
2022,structural_ols,0.302839304959364,0.370772320697757,2019,3,-0.0679330157383932,exclude_other_interest,Exclude conventional other interest,Structural OLS (levels)
2022,arimax_level,0.306484438066842,0.370772320697757,2019,3,-0.0642878826309146,exclude_other_interest,Exclude conventional other interest,ARIMAX (levels)
2022,arimax_diff,0.315735781254929,0.370772320697757,2019,3,-0.0550365394428277,exclude_other_interest,Exclude conventional other interest,Differenced ARIMAX
2022,hybrid,0.31188773134609,0.370772320697757,2019,3,-0.0588845893516672,exclude_other_interest,Exclude conventional other interest,Hybrid structural/macro
2022,ardl_ecm,0.322261325662172,0.370772320697757,2019,3,-0.0485109950355846,exclude_other_interest,Exclude conventional other interest,ARDL error-correction model
2023,structural_ols,0.294888337389101,0.343482881928863,2019,4,-0.048594544539762,exclude_other_interest,Exclude conventional other interest,Structural OLS (levels)
2023,arimax_level,0.298374212753647,0.343482881928863,2019,4,-0.045108669175216,exclude_other_interest,Exclude conventional other interest,ARIMAX (levels)
2023,arimax_diff,0.309225626493053,0.343482881928863,2019,4,-0.0342572554358104,exclude_other_interest,Exclude conventional other interest,Differenced ARIMAX
2023,hybrid,0.304269030781434,0.343482881928863,2019,4,-0.0392138511474289,exclude_other_interest,Exclude conventional other interest,Hybrid structural/macro
2023,ardl_ecm,0.314269092772076,0.343482881928863,2019,4,-0.0292137891567866,exclude_other_interest,Exclude conventional other interest,ARDL error-correction model
2024,structural_ols,0.30196050594917,0.354590643296671,2019,5,-0.0526301373475007,exclude_other_interest,Exclude conventional other interest,Structural OLS (levels)
2024,arimax_level,0.304928377492983,0.354590643296671,2019,5,-0.049662265803688,exclude_other_interest,Exclude conventional other interest,ARIMAX (levels)
2024,arimax_diff,0.31685009022393,0.354590643296671,2019,5,-0.0377405530727408,exclude_other_interest,Exclude conventional other interest,Differenced ARIMAX
2024,hybrid,0.311654715477873,0.354590643296671,2019,5,-0.0429359278187976,exclude_other_interest,Exclude conventional other interest,Hybrid structural/macro
2024,ardl_ecm,0.321489602712574,0.354590643296671,2019,5,-0.0331010405840965,exclude_other_interest,Exclude conventional other interest,ARDL error-correction model
2021,structural_ols,0.325985995351246,0.415593685445313,2020,1,-0.0896076900940671,exclude_other_interest,Exclude conventional other interest,Structural OLS (levels)
2021,arimax_level,0.329053393169288,0.415593685445313,2020,1,-0.0865402922760247,exclude_other_interest,Exclude conventional other interest,ARIMAX (levels)
2021,arimax_diff,0.390508470200919,0.415593685445313,2020,1,-0.0250852152443936,exclude_other_interest,Exclude conventional other interest,Differenced ARIMAX
2021,hybrid,0.323820658874344,0.415593685445313,2020,1,-0.0917730265709691,exclude_other_interest,Exclude conventional other interest,Hybrid structural/macro
2021,ardl_ecm,0.380621738345059,0.415593685445313,2020,1,-0.034971947100254,exclude_other_interest,Exclude conventional other interest,ARDL error-correction model
2022,structural_ols,0.302839304959364,0.370772320697757,2020,2,-0.0679330157383935,exclude_other_interest,Exclude conventional other interest,Structural OLS (levels)
2022,arimax_level,0.306484275042138,0.370772320697757,2020,2,-0.0642880456556194,exclude_other_interest,Exclude conventional other interest,ARIMAX (levels)
2022,arimax_diff,0.366373572698,0.370772320697757,2020,2,-0.00439874799975654,exclude_other_interest,Exclude conventional other interest,Differenced ARIMAX
2022,hybrid,0.298509841247664,0.370772320697757,2020,2,-0.0722624794500926,exclude_other_interest,Exclude conventional other interest,Hybrid structural/macro
2022,ardl_ecm,0.352421973869992,0.370772320697757,2020,2,-0.0183503468277652,exclude_other_interest,Exclude conventional other interest,ARDL error-correction model
2023,structural_ols,0.2948883373891,0.343482881928863,2020,3,-0.0485945445397625,exclude_other_interest,Exclude conventional other interest,Structural OLS (levels)
2023,arimax_level,0.298373529400733,0.343482881928863,2020,3,-0.0451093525281297,exclude_other_interest,Exclude conventional other interest,ARIMAX (levels)
2023,arimax_diff,0.359863417936101,0.343482881928863,2020,3,0.0163805360072375,exclude_other_interest,Exclude conventional other interest,Differenced ARIMAX
2023,hybrid,0.290070313842994,0.343482881928863,2020,3,-0.0534125680858693,exclude_other_interest,Exclude conventional other interest,Hybrid structural/macro
2023,ardl_ecm,0.338955492354187,0.343482881928863,2020,3,-0.00452738957467624,exclude_other_interest,Exclude conventional other interest,ARDL error-correction model
2024,structural_ols,0.30196050594917,0.354590643296671,2020,4,-0.0526301373475012,exclude_other_interest,Exclude conventional other interest,Structural OLS (levels)
2024,arimax_level,0.304927662556526,0.354590643296671,2020,4,-0.0496629807401452,exclude_other_interest,Exclude conventional other interest,ARIMAX (levels)
2024,arimax_diff,0.367487881666982,0.354590643296671,2020,4,0.0128972383703107,exclude_other_interest,Exclude conventional other interest,Differenced ARIMAX
2024,hybrid,0.297255642834379,0.354590643296671,2020,4,-0.0573350004622918,exclude_other_interest,Exclude conventional other interest,Hybrid structural/macro
2024,ardl_ecm,0.342708549399955,0.354590643296671,2020,4,-0.0118820938967165,exclude_other_interest,Exclude conventional other interest,ARDL error-correction model
2025,structural_ols,0.304754102933182,0.364354044063882,2020,5,-0.0595999411306999,exclude_other_interest,Exclude conventional other interest,Structural OLS (levels)
2025,arimax_level,0.307527309828026,0.364354044063882,2020,5,-0.0568267342358564,exclude_other_interest,Exclude conventional other interest,ARIMAX (levels)
2025,arimax_diff,0.370390286046736,0.364354044063882,2020,5,0.00603624198285385,exclude_other_interest,Exclude conventional other interest,Differenced ARIMAX
2025,hybrid,0.300112846290185,0.364354044063882,2020,5,-0.0642411977736975,exclude_other_interest,Exclude conventional other interest,Hybrid structural/macro
2025,ardl_ecm,0.343656787576122,0.364354044063882,2020,5,-0.0206972564877598,exclude_other_interest,Exclude conventional other interest,ARDL error-correction model
2011,structural_ols,0.336075943510721,0.328218800353321,2010,1,0.00785714315740038,exclude_total_interest,Exclude total interest payable,Structural OLS (levels)
2011,arimax_level,0.336075943510721,0.328218800353321,2010,1,0.00785714315740044,exclude_total_interest,Exclude total interest payable,ARIMAX (levels)
2011,arimax_diff,0.343921876230906,0.328218800353321,2010,1,0.0157030758775849,exclude_total_interest,Exclude total interest payable,Differenced ARIMAX
2011,hybrid,0.337510685729349,0.328218800353321,2010,1,0.00929188537602821,exclude_total_interest,Exclude total interest payable,Hybrid structural/macro
2011,ardl_ecm,0.3386051932044,0.328218800353321,2010,1,0.0103863928510786,exclude_total_interest,Exclude total interest payable,ARDL error-correction model
2012,structural_ols,0.342703531701049,0.331337707489912,2010,2,0.0113658242111371,exclude_total_interest,Exclude total interest payable,Structural OLS (levels)
2012,arimax_level,0.342703531701049,0.331337707489912,2010,2,0.0113658242111371,exclude_total_interest,Exclude total interest payable,ARIMAX (levels)
2012,arimax_diff,0.34547797246744,0.331337707489912,2010,2,0.014140264977528,exclude_total_interest,Exclude total interest payable,Differenced ARIMAX
2012,hybrid,0.343395059913996,0.331337707489912,2010,2,0.0120573524240835,exclude_total_interest,Exclude total interest payable,Hybrid structural/macro
2012,ardl_ecm,0.343668555313043,0.331337707489912,2010,2,0.0123308478231305,exclude_total_interest,Exclude total interest payable,ARDL error-correction model
2013,structural_ols,0.346323711401515,0.327314999206665,2010,3,0.0190087121948498,exclude_total_interest,Exclude total interest payable,Structural OLS (levels)
2013,arimax_level,0.346323711401515,0.327314999206665,2010,3,0.0190087121948498,exclude_total_interest,Exclude total interest payable,ARIMAX (levels)
2013,arimax_diff,0.345146821054853,0.327314999206665,2010,3,0.017831821848188,exclude_total_interest,Exclude total interest payable,Differenced ARIMAX
2013,hybrid,0.345228090780093,0.327314999206665,2010,3,0.0179130915734282,exclude_total_interest,Exclude total interest payable,Hybrid structural/macro
2013,ardl_ecm,0.350548197581717,0.327314999206665,2010,3,0.0232331983750521,exclude_total_interest,Exclude total interest payable,ARDL error-correction model
2014,structural_ols,0.348464683654583,0.32783781008771,2010,4,0.0206268735668732,exclude_total_interest,Exclude total interest payable,Structural OLS (levels)
2014,arimax_level,0.348464683654583,0.32783781008771,2010,4,0.0206268735668733,exclude_total_interest,Exclude total interest payable,ARIMAX (levels)
2014,arimax_diff,0.349336332282977,0.32783781008771,2010,4,0.0214985221952665,exclude_total_interest,Exclude total interest payable,Differenced ARIMAX
2014,hybrid,0.345633046918299,0.32783781008771,2010,4,0.0177952368305894,exclude_total_interest,Exclude total interest payable,Hybrid structural/macro
2014,ardl_ecm,0.356083200825546,0.32783781008771,2010,4,0.0282453907378363,exclude_total_interest,Exclude total interest payable,ARDL error-correction model
2015,structural_ols,0.355717067574664,0.33131713421629,2010,5,0.0243999333583739,exclude_total_interest,Exclude total interest payable,Structural OLS (levels)
2015,arimax_level,0.355717067574664,0.33131713421629,2010,5,0.0243999333583739,exclude_total_interest,Exclude total interest payable,ARIMAX (levels)
2015,arimax_diff,0.352859315478323,0.33131713421629,2010,5,0.0215421812620328,exclude_total_interest,Exclude total interest payable,Differenced ARIMAX
2015,hybrid,0.351337244267788,0.33131713421629,2010,5,0.0200201100514978,exclude_total_interest,Exclude total interest payable,Hybrid structural/macro
2015,ardl_ecm,0.366661274948353,0.33131713421629,2010,5,0.0353441407320634,exclude_total_interest,Exclude total interest payable,ARDL error-correction model
2012,structural_ols,0.338607426385044,0.331337707489912,2011,1,0.00726971889513167,exclude_total_interest,Exclude total interest payable,Structural OLS (levels)
2012,arimax_level,0.338607426385055,0.331337707489912,2011,1,0.00726971889514322,exclude_total_interest,Exclude total interest payable,ARIMAX (levels)
2012,arimax_diff,0.333251437325141,0.331337707489912,2011,1,0.00191372983522942,exclude_total_interest,Exclude total interest payable,Differenced ARIMAX
2012,hybrid,0.341580130658382,0.331337707489912,2011,1,0.0102424231684701,exclude_total_interest,Exclude total interest payable,Hybrid structural/macro
2012,ardl_ecm,0.334168391927646,0.331337707489912,2011,1,0.00283068443773427,exclude_total_interest,Exclude total interest payable,ARDL error-correction model
2013,structural_ols,0.342720281094993,0.327314999206665,2011,2,0.0154052818883283,exclude_total_interest,Exclude total interest payable,Structural OLS (levels)
2013,arimax_level,0.342720281095013,0.327314999206665,2011,2,0.0154052818883476,exclude_total_interest,Exclude total interest payable,ARIMAX (levels)
2013,arimax_diff,0.334867800791501,0.327314999206665,2011,2,0.00755280158483551,exclude_total_interest,Exclude total interest payable,Differenced ARIMAX
2013,hybrid,0.346265678004723,0.327314999206665,2011,2,0.0189506787980576,exclude_total_interest,Exclude total interest payable,Hybrid structural/macro
2013,ardl_ecm,0.346300044207546,0.327314999206665,2011,2,0.0189850450008812,exclude_total_interest,Exclude total interest payable,ARDL error-correction model
2014,structural_ols,0.344729849984968,0.32783781008771,2011,3,0.0168920398972576,exclude_total_interest,Exclude total interest payable,Structural OLS (levels)
2014,arimax_level,0.344729849984988,0.32783781008771,2011,3,0.0168920398972783,exclude_total_interest,Exclude total interest payable,ARIMAX (levels)
2014,arimax_diff,0.33424987204603,0.32783781008771,2011,3,0.00641206195832045,exclude_total_interest,Exclude total interest payable,Differenced ARIMAX
2014,hybrid,0.34564156208438,0.32783781008771,2011,3,0.0178037519966704,exclude_total_interest,Exclude total interest payable,Hybrid structural/macro
2014,ardl_ecm,0.353601060178048,0.32783781008771,2011,3,0.0257632500903381,exclude_total_interest,Exclude total interest payable,ARDL error-correction model
2015,structural_ols,0.352515274757169,0.33131713421629,2011,4,0.0211981405408787,exclude_total_interest,Exclude total interest payable,Structural OLS (levels)
2015,arimax_level,0.352515274757201,0.33131713421629,2011,4,0.0211981405409114,exclude_total_interest,Exclude total interest payable,ARIMAX (levels)
2015,arimax_diff,0.337877607070761,0.33131713421629,2011,4,0.0065604728544712,exclude_total_interest,Exclude total interest payable,Differenced ARIMAX
2015,hybrid,0.353363544889782,0.33131713421629,2011,4,0.0220464106734923,exclude_total_interest,Exclude total interest payable,Hybrid structural/macro
2015,ardl_ecm,0.367274576155482,0.33131713421629,2011,4,0.0359574419391924,exclude_total_interest,Exclude total interest payable,ARDL error-correction model
2016,structural_ols,0.356561223360845,0.337913878932995,2011,5,0.0186473444278503,exclude_total_interest,Exclude total interest payable,Structural OLS (levels)
2016,arimax_level,0.35656122336089,0.337913878932995,2011,5,0.0186473444278947,exclude_total_interest,Exclude total interest payable,ARIMAX (levels)
2016,arimax_diff,0.336202088287052,0.337913878932995,2011,5,-0.00171179064594323,exclude_total_interest,Exclude total interest payable,Differenced ARIMAX
2016,hybrid,0.355880085822723,0.337913878932995,2011,5,0.0179662068897283,exclude_total_interest,Exclude total interest payable,Hybrid structural/macro
2016,ardl_ecm,0.376548168363347,0.337913878932995,2011,5,0.0386342894303521,exclude_total_interest,Exclude total interest payable,ARDL error-correction model
2013,structural_ols,0.339723104991996,0.327314999206665,2012,1,0.0124081057853312,exclude_total_interest,Exclude total interest payable,Structural OLS (levels)
2013,arimax_level,0.339723104992004,0.327314999206665,2012,1,0.0124081057853389,exclude_total_interest,Exclude total interest payable,ARIMAX (levels)
2013,arimax_diff,0.33232851745595,0.327314999206665,2012,1,0.00501351824928487,exclude_total_interest,Exclude total interest payable,Differenced ARIMAX
2013,hybrid,0.340247801145203,0.327314999206665,2012,1,0.0129328019385382,exclude_total_interest,Exclude total interest payable,Hybrid structural/macro
2013,ardl_ecm,0.343185306143871,0.327314999206665,2012,1,0.0158703069372062,exclude_total_interest,Exclude total interest payable,ARDL error-correction model
2014,structural_ols,0.341344339126055,0.32783781008771,2012,2,0.0135065290383453,exclude_total_interest,Exclude total interest payable,Structural OLS (levels)
2014,arimax_level,0.341344339126064,0.32783781008771,2012,2,0.0135065290383537,exclude_total_interest,Exclude total interest payable,ARIMAX (levels)
2014,arimax_diff,0.331640475546547,0.32783781008771,2012,2,0.00380266545883723,exclude_total_interest,Exclude total interest payable,Differenced ARIMAX
2014,hybrid,0.341385963360734,0.32783781008771,2012,2,0.013548153273024,exclude_total_interest,Exclude total interest payable,Hybrid structural/macro
2014,ardl_ecm,0.350344924933389,0.32783781008771,2012,2,0.0225071148456791,exclude_total_interest,Exclude total interest payable,ARDL error-correction model
2015,structural_ols,0.349036534913032,0.33131713421629,2012,3,0.0177194006967418,exclude_total_interest,Exclude total interest payable,Structural OLS (levels)
2015,arimax_level,0.349036534913048,0.33131713421629,2012,3,0.0177194006967575,exclude_total_interest,Exclude total interest payable,ARIMAX (levels)
2015,arimax_diff,0.334871688433539,0.33131713421629,2012,3,0.00355455421724865,exclude_total_interest,Exclude total interest payable,Differenced ARIMAX
2015,hybrid,0.348801732259292,0.33131713421629,2012,3,0.0174845980430016,exclude_total_interest,Exclude total interest payable,Hybrid structural/macro
2015,ardl_ecm,0.363660802173888,0.33131713421629,2012,3,0.0323436679575975,exclude_total_interest,Exclude total interest payable,ARDL error-correction model
2016,structural_ols,0.352980935058539,0.337913878932995,2012,4,0.0150670561255437,exclude_total_interest,Exclude total interest payable,Structural OLS (levels)
2016,arimax_level,0.352980935058562,0.337913878932995,2012,4,0.0150670561255671,exclude_total_interest,Exclude total interest payable,ARIMAX (levels)
2016,arimax_diff,0.333097274271951,0.337913878932995,2012,4,-0.00481660466104356,exclude_total_interest,Exclude total interest payable,Differenced ARIMAX
2016,hybrid,0.352448271628391,0.337913878932995,2012,4,0.0145343926953962,exclude_total_interest,Exclude total interest payable,Hybrid structural/macro
2016,ardl_ecm,0.372633121838683,0.337913878932995,2012,4,0.0347192429056881,exclude_total_interest,Exclude total interest payable,ARDL error-correction model
2017,structural_ols,0.340755192056706,0.334796832492743,2012,5,0.00595835956396318,exclude_total_interest,Exclude total interest payable,Structural OLS (levels)
2017,arimax_level,0.34075519205672,0.334796832492743,2012,5,0.00595835956397667,exclude_total_interest,Exclude total interest payable,ARIMAX (levels)
2017,arimax_diff,0.322636173750779,0.334796832492743,2012,5,-0.0121606587419635,exclude_total_interest,Exclude total interest payable,Differenced ARIMAX
2017,hybrid,0.33994733184805,0.334796832492743,2012,5,0.00515049935530715,exclude_total_interest,Exclude total interest payable,Hybrid structural/macro
2017,ardl_ecm,0.365118046674502,0.334796832492743,2012,5,0.0303212141817589,exclude_total_interest,Exclude total interest payable,ARDL error-correction model
2014,structural_ols,0.335871265725573,0.32783781008771,2013,1,0.00803345563786295,exclude_total_interest,Exclude total interest payable,Structural OLS (levels)
2014,arimax_level,0.331206348731722,0.32783781008771,2013,1,0.00336853864401199,exclude_total_interest,Exclude total interest payable,ARIMAX (levels)
2014,arimax_diff,0.324737324905777,0.32783781008771,2013,1,-0.0031004851819329,exclude_total_interest,Exclude total interest payable,Differenced ARIMAX
2014,hybrid,0.335135456791351,0.32783781008771,2013,1,0.00729764670364114,exclude_total_interest,Exclude total interest payable,Hybrid structural/macro
2014,ardl_ecm,0.331083977101175,0.32783781008771,2013,1,0.00324616701346503,exclude_total_interest,Exclude total interest payable,ARDL error-correction model
2015,structural_ols,0.34243657957357,0.33131713421629,2013,2,0.0111194453572803,exclude_total_interest,Exclude total interest payable,Structural OLS (levels)
2015,arimax_level,0.338992511587359,0.33131713421629,2013,2,0.00767537737106944,exclude_total_interest,Exclude total interest payable,ARIMAX (levels)
2015,arimax_diff,0.325953126172879,0.33131713421629,2013,2,-0.00536400804341053,exclude_total_interest,Exclude total interest payable,Differenced ARIMAX
2015,hybrid,0.340726369012297,0.33131713421629,2013,2,0.00940923479600669,exclude_total_interest,Exclude total interest payable,Hybrid structural/macro
2015,ardl_ecm,0.338766829952728,0.33131713421629,2013,2,0.00744969573643822,exclude_total_interest,Exclude total interest payable,ARDL error-correction model
2016,structural_ols,0.345247314832337,0.337913878932995,2013,3,0.00733343589934149,exclude_total_interest,Exclude total interest payable,Structural OLS (levels)
2016,arimax_level,0.339957303088826,0.337913878932995,2013,3,0.00204342415583103,exclude_total_interest,Exclude total interest payable,ARIMAX (levels)
2016,arimax_diff,0.322002897780104,0.337913878932995,2013,3,-0.0159109811528909,exclude_total_interest,Exclude total interest payable,Differenced ARIMAX
2016,hybrid,0.343957539351257,0.337913878932995,2013,3,0.00604366041826177,exclude_total_interest,Exclude total interest payable,Hybrid structural/macro
2016,ardl_ecm,0.342865465422125,0.337913878932995,2013,3,0.00495158648913025,exclude_total_interest,Exclude total interest payable,ARDL error-correction model
2017,structural_ols,0.332392636677035,0.334796832492743,2013,4,-0.00240419581570767,exclude_total_interest,Exclude total interest payable,Structural OLS (levels)
2017,arimax_level,0.328885140523108,0.334796832492743,2013,4,-0.00591169196963526,exclude_total_interest,Exclude total interest payable,ARIMAX (levels)
2017,arimax_diff,0.310734640837533,0.334796832492743,2013,4,-0.0240621916552097,exclude_total_interest,Exclude total interest payable,Differenced ARIMAX
2017,hybrid,0.334567861916745,0.334796832492743,2013,4,-0.000228970575998022,exclude_total_interest,Exclude total interest payable,Hybrid structural/macro
2017,ardl_ecm,0.337792301458487,0.334796832492743,2013,4,0.00299546896574365,exclude_total_interest,Exclude total interest payable,ARDL error-correction model
2018,structural_ols,0.32798317994665,0.333234895626283,2013,5,-0.00525171567963273,exclude_total_interest,Exclude total interest payable,Structural OLS (levels)
2018,arimax_level,0.324525121908757,0.333234895626283,2013,5,-0.00870977371752557,exclude_total_interest,Exclude total interest payable,ARIMAX (levels)
2018,arimax_diff,0.306111382230008,0.333234895626283,2013,5,-0.0271235133962754,exclude_total_interest,Exclude total interest payable,Differenced ARIMAX
2018,hybrid,0.328559374462553,0.333234895626283,2013,5,-0.00467552116372993,exclude_total_interest,Exclude total interest payable,Hybrid structural/macro
2018,ardl_ecm,0.336424349655842,0.333234895626283,2013,5,0.00318945402955928,exclude_total_interest,Exclude total interest payable,ARDL error-correction model
2015,structural_ols,0.338711468497332,0.33131713421629,2014,1,0.00739433428104225,exclude_total_interest,Exclude total interest payable,Structural OLS (levels)
2015,arimax_level,0.335734109372044,0.33131713421629,2014,1,0.00441697515575434,exclude_total_interest,Exclude total interest payable,ARIMAX (levels)
2015,arimax_diff,0.329909680065793,0.33131713421629,2014,1,-0.00140745415049742,exclude_total_interest,Exclude total interest payable,Differenced ARIMAX
2015,hybrid,0.337941832208708,0.33131713421629,2014,1,0.00662469799241766,exclude_total_interest,Exclude total interest payable,Hybrid structural/macro
2015,ardl_ecm,0.334713408471747,0.33131713421629,2014,1,0.00339627425545652,exclude_total_interest,Exclude total interest payable,ARDL error-correction model
2016,structural_ols,0.340751416636422,0.337913878932995,2014,2,0.0028375377034271,exclude_total_interest,Exclude total interest payable,Structural OLS (levels)
2016,arimax_level,0.337248030908932,0.337913878932995,2014,2,-0.000665848024063276,exclude_total_interest,Exclude total interest payable,ARIMAX (levels)
2016,arimax_diff,0.327189602098374,0.337913878932995,2014,2,-0.0107242768346208,exclude_total_interest,Exclude total interest payable,Differenced ARIMAX
2016,hybrid,0.340834404789065,0.337913878932995,2014,2,0.00292052585607017,exclude_total_interest,Exclude total interest payable,Hybrid structural/macro
2016,ardl_ecm,0.337967069262434,0.337913878932995,2014,2,5.31903294389013e-05,exclude_total_interest,Exclude total interest payable,ARDL error-correction model
2017,structural_ols,0.327498458832118,0.334796832492743,2014,3,-0.00729837366062547,exclude_total_interest,Exclude total interest payable,Structural OLS (levels)
2017,arimax_level,0.325997946687889,0.334796832492743,2014,3,-0.00879888580485389,exclude_total_interest,Exclude total interest payable,ARIMAX (levels)
2017,arimax_diff,0.316902616579919,0.334796832492743,2014,3,-0.0178942159128245,exclude_total_interest,Exclude total interest payable,Differenced ARIMAX
2017,hybrid,0.331386874571583,0.334796832492743,2014,3,-0.00340995792116028,exclude_total_interest,Exclude total interest payable,Hybrid structural/macro
2017,ardl_ecm,0.332557604652731,0.334796832492743,2014,3,-0.00223922784001224,exclude_total_interest,Exclude total interest payable,ARDL error-correction model
2018,structural_ols,0.322576787493062,0.333234895626283,2014,4,-0.0106581081332205,exclude_total_interest,Exclude total interest payable,Structural OLS (levels)
2018,arimax_level,0.321339116909565,0.333234895626283,2014,4,-0.0118957787167179,exclude_total_interest,Exclude total interest payable,ARIMAX (levels)
2018,arimax_diff,0.312287832019043,0.333234895626283,2014,4,-0.0209470636072396,exclude_total_interest,Exclude total interest payable,Differenced ARIMAX
2018,hybrid,0.324914444949963,0.333234895626283,2014,4,-0.00832045067632042,exclude_total_interest,Exclude total interest payable,Hybrid structural/macro
2018,ardl_ecm,0.330881177049783,0.333234895626283,2014,4,-0.00235371857649974,exclude_total_interest,Exclude total interest payable,ARDL error-correction model
2019,structural_ols,0.314769305566025,0.33399776623661,2014,5,-0.019228460670585,exclude_total_interest,Exclude total interest payable,Structural OLS (levels)
2019,arimax_level,0.314233300498168,0.33399776623661,2014,5,-0.0197644657384415,exclude_total_interest,Exclude total interest payable,ARIMAX (levels)
2019,arimax_diff,0.304901415762223,0.33399776623661,2014,5,-0.0290963504743871,exclude_total_interest,Exclude total interest payable,Differenced ARIMAX
2019,hybrid,0.317887995599733,0.33399776623661,2014,5,-0.0161097706368772,exclude_total_interest,Exclude total interest payable,Hybrid structural/macro
2019,ardl_ecm,0.328299020828103,0.33399776623661,2014,5,-0.0056987454085069,exclude_total_interest,Exclude total interest payable,ARDL error-correction model
2016,structural_ols,0.336874909224851,0.337913878932995,2015,1,-0.00103896970814393,exclude_total_interest,Exclude total interest payable,Structural OLS (levels)
2016,arimax_level,0.332645817836501,0.337913878932995,2015,1,-0.00526806109649425,exclude_total_interest,Exclude total interest payable,ARIMAX (levels)
2016,arimax_diff,0.328985038775038,0.337913878932995,2015,1,-0.00892884015795747,exclude_total_interest,Exclude total interest payable,Differenced ARIMAX
2016,hybrid,0.337297130514777,0.337913878932995,2015,1,-0.00061674841821785,exclude_total_interest,Exclude total interest payable,Hybrid structural/macro
2016,ardl_ecm,0.33355251432563,0.337913878932995,2015,1,-0.00436136460736508,exclude_total_interest,Exclude total interest payable,ARDL error-correction model
2017,structural_ols,0.323756145009479,0.334796832492743,2015,2,-0.0110406874832636,exclude_total_interest,Exclude total interest payable,Structural OLS (levels)
2017,arimax_level,0.322912057903512,0.334796832492743,2015,2,-0.011884774589231,exclude_total_interest,Exclude total interest payable,ARIMAX (levels)
2017,arimax_diff,0.318759767145389,0.334796832492743,2015,2,-0.0160370653473543,exclude_total_interest,Exclude total interest payable,Differenced ARIMAX
2017,hybrid,0.328081646044391,0.334796832492743,2015,2,-0.00671518644835178,exclude_total_interest,Exclude total interest payable,Hybrid structural/macro
2017,ardl_ecm,0.32798899934526,0.334796832492743,2015,2,-0.00680783314748323,exclude_total_interest,Exclude total interest payable,ARDL error-correction model
2018,structural_ols,0.318514047052885,0.333234895626283,2015,3,-0.0147208485733978,exclude_total_interest,Exclude total interest payable,Structural OLS (levels)
2018,arimax_level,0.317985695263754,0.333234895626283,2015,3,-0.0152492003625292,exclude_total_interest,Exclude total interest payable,ARIMAX (levels)
2018,arimax_diff,0.314213402545091,0.333234895626283,2015,3,-0.0190214930811919,exclude_total_interest,Exclude total interest payable,Differenced ARIMAX
2018,hybrid,0.321307124186758,0.333234895626283,2015,3,-0.0119277714395249,exclude_total_interest,Exclude total interest payable,Hybrid structural/macro
2018,ardl_ecm,0.326002765789241,0.333234895626283,2015,3,-0.00723212983704158,exclude_total_interest,Exclude total interest payable,ARDL error-correction model
2019,structural_ols,0.310514010079022,0.33399776623661,2015,4,-0.023483756157588,exclude_total_interest,Exclude total interest payable,Structural OLS (levels)
2019,arimax_level,0.310731380629701,0.33399776623661,2015,4,-0.0232663856069093,exclude_total_interest,Exclude total interest payable,ARIMAX (levels)
2019,arimax_diff,0.306921658148749,0.33399776623661,2015,4,-0.0270761080878614,exclude_total_interest,Exclude total interest payable,Differenced ARIMAX
2019,hybrid,0.314132662667487,0.33399776623661,2015,4,-0.0198651035691225,exclude_total_interest,Exclude total interest payable,Hybrid structural/macro
2019,ardl_ecm,0.323296306778439,0.33399776623661,2015,4,-0.0107014594581711,exclude_total_interest,Exclude total interest payable,ARDL error-correction model
2020,structural_ols,0.308335702589781,0.386493905875155,2015,5,-0.0781582032853742,exclude_total_interest,Exclude total interest payable,Structural OLS (levels)
2020,arimax_level,0.309060248242689,0.386493905875155,2015,5,-0.0774336576324661,exclude_total_interest,Exclude total interest payable,ARIMAX (levels)
2020,arimax_diff,0.306352341925886,0.386493905875155,2015,5,-0.080141563949269,exclude_total_interest,Exclude total interest payable,Differenced ARIMAX
2020,hybrid,0.31179277613365,0.386493905875155,2015,5,-0.0747011297415052,exclude_total_interest,Exclude total interest payable,Hybrid structural/macro
2020,ardl_ecm,0.329132036946992,0.386493905875155,2015,5,-0.057361868928163,exclude_total_interest,Exclude total interest payable,ARDL error-correction model
2017,structural_ols,0.324144565707695,0.334796832492743,2016,1,-0.0106522667850477,exclude_total_interest,Exclude total interest payable,Structural OLS (levels)
2017,arimax_level,0.327066024332089,0.334796832492743,2016,1,-0.0077308081606538,exclude_total_interest,Exclude total interest payable,ARIMAX (levels)
2017,arimax_diff,0.328794971397775,0.334796832492743,2016,1,-0.00600186109496759,exclude_total_interest,Exclude total interest payable,Differenced ARIMAX
2017,hybrid,0.326813549435187,0.334796832492743,2016,1,-0.00798328305755558,exclude_total_interest,Exclude total interest payable,Hybrid structural/macro
2017,ardl_ecm,0.332959082000441,0.334796832492743,2016,1,-0.00183775049230206,exclude_total_interest,Exclude total interest payable,ARDL error-correction model
2018,structural_ols,0.318931271313707,0.333234895626283,2016,2,-0.0143036243125758,exclude_total_interest,Exclude total interest payable,Structural OLS (levels)
2018,arimax_level,0.320892828315345,0.333234895626283,2016,2,-0.0123420673109384,exclude_total_interest,Exclude total interest payable,ARIMAX (levels)
2018,arimax_diff,0.323911013206952,0.333234895626283,2016,2,-0.00932388241933141,exclude_total_interest,Exclude total interest payable,Differenced ARIMAX
2018,hybrid,0.320393346397942,0.333234895626283,2016,2,-0.012841549228341,exclude_total_interest,Exclude total interest payable,Hybrid structural/macro
2018,ardl_ecm,0.331433717868558,0.333234895626283,2016,2,-0.00180117775772543,exclude_total_interest,Exclude total interest payable,ARDL error-correction model
2019,structural_ols,0.310938324944546,0.33399776623661,2016,3,-0.0230594412920638,exclude_total_interest,Exclude total interest payable,Structural OLS (levels)
2019,arimax_level,0.313735888647414,0.33399776623661,2016,3,-0.0202618775891961,exclude_total_interest,Exclude total interest payable,ARIMAX (levels)
2019,arimax_diff,0.317162129672684,0.33399776623661,2016,3,-0.0168356365639263,exclude_total_interest,Exclude total interest payable,Differenced ARIMAX
2019,hybrid,0.313053178021611,0.33399776623661,2016,3,-0.020944588214999,exclude_total_interest,Exclude total interest payable,Hybrid structural/macro
2019,ardl_ecm,0.329006812640637,0.33399776623661,2016,3,-0.00499095359597274,exclude_total_interest,Exclude total interest payable,ARDL error-correction model
2020,structural_ols,0.308812827688522,0.386493905875155,2016,4,-0.077681078186633,exclude_total_interest,Exclude total interest payable,Structural OLS (levels)
2020,arimax_level,0.312437336248559,0.386493905875155,2016,4,-0.0740565696265957,exclude_total_interest,Exclude total interest payable,ARIMAX (levels)
2020,arimax_diff,0.317244650003733,0.386493905875155,2016,4,-0.0692492558714221,exclude_total_interest,Exclude total interest payable,Differenced ARIMAX
2020,hybrid,0.31071677560113,0.386493905875155,2016,4,-0.0757771302740253,exclude_total_interest,Exclude total interest payable,Hybrid structural/macro
2020,ardl_ecm,0.335118175476877,0.386493905875155,2016,4,-0.0513757303982776,exclude_total_interest,Exclude total interest payable,ARDL error-correction model
2021,structural_ols,0.299503566103699,0.409344767835153,2016,5,-0.109841201731454,exclude_total_interest,Exclude total interest payable,Structural OLS (levels)
2021,arimax_level,0.305270148668025,0.409344767835153,2016,5,-0.104074619167129,exclude_total_interest,Exclude total interest payable,ARIMAX (levels)
2021,arimax_diff,0.312059272783815,0.409344767835153,2016,5,-0.0972854950513378,exclude_total_interest,Exclude total interest payable,Differenced ARIMAX
2021,hybrid,0.303743306063143,0.409344767835153,2016,5,-0.10560146177201,exclude_total_interest,Exclude total interest payable,Hybrid structural/macro
2021,ardl_ecm,0.332565918422428,0.409344767835153,2016,5,-0.076778849412725,exclude_total_interest,Exclude total interest payable,ARDL error-correction model
2018,structural_ols,0.323152658623091,0.333234895626283,2017,1,-0.0100822370031922,exclude_total_interest,Exclude total interest payable,Structural OLS (levels)
2018,arimax_level,0.327679177137052,0.333234895626283,2017,1,-0.00555571848923087,exclude_total_interest,Exclude total interest payable,ARIMAX (levels)
2018,arimax_diff,0.330071688010942,0.333234895626283,2017,1,-0.00316320761534122,exclude_total_interest,Exclude total interest payable,Differenced ARIMAX
2018,hybrid,0.324115850734225,0.333234895626283,2017,1,-0.00911904489205773,exclude_total_interest,Exclude total interest payable,Hybrid structural/macro
2018,ardl_ecm,0.33344084251414,0.333234895626283,2017,1,0.000205946887857356,exclude_total_interest,Exclude total interest payable,ARDL error-correction model
2019,structural_ols,0.315873895193164,0.33399776623661,2017,2,-0.0181238710434463,exclude_total_interest,Exclude total interest payable,Structural OLS (levels)
2019,arimax_level,0.318867253224247,0.33399776623661,2017,2,-0.0151305130123633,exclude_total_interest,Exclude total interest payable,ARIMAX (levels)
2019,arimax_diff,0.324242282496323,0.33399776623661,2017,2,-0.00975548374028662,exclude_total_interest,Exclude total interest payable,Differenced ARIMAX
2019,hybrid,0.317727589620209,0.33399776623661,2017,2,-0.0162701766164006,exclude_total_interest,Exclude total interest payable,Hybrid structural/macro
2019,ardl_ecm,0.33118518463991,0.33399776623661,2017,2,-0.00281258159669978,exclude_total_interest,Exclude total interest payable,ARDL error-correction model
2020,structural_ols,0.31464389761026,0.386493905875155,2017,3,-0.0718500082648948,exclude_total_interest,Exclude total interest payable,Structural OLS (levels)
2020,arimax_level,0.318602903532758,0.386493905875155,2017,3,-0.0678910023423973,exclude_total_interest,Exclude total interest payable,ARIMAX (levels)
2020,arimax_diff,0.325187051976397,0.386493905875155,2017,3,-0.061306853898758,exclude_total_interest,Exclude total interest payable,Differenced ARIMAX
2020,hybrid,0.315722152871354,0.386493905875155,2017,3,-0.070771753003801,exclude_total_interest,Exclude total interest payable,Hybrid structural/macro
2020,ardl_ecm,0.337367372983549,0.386493905875155,2017,3,-0.0491265328916061,exclude_total_interest,Exclude total interest payable,ARDL error-correction model
2021,structural_ols,0.306773669604013,0.409344767835153,2017,4,-0.10257109823114,exclude_total_interest,Exclude total interest payable,Structural OLS (levels)
2021,arimax_level,0.313386241564602,0.409344767835153,2017,4,-0.0959585262705507,exclude_total_interest,Exclude total interest payable,ARIMAX (levels)
2021,arimax_diff,0.321981595817059,0.409344767835153,2017,4,-0.0873631720180939,exclude_total_interest,Exclude total interest payable,Differenced ARIMAX
2021,hybrid,0.310902993567866,0.409344767835153,2017,4,-0.0984417742672869,exclude_total_interest,Exclude total interest payable,Hybrid structural/macro
2021,ardl_ecm,0.334966296256285,0.409344767835153,2017,4,-0.0743784715788683,exclude_total_interest,Exclude total interest payable,ARDL error-correction model
2022,structural_ols,0.281407395726251,0.365434253813989,2017,5,-0.0840268580877384,exclude_total_interest,Exclude total interest payable,Structural OLS (levels)
2022,arimax_level,0.290029756377593,0.365434253813989,2017,5,-0.0754044974363961,exclude_total_interest,Exclude total interest payable,ARIMAX (levels)
2022,arimax_diff,0.296237316949494,0.365434253813989,2017,5,-0.0691969368644947,exclude_total_interest,Exclude total interest payable,Differenced ARIMAX
2022,hybrid,0.285835199410816,0.365434253813989,2017,5,-0.0795990544031733,exclude_total_interest,Exclude total interest payable,Hybrid structural/macro
2022,ardl_ecm,0.314042109468351,0.365434253813989,2017,5,-0.0513921443456383,exclude_total_interest,Exclude total interest payable,ARDL error-correction model
2019,structural_ols,0.31979784034739,0.33399776623661,2018,1,-0.0141999258892203,exclude_total_interest,Exclude total interest payable,Structural OLS (levels)
2019,arimax_level,0.323778473568891,0.33399776623661,2018,1,-0.0102192926677191,exclude_total_interest,Exclude total interest payable,ARIMAX (levels)
2019,arimax_diff,0.327777850712313,0.33399776623661,2018,1,-0.00621991552429702,exclude_total_interest,Exclude total interest payable,Differenced ARIMAX
2019,hybrid,0.327012715978318,0.33399776623661,2018,1,-0.00698505025829166,exclude_total_interest,Exclude total interest payable,Hybrid structural/macro
2019,ardl_ecm,0.330979829864354,0.33399776623661,2018,1,-0.003017936372256,exclude_total_interest,Exclude total interest payable,ARDL error-correction model
2020,structural_ols,0.31932262839048,0.386493905875155,2018,2,-0.0671712774846754,exclude_total_interest,Exclude total interest payable,Structural OLS (levels)
2020,arimax_level,0.321868661582758,0.386493905875155,2018,2,-0.0646252442923973,exclude_total_interest,Exclude total interest payable,ARIMAX (levels)
2020,arimax_diff,0.32935572858103,0.386493905875155,2018,2,-0.0571381772941246,exclude_total_interest,Exclude total interest payable,Differenced ARIMAX
2020,hybrid,0.327361462648313,0.386493905875155,2018,2,-0.0591324432268423,exclude_total_interest,Exclude total interest payable,Hybrid structural/macro
2020,ardl_ecm,0.337163535688442,0.386493905875155,2018,2,-0.0493303701867125,exclude_total_interest,Exclude total interest payable,ARDL error-correction model
2021,structural_ols,0.312780444272599,0.409344767835153,2018,3,-0.0965643235625543,exclude_total_interest,Exclude total interest payable,Structural OLS (levels)
2021,arimax_level,0.317362686353945,0.409344767835153,2018,3,-0.0919820814812077,exclude_total_interest,Exclude total interest payable,ARIMAX (levels)
2021,arimax_diff,0.326831097327015,0.409344767835153,2018,3,-0.082513670508138,exclude_total_interest,Exclude total interest payable,Differenced ARIMAX
2021,hybrid,0.323077004674034,0.409344767835153,2018,3,-0.0862677631611194,exclude_total_interest,Exclude total interest payable,Hybrid structural/macro
2021,ardl_ecm,0.334765058045973,0.409344767835153,2018,3,-0.07457970978918,exclude_total_interest,Exclude total interest payable,ARDL error-correction model
2022,structural_ols,0.288600185099294,0.365434253813989,2018,4,-0.076834068714695,exclude_total_interest,Exclude total interest payable,Structural OLS (levels)
2022,arimax_level,0.294527119084082,0.365434253813989,2018,4,-0.0709071347299068,exclude_total_interest,Exclude total interest payable,ARIMAX (levels)
2022,arimax_diff,0.301916920426176,0.365434253813989,2018,4,-0.0635173333878132,exclude_total_interest,Exclude total interest payable,Differenced ARIMAX
2022,hybrid,0.295970600274611,0.365434253813989,2018,4,-0.0694636535393781,exclude_total_interest,Exclude total interest payable,Hybrid structural/macro
2022,ardl_ecm,0.313861573999375,0.365434253813989,2018,4,-0.0515726798146145,exclude_total_interest,Exclude total interest payable,ARDL error-correction model
2023,structural_ols,0.281090750256783,0.338611191766805,2018,5,-0.0575204415100219,exclude_total_interest,Exclude total interest payable,Structural OLS (levels)
2023,arimax_level,0.286918227609279,0.338611191766805,2018,5,-0.0516929641575256,exclude_total_interest,Exclude total interest payable,ARIMAX (levels)
2023,arimax_diff,0.294488181021857,0.338611191766805,2018,5,-0.0441230107449485,exclude_total_interest,Exclude total interest payable,Differenced ARIMAX
2023,hybrid,0.287331581516163,0.338611191766805,2018,5,-0.0512796102506422,exclude_total_interest,Exclude total interest payable,Hybrid structural/macro
2023,ardl_ecm,0.305722483695174,0.338611191766805,2018,5,-0.0328887080716312,exclude_total_interest,Exclude total interest payable,ARDL error-correction model
2020,structural_ols,0.325000104841032,0.386493905875155,2019,1,-0.0614938010341228,exclude_total_interest,Exclude total interest payable,Structural OLS (levels)
2020,arimax_level,0.331361873654847,0.386493905875155,2019,1,-0.0551320322203077,exclude_total_interest,Exclude total interest payable,ARIMAX (levels)
2020,arimax_diff,0.336447481760206,0.386493905875155,2019,1,-0.0500464241149493,exclude_total_interest,Exclude total interest payable,Differenced ARIMAX
2020,hybrid,0.3353538213349,0.386493905875155,2019,1,-0.0511400845402547,exclude_total_interest,Exclude total interest payable,Hybrid structural/macro
2020,ardl_ecm,0.340248029129751,0.386493905875155,2019,1,-0.0462458767454037,exclude_total_interest,Exclude total interest payable,ARDL error-correction model
2021,structural_ols,0.320450567637591,0.409344767835153,2019,2,-0.0888942001975617,exclude_total_interest,Exclude total interest payable,Structural OLS (levels)
2021,arimax_level,0.324942301246965,0.409344767835153,2019,2,-0.084402466588188,exclude_total_interest,Exclude total interest payable,ARIMAX (levels)
2021,arimax_diff,0.335242925232935,0.409344767835153,2019,2,-0.0741018426022182,exclude_total_interest,Exclude total interest payable,Differenced ARIMAX
2021,hybrid,0.332677026693544,0.409344767835153,2019,2,-0.0766677411416092,exclude_total_interest,Exclude total interest payable,Hybrid structural/macro
2021,ardl_ecm,0.337675572093324,0.409344767835153,2019,2,-0.0716691957418287,exclude_total_interest,Exclude total interest payable,ARDL error-correction model
2022,structural_ols,0.298323904554218,0.365434253813989,2019,3,-0.0671103492597706,exclude_total_interest,Exclude total interest payable,Structural OLS (levels)
2022,arimax_level,0.303977805251516,0.365434253813989,2019,3,-0.0614564485624734,exclude_total_interest,Exclude total interest payable,ARIMAX (levels)
2022,arimax_diff,0.311376142055207,0.365434253813989,2019,3,-0.0540581117587816,exclude_total_interest,Exclude total interest payable,Differenced ARIMAX
2022,hybrid,0.307213397027963,0.365434253813989,2019,3,-0.0582208567860262,exclude_total_interest,Exclude total interest payable,Hybrid structural/macro
2022,ardl_ecm,0.31660556780769,0.365434253813989,2019,3,-0.0488286860062995,exclude_total_interest,Exclude total interest payable,ARDL error-correction model
2023,structural_ols,0.290954604162291,0.338611191766805,2019,4,-0.0476565876045142,exclude_total_interest,Exclude total interest payable,Structural OLS (levels)
2023,arimax_level,0.296437476654619,0.338611191766805,2019,4,-0.0421737151121861,exclude_total_interest,Exclude total interest payable,ARIMAX (levels)
2023,arimax_diff,0.304016762748638,0.338611191766805,2019,4,-0.0345944290181667,exclude_total_interest,Exclude total interest payable,Differenced ARIMAX
2023,hybrid,0.298988770046916,0.338611191766805,2019,4,-0.0396224217198886,exclude_total_interest,Exclude total interest payable,Hybrid structural/macro
2023,ardl_ecm,0.308200688802595,0.338611191766805,2019,4,-0.0304105029642099,exclude_total_interest,Exclude total interest payable,ARDL error-correction model
2024,structural_ols,0.298631405633907,0.350072039497492,2019,5,-0.0514406338635852,exclude_total_interest,Exclude total interest payable,Structural OLS (levels)
2024,arimax_level,0.30316624292472,0.350072039497492,2019,5,-0.0469057965727716,exclude_total_interest,Exclude total interest payable,ARIMAX (levels)
2024,arimax_diff,0.311406052425577,0.350072039497492,2019,5,-0.0386659870719154,exclude_total_interest,Exclude total interest payable,Differenced ARIMAX
2024,hybrid,0.30672116772725,0.350072039497492,2019,5,-0.0433508717702423,exclude_total_interest,Exclude total interest payable,Hybrid structural/macro
2024,ardl_ecm,0.315555646693177,0.350072039497492,2019,5,-0.0345163928043149,exclude_total_interest,Exclude total interest payable,ARDL error-correction model
2021,structural_ols,0.320450567637591,0.409344767835153,2020,1,-0.0888942001975621,exclude_total_interest,Exclude total interest payable,Structural OLS (levels)
2021,arimax_level,0.324946889825087,0.409344767835153,2020,1,-0.0843978780100662,exclude_total_interest,Exclude total interest payable,ARIMAX (levels)
2021,arimax_diff,0.385289349347887,0.409344767835153,2020,1,-0.024055418487266,exclude_total_interest,Exclude total interest payable,Differenced ARIMAX
2021,hybrid,0.320137282933746,0.409344767835153,2020,1,-0.0892074849014075,exclude_total_interest,Exclude total interest payable,Hybrid structural/macro
2021,ardl_ecm,0.377449719994346,0.409344767835153,2020,1,-0.0318950478408071,exclude_total_interest,Exclude total interest payable,ARDL error-correction model
2022,structural_ols,0.298323904554218,0.365434253813989,2020,2,-0.067110349259771,exclude_total_interest,Exclude total interest payable,Structural OLS (levels)
2022,arimax_level,0.303986378603791,0.365434253813989,2020,2,-0.0614478752101982,exclude_total_interest,Exclude total interest payable,ARIMAX (levels)
2022,arimax_diff,0.361422566170139,0.365434253813989,2020,2,-0.00401168764385029,exclude_total_interest,Exclude total interest payable,Differenced ARIMAX
2022,hybrid,0.294874681521817,0.365434253813989,2020,2,-0.0705595722921722,exclude_total_interest,Exclude total interest payable,Hybrid structural/macro
2022,ardl_ecm,0.348957569713728,0.365434253813989,2020,2,-0.0164766841002608,exclude_total_interest,Exclude total interest payable,ARDL error-correction model
2023,structural_ols,0.29095460416229,0.338611191766805,2020,3,-0.0476565876045147,exclude_total_interest,Exclude total interest payable,Structural OLS (levels)
2023,arimax_level,0.29644743928122,0.338611191766805,2020,3,-0.0421637524855848,exclude_total_interest,Exclude total interest payable,ARIMAX (levels)
2023,arimax_diff,0.354063186863594,0.338611191766805,2020,3,0.0154519950967889,exclude_total_interest,Exclude total interest payable,Differenced ARIMAX
2023,hybrid,0.285892988308021,0.338611191766805,2020,3,-0.0527182034587836,exclude_total_interest,Exclude total interest payable,Hybrid structural/macro
2023,ardl_ecm,0.335546797946083,0.338611191766805,2020,3,-0.00306439382072249,exclude_total_interest,Exclude total interest payable,ARDL error-correction model
2024,structural_ols,0.298631405633906,0.350072039497492,2020,4,-0.0514406338635856,exclude_total_interest,Exclude total interest payable,Structural OLS (levels)
2024,arimax_level,0.303174863495199,0.350072039497492,2020,4,-0.0468971760022932,exclude_total_interest,Exclude total interest payable,ARIMAX (levels)
2024,arimax_diff,0.36145247654056,0.350072039497492,2020,4,0.0113804370430681,exclude_total_interest,Exclude total interest payable,Differenced ARIMAX
2024,hybrid,0.29344059361627,0.350072039497492,2020,4,-0.0566314458812222,exclude_total_interest,Exclude total interest payable,Hybrid structural/macro
2024,ardl_ecm,0.339886847863257,0.350072039497492,2020,4,-0.0101851916342352,exclude_total_interest,Exclude total interest payable,ARDL error-correction model
2025,structural_ols,0.30198680575342,0.360040659279703,2020,5,-0.0580538535262828,exclude_total_interest,Exclude total interest payable,Structural OLS (levels)
2025,arimax_level,0.306150746206025,0.360040659279703,2020,5,-0.0538899130736779,exclude_total_interest,Exclude total interest payable,ARIMAX (levels)
2025,arimax_diff,0.364667185459525,0.360040659279703,2020,5,0.00462652617982245,exclude_total_interest,Exclude total interest payable,Differenced ARIMAX
2025,hybrid,0.297037203439694,0.360040659279703,2020,5,-0.0630034558400086,exclude_total_interest,Exclude total interest payable,Hybrid structural/macro
2025,ardl_ecm,0.341295974220458,0.360040659279703,2020,5,-0.0187446850592454,exclude_total_interest,Exclude total interest payable,ARDL error-correction model
