year,model,value,actual,variant,origin,horizon,error
2011,structural_ols,0.336183933628854,0.347158149042668,baseline,2010,1,-0.0109742154138144
2011,arimax_level,0.338790665550367,0.347158149042668,baseline,2010,1,-0.00836748349230071
2011,arimax_diff,0.350380494339606,0.347158149042668,baseline,2010,1,0.00322234529693755
2011,dynamic_diff,0.352992654863578,0.347158149042668,baseline,2010,1,0.00583450582090983
2011,hybrid,0.346545127628535,0.347158149042668,baseline,2010,1,-0.000613021414132997
2011,ardl_ecm,0.337364884749477,0.347158149042668,baseline,2010,1,-0.009793264293191
2011,univariate_arima,0.356366529110526,0.347158149042668,baseline,2010,1,0.00920838006785801
2012,structural_ols,0.331919894465846,0.349874026949591,baseline,2010,2,-0.017954132483745
2012,arimax_level,0.334081339639796,0.349874026949591,baseline,2010,2,-0.0157926873097948
2012,arimax_diff,0.350362060573304,0.349874026949591,baseline,2010,2,0.000488033623712691
2012,dynamic_diff,0.351237278809019,0.349874026949591,baseline,2010,2,0.00136325185942765
2012,hybrid,0.339813892159228,0.349874026949591,baseline,2010,2,-0.0100601347903627
2012,ardl_ecm,0.349666844190255,0.349874026949591,baseline,2010,2,-0.000207182759335678
2012,univariate_arima,0.356366529110526,0.349874026949591,baseline,2010,2,0.006492502160935
2013,structural_ols,0.327517537769104,0.344430952357823,baseline,2010,3,-0.0169134145887194
2013,arimax_level,0.329278211456021,0.344430952357823,baseline,2010,3,-0.0151527409018017
2013,arimax_diff,0.349006319999242,0.344430952357823,baseline,2010,3,0.00457536764141941
2013,dynamic_diff,0.349780718138794,0.344430952357823,baseline,2010,3,0.00534976578097141
2013,hybrid,0.332187367619647,0.344430952357823,baseline,2010,3,-0.0122435847381763
2013,ardl_ecm,0.344723443166184,0.344430952357823,baseline,2010,3,0.00029249080836069
2013,univariate_arima,0.356366529110526,0.344430952357823,baseline,2010,3,0.011935576752703
2014,structural_ols,0.322464893081563,0.346132712717135,baseline,2010,4,-0.0236678196355724
2014,arimax_level,0.324173284981702,0.346132712717135,baseline,2010,4,-0.0219594277354331
2014,arimax_diff,0.34706537606734,0.346132712717135,baseline,2010,4,0.000932663350205254
2014,dynamic_diff,0.349898880699027,0.346132712717135,baseline,2010,4,0.00376616798189211
2014,hybrid,0.324640677031035,0.346132712717135,baseline,2010,4,-0.0214920356860998
2014,ardl_ecm,0.332661523391603,0.346132712717135,baseline,2010,4,-0.0134711893255317
2014,univariate_arima,0.356366529110526,0.346132712717135,baseline,2010,4,0.010233816393391
2015,structural_ols,0.321367703008393,0.348893646518989,baseline,2010,5,-0.027525943510596
2015,arimax_level,0.322712831671789,0.348893646518989,baseline,2010,5,-0.0261808148471996
2015,arimax_diff,0.348619706762305,0.348893646518989,baseline,2010,5,-0.000273939756684161
2015,dynamic_diff,0.351801199623484,0.348893646518989,baseline,2010,5,0.00290755310449525
2015,hybrid,0.320459095515112,0.348893646518989,baseline,2010,5,-0.0284345510038766
2015,ardl_ecm,0.335894450205555,0.348893646518989,baseline,2010,5,-0.0129991963134338
2015,univariate_arima,0.356366529110526,0.348893646518989,baseline,2010,5,0.007472882591537
2012,structural_ols,0.337640999604826,0.349874026949591,baseline,2011,1,-0.0122330273447646
2012,arimax_level,0.342288793026491,0.349874026949591,baseline,2011,1,-0.0075852339230999
2012,arimax_diff,0.346347445771903,0.349874026949591,baseline,2011,1,-0.00352658117768778
2012,dynamic_diff,0.346694487892551,0.349874026949591,baseline,2011,1,-0.00317953905704033
2012,hybrid,0.341550478078996,0.349874026949591,baseline,2011,1,-0.00832354887059461
2012,ardl_ecm,0.35273396355471,0.349874026949591,baseline,2011,1,0.00285993660511918
2012,univariate_arima,0.347158149042668,0.349874026949591,baseline,2011,1,-0.00271587790692301
2013,structural_ols,0.33255051472017,0.344430952357823,baseline,2011,2,-0.0118804376376527
2013,arimax_level,0.334501474319396,0.344430952357823,baseline,2011,2,-0.00992947803842659
2013,arimax_diff,0.345101324301785,0.344430952357823,baseline,2011,2,0.000670371943961745
2013,dynamic_diff,0.345961529845539,0.344430952357823,baseline,2011,2,0.00153057748771551
2013,hybrid,0.335120644307188,0.344430952357823,baseline,2011,2,-0.00931030805063504
2013,ardl_ecm,0.344473208832116,0.344430952357823,baseline,2011,2,4.22564742929565e-05
2013,univariate_arima,0.347158149042668,0.344430952357823,baseline,2011,2,0.002727196684845
2014,structural_ols,0.327681403510867,0.346132712717135,baseline,2011,3,-0.0184513092062676
2014,arimax_level,0.32954655432408,0.346132712717135,baseline,2011,3,-0.0165861583930551
2014,arimax_diff,0.342806913173524,0.346132712717135,baseline,2011,3,-0.00332579954361056
2014,dynamic_diff,0.344293479518037,0.346132712717135,baseline,2011,3,-0.00183923319909773
2014,hybrid,0.328780511639955,0.346132712717135,baseline,2011,3,-0.0173522010771801
2014,ardl_ecm,0.334191787626937,0.346132712717135,baseline,2011,3,-0.0119409250901977
2014,univariate_arima,0.347158149042668,0.346132712717135,baseline,2011,3,0.00102543632553298
2015,structural_ols,0.325839705539808,0.348893646518989,baseline,2011,4,-0.0230539409791806
2015,arimax_level,0.327093235638127,0.348893646518989,baseline,2011,4,-0.0218004108808617
2015,arimax_diff,0.344473226235356,0.348893646518989,baseline,2011,4,-0.00442042028363271
2015,dynamic_diff,0.346234719171342,0.348893646518989,baseline,2011,4,-0.00265892734764756
2015,hybrid,0.325691103461742,0.348893646518989,baseline,2011,4,-0.0232025430572469
2015,ardl_ecm,0.334957406916974,0.348893646518989,baseline,2011,4,-0.013936239602015
2015,univariate_arima,0.347158149042668,0.348893646518989,baseline,2011,4,-0.00173549747632101
2016,structural_ols,0.318682001796242,0.354659808866871,baseline,2011,5,-0.0359778070706292
2016,arimax_level,0.319301170149622,0.354659808866871,baseline,2011,5,-0.0353586387172495
2016,arimax_diff,0.341946871287925,0.354659808866871,baseline,2011,5,-0.0127129375789463
2016,dynamic_diff,0.343998829014346,0.354659808866871,baseline,2011,5,-0.0106609798525247
2016,hybrid,0.318587028474902,0.354659808866871,baseline,2011,5,-0.0360727803919687
2016,ardl_ecm,0.332235524655754,0.354659808866871,baseline,2011,5,-0.0224242842111171
2016,univariate_arima,0.347158149042668,0.354659808866871,baseline,2011,5,-0.00750165982420298
2013,structural_ols,0.337593974825567,0.344430952357823,baseline,2012,1,-0.00683697753225582
2013,arimax_level,0.342170475575426,0.344430952357823,baseline,2012,1,-0.00226047678239671
2013,arimax_diff,0.350103713858905,0.344430952357823,baseline,2012,1,0.00567276150108237
2013,dynamic_diff,0.350180385816556,0.344430952357823,baseline,2012,1,0.0057494334587333
2013,hybrid,0.346163752395264,0.344430952357823,baseline,2012,1,0.0017328000374412
2013,ardl_ecm,0.342272719335268,0.344430952357823,baseline,2012,1,-0.00215823302255541
2013,univariate_arima,0.349874026949591,0.344430952357823,baseline,2012,1,0.00544307459176802
2014,structural_ols,0.333378329005582,0.346132712717135,baseline,2012,2,-0.0127543837115532
2014,arimax_level,0.335342018073513,0.346132712717135,baseline,2012,2,-0.0107906946436219
2014,arimax_diff,0.349083808417811,0.346132712717135,baseline,2012,2,0.00295109570067587
2014,dynamic_diff,0.348628824002198,0.346132712717135,baseline,2012,2,0.00249611128506294
2014,hybrid,0.340413514880013,0.346132712717135,baseline,2012,2,-0.00571919783712233
2014,ardl_ecm,0.33292998830506,0.346132712717135,baseline,2012,2,-0.0132027244120746
2014,univariate_arima,0.349874026949591,0.346132712717135,baseline,2012,2,0.00374131423245599
2015,structural_ols,0.331693510927959,0.348893646518989,baseline,2012,3,-0.0172001355910302
2015,arimax_level,0.333818741132868,0.348893646518989,baseline,2012,3,-0.0150749053861213
2015,arimax_diff,0.352153815631811,0.348893646518989,baseline,2012,3,0.00326016911282218
2015,dynamic_diff,0.351228859688612,0.348893646518989,baseline,2012,3,0.00233521316962343
2015,hybrid,0.339360480605658,0.348893646518989,baseline,2012,3,-0.00953316591333136
2015,ardl_ecm,0.333482731883627,0.348893646518989,baseline,2012,3,-0.0154109146353618
2015,univariate_arima,0.349874026949591,0.348893646518989,baseline,2012,3,0.000980380430602001
2016,structural_ols,0.324706686565498,0.354659808866871,baseline,2012,4,-0.0299531223013733
2016,arimax_level,0.326926175003912,0.354659808866871,baseline,2012,4,-0.027733633862959
2016,arimax_diff,0.351073123605958,0.354659808866871,baseline,2012,4,-0.00358668526091266
2016,dynamic_diff,0.349157277842376,0.354659808866871,baseline,2012,4,-0.00550253102449472
2016,hybrid,0.333301556626466,0.354659808866871,baseline,2012,4,-0.0213582522404054
2016,ardl_ecm,0.331169826322775,0.354659808866871,baseline,2012,4,-0.0234899825440963
2016,univariate_arima,0.349874026949591,0.354659808866871,baseline,2012,4,-0.00478578191727996
2017,structural_ols,0.312515039032939,0.350056716497443,baseline,2012,5,-0.0375416774645045
2017,arimax_level,0.314732592012917,0.350056716497443,baseline,2012,5,-0.0353241244845265
2017,arimax_diff,0.339705065094061,0.350056716497443,baseline,2012,5,-0.010351651403382
2017,dynamic_diff,0.337748536419065,0.350056716497443,baseline,2012,5,-0.0123081800783776
2017,hybrid,0.318621017682999,0.350056716497443,baseline,2012,5,-0.0314356988144443
2017,ardl_ecm,0.319221373025779,0.350056716497443,baseline,2012,5,-0.0308353434716643
2017,univariate_arima,0.349874026949591,0.350056716497443,baseline,2012,5,-0.000182689547852
2014,structural_ols,0.336394041517939,0.346132712717135,baseline,2013,1,-0.0097386711991958
2014,arimax_level,0.337720111809204,0.346132712717135,baseline,2013,1,-0.00841260090793122
2014,arimax_diff,0.341704470205766,0.346132712717135,baseline,2013,1,-0.00442824251136886
2014,dynamic_diff,0.340712386225022,0.346132712717135,baseline,2013,1,-0.00542032649211299
2014,hybrid,0.340010767681176,0.346132712717135,baseline,2013,1,-0.00612194503595887
2014,ardl_ecm,0.335804642964239,0.346132712717135,baseline,2013,1,-0.0103280697528956
2014,univariate_arima,0.344430952357823,0.346132712717135,baseline,2013,1,-0.00170176035931202
2015,structural_ols,0.335330145491723,0.348893646518989,baseline,2013,2,-0.0135635010272657
2015,arimax_level,0.335571031552179,0.348893646518989,baseline,2013,2,-0.0133226149668098
2015,arimax_diff,0.342697065016288,0.348893646518989,baseline,2013,2,-0.0061965815027013
2015,dynamic_diff,0.341001175711741,0.348893646518989,baseline,2013,2,-0.00789247080724798
2015,hybrid,0.339834005180769,0.348893646518989,baseline,2013,2,-0.00905964133822051
2015,ardl_ecm,0.336810958648083,0.348893646518989,baseline,2013,2,-0.0120826878709062
2015,univariate_arima,0.344430952357823,0.348893646518989,baseline,2013,2,-0.00446269416116601
2016,structural_ols,0.328967980645698,0.354659808866871,baseline,2013,3,-0.0256918282211726
2016,arimax_level,0.328979080476366,0.354659808866871,baseline,2013,3,-0.0256807283905054
2016,arimax_diff,0.339577673318692,0.354659808866871,baseline,2013,3,-0.0150821355481789
2016,dynamic_diff,0.336434400167354,0.354659808866871,baseline,2013,3,-0.0182254086995169
2016,hybrid,0.335111619031962,0.354659808866871,baseline,2013,3,-0.0195481898349088
2016,ardl_ecm,0.334948873892961,0.354659808866871,baseline,2013,3,-0.0197109349739101
2016,univariate_arima,0.344430952357823,0.354659808866871,baseline,2013,3,-0.010228856509048
2017,structural_ols,0.317122882021401,0.350056716497443,baseline,2013,4,-0.032933834476042
2017,arimax_level,0.317023080245951,0.350056716497443,baseline,2013,4,-0.0330336362514919
2017,arimax_diff,0.327717622973603,0.350056716497443,baseline,2013,4,-0.0223390935238403
2017,dynamic_diff,0.324100022912033,0.350056716497443,baseline,2013,4,-0.0259566935854104
2017,hybrid,0.321808133217195,0.350056716497443,baseline,2013,4,-0.0282485832802482
2017,ardl_ecm,0.322865486270419,0.350056716497443,baseline,2013,4,-0.0271912302270244
2017,univariate_arima,0.344430952357823,0.350056716497443,baseline,2013,4,-0.00562576413962002
2018,structural_ols,0.309091600023484,0.349966601492251,baseline,2013,5,-0.0408750014687668
2018,arimax_level,0.308856023158008,0.349966601492251,baseline,2013,5,-0.0411105783342426
2018,arimax_diff,0.321124072435919,0.349966601492251,baseline,2013,5,-0.0288425290563321
2018,dynamic_diff,0.318448866337672,0.349966601492251,baseline,2013,5,-0.0315177351545786
2018,hybrid,0.315144009905657,0.349966601492251,baseline,2013,5,-0.0348225915865936
2018,ardl_ecm,0.317940165915845,0.349966601492251,baseline,2013,5,-0.0320264355764059
2018,univariate_arima,0.344430952357823,0.349966601492251,baseline,2013,5,-0.005535649134428
2015,structural_ols,0.339845964534899,0.348893646518989,baseline,2014,1,-0.00904768198409056
2015,arimax_level,0.344650455720079,0.348893646518989,baseline,2014,1,-0.00424319079891011
2015,arimax_diff,0.348057741282679,0.348893646518989,baseline,2014,1,-0.000835905236309942
2015,dynamic_diff,0.34791809762069,0.348893646518989,baseline,2014,1,-0.000975548898299483
2015,hybrid,0.347334801243105,0.348893646518989,baseline,2014,1,-0.00155884527588374
2015,ardl_ecm,0.348127838412093,0.348893646518989,baseline,2014,1,-0.000765808106896526
2015,univariate_arima,0.346132712717135,0.348893646518989,baseline,2014,1,-0.00276093380185399
2016,structural_ols,0.334418197370454,0.354659808866871,baseline,2014,2,-0.0202416114964167
2016,arimax_level,0.335973351495111,0.354659808866871,baseline,2014,2,-0.0186864573717601
2016,arimax_diff,0.345856844181604,0.354659808866871,baseline,2014,2,-0.00880296468526742
2016,dynamic_diff,0.345501894179944,0.354659808866871,baseline,2014,2,-0.00915791468692684
2016,hybrid,0.344708792375402,0.354659808866871,baseline,2014,2,-0.00995101649146951
2016,ardl_ecm,0.348355761849301,0.354659808866871,baseline,2014,2,-0.00630404701757009
2016,univariate_arima,0.346132712717135,0.354659808866871,baseline,2014,2,-0.00852709614973596
2017,structural_ols,0.323055918932366,0.350056716497443,baseline,2014,3,-0.0270007975650768
2017,arimax_level,0.324617563169542,0.350056716497443,baseline,2014,3,-0.0254391533279007
2017,arimax_diff,0.334609671332831,0.350056716497443,baseline,2014,3,-0.015447045164612
2017,dynamic_diff,0.334882994078728,0.350056716497443,baseline,2014,3,-0.0151737224187147
2017,hybrid,0.333055827314646,0.350056716497443,baseline,2014,3,-0.0170008891827967
2017,ardl_ecm,0.337807401517736,0.350056716497443,baseline,2014,3,-0.0122493149797073
2017,univariate_arima,0.346132712717135,0.350056716497443,baseline,2014,3,-0.00392400378030799
2018,structural_ols,0.315645576400867,0.349966601492251,baseline,2014,4,-0.0343210250913843
2018,arimax_level,0.317244510966339,0.349966601492251,baseline,2014,4,-0.0327220905259125
2018,arimax_diff,0.328708897605477,0.349966601492251,baseline,2014,4,-0.0212577038867745
2018,dynamic_diff,0.32924665199202,0.349966601492251,baseline,2014,4,-0.0207199495002312
2018,hybrid,0.326185398214109,0.349966601492251,baseline,2014,4,-0.0237812032781419
2018,ardl_ecm,0.331754993760342,0.349966601492251,baseline,2014,4,-0.0182116077319093
2018,univariate_arima,0.346132712717135,0.349966601492251,baseline,2014,4,-0.00383388877511598
2019,structural_ols,0.305900257726283,0.3489459716794,baseline,2014,5,-0.0430457139531168
2019,arimax_level,0.307520915170862,0.3489459716794,baseline,2014,5,-0.0414250565085378
2019,arimax_diff,0.32046345324205,0.3489459716794,baseline,2014,5,-0.0284825184373499
2019,dynamic_diff,0.321282727171186,0.3489459716794,baseline,2014,5,-0.0276632445082144
2019,hybrid,0.3171663049691,0.3489459716794,baseline,2014,5,-0.0317796667103005
2019,ardl_ecm,0.318249389032113,0.3489459716794,baseline,2014,5,-0.0306965826472875
2019,univariate_arima,0.346132712717135,0.3489459716794,baseline,2014,5,-0.00281325896226498
2016,structural_ols,0.339161478501088,0.354659808866871,baseline,2015,1,-0.0154983303657831
2016,arimax_level,0.340732075310419,0.354659808866871,baseline,2015,1,-0.0139277335564519
2016,arimax_diff,0.346879341798892,0.354659808866871,baseline,2015,1,-0.00778046706797914
2016,dynamic_diff,0.346746365462646,0.354659808866871,baseline,2015,1,-0.00791344340422523
2016,hybrid,0.347117687146063,0.354659808866871,baseline,2015,1,-0.00754212172080798
2016,ardl_ecm,0.349148809300209,0.354659808866871,baseline,2015,1,-0.00551099956666162
2016,univariate_arima,0.348893646518989,0.354659808866871,baseline,2015,1,-0.00576616234788197
2017,structural_ols,0.32763500124931,0.350056716497443,baseline,2015,2,-0.0224217152481327
2017,arimax_level,0.327707610325146,0.350056716497443,baseline,2015,2,-0.0223491061722974
2017,arimax_diff,0.335632391338321,0.350056716497443,baseline,2015,2,-0.0144243251591222
2017,dynamic_diff,0.336170241118133,0.350056716497443,baseline,2015,2,-0.01388647537931
2017,hybrid,0.335781204534783,0.350056716497443,baseline,2015,2,-0.0142755119626596
2017,ardl_ecm,0.3386224831871,0.350056716497443,baseline,2015,2,-0.0114342333103432
2017,univariate_arima,0.348893646518989,0.350056716497443,baseline,2015,2,-0.001163069978454
2018,structural_ols,0.320616731624518,0.349966601492251,baseline,2015,3,-0.029349869867733
2018,arimax_level,0.320614996204266,0.349966601492251,baseline,2015,3,-0.0293516052879855
2018,arimax_diff,0.329813063515349,0.349966601492251,baseline,2015,3,-0.0201535379769022
2018,dynamic_diff,0.330581322968575,0.349966601492251,baseline,2015,3,-0.0193852785236762
2018,hybrid,0.329028525971736,0.349966601492251,baseline,2015,3,-0.0209380755205155
2018,ardl_ecm,0.332650023230516,0.349966601492251,baseline,2015,3,-0.0173165782617353
2018,univariate_arima,0.348893646518989,0.349966601492251,baseline,2015,3,-0.00107295497326199
2019,structural_ols,0.311107022642693,0.3489459716794,baseline,2015,4,-0.037838949036707
2019,arimax_level,0.311071596825909,0.3489459716794,baseline,2015,4,-0.0378743748534905
2019,arimax_diff,0.321625308300415,0.3489459716794,baseline,2015,4,-0.0273206633789855
2019,dynamic_diff,0.322683018068083,0.3489459716794,baseline,2015,4,-0.0262629536113169
2019,hybrid,0.320289427003451,0.3489459716794,baseline,2015,4,-0.028656544675949
2019,ardl_ecm,0.31921611837912,0.3489459716794,baseline,2015,4,-0.0297298533002796
2019,univariate_arima,0.348893646518989,0.3489459716794,baseline,2015,4,-5.2325160410982e-05
2020,structural_ols,0.308007378146928,0.397665294079763,baseline,2015,5,-0.0896579159328352
2020,arimax_level,0.307972231401447,0.397665294079763,baseline,2015,5,-0.0896930626783164
2020,arimax_diff,0.318635233004893,0.397665294079763,baseline,2015,5,-0.0790300610748698
2020,dynamic_diff,0.320266956689538,0.397665294079763,baseline,2015,5,-0.077398337390225
2020,hybrid,0.316518270314278,0.397665294079763,baseline,2015,5,-0.0811470237654855
2020,ardl_ecm,0.31334444701215,0.397665294079763,baseline,2015,5,-0.0843208470676127
2020,univariate_arima,0.348893646518989,0.397665294079763,baseline,2015,5,-0.048771647560774
2017,structural_ols,0.333429079993531,0.350056716497443,baseline,2016,1,-0.0166276365039117
2017,arimax_level,0.340735235080332,0.350056716497443,baseline,2016,1,-0.00932148141711114
2017,arimax_diff,0.343522191731305,0.350056716497443,baseline,2016,1,-0.00653452476613781
2017,dynamic_diff,0.345064231770478,0.350056716497443,baseline,2016,1,-0.00499248472696523
2017,hybrid,0.343659881238595,0.350056716497443,baseline,2016,1,-0.00639683525884804
2017,ardl_ecm,0.34386530239914,0.350056716497443,baseline,2016,1,-0.00619141409830337
2017,univariate_arima,0.354659808866871,0.350056716497443,baseline,2016,1,0.00460309236942796
2018,structural_ols,0.326840473645235,0.349966601492251,baseline,2016,2,-0.0231261278470165
2018,arimax_level,0.329173890609677,0.349966601492251,baseline,2016,2,-0.020792710882574
2018,arimax_diff,0.338393477165285,0.349966601492251,baseline,2016,2,-0.0115731243269659
2018,dynamic_diff,0.339176111515728,0.349966601492251,baseline,2016,2,-0.0107904899765234
2018,hybrid,0.336218396133619,0.349966601492251,baseline,2016,2,-0.0137482053586325
2018,ardl_ecm,0.337586610681179,0.349966601492251,baseline,2016,2,-0.0123799908110723
2018,univariate_arima,0.354659808866871,0.349966601492251,baseline,2016,2,0.00469320737461998
2019,structural_ols,0.317436535344984,0.3489459716794,baseline,2016,3,-0.0315094363344156
2019,arimax_level,0.320103254569039,0.3489459716794,baseline,2016,3,-0.0288427171103609
2019,arimax_diff,0.330758964292267,0.3489459716794,baseline,2016,3,-0.0181870073871329
2019,dynamic_diff,0.331758932789791,0.3489459716794,baseline,2016,3,-0.017187038889609
2019,hybrid,0.327415933923198,0.3489459716794,baseline,2016,3,-0.0215300377562025
2019,ardl_ecm,0.324306027178459,0.3489459716794,baseline,2016,3,-0.024639944500941
2019,univariate_arima,0.354659808866871,0.3489459716794,baseline,2016,3,0.00571383718747098
2020,structural_ols,0.315124662075534,0.397665294079763,baseline,2016,4,-0.0825406320042294
2020,arimax_level,0.318247951750371,0.397665294079763,baseline,2016,4,-0.0794173423293924
2020,arimax_diff,0.328815447319642,0.397665294079763,baseline,2016,4,-0.0688498467601211
2020,dynamic_diff,0.329920580451484,0.397665294079763,baseline,2016,4,-0.0677447136282792
2020,hybrid,0.323463614860299,0.397665294079763,baseline,2016,4,-0.0742016792194637
2020,ardl_ecm,0.318517329514967,0.397665294079763,baseline,2016,4,-0.0791479645647955
2020,univariate_arima,0.354659808866871,0.397665294079763,baseline,2016,4,-0.043005485212892
2021,structural_ols,0.307513594604903,0.420022274506502,baseline,2016,5,-0.112508679901599
2021,arimax_level,0.31145457006251,0.420022274506502,baseline,2016,5,-0.108567704443992
2021,arimax_diff,0.321166638658124,0.420022274506502,baseline,2016,5,-0.0988556358483783
2021,dynamic_diff,0.322858784564214,0.420022274506502,baseline,2016,5,-0.0971634899422883
2021,hybrid,0.314015592424444,0.420022274506502,baseline,2016,5,-0.106006682082058
2021,ardl_ecm,0.306040110730423,0.420022274506502,baseline,2016,5,-0.113982163776079
2021,univariate_arima,0.354659808866871,0.420022274506502,baseline,2016,5,-0.065362465639631
2018,structural_ols,0.333429840503863,0.349966601492251,baseline,2017,1,-0.0165367609883876
2018,arimax_level,0.342297283358796,0.349966601492251,baseline,2017,1,-0.00766931813345462
2018,arimax_diff,0.345769320781027,0.349966601492251,baseline,2017,1,-0.00419728071122405
2018,dynamic_diff,0.344300701102194,0.349966601492251,baseline,2017,1,-0.00566590039005704
2018,hybrid,0.343067260262662,0.349966601492251,baseline,2017,1,-0.00689934122958935
2018,ardl_ecm,0.344701685025993,0.349966601492251,baseline,2017,1,-0.00526491646625771
2018,univariate_arima,0.350056716497443,0.349966601492251,baseline,2017,1,9.01150051920152e-05
2019,structural_ols,0.325140704766345,0.3489459716794,baseline,2017,2,-0.0238052669130546
2019,arimax_level,0.331286496680729,0.3489459716794,baseline,2017,2,-0.0176594749986714
2019,arimax_diff,0.339235264730745,0.3489459716794,baseline,2017,2,-0.00971070694865506
2019,dynamic_diff,0.337648365130385,0.3489459716794,baseline,2017,2,-0.0112976065490148
2019,hybrid,0.335426786487103,0.3489459716794,baseline,2017,2,-0.0135191851922974
2019,ardl_ecm,0.332833553462601,0.3489459716794,baseline,2017,2,-0.0161124182167988
2019,univariate_arima,0.350056716497443,0.3489459716794,baseline,2017,2,0.00111074481804302
2020,structural_ols,0.324226660086291,0.397665294079763,baseline,2017,3,-0.0734386339934716
2020,arimax_level,0.329877132018208,0.397665294079763,baseline,2017,3,-0.0677881620615554
2020,arimax_diff,0.338512441607493,0.397665294079763,baseline,2017,3,-0.05915285247227
2020,dynamic_diff,0.336527251268469,0.397665294079763,baseline,2017,3,-0.0611380428112938
2020,hybrid,0.332678397344896,0.397665294079763,baseline,2017,3,-0.0649868967348673
2020,ardl_ecm,0.327990287501798,0.397665294079763,baseline,2017,3,-0.0696750065779649
2020,univariate_arima,0.350056716497443,0.397665294079763,baseline,2017,3,-0.04760857758232
2021,structural_ols,0.318861849468246,0.420022274506502,baseline,2017,4,-0.101160425038256
2021,arimax_level,0.327123048891814,0.420022274506502,baseline,2017,4,-0.0928992256146881
2021,arimax_diff,0.333161021877125,0.420022274506502,baseline,2017,4,-0.0868612526293767
2021,dynamic_diff,0.331112398804081,0.420022274506502,baseline,2017,4,-0.0889098757024208
2021,hybrid,0.325785400888505,0.420022274506502,baseline,2017,4,-0.0942368736179969
2021,ardl_ecm,0.317761051603851,0.420022274506502,baseline,2017,4,-0.102261222902651
2021,univariate_arima,0.350056716497443,0.420022274506502,baseline,2017,4,-0.069965558009059
2022,structural_ols,0.290270685541859,0.378859989972692,baseline,2017,5,-0.0885893044308333
2022,arimax_level,0.302030991512775,0.378859989972692,baseline,2017,5,-0.0768289984599174
2022,arimax_diff,0.310609344428267,0.378859989972692,baseline,2017,5,-0.0682506455444251
2022,dynamic_diff,0.306498180074599,0.378859989972692,baseline,2017,5,-0.0723618098980933
2022,hybrid,0.299192600347644,0.378859989972692,baseline,2017,5,-0.0796673896250483
2022,ardl_ecm,0.28238134546147,0.378859989972692,baseline,2017,5,-0.0964786445112217
2022,univariate_arima,0.350056716497443,0.378859989972692,baseline,2017,5,-0.028803273475249
2019,structural_ols,0.331576711292122,0.3489459716794,baseline,2018,1,-0.0173692603872778
2019,arimax_level,0.339308946853865,0.3489459716794,baseline,2018,1,-0.0096370248255353
2019,arimax_diff,0.343863110870261,0.3489459716794,baseline,2018,1,-0.005082860809139
2019,dynamic_diff,0.343981233462168,0.3489459716794,baseline,2018,1,-0.00496473821723192
2019,hybrid,0.343227797316012,0.3489459716794,baseline,2018,1,-0.00571817436338817
2019,ardl_ecm,0.338680466258069,0.3489459716794,baseline,2018,1,-0.0102655054213306
2019,univariate_arima,0.349966601492251,0.3489459716794,baseline,2018,1,0.001020629812851
2020,structural_ols,0.331900656702023,0.397665294079763,baseline,2018,2,-0.0657646373777402
2020,arimax_level,0.334669873321638,0.397665294079763,baseline,2018,2,-0.0629954207581245
2020,arimax_diff,0.343715327720705,0.397665294079763,baseline,2018,2,-0.0539499663590584
2020,dynamic_diff,0.343994135922408,0.397665294079763,baseline,2018,2,-0.053671158157355
2020,hybrid,0.341994698827278,0.397665294079763,baseline,2018,2,-0.055670595252485
2020,ardl_ecm,0.334925521616146,0.397665294079763,baseline,2018,2,-0.0627397724636165
2020,univariate_arima,0.349966601492251,0.397665294079763,baseline,2018,2,-0.047698692587512
2021,structural_ols,0.328714087317253,0.420022274506502,baseline,2018,3,-0.0913081871892489
2021,arimax_level,0.329187948937117,0.420022274506502,baseline,2018,3,-0.0908343255693847
2021,arimax_diff,0.339185651507543,0.420022274506502,baseline,2018,3,-0.0808366229989588
2021,dynamic_diff,0.339798769045346,0.420022274506502,baseline,2018,3,-0.0802235054611564
2021,hybrid,0.336854769992401,0.420022274506502,baseline,2018,3,-0.0831675045141012
2021,ardl_ecm,0.325793928975409,0.420022274506502,baseline,2018,3,-0.0942283455310927
2021,univariate_arima,0.349966601492251,0.420022274506502,baseline,2018,3,-0.070055673014251
2022,structural_ols,0.302068210105522,0.378859989972692,baseline,2018,4,-0.0767917798671703
2022,arimax_level,0.302368287672388,0.378859989972692,baseline,2018,4,-0.0764917023003041
2022,arimax_diff,0.317190201574239,0.378859989972692,baseline,2018,4,-0.0616697883984526
2022,dynamic_diff,0.316671419225209,0.378859989972692,baseline,2018,4,-0.0621885707474827
2022,hybrid,0.31230334031048,0.378859989972692,baseline,2018,4,-0.0665566496622118
2022,ardl_ecm,0.292562310221642,0.378859989972692,baseline,2018,4,-0.0862976797510503
2022,univariate_arima,0.349966601492251,0.378859989972692,baseline,2018,4,-0.028893388480441
2023,structural_ols,0.292349612988938,0.357918223925394,baseline,2018,5,-0.0655686109364566
2023,arimax_level,0.2932526284897,0.357918223925394,baseline,2018,5,-0.0646655954356943
2023,arimax_diff,0.310693118572527,0.357918223925394,baseline,2018,5,-0.0472251053528675
2023,dynamic_diff,0.30989170853344,0.357918223925394,baseline,2018,5,-0.0480265153919544
2023,hybrid,0.303186083281019,0.357918223925394,baseline,2018,5,-0.0547321406443752
2023,ardl_ecm,0.26687772284251,0.357918223925394,baseline,2018,5,-0.0910405010828841
2023,univariate_arima,0.349966601492251,0.357918223925394,baseline,2018,5,-0.00795162243314301
2020,structural_ols,0.338845310327796,0.397665294079763,baseline,2019,1,-0.0588199837519671
2020,arimax_level,0.347308777042706,0.397665294079763,baseline,2019,1,-0.0503565170370568
2020,arimax_diff,0.349460015223709,0.397665294079763,baseline,2019,1,-0.0482052788560537
2020,dynamic_diff,0.349654775186467,0.397665294079763,baseline,2019,1,-0.0480105188932957
2020,hybrid,0.348923603920512,0.397665294079763,baseline,2019,1,-0.048741690159251
2020,ardl_ecm,0.346429346092415,0.397665294079763,baseline,2019,1,-0.0512359479873476
2020,univariate_arima,0.3489459716794,0.397665294079763,baseline,2019,1,-0.048719322400363
2021,structural_ols,0.338096134165134,0.420022274506502,baseline,2019,2,-0.0819261403413682
2021,arimax_level,0.34155601896954,0.420022274506502,baseline,2019,2,-0.0784662555369619
2021,arimax_diff,0.345987252455958,0.420022274506502,baseline,2019,2,-0.0740350220505445
2021,dynamic_diff,0.346513092305576,0.420022274506502,baseline,2019,2,-0.0735091822009264
2021,hybrid,0.345634840248473,0.420022274506502,baseline,2019,2,-0.074387434258029
2021,ardl_ecm,0.340190035334725,0.420022274506502,baseline,2019,2,-0.0798322391717766
2021,univariate_arima,0.3489459716794,0.420022274506502,baseline,2019,2,-0.071076302827102
2022,structural_ols,0.313962202825134,0.378859989972692,baseline,2019,3,-0.0648977871475582
2022,arimax_level,0.314271529776463,0.378859989972692,baseline,2019,3,-0.0645884601962293
2022,arimax_diff,0.324806514184959,0.378859989972692,baseline,2019,3,-0.0540534757877329
2022,dynamic_diff,0.324221772432342,0.378859989972692,baseline,2019,3,-0.0546382175403499
2022,hybrid,0.322883416747092,0.378859989972692,baseline,2019,3,-0.0559765732255998
2022,ardl_ecm,0.312248666745301,0.378859989972692,baseline,2019,3,-0.0666113232273913
2022,univariate_arima,0.3489459716794,0.378859989972692,baseline,2019,3,-0.029914018293292
2023,structural_ols,0.304415017290582,0.357918223925394,baseline,2019,4,-0.0535032066348122
2023,arimax_level,0.303622475673026,0.357918223925394,baseline,2019,4,-0.0542957482523677
2023,arimax_diff,0.318261214705715,0.357918223925394,baseline,2019,4,-0.0396570092196795
2023,dynamic_diff,0.317497424988968,0.357918223925394,baseline,2019,4,-0.0404207989364259
2023,hybrid,0.314236116507755,0.357918223925394,baseline,2019,4,-0.0436821074176394
2023,ardl_ecm,0.290595106305434,0.357918223925394,baseline,2019,4,-0.0673231176199599
2023,univariate_arima,0.3489459716794,0.357918223925394,baseline,2019,4,-0.00897225224599402
2024,structural_ols,0.30964250549218,0.373326881738081,baseline,2019,5,-0.0636843762459013
2024,arimax_level,0.309339376813253,0.373326881738081,baseline,2019,5,-0.063987504924828
2024,arimax_diff,0.32508736535578,0.373326881738081,baseline,2019,5,-0.0482395163823007
2024,dynamic_diff,0.324470348399593,0.373326881738081,baseline,2019,5,-0.0488565333384876
2024,hybrid,0.319242487695713,0.373326881738081,baseline,2019,5,-0.054084394042368
2024,ardl_ecm,0.282105633279276,0.373326881738081,baseline,2019,5,-0.0912212484588046
2024,univariate_arima,0.3489459716794,0.373326881738081,baseline,2019,5,-0.024380910058681
2021,structural_ols,0.338096134165133,0.420022274506502,baseline,2020,1,-0.0819261403413686
2021,arimax_level,0.341559054916051,0.420022274506502,baseline,2020,1,-0.0784632195904513
2021,arimax_diff,0.394192531312009,0.420022274506502,baseline,2020,1,-0.025829743194493
2021,dynamic_diff,0.394523611198908,0.420022274506502,baseline,2020,1,-0.0254986633075943
2021,hybrid,0.331717940108373,0.420022274506502,baseline,2020,1,-0.0883043343981288
2021,ardl_ecm,0.374113195142285,0.420022274506502,baseline,2020,1,-0.045909079364217
2021,univariate_arima,0.3489459716794,0.420022274506502,baseline,2020,1,-0.071076302827102
2022,structural_ols,0.313962202825133,0.378859989972692,baseline,2020,2,-0.0648977871475587
2022,arimax_level,0.314269588696449,0.378859989972692,baseline,2020,2,-0.0645904012762431
2022,arimax_diff,0.373011793041012,0.378859989972692,baseline,2020,2,-0.00584819693168026
2022,dynamic_diff,0.372232291325679,0.378859989972692,baseline,2020,2,-0.00662769864701274
2022,hybrid,0.309189622452249,0.378859989972692,baseline,2020,2,-0.0696703675204426
2022,ardl_ecm,0.334861165310048,0.378859989972692,baseline,2020,2,-0.0439988246626436
2022,univariate_arima,0.3489459716794,0.378859989972692,baseline,2020,2,-0.029914018293292
2023,structural_ols,0.304415017290581,0.357918223925394,baseline,2020,3,-0.0535032066348127
2023,arimax_level,0.303617265013144,0.357918223925394,baseline,2020,3,-0.0543009589122496
2023,arimax_diff,0.366466493561769,0.357918223925394,baseline,2020,3,0.00854826963637473
2023,dynamic_diff,0.365507943882302,0.357918223925394,baseline,2020,3,0.0075897199569076
2023,hybrid,0.299702112447633,0.357918223925394,baseline,2020,3,-0.0582161114777613
2023,ardl_ecm,0.305667462935031,0.357918223925394,baseline,2020,3,-0.0522507609903633
2023,univariate_arima,0.3489459716794,0.357918223925394,baseline,2020,3,-0.00897225224599402
2024,structural_ols,0.309642505492179,0.373326881738081,baseline,2020,4,-0.0636843762459019
2024,arimax_level,0.309334715744863,0.373326881738081,baseline,2020,4,-0.0639921659932177
2024,arimax_diff,0.373292644211835,0.373326881738081,baseline,2020,4,-3.42375262459838e-05
2024,dynamic_diff,0.372480867292932,0.373326881738081,baseline,2020,4,-0.000846014445148702
2024,hybrid,0.304503396750397,0.373326881738081,baseline,2020,4,-0.0688234849876841
2024,ardl_ecm,0.292152112768094,0.373326881738081,baseline,2020,4,-0.0811747689699873
2024,univariate_arima,0.3489459716794,0.373326881738081,baseline,2020,4,-0.024380910058681
2025,structural_ols,0.311540051396567,0.383410740130003,baseline,2020,5,-0.0718706887334362
2025,arimax_level,0.311983930087711,0.383410740130003,baseline,2020,5,-0.0714268100422918
2025,arimax_diff,0.376142858266003,0.383410740130003,baseline,2020,5,-0.00726788186399963
2025,dynamic_diff,0.375566961485439,0.383410740130003,baseline,2020,5,-0.00784377864456359
2025,hybrid,0.306380911679005,0.383410740130003,baseline,2020,5,-0.0770298284509984
2025,ardl_ecm,0.283308229989309,0.383410740130003,baseline,2020,5,-0.100102510140694
2025,univariate_arima,0.3489459716794,0.383410740130003,baseline,2020,5,-0.034464768450603
2011,structural_ols,0.332091396389869,0.347158149042668,population_only,2010,1,-0.0150667526527994
2011,arimax_level,0.336993176577205,0.347158149042668,population_only,2010,1,-0.0101649724654632
2011,arimax_diff,0.349752549426941,0.347158149042668,population_only,2010,1,0.00259440038427283
2011,dynamic_diff,0.352923491474356,0.347158149042668,population_only,2010,1,0.00576534243168825
2011,hybrid,0.358116748266107,0.347158149042668,population_only,2010,1,0.0109585992234393
2011,ardl_ecm,0.356679457776895,0.347158149042668,population_only,2010,1,0.00952130873422735
2011,univariate_arima,0.359288242675954,0.347158149042668,population_only,2010,1,0.0121300936332859
2012,structural_ols,0.326684119013306,0.349874026949591,population_only,2010,2,-0.0231899079362854
2012,arimax_level,0.331840662689186,0.349874026949591,population_only,2010,2,-0.018033364260405
2012,arimax_diff,0.349617048492078,0.349874026949591,population_only,2010,2,-0.000256978457513324
2012,dynamic_diff,0.351143257646399,0.349874026949591,population_only,2010,2,0.00126923069680807
2012,hybrid,0.354086713213686,0.349874026949591,population_only,2010,2,0.00421268626409488
2012,ardl_ecm,0.356047143522732,0.349874026949591,population_only,2010,2,0.00617311657314096
2012,univariate_arima,0.360410478024575,0.349874026949591,population_only,2010,2,0.0105364510749839
2013,structural_ols,0.323990207579658,0.344430952357823,population_only,2010,3,-0.0204407447781653
2013,arimax_level,0.327810464359265,0.344430952357823,population_only,2010,3,-0.0166204879985576
2013,arimax_diff,0.34853890797846,0.344430952357823,population_only,2010,3,0.00410795562063687
2013,dynamic_diff,0.349718520715532,0.344430952357823,population_only,2010,3,0.00528756835770933
2013,hybrid,0.342857660014675,0.344430952357823,population_only,2010,3,-0.00157329234314785
2013,ardl_ecm,0.360205421592443,0.344430952357823,population_only,2010,3,0.0157744692346204
2013,univariate_arima,0.360543569920286,0.344430952357823,population_only,2010,3,0.0161126175624629
2014,structural_ols,0.319090792981005,0.346132712717135,population_only,2010,4,-0.0270419197361296
2014,arimax_level,0.32280144362157,0.346132712717135,population_only,2010,4,-0.0233312690955649
2014,arimax_diff,0.346647960785058,0.346132712717135,population_only,2010,4,0.000515248067923302
2014,dynamic_diff,0.349847043693452,0.346132712717135,population_only,2010,4,0.00371433097631674
2014,hybrid,0.335916594225132,0.346132712717135,population_only,2010,4,-0.0102161184920034
2014,ardl_ecm,0.361515754766649,0.346132712717135,population_only,2010,4,0.0153830420495138
2014,univariate_arima,0.36025963564856,0.346132712717135,population_only,2010,4,0.0141269229314247
2015,structural_ols,0.318984948023171,0.348893646518989,population_only,2010,5,-0.0299086984958185
2015,arimax_level,0.321798219345703,0.348893646518989,population_only,2010,5,-0.0270954271732865
2015,arimax_diff,0.348382050115438,0.348893646518989,population_only,2010,5,-0.00051159640355114
2015,dynamic_diff,0.351772049545304,0.348893646518989,population_only,2010,5,0.0028784030263147
2015,hybrid,0.329947260392095,0.348893646518989,population_only,2010,5,-0.0189463861268936
2015,ardl_ecm,0.36412406358481,0.348893646518989,population_only,2010,5,0.0152304170658212
2015,univariate_arima,0.35994777307601,0.348893646518989,population_only,2010,5,0.0110541265570213
2012,structural_ols,0.340316613273676,0.349874026949591,population_only,2011,1,-0.00955741367591467
2012,arimax_level,0.341950936841365,0.349874026949591,population_only,2011,1,-0.00792309010822584
2012,arimax_diff,0.346469125646099,0.349874026949591,population_only,2011,1,-0.00340490130349169
2012,dynamic_diff,0.345475416223943,0.349874026949591,population_only,2011,1,-0.00439861072564851
2012,hybrid,0.34752361390787,0.349874026949591,population_only,2011,1,-0.00235041304172146
2012,ardl_ecm,0.355369801132916,0.349874026949591,population_only,2011,1,0.00549577418332459
2012,univariate_arima,0.333255512224631,0.349874026949591,population_only,2011,1,-0.0166185147249596
2013,structural_ols,0.333973961600395,0.344430952357823,population_only,2011,2,-0.0104569907574278
2013,arimax_level,0.334436176137582,0.344430952357823,population_only,2011,2,-0.00999477622024075
2013,arimax_diff,0.346058366549448,0.344430952357823,population_only,2011,2,0.00162741419162471
2013,dynamic_diff,0.345447923446159,0.344430952357823,population_only,2011,2,0.0010169710883362
2013,hybrid,0.34163162412843,0.344430952357823,population_only,2011,2,-0.00279932822939283
2013,ardl_ecm,0.358805476406203,0.344430952357823,population_only,2011,2,0.0143745240483797
2013,univariate_arima,0.327936167409768,0.344430952357823,population_only,2011,2,-0.0164947849480555
2014,structural_ols,0.328913661733135,0.346132712717135,population_only,2011,3,-0.0172190509840005
2014,arimax_level,0.329703404842051,0.346132712717135,population_only,2011,3,-0.0164293078750836
2014,arimax_diff,0.344151508144124,0.346132712717135,population_only,2011,3,-0.00198120457301115
2014,dynamic_diff,0.344736877012959,0.346132712717135,population_only,2011,3,-0.00139583570417628
2014,hybrid,0.335383529057162,0.346132712717135,population_only,2011,3,-0.0107491836599733
2014,ardl_ecm,0.357332552158186,0.346132712717135,population_only,2011,3,0.0111998394410511
2014,univariate_arima,0.334077552313689,0.346132712717135,population_only,2011,3,-0.0120551604034461
2015,structural_ols,0.326456413123351,0.348893646518989,population_only,2011,4,-0.0224372333956376
2015,arimax_level,0.327570913207482,0.348893646518989,population_only,2011,4,-0.021322733311507
2015,arimax_diff,0.346332709486488,0.348893646518989,population_only,2011,4,-0.00256093703250088
2015,dynamic_diff,0.347352613311105,0.348893646518989,population_only,2011,4,-0.00154103320788429
2015,hybrid,0.333499654763751,0.348893646518989,population_only,2011,4,-0.015393991755238
2015,ardl_ecm,0.362154977025912,0.348893646518989,population_only,2011,4,0.0132613305069227
2015,univariate_arima,0.335380659886452,0.348893646518989,population_only,2011,4,-0.0135129866325371
2016,structural_ols,0.318648220225544,0.354659808866871,population_only,2011,5,-0.0360115886413274
2016,arimax_level,0.320131410752714,0.354659808866871,population_only,2011,5,-0.0345283981141565
2016,arimax_diff,0.344434984018998,0.354659808866871,population_only,2011,5,-0.0102248248478731
2016,dynamic_diff,0.346430597097087,0.354659808866871,population_only,2011,5,-0.00822921176978408
2016,hybrid,0.326256985334224,0.354659808866871,population_only,2011,5,-0.028402823532647
2016,ardl_ecm,0.361888025215899,0.354659808866871,population_only,2011,5,0.00722821634902843
2016,univariate_arima,0.335123603009175,0.354659808866871,population_only,2011,5,-0.0195362058576956
2013,structural_ols,0.338198672023152,0.344430952357823,population_only,2012,1,-0.00623228033467099
2013,arimax_level,0.342441526666596,0.344430952357823,population_only,2012,1,-0.00198942569122668
2013,arimax_diff,0.350950353521709,0.344430952357823,population_only,2012,1,0.00651940116388605
2013,dynamic_diff,0.35066752314843,0.344430952357823,population_only,2012,1,0.00623657079060735
2013,hybrid,0.34655708391033,0.344430952357823,population_only,2012,1,0.00212613155250646
2013,ardl_ecm,0.356187526829626,0.344430952357823,population_only,2012,1,0.0117565744718026
2013,univariate_arima,0.352827361959104,0.344430952357823,population_only,2012,1,0.00839640960128046
2014,structural_ols,0.333352324171152,0.346132712717135,population_only,2012,2,-0.0127803885459832
2014,arimax_level,0.335813355798289,0.346132712717135,population_only,2012,2,-0.0103193569188461
2014,arimax_diff,0.350301267849174,0.346132712717135,population_only,2012,2,0.00416855513203873
2014,dynamic_diff,0.3495579639529,0.346132712717135,population_only,2012,2,0.00342525123576526
2014,hybrid,0.342566328133911,0.346132712717135,population_only,2012,2,-0.00356638458322434
2014,ardl_ecm,0.355551956300209,0.346132712717135,population_only,2012,2,0.00941924358307411
2014,univariate_arima,0.355225013875011,0.346132712717135,population_only,2012,2,0.00909230115787602
2015,structural_ols,0.330440771846103,0.348893646518989,population_only,2012,3,-0.0184528746728861
2015,arimax_level,0.334638940993351,0.348893646518989,population_only,2012,3,-0.014254705525638
2015,arimax_diff,0.353874715869091,0.348893646518989,population_only,2012,3,0.00498106935010229
2015,dynamic_diff,0.352567092411255,0.348893646518989,population_only,2012,3,0.00367344589226643
2015,hybrid,0.343090250975685,0.348893646518989,population_only,2012,3,-0.00580339554330428
2015,ardl_ecm,0.359168682534627,0.348893646518989,population_only,2012,3,0.0102750360156377
2015,univariate_arima,0.356924474426898,0.348893646518989,population_only,2012,3,0.00803082790790915
2016,structural_ols,0.322155480474066,0.354659808866871,population_only,2012,4,-0.0325043283928047
2016,arimax_level,0.328124217038562,0.354659808866871,population_only,2012,4,-0.0265355918283091
2016,arimax_diff,0.353418661447847,0.354659808866871,population_only,2012,4,-0.00124114741902415
2016,dynamic_diff,0.351103078661689,0.354659808866871,population_only,2012,4,-0.00355673020518188
2016,hybrid,0.338488271990695,0.354659808866871,population_only,2012,4,-0.0161715368761762
2016,ardl_ecm,0.359353301056738,0.354659808866871,population_only,2012,4,0.00469349218986725
2016,univariate_arima,0.358051294067709,0.354659808866871,population_only,2012,4,0.00339148520083804
2017,structural_ols,0.310685629627846,0.350056716497443,population_only,2012,5,-0.0393710868695968
2017,arimax_level,0.315951932414367,0.350056716497443,population_only,2012,5,-0.0341047840830757
2017,arimax_diff,0.342170427474578,0.350056716497443,population_only,2012,5,-0.00788628902286498
2017,dynamic_diff,0.33994807133223,0.350056716497443,population_only,2012,5,-0.0101086451652131
2017,hybrid,0.325019411271137,0.350056716497443,population_only,2012,5,-0.0250373052263061
2017,ardl_ecm,0.342953017250666,0.350056716497443,population_only,2012,5,-0.00710369924677706
2017,univariate_arima,0.358772219670296,0.350056716497443,population_only,2012,5,0.00871550317285297
2014,structural_ols,0.336089862843448,0.346132712717135,population_only,2013,1,-0.0100428498736874
2014,arimax_level,0.337900660530769,0.346132712717135,population_only,2013,1,-0.00823205218636619
2014,arimax_diff,0.341727170137868,0.346132712717135,population_only,2013,1,-0.00440554257926706
2014,dynamic_diff,0.340394175136491,0.346132712717135,population_only,2013,1,-0.0057385375806443
2014,hybrid,0.341711089922656,0.346132712717135,population_only,2013,1,-0.00442162279447938
2014,ardl_ecm,0.342469293900816,0.346132712717135,population_only,2013,1,-0.00366341881631921
2014,univariate_arima,0.345152101965162,0.346132712717135,population_only,2013,1,-0.000980610751972699
2015,structural_ols,0.333694188929874,0.348893646518989,population_only,2013,2,-0.0151994575891151
2015,arimax_level,0.336169093023782,0.348893646518989,population_only,2013,2,-0.012724553495207
2015,arimax_diff,0.342757571252074,0.348893646518989,population_only,2013,2,-0.00613607526691529
2015,dynamic_diff,0.340420331727813,0.348893646518989,population_only,2013,2,-0.00847331479117586
2015,hybrid,0.343021737571349,0.348893646518989,population_only,2013,2,-0.00587190894764045
2015,ardl_ecm,0.344005694306587,0.348893646518989,population_only,2013,2,-0.00488795221240185
2015,univariate_arima,0.348175712964696,0.348893646518989,population_only,2013,2,-0.000717933554293171
2016,structural_ols,0.32592536443664,0.354659808866871,population_only,2013,3,-0.0287344444302312
2016,arimax_level,0.329911431393908,0.354659808866871,population_only,2013,3,-0.024748377472963
2016,arimax_diff,0.339700807878738,0.354659808866871,population_only,2013,3,-0.0149590009881326
2016,dynamic_diff,0.335365697793726,0.354659808866871,population_only,2013,3,-0.0192941110731446
2016,hybrid,0.339658406458297,0.354659808866871,population_only,2013,3,-0.0150014024085741
2016,ardl_ecm,0.342278755889337,0.354659808866871,population_only,2013,3,-0.0123810529775337
2016,univariate_arima,0.351509192890216,0.354659808866871,population_only,2013,3,-0.00315061597665456
2017,structural_ols,0.314798443059239,0.350056716497443,population_only,2013,4,-0.0352582734382043
2017,arimax_level,0.31794900332142,0.350056716497443,population_only,2013,4,-0.0321077131760233
2017,arimax_diff,0.327849827499067,0.350056716497443,population_only,2013,4,-0.0222068889983758
2017,dynamic_diff,0.322815433264042,0.350056716497443,population_only,2013,4,-0.0272412832334006
2017,hybrid,0.32758795648983,0.350056716497443,population_only,2013,4,-0.0224687600076129
2017,ardl_ecm,0.327620308254563,0.350056716497443,population_only,2013,4,-0.0224364082428805
2017,univariate_arima,0.35429509400136,0.350056716497443,population_only,2013,4,0.00423837750391715
2018,structural_ols,0.307385514466962,0.349966601492251,population_only,2013,5,-0.0425810870252886
2018,arimax_level,0.309732146821976,0.349966601492251,population_only,2013,5,-0.0402344546702752
2018,arimax_diff,0.321238874714232,0.349966601492251,population_only,2013,5,-0.0287277267780189
2018,dynamic_diff,0.317374070010508,0.349966601492251,population_only,2013,5,-0.0325925314817435
2018,hybrid,0.322539242947365,0.349966601492251,population_only,2013,5,-0.0274273585448864
2018,ardl_ecm,0.318665558103013,0.349966601492251,population_only,2013,5,-0.0313010433892385
2018,univariate_arima,0.356282083875178,0.349966601492251,population_only,2013,5,0.00631548238292679
2015,structural_ols,0.338394071917544,0.348893646518989,population_only,2014,1,-0.010499574601445
2015,arimax_level,0.345011385080159,0.348893646518989,population_only,2014,1,-0.00388226143882975
2015,arimax_diff,0.348107306084113,0.348893646518989,population_only,2014,1,-0.000786340434875743
2015,dynamic_diff,0.347897034941743,0.348893646518989,population_only,2014,1,-0.00099661157724612
2015,hybrid,0.348595662866222,0.348893646518989,population_only,2014,1,-0.000297983652766787
2015,ardl_ecm,0.346825414636586,0.348893646518989,population_only,2014,1,-0.00206823188240257
2015,univariate_arima,0.345448159951542,0.348893646518989,population_only,2014,1,-0.00344548656744714
2016,structural_ols,0.331628467356148,0.354659808866871,population_only,2014,2,-0.0230313415107232
2016,arimax_level,0.336693514975053,0.354659808866871,population_only,2014,2,-0.0179662938918181
2016,arimax_diff,0.345993332892951,0.354659808866871,population_only,2014,2,-0.00866647597391973
2016,dynamic_diff,0.34543725270656,0.354659808866871,population_only,2014,2,-0.00922255616031059
2016,hybrid,0.346916267199696,0.354659808866871,population_only,2014,2,-0.00774354166717517
2016,ardl_ecm,0.345832874108711,0.354659808866871,population_only,2014,2,-0.00882693475815971
2016,univariate_arima,0.349018869617303,0.354659808866871,population_only,2014,2,-0.0056409392495676
2017,structural_ols,0.320978346947318,0.350056716497443,population_only,2014,3,-0.0290783695501248
2017,arimax_level,0.325329762923453,0.350056716497443,population_only,2014,3,-0.02472695357399
2017,arimax_diff,0.334755056919175,0.350056716497443,population_only,2014,3,-0.0153016595782684
2017,dynamic_diff,0.334804472078797,0.350056716497443,population_only,2014,3,-0.015252244418646
2017,hybrid,0.336185225992178,0.350056716497443,population_only,2014,3,-0.0138714905052647
2017,ardl_ecm,0.331237826833612,0.350056716497443,population_only,2014,3,-0.0188188896638312
2017,univariate_arima,0.353035148582198,0.350056716497443,population_only,2014,3,0.00297843208475462
2018,structural_ols,0.314187400954507,0.349966601492251,population_only,2014,4,-0.0357792005377445
2018,arimax_level,0.317902577420505,0.349966601492251,population_only,2014,4,-0.0320640240717464
2018,arimax_diff,0.328822836976448,0.349966601492251,population_only,2014,4,-0.021143764515803
2018,dynamic_diff,0.329193518045814,0.349966601492251,population_only,2014,4,-0.0207730834464367
2018,hybrid,0.331125250889692,0.349966601492251,population_only,2014,4,-0.0188413506025592
2018,ardl_ecm,0.321649698738535,0.349966601492251,population_only,2014,4,-0.0283169027537157
2018,univariate_arima,0.355394702240289,0.349966601492251,population_only,2014,4,0.0054281007480384
2019,structural_ols,0.306005894319611,0.3489459716794,population_only,2014,5,-0.0429400773597889
2019,arimax_level,0.307957841323181,0.3489459716794,population_only,2014,5,-0.0409881303562195
2019,arimax_diff,0.320491218115093,0.3489459716794,population_only,2014,5,-0.0284547535643068
2019,dynamic_diff,0.321252654972286,0.3489459716794,population_only,2014,5,-0.0276933167071137
2019,hybrid,0.324598672663708,0.3489459716794,population_only,2014,5,-0.0243472990156917
2019,ardl_ecm,0.306383170569238,0.3489459716794,population_only,2014,5,-0.0425628011101618
2019,univariate_arima,0.356844845281204,0.3489459716794,population_only,2014,5,0.0078988736018038
2016,structural_ols,0.337419535568468,0.354659808866871,population_only,2015,1,-0.0172402732984026
2016,arimax_level,0.341024742006506,0.354659808866871,population_only,2015,1,-0.0136350668603647
2016,arimax_diff,0.346961594953774,0.354659808866871,population_only,2015,1,-0.00769821391309727
2016,dynamic_diff,0.346740632724176,0.354659808866871,population_only,2015,1,-0.00791917614269505
2016,hybrid,0.347566950816452,0.354659808866871,population_only,2015,1,-0.00709285805041859
2016,ardl_ecm,0.347457306998834,0.354659808866871,population_only,2015,1,-0.00720250186803728
2016,univariate_arima,0.351977150430683,0.354659808866871,population_only,2015,1,-0.00268265843618798
2017,structural_ols,0.326481965744902,0.350056716497443,population_only,2015,2,-0.023574750752541
2017,arimax_level,0.328130220719691,0.350056716497443,population_only,2015,2,-0.0219264957777517
2017,arimax_diff,0.335724276866024,0.350056716497443,population_only,2015,2,-0.0143324396314194
2017,dynamic_diff,0.336162541903045,0.350056716497443,population_only,2015,2,-0.0138941745943977
2017,hybrid,0.337044112433919,0.350056716497443,population_only,2015,2,-0.0130126040635236
2017,ardl_ecm,0.333062762702141,0.350056716497443,population_only,2015,2,-0.0169939537953023
2017,univariate_arima,0.354574351858656,0.350056716497443,population_only,2015,2,0.00451763536121341
2018,structural_ols,0.320049601613992,0.349966601492251,population_only,2015,3,-0.0299169998782595
2018,arimax_level,0.320961218766516,0.349966601492251,population_only,2015,3,-0.0290053827257348
2018,arimax_diff,0.329865616345195,0.349966601492251,population_only,2015,3,-0.020100985147056
2018,dynamic_diff,0.3305776322909,0.349966601492251,population_only,2015,3,-0.0193889692013514
2018,hybrid,0.332096198487273,0.349966601492251,population_only,2015,3,-0.0178704030049784
2018,ardl_ecm,0.323564587477873,0.349966601492251,population_only,2015,3,-0.0264020140143781
2018,univariate_arima,0.356439094503994,0.349966601492251,population_only,2015,3,0.00647249301174307
2019,structural_ols,0.311915212133509,0.3489459716794,population_only,2015,4,-0.0370307595458911
2019,arimax_level,0.311189251486186,0.3489459716794,population_only,2015,4,-0.0377567201932143
2019,arimax_diff,0.321580715220489,0.3489459716794,population_only,2015,4,-0.0273652564589111
2019,dynamic_diff,0.322683042489407,0.3489459716794,population_only,2015,4,-0.0262629291899927
2019,hybrid,0.325780496491144,0.3489459716794,population_only,2015,4,-0.0231654751882562
2019,ardl_ecm,0.308435475138566,0.3489459716794,population_only,2015,4,-0.0405104965408342
2019,univariate_arima,0.357680533411004,0.3489459716794,population_only,2015,4,0.00873456173160392
2020,structural_ols,0.312211587127689,0.397665294079763,population_only,2015,5,-0.0854537069520738
2020,arimax_level,0.307410243073067,0.397665294079763,population_only,2015,5,-0.090255051006696
2020,arimax_diff,0.318219288421564,0.397665294079763,population_only,2015,5,-0.0794460056581988
2020,dynamic_diff,0.320281870127953,0.397665294079763,population_only,2015,5,-0.0773834239518097
2020,hybrid,0.328532675195152,0.397665294079763,population_only,2015,5,-0.0691326188846105
2020,ardl_ecm,0.299554791822068,0.397665294079763,population_only,2015,5,-0.0981105022576952
2020,univariate_arima,0.358421895626805,0.397665294079763,population_only,2015,5,-0.0392433984529585
2017,structural_ols,0.333103483536973,0.350056716497443,population_only,2016,1,-0.0169532329604704
2017,arimax_level,0.340822225765636,0.350056716497443,population_only,2016,1,-0.00923449073180666
2017,arimax_diff,0.343540866312522,0.350056716497443,population_only,2016,1,-0.00651585018492079
2017,dynamic_diff,0.345151811314279,0.350056716497443,population_only,2016,1,-0.0049049051831645
2017,hybrid,0.344305977348048,0.350056716497443,population_only,2016,1,-0.00575073914939489
2017,ardl_ecm,0.33900093532386,0.350056716497443,population_only,2016,1,-0.011055781173583
2017,univariate_arima,0.358648610755103,0.350056716497443,population_only,2016,1,0.0085918942576596
2018,structural_ols,0.326926375098191,0.349966601492251,population_only,2016,2,-0.0230402263940596
2018,arimax_level,0.329285587782121,0.349966601492251,population_only,2016,2,-0.0206810137101299
2018,arimax_diff,0.338309413386282,0.349966601492251,population_only,2016,2,-0.0116571881059687
2018,dynamic_diff,0.338999322963501,0.349966601492251,population_only,2016,2,-0.0109672785287503
2018,hybrid,0.338701732295068,0.349966601492251,population_only,2016,2,-0.0112648691971834
2018,ardl_ecm,0.329085822003152,0.349966601492251,population_only,2016,2,-0.0208807794890992
2018,univariate_arima,0.359467370284301,0.349966601492251,population_only,2016,2,0.0095007687920497
2019,structural_ols,0.31842252367787,0.3489459716794,population_only,2016,3,-0.0305234480015296
2019,arimax_level,0.319999032315535,0.3489459716794,population_only,2016,3,-0.0289469393638648
2019,arimax_diff,0.33044799370621,0.3489459716794,population_only,2016,3,-0.0184979779731904
2019,dynamic_diff,0.331298822063736,0.3489459716794,population_only,2016,3,-0.0176471496156638
2019,hybrid,0.332244972982252,0.3489459716794,population_only,2016,3,-0.0167009986971481
2019,ardl_ecm,0.314246911477301,0.3489459716794,population_only,2016,3,-0.0346990602020991
2019,univariate_arima,0.359364909044858,0.3489459716794,population_only,2016,3,0.0104189373654576
2020,structural_ols,0.318371601057433,0.397665294079763,population_only,2016,4,-0.0792936930223299
2020,arimax_level,0.317516419002113,0.397665294079763,population_only,2016,4,-0.0801488750776497
2020,arimax_diff,0.327661979860946,0.397665294079763,population_only,2016,4,-0.0700033142188174
2020,dynamic_diff,0.328393209749001,0.397665294079763,population_only,2016,4,-0.0692720843307619
2020,hybrid,0.33479740143293,0.397665294079763,population_only,2016,4,-0.0628678926468329
2020,ardl_ecm,0.305135962524657,0.397665294079763,population_only,2016,4,-0.0925293315551062
2020,univariate_arima,0.359392022334206,0.397665294079763,population_only,2016,4,-0.0382732717455573
2021,structural_ols,0.315657110535671,0.420022274506502,population_only,2016,5,-0.104365163970831
2021,arimax_level,0.309374433474881,0.420022274506502,population_only,2016,5,-0.110647841031621
2021,arimax_diff,0.318281322891301,0.420022274506502,population_only,2016,5,-0.101740951615201
2021,dynamic_diff,0.319396835612352,0.420022274506502,population_only,2016,5,-0.10062543889415
2021,hybrid,0.336426326479343,0.420022274506502,population_only,2016,5,-0.083595948027159
2021,ardl_ecm,0.280173829430939,0.420022274506502,population_only,2016,5,-0.139848445075563
2021,univariate_arima,0.359290926670889,0.420022274506502,population_only,2016,5,-0.060731347835613
2018,structural_ols,0.33360706884248,0.349966601492251,population_only,2017,1,-0.0163595326497715
2018,arimax_level,0.342355372592449,0.349966601492251,population_only,2017,1,-0.00761122889980226
2018,arimax_diff,0.345659587466564,0.349966601492251,population_only,2017,1,-0.00430701402568751
2018,dynamic_diff,0.343999873738083,0.349966601492251,population_only,2017,1,-0.00596672775416812
2018,hybrid,0.344869518154367,0.349966601492251,population_only,2017,1,-0.00509708333788406
2018,ardl_ecm,0.339046432462531,0.349966601492251,population_only,2017,1,-0.0109201690297202
2018,univariate_arima,0.349560808924637,0.349966601492251,population_only,2017,1,-0.000405792567614249
2019,structural_ols,0.326078125495544,0.3489459716794,population_only,2017,2,-0.022867846183856
2019,arimax_level,0.331258506318214,0.3489459716794,population_only,2017,2,-0.0176874653611861
2019,arimax_diff,0.338885435465304,0.3489459716794,population_only,2017,2,-0.0100605362140956
2019,dynamic_diff,0.337012809095296,0.3489459716794,population_only,2017,2,-0.011933162584104
2019,hybrid,0.339497167276086,0.3489459716794,population_only,2017,2,-0.00944880440331375
2019,ardl_ecm,0.325985402011352,0.3489459716794,population_only,2017,2,-0.0229605696680483
2019,univariate_arima,0.349939415628087,0.3489459716794,population_only,2017,2,0.000993443948687056
2020,structural_ols,0.327050981864396,0.397665294079763,population_only,2017,3,-0.0706143122153671
2020,arimax_level,0.3293338707272,0.397665294079763,population_only,2017,3,-0.0683314233525632
2020,arimax_diff,0.337279690605774,0.397665294079763,population_only,2017,3,-0.0603856034739887
2020,dynamic_diff,0.334673608781005,0.397665294079763,population_only,2017,3,-0.0629916852987584
2020,hybrid,0.343314799105102,0.397665294079763,population_only,2017,3,-0.0543504949746613
2020,ardl_ecm,0.31734502630256,0.397665294079763,population_only,2017,3,-0.0803202677772026
2020,univariate_arima,0.353489922052478,0.397665294079763,population_only,2017,3,-0.0441753720272854
2021,structural_ols,0.325760051813475,0.420022274506502,population_only,2017,4,-0.0942622226930273
2021,arimax_level,0.325530920526603,0.420022274506502,population_only,2017,4,-0.0944913539798992
2021,arimax_diff,0.330113956628322,0.420022274506502,population_only,2017,4,-0.0899083178781798
2021,dynamic_diff,0.327043917923058,0.420022274506502,population_only,2017,4,-0.0929783565834436
2021,hybrid,0.34757738882363,0.420022274506502,population_only,2017,4,-0.0724448856828716
2021,ardl_ecm,0.294534551115058,0.420022274506502,population_only,2017,4,-0.125487723391444
2021,univariate_arima,0.35543114699045,0.420022274506502,population_only,2017,4,-0.064591127516052
2022,structural_ols,0.298527732471649,0.378859989972692,population_only,2017,5,-0.0803322575010429
2022,arimax_level,0.300234882045841,0.378859989972692,population_only,2017,5,-0.0786251079268513
2022,arimax_diff,0.307122258616524,0.378859989972692,population_only,2017,5,-0.0717377313561679
2022,dynamic_diff,0.301872233672095,0.378859989972692,population_only,2017,5,-0.0769877563005968
2022,hybrid,0.323380366678582,0.378859989972692,population_only,2017,5,-0.0554796232941098
2022,ardl_ecm,0.259458664342539,0.378859989972692,population_only,2017,5,-0.119401325630153
2022,univariate_arima,0.356811956728971,0.378859989972692,population_only,2017,5,-0.022048033243721
2019,structural_ols,0.332565223197635,0.3489459716794,population_only,2018,1,-0.0163807484817647
2019,arimax_level,0.340044149080338,0.3489459716794,population_only,2018,1,-0.0089018225990623
2019,arimax_diff,0.343677671754627,0.3489459716794,population_only,2018,1,-0.00526829992477312
2019,dynamic_diff,0.343826736358653,0.3489459716794,population_only,2018,1,-0.00511923532074737
2019,hybrid,0.345403966674802,0.3489459716794,population_only,2018,1,-0.00354200500459784
2019,ardl_ecm,0.335809957670665,0.3489459716794,population_only,2018,1,-0.013136014008735
2019,univariate_arima,0.350407654298642,0.3489459716794,population_only,2018,1,0.00146168261924151
2020,structural_ols,0.335021842206313,0.397665294079763,population_only,2018,2,-0.0626434518734501
2020,arimax_level,0.337123230401311,0.397665294079763,population_only,2018,2,-0.0605420636784516
2020,arimax_diff,0.342826598650295,0.397665294079763,population_only,2018,2,-0.0548386954294678
2020,dynamic_diff,0.343241981765872,0.397665294079763,population_only,2018,2,-0.054423312313891
2020,hybrid,0.350688037256249,0.397665294079763,population_only,2018,2,-0.0469772568235144
2020,ardl_ecm,0.329025733159006,0.397665294079763,population_only,2018,2,-0.0686395609207571
2020,univariate_arima,0.353933371107327,0.397665294079763,population_only,2018,2,-0.0437319229724362
2021,structural_ols,0.336445818135573,0.420022274506502,population_only,2018,3,-0.083576456370929
2021,arimax_level,0.332477076528326,0.420022274506502,population_only,2018,3,-0.0875451979781765
2021,arimax_diff,0.336844108393475,0.420022274506502,population_only,2018,3,-0.0831781661130273
2021,dynamic_diff,0.337936810247165,0.420022274506502,population_only,2018,3,-0.0820854642593367
2021,hybrid,0.356817739190812,0.420022274506502,population_only,2018,3,-0.0632045353156905
2021,ardl_ecm,0.308426741825321,0.420022274506502,population_only,2018,3,-0.111595532681181
2021,univariate_arima,0.355704788047291,0.420022274506502,population_only,2018,3,-0.0643174864592112
2022,structural_ols,0.311322922990556,0.378859989972692,population_only,2018,4,-0.0675370669821364
2022,arimax_level,0.308102684739346,0.378859989972692,population_only,2018,4,-0.0707573052333456
2022,arimax_diff,0.314503873365458,0.378859989972692,population_only,2018,4,-0.064356116607234
2022,dynamic_diff,0.314562463851745,0.378859989972692,population_only,2018,4,-0.0642975261209471
2022,hybrid,0.33430175958835,0.378859989972692,population_only,2018,4,-0.0445582303843416
2022,ardl_ecm,0.276517782437321,0.378859989972692,population_only,2018,4,-0.102342207535371
2022,univariate_arima,0.356988060007245,0.378859989972692,population_only,2018,4,-0.0218719299654472
2023,structural_ols,0.299336380921621,0.357918223925394,population_only,2018,5,-0.0585818430037733
2023,arimax_level,0.299485260902796,0.357918223925394,population_only,2018,5,-0.0584329630225983
2023,arimax_diff,0.308707515614242,0.357918223925394,population_only,2018,5,-0.0492107083111524
2023,dynamic_diff,0.308172608980202,0.357918223925394,population_only,2018,5,-0.0497456149451918
2023,hybrid,0.320899231889711,0.357918223925394,population_only,2018,5,-0.0370189920356828
2023,ardl_ecm,0.259479020130932,0.357918223925394,population_only,2018,5,-0.0984392037944617
2023,univariate_arima,0.358087781512682,0.357918223925394,population_only,2018,5,0.000169557587287872
2020,structural_ols,0.343121743870877,0.397665294079763,population_only,2019,1,-0.0545435502088856
2020,arimax_level,0.34702726278235,0.397665294079763,population_only,2019,1,-0.0506380312974133
2020,arimax_diff,0.349170390260538,0.397665294079763,population_only,2019,1,-0.0484949038192246
2020,dynamic_diff,0.349589745542652,0.397665294079763,population_only,2019,1,-0.0480755485371107
2020,hybrid,0.356651004915895,0.397665294079763,population_only,2019,1,-0.0410142891638682
2020,ardl_ecm,0.341522471057332,0.397665294079763,population_only,2019,1,-0.0561428230224312
2020,univariate_arima,0.352236601876837,0.397665294079763,population_only,2019,1,-0.045428692202926
2021,structural_ols,0.349387902128006,0.420022274506502,population_only,2019,2,-0.0706343723784958
2021,arimax_level,0.340524149266225,0.420022274506502,population_only,2019,2,-0.0794981252402771
2021,arimax_diff,0.345094510692068,0.420022274506502,population_only,2019,2,-0.0749277638144336
2021,dynamic_diff,0.346326469356074,0.420022274506502,population_only,2019,2,-0.073695805150428
2021,hybrid,0.365222255508916,0.420022274506502,population_only,2019,2,-0.0548000189975855
2021,ardl_ecm,0.324273418001693,0.420022274506502,population_only,2019,2,-0.0957488565048091
2021,univariate_arima,0.354075090929262,0.420022274506502,population_only,2019,2,-0.0659471835772398
2022,structural_ols,0.327418929213367,0.378859989972692,population_only,2019,3,-0.0514410607593251
2022,arimax_level,0.313099571985585,0.378859989972692,population_only,2019,3,-0.0657604179871069
2022,arimax_diff,0.323779412538857,0.378859989972692,population_only,2019,3,-0.0550805774338353
2022,dynamic_diff,0.324010201162075,0.378859989972692,population_only,2019,3,-0.0548497888106173
2022,hybrid,0.343522651542393,0.378859989972692,population_only,2019,3,-0.0353373384302993
2022,ardl_ecm,0.297127405390942,0.378859989972692,population_only,2019,3,-0.0817325845817496
2022,univariate_arima,0.355963880763539,0.378859989972692,population_only,2019,3,-0.0228961092091528
2023,structural_ols,0.314298523987115,0.357918223925394,population_only,2019,4,-0.0436196999382786
2023,arimax_level,0.302871386842027,0.357918223925394,population_only,2019,4,-0.0550468370833669
2023,arimax_diff,0.31753219112891,0.357918223925394,population_only,2019,4,-0.0403860327964842
2023,dynamic_diff,0.31733006232896,0.357918223925394,population_only,2019,4,-0.0405881615964343
2023,hybrid,0.331580165185438,0.357918223925394,population_only,2019,4,-0.0263380587399562
2023,ardl_ecm,0.283419809049723,0.357918223925394,population_only,2019,4,-0.0744984148756715
2023,univariate_arima,0.357419475855053,0.357918223925394,population_only,2019,4,-0.000498748070340727
2024,structural_ols,0.318044375138483,0.373326881738081,population_only,2019,5,-0.0552825065995985
2024,arimax_level,0.308678491224567,0.373326881738081,population_only,2019,5,-0.0646483905135136
2024,arimax_diff,0.324468600932743,0.373326881738081,population_only,2019,5,-0.0488582808053378
2024,dynamic_diff,0.324320829894022,0.373326881738081,population_only,2019,5,-0.0490060518440586
2024,hybrid,0.336317389848563,0.373326881738081,population_only,2019,5,-0.0370094918895176
2024,ardl_ecm,0.278852779430092,0.373326881738081,population_only,2019,5,-0.0944741023079889
2024,univariate_arima,0.358387470158891,0.373326881738081,population_only,2019,5,-0.0149394115791897
2021,structural_ols,0.349387902128008,0.420022274506502,population_only,2020,1,-0.0706343723784945
2021,arimax_level,0.340527699517798,0.420022274506502,population_only,2020,1,-0.0794945749887039
2021,arimax_diff,0.393589414511296,0.420022274506502,population_only,2020,1,-0.0264328599952065
2021,dynamic_diff,0.394402017893087,0.420022274506502,population_only,2020,1,-0.0256202566134145
2021,hybrid,0.351475088075745,0.420022274506502,population_only,2020,1,-0.0685471864307572
2021,ardl_ecm,0.351978583624356,0.420022274506502,population_only,2020,1,-0.0680436908821462
2021,univariate_arima,0.354076173915398,0.420022274506502,population_only,2020,1,-0.0659461005911036
2022,structural_ols,0.32741892921337,0.378859989972692,population_only,2020,2,-0.0514410607593215
2022,arimax_level,0.313098417437038,0.378859989972692,population_only,2020,2,-0.0657615725356535
2022,arimax_diff,0.372274316358096,0.378859989972692,population_only,2020,2,-0.00658567361459622
2022,dynamic_diff,0.372085749699036,0.378859989972692,population_only,2020,2,-0.00677424027365575
2022,hybrid,0.330571838503445,0.378859989972692,population_only,2020,2,-0.0482881514692465
2022,ardl_ecm,0.313060492465821,0.378859989972692,population_only,2020,2,-0.0657994975068706
2022,univariate_arima,0.355963369233762,0.378859989972692,population_only,2020,2,-0.0228966207389297
2023,structural_ols,0.314298523987118,0.357918223925394,population_only,2020,3,-0.0436196999382764
2023,arimax_level,0.302866874234205,0.357918223925394,population_only,2020,3,-0.0550513496911888
2023,arimax_diff,0.366027094948148,0.357918223925394,population_only,2020,3,0.00810887102275382
2023,dynamic_diff,0.365405610865933,0.357918223925394,population_only,2020,3,0.0074873869405388
2023,hybrid,0.316627491730313,0.357918223925394,population_only,2020,3,-0.0412907321950809
2023,ardl_ecm,0.292398281503735,0.357918223925394,population_only,2020,3,-0.0655199424216594
2023,univariate_arima,0.357418360810512,0.357918223925394,population_only,2020,3,-0.000499863114882315
2024,structural_ols,0.318044375138484,0.373326881738081,population_only,2020,4,-0.0552825065995972
2024,arimax_level,0.308674287405731,0.373326881738081,population_only,2020,4,-0.0646525943323498
2024,arimax_diff,0.372963504751977,0.373326881738081,population_only,2020,4,-0.000363376986104058
2024,dynamic_diff,0.372396378431024,0.373326881738081,population_only,2020,4,-0.000930503307056629
2024,hybrid,0.320904216412695,0.373326881738081,population_only,2020,4,-0.0524226653253859
2024,ardl_ecm,0.283925174319234,0.373326881738081,population_only,2020,4,-0.0894017074188469
2024,univariate_arima,0.358386260259595,0.373326881738081,population_only,2020,4,-0.0149406214784863
2025,structural_ols,0.320458223306885,0.383410740130003,population_only,2020,5,-0.0629525168231177
2025,arimax_level,0.311218779536966,0.383410740130003,population_only,2020,5,-0.0721919605930367
2025,arimax_diff,0.375747624714276,0.383410740130003,population_only,2020,5,-0.00766311541572695
2025,dynamic_diff,0.375473491923612,0.383410740130003,population_only,2020,5,-0.00793724820639147
2025,hybrid,0.324685822306059,0.383410740130003,population_only,2020,5,-0.0587249178239437
2025,ardl_ecm,0.277173772855162,0.383410740130003,population_only,2020,5,-0.106236967274841
2025,univariate_arima,0.359027494872138,0.383410740130003,population_only,2020,5,-0.0243832452578654
2011,structural_ols,0.348141911768927,0.347158149042668,real_gdp_per_capita_only,2010,1,0.000983762726259274
2011,arimax_level,0.349952710931577,0.347158149042668,real_gdp_per_capita_only,2010,1,0.00279456188890859
2011,arimax_diff,0.359182063696481,0.347158149042668,real_gdp_per_capita_only,2010,1,0.0120239146538133
2011,dynamic_diff,0.370772903291373,0.347158149042668,real_gdp_per_capita_only,2010,1,0.0236147542487054
2011,hybrid,0.383056387733351,0.347158149042668,real_gdp_per_capita_only,2010,1,0.0358982386906832
2011,ardl_ecm,0.341260650514144,0.347158149042668,real_gdp_per_capita_only,2010,1,-0.00589749852852423
2011,univariate_arima,0.352760248460853,0.347158149042668,real_gdp_per_capita_only,2010,1,0.0056020994181854
2012,structural_ols,0.350299011629757,0.349874026949591,real_gdp_per_capita_only,2010,2,0.000424984680166052
2012,arimax_level,0.356160227597353,0.349874026949591,real_gdp_per_capita_only,2010,2,0.00628620064776164
2012,arimax_diff,0.361640124930797,0.349874026949591,real_gdp_per_capita_only,2010,2,0.0117660979812055
2012,dynamic_diff,0.366591743202224,0.349874026949591,real_gdp_per_capita_only,2010,2,0.0167177162526332
2012,hybrid,0.365939002303316,0.349874026949591,real_gdp_per_capita_only,2010,2,0.0160649753537245
2012,ardl_ecm,0.312042537701383,0.349874026949591,real_gdp_per_capita_only,2010,2,-0.0378314892482083
2012,univariate_arima,0.344404504849709,0.349874026949591,real_gdp_per_capita_only,2010,2,-0.00546952209988227
2013,structural_ols,0.353248681183775,0.344430952357823,real_gdp_per_capita_only,2010,3,0.00881772882595205
2013,arimax_level,0.35846448536504,0.344430952357823,real_gdp_per_capita_only,2010,3,0.0140335330072166
2013,arimax_diff,0.363611939583423,0.344430952357823,real_gdp_per_capita_only,2010,3,0.0191809872255995
2013,dynamic_diff,0.366626587832487,0.344430952357823,real_gdp_per_capita_only,2010,3,0.022195635474664
2013,hybrid,0.355403768602848,0.344430952357823,real_gdp_per_capita_only,2010,3,0.0109728162450249
2013,ardl_ecm,0.286104135802931,0.344430952357823,real_gdp_per_capita_only,2010,3,-0.0583268165548924
2013,univariate_arima,0.337094062400793,0.344430952357823,real_gdp_per_capita_only,2010,3,-0.00733688995703013
2014,structural_ols,0.35281176911098,0.346132712717135,real_gdp_per_capita_only,2010,4,0.00667905639384497
2014,arimax_level,0.358845150240945,0.346132712717135,real_gdp_per_capita_only,2010,4,0.0127124375238101
2014,arimax_diff,0.364330535664152,0.346132712717135,real_gdp_per_capita_only,2010,4,0.0181978229470172
2014,dynamic_diff,0.37169779950768,0.346132712717135,real_gdp_per_capita_only,2010,4,0.0255650867905448
2014,hybrid,0.363517430410296,0.346132712717135,real_gdp_per_capita_only,2010,4,0.0173847176931605
2014,ardl_ecm,0.257800509347591,0.346132712717135,real_gdp_per_capita_only,2010,4,-0.0883322033695436
2014,univariate_arima,0.33254967422668,0.346132712717135,real_gdp_per_capita_only,2010,4,-0.0135830384904551
2015,structural_ols,0.360206971546265,0.348893646518989,real_gdp_per_capita_only,2010,5,0.0113133250272764
2015,arimax_level,0.36510713579472,0.348893646518989,real_gdp_per_capita_only,2010,5,0.0162134892757312
2015,arimax_diff,0.369727466040208,0.348893646518989,real_gdp_per_capita_only,2010,5,0.0208338195212194
2015,dynamic_diff,0.377824465049043,0.348893646518989,real_gdp_per_capita_only,2010,5,0.0289308185300538
2015,hybrid,0.362188732876799,0.348893646518989,real_gdp_per_capita_only,2010,5,0.0132950863578095
2015,ardl_ecm,0.233211546676501,0.348893646518989,real_gdp_per_capita_only,2010,5,-0.115682099842488
2015,univariate_arima,0.331371192096976,0.348893646518989,real_gdp_per_capita_only,2010,5,-0.017522454422013
2012,structural_ols,0.349551652223264,0.349874026949591,real_gdp_per_capita_only,2011,1,-0.000322374726327235
2012,arimax_level,0.353475309996197,0.349874026949591,real_gdp_per_capita_only,2011,1,0.00360128304660634
2012,arimax_diff,0.346624475136781,0.349874026949591,real_gdp_per_capita_only,2011,1,-0.00324955181281017
2012,dynamic_diff,0.347912607910058,0.349874026949591,real_gdp_per_capita_only,2011,1,-0.00196141903953329
2012,hybrid,0.348429646613077,0.349874026949591,real_gdp_per_capita_only,2011,1,-0.00144438033651412
2012,ardl_ecm,0.318324041463343,0.349874026949591,real_gdp_per_capita_only,2011,1,-0.0315499854862476
2012,univariate_arima,0.338824284835988,0.349874026949591,real_gdp_per_capita_only,2011,1,-0.0110497421136028
2013,structural_ols,0.352406575290657,0.344430952357823,real_gdp_per_capita_only,2011,2,0.00797562293283399
2013,arimax_level,0.35717339012714,0.344430952357823,real_gdp_per_capita_only,2011,2,0.0127424377693171
2013,arimax_diff,0.348593883644045,0.344430952357823,real_gdp_per_capita_only,2011,2,0.00416293128622153
2013,dynamic_diff,0.350160413671911,0.344430952357823,real_gdp_per_capita_only,2011,2,0.00572946131408825
2013,hybrid,0.353214861566003,0.344430952357823,real_gdp_per_capita_only,2011,2,0.00878390920817967
2013,ardl_ecm,0.29021599217175,0.344430952357823,real_gdp_per_capita_only,2011,2,-0.0542149601860731
2013,univariate_arima,0.331289580192355,0.344430952357823,real_gdp_per_capita_only,2011,2,-0.0131413721654678
2014,structural_ols,0.351867950327587,0.346132712717135,real_gdp_per_capita_only,2011,3,0.0057352376104523
2014,arimax_level,0.357716249156618,0.346132712717135,real_gdp_per_capita_only,2011,3,0.0115835364394835
2014,arimax_diff,0.347801371747004,0.346132712717135,real_gdp_per_capita_only,2011,3,0.00166865902986901
2014,dynamic_diff,0.34809699361873,0.346132712717135,real_gdp_per_capita_only,2011,3,0.00196428090159451
2014,hybrid,0.355896854773562,0.346132712717135,real_gdp_per_capita_only,2011,3,0.00976414205642656
2014,ardl_ecm,0.261361272168994,0.346132712717135,real_gdp_per_capita_only,2011,3,-0.0847714405481412
2014,univariate_arima,0.326291188266064,0.346132712717135,real_gdp_per_capita_only,2011,3,-0.0198415244510707
2015,structural_ols,0.359150255662314,0.348893646518989,real_gdp_per_capita_only,2011,4,0.0102566091433253
2015,arimax_level,0.364521158448991,0.348893646518989,real_gdp_per_capita_only,2011,4,0.0156275119300015
2015,arimax_diff,0.353145555796354,0.348893646518989,real_gdp_per_capita_only,2011,4,0.00425190927736496
2015,dynamic_diff,0.353540249927957,0.348893646518989,real_gdp_per_capita_only,2011,4,0.00464660340896778
2015,hybrid,0.36641569613935,0.348893646518989,real_gdp_per_capita_only,2011,4,0.0175220496203606
2015,ardl_ecm,0.235429121162373,0.348893646518989,real_gdp_per_capita_only,2011,4,-0.113464525356616
2015,univariate_arima,0.325393360750095,0.348893646518989,real_gdp_per_capita_only,2011,4,-0.0235002857688937
2016,structural_ols,0.362602961899261,0.354659808866871,real_gdp_per_capita_only,2011,5,0.00794315303238991
2016,arimax_level,0.367664659884414,0.354659808866871,real_gdp_per_capita_only,2011,5,0.0130048510175429
2016,arimax_diff,0.354858996069387,0.354659808866871,real_gdp_per_capita_only,2011,5,0.000199187202515716
2016,dynamic_diff,0.354610329760497,0.354659808866871,real_gdp_per_capita_only,2011,5,-4.94791063743172e-05
2016,hybrid,0.375096695025372,0.354659808866871,real_gdp_per_capita_only,2011,5,0.0204368861585011
2016,ardl_ecm,0.203961693994171,0.354659808866871,real_gdp_per_capita_only,2011,5,-0.1506981148727
2016,univariate_arima,0.327758558899764,0.354659808866871,real_gdp_per_capita_only,2011,5,-0.0269012499671069
2013,structural_ols,0.352626836193735,0.344430952357823,real_gdp_per_capita_only,2012,1,0.00819588383591247
2013,arimax_level,0.353848278301167,0.344430952357823,real_gdp_per_capita_only,2012,1,0.00941732594334377
2013,arimax_diff,0.353208906521408,0.344430952357823,real_gdp_per_capita_only,2012,1,0.00877795416358485
2013,dynamic_diff,0.3527697154758,0.344430952357823,real_gdp_per_capita_only,2012,1,0.00833876311797738
2013,hybrid,0.354759285315297,0.344430952357823,real_gdp_per_capita_only,2012,1,0.0103283329574743
2013,ardl_ecm,0.341607749398927,0.344430952357823,real_gdp_per_capita_only,2012,1,-0.00282320295889593
2013,univariate_arima,0.343361444616793,0.344430952357823,real_gdp_per_capita_only,2012,1,-0.00106950774103015
2014,structural_ols,0.352127023494598,0.346132712717135,real_gdp_per_capita_only,2012,2,0.00599431077746288
2014,arimax_level,0.356098587661268,0.346132712717135,real_gdp_per_capita_only,2012,2,0.00996587494413254
2014,arimax_diff,0.353593311958565,0.346132712717135,real_gdp_per_capita_only,2012,2,0.00746059924143044
2014,dynamic_diff,0.350777007339707,0.346132712717135,real_gdp_per_capita_only,2012,2,0.00464429462257177
2014,hybrid,0.357091487668565,0.346132712717135,real_gdp_per_capita_only,2012,2,0.0109587749514297
2014,ardl_ecm,0.324176390593757,0.346132712717135,real_gdp_per_capita_only,2012,2,-0.0219563221233785
2014,univariate_arima,0.335651262707104,0.346132712717135,real_gdp_per_capita_only,2012,2,-0.0104814500100313
2015,structural_ols,0.359465897067223,0.348893646518989,real_gdp_per_capita_only,2012,3,0.0105722505482336
2015,arimax_level,0.362784055092185,0.348893646518989,real_gdp_per_capita_only,2012,3,0.0138904085731964
2015,arimax_diff,0.360237362432658,0.348893646518989,real_gdp_per_capita_only,2012,3,0.0113437159136691
2015,dynamic_diff,0.356635148720825,0.348893646518989,real_gdp_per_capita_only,2012,3,0.00774150220183578
2015,hybrid,0.36756866329185,0.348893646518989,real_gdp_per_capita_only,2012,3,0.0186750167728609
2015,ardl_ecm,0.319935968036969,0.348893646518989,real_gdp_per_capita_only,2012,3,-0.0289576784820205
2015,univariate_arima,0.329545103054251,0.348893646518989,real_gdp_per_capita_only,2012,3,-0.0193485434647382
2016,structural_ols,0.362984148353511,0.354659808866871,real_gdp_per_capita_only,2012,4,0.00832433948663996
2016,arimax_level,0.365855568672466,0.354659808866871,real_gdp_per_capita_only,2012,4,0.0111957598055953
2016,arimax_diff,0.36329034929487,0.354659808866871,real_gdp_per_capita_only,2012,4,0.0086305404279991
2016,dynamic_diff,0.357815052920383,0.354659808866871,real_gdp_per_capita_only,2012,4,0.00315524405351164
2016,hybrid,0.375934403836015,0.354659808866871,real_gdp_per_capita_only,2012,4,0.0212745949691435
2016,ardl_ecm,0.312135549084974,0.354659808866871,real_gdp_per_capita_only,2012,4,-0.0425242597818973
2016,univariate_arima,0.326288512287437,0.354659808866871,real_gdp_per_capita_only,2012,4,-0.0283712965794343
2017,structural_ols,0.350439678056712,0.350056716497443,real_gdp_per_capita_only,2012,5,0.000382961559268813
2017,arimax_level,0.357555081079692,0.350056716497443,real_gdp_per_capita_only,2012,5,0.00749836458224873
2017,arimax_diff,0.354767318892914,0.350056716497443,real_gdp_per_capita_only,2012,5,0.00471060239547066
2017,dynamic_diff,0.347140679460312,0.350056716497443,real_gdp_per_capita_only,2012,5,-0.00291603703713106
2017,hybrid,0.366329560078952,0.350056716497443,real_gdp_per_capita_only,2012,5,0.0162728435815093
2017,ardl_ecm,0.295986219621256,0.350056716497443,real_gdp_per_capita_only,2012,5,-0.0540704968761873
2017,univariate_arima,0.326866477778112,0.350056716497443,real_gdp_per_capita_only,2012,5,-0.023190238719331
2014,structural_ols,0.346750316072297,0.346132712717135,real_gdp_per_capita_only,2013,1,0.000617603355162366
2014,arimax_level,0.347498491615124,0.346132712717135,real_gdp_per_capita_only,2013,1,0.00136577889798911
2014,arimax_diff,0.342149737275764,0.346132712717135,real_gdp_per_capita_only,2013,1,-0.00398297544137144
2014,dynamic_diff,0.339349916225912,0.346132712717135,real_gdp_per_capita_only,2013,1,-0.00678279649122343
2014,hybrid,0.344846547565959,0.346132712717135,real_gdp_per_capita_only,2013,1,-0.00128616515117569
2014,ardl_ecm,0.329197689002164,0.346132712717135,real_gdp_per_capita_only,2013,1,-0.0169350237149713
2014,univariate_arima,0.336771094985284,0.346132712717135,real_gdp_per_capita_only,2013,1,-0.0093616177318509
2015,structural_ols,0.352231533734385,0.348893646518989,real_gdp_per_capita_only,2013,2,0.00333788721539641
2015,arimax_level,0.359569899426697,0.348893646518989,real_gdp_per_capita_only,2013,2,0.0106762529077081
2015,arimax_diff,0.345450234651732,0.348893646518989,real_gdp_per_capita_only,2013,2,-0.00344341186725661
2015,dynamic_diff,0.341770462163353,0.348893646518989,real_gdp_per_capita_only,2013,2,-0.00712318435563564
2015,hybrid,0.352475795509318,0.348893646518989,real_gdp_per_capita_only,2013,2,0.00358214899032916
2015,ardl_ecm,0.326893999345583,0.348893646518989,real_gdp_per_capita_only,2013,2,-0.0219996471734064
2015,univariate_arima,0.330378413044674,0.348893646518989,real_gdp_per_capita_only,2013,2,-0.0185152334743149
2016,structural_ols,0.353673491954556,0.354659808866871,real_gdp_per_capita_only,2013,3,-0.000986316912315321
2016,arimax_level,0.362549202966642,0.354659808866871,real_gdp_per_capita_only,2013,3,0.00788939409977124
2016,arimax_diff,0.345188826816571,0.354659808866871,real_gdp_per_capita_only,2013,3,-0.00947098205029967
2016,dynamic_diff,0.339249428216519,0.354659808866871,real_gdp_per_capita_only,2013,3,-0.0154103806503522
2016,hybrid,0.357802885532342,0.354659808866871,real_gdp_per_capita_only,2013,3,0.00314307666547148
2016,ardl_ecm,0.321348085067392,0.354659808866871,real_gdp_per_capita_only,2013,3,-0.0333117237994788
2016,univariate_arima,0.326631327437233,0.354659808866871,real_gdp_per_capita_only,2013,3,-0.0280284814296382
2017,structural_ols,0.34087565376647,0.350056716497443,real_gdp_per_capita_only,2013,4,-0.00918106273097336
2017,arimax_level,0.354217355911186,0.350056716497443,real_gdp_per_capita_only,2013,4,0.00416063941374295
2017,arimax_diff,0.335768153233321,0.350056716497443,real_gdp_per_capita_only,2013,4,-0.0142885632641217
2017,dynamic_diff,0.327220310983142,0.350056716497443,real_gdp_per_capita_only,2013,4,-0.0228364055143007
2017,hybrid,0.348498117963562,0.350056716497443,real_gdp_per_capita_only,2013,4,-0.0015585985338808
2017,ardl_ecm,0.306628289106131,0.350056716497443,real_gdp_per_capita_only,2013,4,-0.0434284273913119
2017,univariate_arima,0.326698769442997,0.350056716497443,real_gdp_per_capita_only,2013,4,-0.0233579470544463
2018,structural_ols,0.335628281704033,0.349966601492251,real_gdp_per_capita_only,2013,5,-0.0143383197882183
2018,arimax_level,0.351655417737302,0.349966601492251,real_gdp_per_capita_only,2013,5,0.00168881624505063
2018,arimax_diff,0.331253634170815,0.349966601492251,real_gdp_per_capita_only,2013,5,-0.0187129673214363
2018,dynamic_diff,0.324355940840913,0.349966601492251,real_gdp_per_capita_only,2013,5,-0.0256106606513379
2018,hybrid,0.344701034920374,0.349966601492251,real_gdp_per_capita_only,2013,5,-0.00526556657187716
2018,ardl_ecm,0.301436758630282,0.349966601492251,real_gdp_per_capita_only,2013,5,-0.0485298428619688
2018,univariate_arima,0.329291606926437,0.349966601492251,real_gdp_per_capita_only,2013,5,-0.0206749945658145
2015,structural_ols,0.351840337856985,0.348893646518989,real_gdp_per_capita_only,2014,1,0.00294669133799597
2015,arimax_level,0.358244171361498,0.348893646518989,real_gdp_per_capita_only,2014,1,0.00935052484250876
2015,arimax_diff,0.350283070639536,0.348893646518989,real_gdp_per_capita_only,2014,1,0.00138942412054716
2015,dynamic_diff,0.350379433717188,0.348893646518989,real_gdp_per_capita_only,2014,1,0.00148578719819914
2015,hybrid,0.353226789357246,0.348893646518989,real_gdp_per_capita_only,2014,1,0.00433314283825698
2015,ardl_ecm,0.351476649531717,0.348893646518989,real_gdp_per_capita_only,2014,1,0.0025830030127279
2015,univariate_arima,0.340520311786229,0.348893646518989,real_gdp_per_capita_only,2014,1,-0.00837333473276031
2016,structural_ols,0.353164040770112,0.354659808866871,real_gdp_per_capita_only,2014,2,-0.001495768096759
2016,arimax_level,0.361896751788425,0.354659808866871,real_gdp_per_capita_only,2014,2,0.00723694292155364
2016,arimax_diff,0.350861771560454,0.354659808866871,real_gdp_per_capita_only,2014,2,-0.00379803730641654
2016,dynamic_diff,0.350501480628373,0.354659808866871,real_gdp_per_capita_only,2014,2,-0.00415832823849821
2016,hybrid,0.357958085878674,0.354659808866871,real_gdp_per_capita_only,2014,2,0.00329827701180313
2016,ardl_ecm,0.354130472247879,0.354659808866871,real_gdp_per_capita_only,2014,2,-0.00052933661899246
2016,univariate_arima,0.334785669428545,0.354659808866871,real_gdp_per_capita_only,2014,2,-0.0198741394383264
2017,structural_ols,0.340348284556518,0.350056716497443,real_gdp_per_capita_only,2014,3,-0.00970843194092513
2017,arimax_level,0.353620163200773,0.350056716497443,real_gdp_per_capita_only,2014,3,0.00356344670332948
2017,arimax_diff,0.342004360612983,0.350056716497443,real_gdp_per_capita_only,2014,3,-0.00805235588446018
2017,dynamic_diff,0.340605361214111,0.350056716497443,real_gdp_per_capita_only,2014,3,-0.00945135528333219
2017,hybrid,0.348212733608266,0.350056716497443,real_gdp_per_capita_only,2014,3,-0.00184398288917659
2017,ardl_ecm,0.3464546129675,0.350056716497443,real_gdp_per_capita_only,2014,3,-0.00360210352994267
2017,univariate_arima,0.331021457524368,0.350056716497443,real_gdp_per_capita_only,2014,3,-0.0190352589730755
2018,structural_ols,0.33504313764261,0.349966601492251,real_gdp_per_capita_only,2014,4,-0.0149234638496406
2018,arimax_level,0.351047378836979,0.349966601492251,real_gdp_per_capita_only,2014,4,0.00108077734472811
2018,arimax_diff,0.338123108660224,0.349966601492251,real_gdp_per_capita_only,2014,4,-0.011843492832027
2018,dynamic_diff,0.33770766881596,0.349966601492251,real_gdp_per_capita_only,2014,4,-0.0122589326762914
2018,hybrid,0.343898372867674,0.349966601492251,real_gdp_per_capita_only,2014,4,-0.00606822862457712
2018,ardl_ecm,0.342921436206077,0.349966601492251,real_gdp_per_capita_only,2014,4,-0.00704516528617399
2018,univariate_arima,0.329404994916979,0.349966601492251,real_gdp_per_capita_only,2014,4,-0.0205616065752721
2019,structural_ols,0.328644401670407,0.3489459716794,real_gdp_per_capita_only,2014,5,-0.0203015700089926
2019,arimax_level,0.34869200899817,0.3489459716794,real_gdp_per_capita_only,2014,5,-0.000253962681229625
2019,arimax_diff,0.334408672840885,0.3489459716794,real_gdp_per_capita_only,2014,5,-0.0145372988385147
2019,dynamic_diff,0.334350042784868,0.3489459716794,real_gdp_per_capita_only,2014,5,-0.0145959288945315
2019,hybrid,0.340849696816452,0.3489459716794,real_gdp_per_capita_only,2014,5,-0.00809627486294812
2019,ardl_ecm,0.334252497488072,0.3489459716794,real_gdp_per_capita_only,2014,5,-0.0146934741913283
2019,univariate_arima,0.330515021077095,0.3489459716794,real_gdp_per_capita_only,2014,5,-0.018430950602305
2016,structural_ols,0.351135558927714,0.354659808866871,real_gdp_per_capita_only,2015,1,-0.00352424993915723
2016,arimax_level,0.346683680110956,0.354659808866871,real_gdp_per_capita_only,2015,1,-0.0079761287559148
2016,arimax_diff,0.349142998574563,0.354659808866871,real_gdp_per_capita_only,2015,1,-0.00551681029230827
2016,dynamic_diff,0.348588770103525,0.354659808866871,real_gdp_per_capita_only,2015,1,-0.0060710387633463
2016,hybrid,0.352083842625917,0.354659808866871,real_gdp_per_capita_only,2015,1,-0.00257596624095391
2016,ardl_ecm,0.350502999085852,0.354659808866871,real_gdp_per_capita_only,2015,1,-0.00415680978101929
2016,univariate_arima,0.347472312818271,0.354659808866871,real_gdp_per_capita_only,2015,1,-0.00718749604859953
2017,structural_ols,0.338421259344544,0.350056716497443,real_gdp_per_capita_only,2015,2,-0.0116354571528989
2017,arimax_level,0.337774445287906,0.350056716497443,real_gdp_per_capita_only,2015,2,-0.0122822712095371
2017,arimax_diff,0.340265124940545,0.350056716497443,real_gdp_per_capita_only,2015,2,-0.00979159155689813
2017,dynamic_diff,0.338621766834538,0.350056716497443,real_gdp_per_capita_only,2015,2,-0.011434949662905
2017,hybrid,0.342111638310181,0.350056716497443,real_gdp_per_capita_only,2015,2,-0.00794507818726248
2017,ardl_ecm,0.342211611003695,0.350056716497443,real_gdp_per_capita_only,2015,2,-0.00784510549374762
2017,univariate_arima,0.34994355818168,0.350056716497443,real_gdp_per_capita_only,2015,2,-0.000113158315762973
2018,structural_ols,0.332926866486386,0.349966601492251,real_gdp_per_capita_only,2015,3,-0.0170397350058647
2018,arimax_level,0.332696271473508,0.349966601492251,real_gdp_per_capita_only,2015,3,-0.0172703300187431
2018,arimax_diff,0.336233334535146,0.349966601492251,real_gdp_per_capita_only,2015,3,-0.0137332669571046
2018,dynamic_diff,0.335627417141812,0.349966601492251,real_gdp_per_capita_only,2015,3,-0.0143391843504391
2018,hybrid,0.337638263150747,0.349966601492251,real_gdp_per_capita_only,2015,3,-0.0123283383415037
2018,ardl_ecm,0.33807365363162,0.349966601492251,real_gdp_per_capita_only,2015,3,-0.0118929478606308
2018,univariate_arima,0.340343729693768,0.349966601492251,real_gdp_per_capita_only,2015,3,-0.00962287179848315
2019,structural_ols,0.326333592758805,0.3489459716794,real_gdp_per_capita_only,2015,4,-0.0226123789205951
2019,arimax_level,0.327093486381125,0.3489459716794,real_gdp_per_capita_only,2015,4,-0.0218524852982749
2019,arimax_diff,0.332386194623455,0.3489459716794,real_gdp_per_capita_only,2015,4,-0.0165597770559446
2019,dynamic_diff,0.33212842810349,0.3489459716794,real_gdp_per_capita_only,2015,4,-0.0168175435759104
2019,hybrid,0.334170328779968,0.3489459716794,real_gdp_per_capita_only,2015,4,-0.0147756428994316
2019,ardl_ecm,0.32883597637218,0.3489459716794,real_gdp_per_capita_only,2015,4,-0.0201099953072205
2019,univariate_arima,0.340077616641916,0.3489459716794,real_gdp_per_capita_only,2015,4,-0.0088683550374844
2020,structural_ols,0.329401730839885,0.397665294079763,real_gdp_per_capita_only,2015,5,-0.0682635632398781
2020,arimax_level,0.330991306692815,0.397665294079763,real_gdp_per_capita_only,2015,5,-0.0666739873869477
2020,arimax_diff,0.338610657098223,0.397665294079763,real_gdp_per_capita_only,2015,5,-0.0590546369815405
2020,dynamic_diff,0.339072743922907,0.397665294079763,real_gdp_per_capita_only,2015,5,-0.0585925501568559
2020,hybrid,0.340953081408665,0.397665294079763,real_gdp_per_capita_only,2015,5,-0.056712212671098
2020,ardl_ecm,0.329243111272075,0.397665294079763,real_gdp_per_capita_only,2015,5,-0.0684221828076884
2020,univariate_arima,0.340602762339027,0.397665294079763,real_gdp_per_capita_only,2015,5,-0.0570625317407358
2017,structural_ols,0.340001031468749,0.350056716497443,real_gdp_per_capita_only,2016,1,-0.0100556850286939
2017,arimax_level,0.352081609607686,0.350056716497443,real_gdp_per_capita_only,2016,1,0.00202489311024334
2017,arimax_diff,0.345942721869151,0.350056716497443,real_gdp_per_capita_only,2016,1,-0.00411399462829198
2017,dynamic_diff,0.345455338274182,0.350056716497443,real_gdp_per_capita_only,2016,1,-0.00460137822326129
2017,hybrid,0.344425803608144,0.350056716497443,real_gdp_per_capita_only,2016,1,-0.00563091288929873
2017,ardl_ecm,0.347676159023394,0.350056716497443,real_gdp_per_capita_only,2016,1,-0.00238055747404931
2017,univariate_arima,0.352760784289924,0.350056716497443,real_gdp_per_capita_only,2016,1,0.00270406779248072
2018,structural_ols,0.334653876777896,0.349966601492251,real_gdp_per_capita_only,2016,2,-0.0153127247143551
2018,arimax_level,0.348422305960473,0.349966601492251,real_gdp_per_capita_only,2016,2,-0.00154429553177837
2018,arimax_diff,0.342457138433955,0.349966601492251,real_gdp_per_capita_only,2016,2,-0.00750946305829642
2018,dynamic_diff,0.342303336075156,0.349966601492251,real_gdp_per_capita_only,2016,2,-0.00766326541709494
2018,hybrid,0.339564768892395,0.349966601492251,real_gdp_per_capita_only,2016,2,-0.010401832599856
2018,ardl_ecm,0.343868556059409,0.349966601492251,real_gdp_per_capita_only,2016,2,-0.00609804543284176
2018,univariate_arima,0.347275604376612,0.349966601492251,real_gdp_per_capita_only,2016,2,-0.00269099711563897
2019,structural_ols,0.328202462353103,0.3489459716794,real_gdp_per_capita_only,2016,3,-0.0207435093262972
2019,arimax_level,0.346358993339937,0.3489459716794,real_gdp_per_capita_only,2016,3,-0.00258697833946264
2019,arimax_diff,0.339151176084561,0.3489459716794,real_gdp_per_capita_only,2016,3,-0.00979479559483948
2019,dynamic_diff,0.339289142815067,0.3489459716794,real_gdp_per_capita_only,2016,3,-0.00965682886433256
2019,hybrid,0.335693867843129,0.3489459716794,real_gdp_per_capita_only,2016,3,-0.0132521038362712
2019,ardl_ecm,0.335062654355817,0.3489459716794,real_gdp_per_capita_only,2016,3,-0.0138833173235835
2019,univariate_arima,0.342174524343953,0.3489459716794,real_gdp_per_capita_only,2016,3,-0.00677144733544705
2020,structural_ols,0.331680767745945,0.397665294079763,real_gdp_per_capita_only,2016,4,-0.0659845263338182
2020,arimax_level,0.35571471156701,0.397665294079763,real_gdp_per_capita_only,2016,4,-0.0419505825127532
2020,arimax_diff,0.346435122008851,0.397665294079763,real_gdp_per_capita_only,2016,4,-0.0512301720709125
2020,dynamic_diff,0.346925609590836,0.397665294079763,real_gdp_per_capita_only,2016,4,-0.0507396844889272
2020,hybrid,0.341860525443405,0.397665294079763,real_gdp_per_capita_only,2016,4,-0.0558047686363579
2020,ardl_ecm,0.335938377702213,0.397665294079763,real_gdp_per_capita_only,2016,4,-0.06172691637755
2020,univariate_arima,0.339661313269385,0.397665294079763,real_gdp_per_capita_only,2016,4,-0.058003980810378
2021,structural_ols,0.320500962298056,0.420022274506502,real_gdp_per_capita_only,2016,5,-0.0995213122084465
2021,arimax_level,0.350228529057117,0.420022274506502,real_gdp_per_capita_only,2016,5,-0.0697937454493849
2021,arimax_diff,0.338694646124066,0.420022274506502,real_gdp_per_capita_only,2016,5,-0.0813276283824357
2021,dynamic_diff,0.33920101342291,0.420022274506502,real_gdp_per_capita_only,2016,5,-0.0808212610835917
2021,hybrid,0.332206115280723,0.420022274506502,real_gdp_per_capita_only,2016,5,-0.0878161592257785
2021,ardl_ecm,0.31630481903121,0.420022274506502,real_gdp_per_capita_only,2016,5,-0.103717455475292
2021,univariate_arima,0.337909743737182,0.420022274506502,real_gdp_per_capita_only,2016,5,-0.0821125307693196
2018,structural_ols,0.338982173686103,0.349966601492251,real_gdp_per_capita_only,2017,1,-0.0109844278061481
2018,arimax_level,0.346770785452255,0.349966601492251,real_gdp_per_capita_only,2017,1,-0.00319581603999597
2018,arimax_diff,0.347132682158641,0.349966601492251,real_gdp_per_capita_only,2017,1,-0.0028339193336101
2018,dynamic_diff,0.347036925100225,0.349966601492251,real_gdp_per_capita_only,2017,1,-0.0029296763920264
2018,hybrid,0.344996172606286,0.349966601492251,real_gdp_per_capita_only,2017,1,-0.00497042888596494
2018,ardl_ecm,0.347087364577883,0.349966601492251,real_gdp_per_capita_only,2017,1,-0.00287923691436837
2018,univariate_arima,0.342328770130877,0.349966601492251,real_gdp_per_capita_only,2017,1,-0.00763783136137386
2019,structural_ols,0.333370505737303,0.3489459716794,real_gdp_per_capita_only,2017,2,-0.0155754659420969
2019,arimax_level,0.345827982194397,0.3489459716794,real_gdp_per_capita_only,2017,2,-0.00311798948500286
2019,arimax_diff,0.344613402064276,0.3489459716794,real_gdp_per_capita_only,2017,2,-0.00433256961512424
2019,dynamic_diff,0.344744315736314,0.3489459716794,real_gdp_per_capita_only,2017,2,-0.00420165594308553
2019,hybrid,0.341677224224894,0.3489459716794,real_gdp_per_capita_only,2017,2,-0.00726874745450579
2019,ardl_ecm,0.338883782001076,0.3489459716794,real_gdp_per_capita_only,2017,2,-0.0100621896783242
2019,univariate_arima,0.340044643586537,0.3489459716794,real_gdp_per_capita_only,2017,2,-0.00890132809286309
2020,structural_ols,0.338039378398873,0.397665294079763,real_gdp_per_capita_only,2017,3,-0.0596259156808904
2020,arimax_level,0.355170380581106,0.397665294079763,real_gdp_per_capita_only,2017,3,-0.0424949134986571
2020,arimax_diff,0.352875932443597,0.397665294079763,real_gdp_per_capita_only,2017,3,-0.0447893616361657
2020,dynamic_diff,0.353077959142919,0.397665294079763,real_gdp_per_capita_only,2017,3,-0.0445873349368441
2020,hybrid,0.348199589745216,0.397665294079763,real_gdp_per_capita_only,2017,3,-0.049465704334547
2020,ardl_ecm,0.340228028304409,0.397665294079763,real_gdp_per_capita_only,2017,3,-0.0574372657753537
2020,univariate_arima,0.341429686924181,0.397665294079763,real_gdp_per_capita_only,2017,3,-0.0562356071555817
2021,structural_ols,0.327924278700241,0.420022274506502,real_gdp_per_capita_only,2017,4,-0.0920979958062608
2021,arimax_level,0.34942390658169,0.420022274506502,real_gdp_per_capita_only,2017,4,-0.0705983679248123
2021,arimax_diff,0.346559277093666,0.420022274506502,real_gdp_per_capita_only,2017,4,-0.0734629974128361
2021,dynamic_diff,0.346868249325458,0.420022274506502,real_gdp_per_capita_only,2017,4,-0.073154025181044
2021,hybrid,0.339726926430712,0.420022274506502,real_gdp_per_capita_only,2017,4,-0.0802953480757896
2021,ardl_ecm,0.321502634682433,0.420022274506502,real_gdp_per_capita_only,2017,4,-0.0985196398240691
2021,univariate_arima,0.340765613243525,0.420022274506502,real_gdp_per_capita_only,2017,4,-0.079256661262977
2022,structural_ols,0.302627425533413,0.378859989972692,real_gdp_per_capita_only,2017,5,-0.0762325644392789
2022,arimax_level,0.33028380092946,0.378859989972692,real_gdp_per_capita_only,2017,5,-0.0485761890432319
2022,arimax_diff,0.327947949969568,0.378859989972692,real_gdp_per_capita_only,2017,5,-0.0509120400031244
2022,dynamic_diff,0.329900319681239,0.378859989972692,real_gdp_per_capita_only,2017,5,-0.048959670291453
2022,hybrid,0.318720385108966,0.378859989972692,real_gdp_per_capita_only,2017,5,-0.0601396048637263
2022,ardl_ecm,0.292325472704977,0.378859989972692,real_gdp_per_capita_only,2017,5,-0.0865345172677154
2022,univariate_arima,0.339731200835908,0.378859989972692,real_gdp_per_capita_only,2017,5,-0.0391287891367845
2019,structural_ols,0.337968625145533,0.3489459716794,real_gdp_per_capita_only,2018,1,-0.0109773465338668
2019,arimax_level,0.347946237794711,0.3489459716794,real_gdp_per_capita_only,2018,1,-0.000999733884689491
2019,arimax_diff,0.347779829492426,0.3489459716794,real_gdp_per_capita_only,2018,1,-0.0011661421869742
2019,dynamic_diff,0.348098136631209,0.3489459716794,real_gdp_per_capita_only,2018,1,-0.000847835048190915
2019,hybrid,0.347140560253033,0.3489459716794,real_gdp_per_capita_only,2018,1,-0.00180541142636725
2019,ardl_ecm,0.342511575337368,0.3489459716794,real_gdp_per_capita_only,2018,1,-0.00643439634203241
2019,univariate_arima,0.346883179775631,0.3489459716794,real_gdp_per_capita_only,2018,1,-0.00206279190376946
2020,structural_ols,0.343734878090703,0.397665294079763,real_gdp_per_capita_only,2018,2,-0.05393041598906
2020,arimax_level,0.356610205838537,0.397665294079763,real_gdp_per_capita_only,2018,2,-0.0410550882412257
2020,arimax_diff,0.356525525974745,0.397665294079763,real_gdp_per_capita_only,2018,2,-0.0411397681050183
2020,dynamic_diff,0.357193028764146,0.397665294079763,real_gdp_per_capita_only,2018,2,-0.0404722653156165
2020,hybrid,0.354536747918472,0.397665294079763,real_gdp_per_capita_only,2018,2,-0.043128546161291
2020,ardl_ecm,0.344431522065982,0.397665294079763,real_gdp_per_capita_only,2018,2,-0.0532337720137813
2020,univariate_arima,0.343996752027571,0.397665294079763,real_gdp_per_capita_only,2018,2,-0.053668542052192
2021,structural_ols,0.334774870536917,0.420022274506502,real_gdp_per_capita_only,2018,3,-0.085247403969585
2021,arimax_level,0.352075292210504,0.420022274506502,real_gdp_per_capita_only,2018,3,-0.0679469822959979
2021,arimax_diff,0.350750403958089,0.420022274506502,real_gdp_per_capita_only,2018,3,-0.0692718705484132
2021,dynamic_diff,0.351586711363586,0.420022274506502,real_gdp_per_capita_only,2018,3,-0.068435563142916
2021,hybrid,0.346903203380193,0.420022274506502,real_gdp_per_capita_only,2018,3,-0.073119071126309
2021,ardl_ecm,0.326257687821494,0.420022274506502,real_gdp_per_capita_only,2018,3,-0.0937645866850076
2021,univariate_arima,0.340872862574543,0.420022274506502,real_gdp_per_capita_only,2018,3,-0.0791494119319589
2022,structural_ols,0.310910750362675,0.378859989972692,real_gdp_per_capita_only,2018,4,-0.0679492396100168
2022,arimax_level,0.334726342150287,0.378859989972692,real_gdp_per_capita_only,2018,4,-0.0441336478224053
2022,arimax_diff,0.332555186301352,0.378859989972692,real_gdp_per_capita_only,2018,4,-0.0463048036713396
2022,dynamic_diff,0.335523627612293,0.378859989972692,real_gdp_per_capita_only,2018,4,-0.0433363623603995
2022,hybrid,0.327101015433952,0.378859989972692,real_gdp_per_capita_only,2018,4,-0.0517589745387403
2022,ardl_ecm,0.298265395837869,0.378859989972692,real_gdp_per_capita_only,2018,4,-0.0805945941348231
2022,univariate_arima,0.338686360945832,0.378859989972692,real_gdp_per_capita_only,2018,4,-0.0401736290268599
2023,structural_ols,0.307331707197266,0.357918223925394,real_gdp_per_capita_only,2018,5,-0.0505865167281279
2023,arimax_level,0.332961483998038,0.357918223925394,real_gdp_per_capita_only,2018,5,-0.0249567399273563
2023,arimax_diff,0.331397818439083,0.357918223925394,real_gdp_per_capita_only,2018,5,-0.0265204054863107
2023,dynamic_diff,0.333621274237018,0.357918223925394,real_gdp_per_capita_only,2018,5,-0.0242969496883759
2023,hybrid,0.322762508111032,0.357918223925394,real_gdp_per_capita_only,2018,5,-0.0351557158143621
2023,ardl_ecm,0.27624060218266,0.357918223925394,real_gdp_per_capita_only,2018,5,-0.0816776217427345
2023,univariate_arima,0.338181386735072,0.357918223925394,real_gdp_per_capita_only,2018,5,-0.0197368371903223
2020,structural_ols,0.348614555216378,0.397665294079763,real_gdp_per_capita_only,2019,1,-0.0490507388633847
2020,arimax_level,0.357481487305687,0.397665294079763,real_gdp_per_capita_only,2019,1,-0.0401838067740761
2020,arimax_diff,0.35794205448286,0.397665294079763,real_gdp_per_capita_only,2019,1,-0.0397232395969033
2020,dynamic_diff,0.358235903287203,0.397665294079763,real_gdp_per_capita_only,2019,1,-0.0394293907925601
2020,hybrid,0.357045209960126,0.397665294079763,real_gdp_per_capita_only,2019,1,-0.0406200841196366
2020,ardl_ecm,0.352743820172222,0.397665294079763,real_gdp_per_capita_only,2019,1,-0.0449214739075415
2020,univariate_arima,0.346463812108654,0.397665294079763,real_gdp_per_capita_only,2019,1,-0.0512014819711094
2021,structural_ols,0.340842234703248,0.420022274506502,real_gdp_per_capita_only,2019,2,-0.0791800398032542
2021,arimax_level,0.352734829035311,0.420022274506502,real_gdp_per_capita_only,2019,2,-0.0672874454711908
2021,arimax_diff,0.352385202942938,0.420022274506502,real_gdp_per_capita_only,2019,2,-0.0676370715635641
2021,dynamic_diff,0.352789055301966,0.420022274506502,real_gdp_per_capita_only,2019,2,-0.0672332192045356
2021,hybrid,0.350325061592589,0.420022274506502,real_gdp_per_capita_only,2019,2,-0.0696972129139128
2021,ardl_ecm,0.336064177681965,0.420022274506502,real_gdp_per_capita_only,2019,2,-0.0839580968245374
2021,univariate_arima,0.342832543516651,0.420022274506502,real_gdp_per_capita_only,2019,2,-0.0771897309898514
2022,structural_ols,0.3186638806491,0.378859989972692,real_gdp_per_capita_only,2019,3,-0.060196109323592
2022,arimax_level,0.335087542926812,0.378859989972692,real_gdp_per_capita_only,2019,3,-0.0437724470458802
2022,arimax_diff,0.3344141927988,0.378859989972692,real_gdp_per_capita_only,2019,3,-0.0444457971738922
2022,dynamic_diff,0.33692582224722,0.378859989972692,real_gdp_per_capita_only,2019,3,-0.0419341677254722
2022,hybrid,0.331424294966596,0.378859989972692,real_gdp_per_capita_only,2019,3,-0.0474356950060963
2022,ardl_ecm,0.310941138894393,0.378859989972692,real_gdp_per_capita_only,2019,3,-0.0679188510782995
2022,univariate_arima,0.339873827091836,0.378859989972692,real_gdp_per_capita_only,2019,3,-0.0389861628808563
2023,structural_ols,0.315514503267391,0.357918223925394,real_gdp_per_capita_only,2019,4,-0.042403720658003
2023,arimax_level,0.333313574272643,0.357918223925394,real_gdp_per_capita_only,2019,4,-0.0246046496527511
2023,arimax_diff,0.333308966544398,0.357918223925394,real_gdp_per_capita_only,2019,4,-0.0246092573809965
2023,dynamic_diff,0.335076210467793,0.357918223925394,real_gdp_per_capita_only,2019,4,-0.0228420134576013
2023,hybrid,0.327357183312619,0.357918223925394,real_gdp_per_capita_only,2019,4,-0.0305610406127752
2023,ardl_ecm,0.291705072985468,0.357918223925394,real_gdp_per_capita_only,2019,4,-0.0662131509399262
2023,univariate_arima,0.338724914526558,0.357918223925394,real_gdp_per_capita_only,2019,4,-0.0191933093988364
2024,structural_ols,0.33005173346086,0.373326881738081,real_gdp_per_capita_only,2019,5,-0.043275148277221
2024,arimax_level,0.346698610484719,0.373326881738081,real_gdp_per_capita_only,2019,5,-0.0266282712533615
2024,arimax_diff,0.347609075008257,0.373326881738081,real_gdp_per_capita_only,2019,5,-0.0257178067298243
2024,dynamic_diff,0.349020922310973,0.373326881738081,real_gdp_per_capita_only,2019,5,-0.0243059594271078
2024,hybrid,0.34224805786924,0.373326881738081,real_gdp_per_capita_only,2019,5,-0.031078823868841
2024,ardl_ecm,0.284983055274753,0.373326881738081,real_gdp_per_capita_only,2019,5,-0.0883438264633276
2024,univariate_arima,0.339011124668506,0.373326881738081,real_gdp_per_capita_only,2019,5,-0.0343157570695752
2021,structural_ols,0.340842234703247,0.420022274506502,real_gdp_per_capita_only,2020,1,-0.0791800398032548
2021,arimax_level,0.35273570617473,0.420022274506502,real_gdp_per_capita_only,2020,1,-0.0672865683317717
2021,arimax_diff,0.392108442539841,0.420022274506502,real_gdp_per_capita_only,2020,1,-0.0279138319666609
2021,dynamic_diff,0.392218446094507,0.420022274506502,real_gdp_per_capita_only,2020,1,-0.027803828411995
2021,hybrid,0.344418618977068,0.420022274506502,real_gdp_per_capita_only,2020,1,-0.0756036555294342
2021,ardl_ecm,0.371155990177598,0.420022274506502,real_gdp_per_capita_only,2020,1,-0.0488662843289037
2021,univariate_arima,0.342828451069405,0.420022274506502,real_gdp_per_capita_only,2020,1,-0.0771938234370966
2022,structural_ols,0.318663880649099,0.378859989972692,real_gdp_per_capita_only,2020,2,-0.0601961093235929
2022,arimax_level,0.335090617880058,0.378859989972692,real_gdp_per_capita_only,2020,2,-0.0437693720926338
2022,arimax_diff,0.374137432395703,0.378859989972692,real_gdp_per_capita_only,2020,2,-0.00472255757698897
2022,dynamic_diff,0.376355213039738,0.378859989972692,real_gdp_per_capita_only,2020,2,-0.00250477693295409
2022,hybrid,0.325612540238406,0.378859989972692,real_gdp_per_capita_only,2020,2,-0.0532474497342859
2022,ardl_ecm,0.332204494659114,0.378859989972692,real_gdp_per_capita_only,2020,2,-0.0466554953135783
2022,univariate_arima,0.339866197369777,0.378859989972692,real_gdp_per_capita_only,2020,2,-0.0389937926029148
2023,structural_ols,0.31551450326739,0.357918223925394,real_gdp_per_capita_only,2020,3,-0.0424037206580039
2023,arimax_level,0.333317490586889,0.357918223925394,real_gdp_per_capita_only,2020,3,-0.0246007333385053
2023,arimax_diff,0.373032206141301,0.357918223925394,real_gdp_per_capita_only,2020,3,0.0151139822159067
2023,dynamic_diff,0.374505601260301,0.357918223925394,real_gdp_per_capita_only,2020,3,0.0165873773349073
2023,hybrid,0.321188836907156,0.357918223925394,real_gdp_per_capita_only,2020,3,-0.0367293870182377
2023,ardl_ecm,0.303511569707327,0.357918223925394,real_gdp_per_capita_only,2020,3,-0.0544066542180674
2023,univariate_arima,0.338715417702004,0.357918223925394,real_gdp_per_capita_only,2020,3,-0.0192028062233904
2024,structural_ols,0.33005173346086,0.373326881738081,real_gdp_per_capita_only,2020,4,-0.0432751482772215
2024,arimax_level,0.346701894460042,0.373326881738081,real_gdp_per_capita_only,2020,4,-0.0266249872780385
2024,arimax_diff,0.38733231460516,0.373326881738081,real_gdp_per_capita_only,2020,4,0.0140054328670789
2024,dynamic_diff,0.388450313103501,0.373326881738081,real_gdp_per_capita_only,2020,4,0.0151234313654204
2024,hybrid,0.335992670965789,0.373326881738081,real_gdp_per_capita_only,2020,4,-0.0373342107722924
2024,ardl_ecm,0.291295134547603,0.373326881738081,real_gdp_per_capita_only,2020,4,-0.0820317471904778
2024,univariate_arima,0.339001919998776,0.373326881738081,real_gdp_per_capita_only,2020,4,-0.0343249617393052
2025,structural_ols,0.338713227467151,0.383410740130003,real_gdp_per_capita_only,2020,5,-0.0446975126628523
2025,arimax_level,0.355518000239536,0.383410740130003,real_gdp_per_capita_only,2020,5,-0.0278927398904673
2025,arimax_diff,0.396601004699158,0.383410740130003,real_gdp_per_capita_only,2020,5,0.0131902645691545
2025,dynamic_diff,0.398207330921615,0.383410740130003,real_gdp_per_capita_only,2020,5,0.0147965907916118
2025,hybrid,0.346578475068197,0.383410740130003,real_gdp_per_capita_only,2020,5,-0.0368322650618056
2025,ardl_ecm,0.283485030982484,0.383410740130003,real_gdp_per_capita_only,2020,5,-0.0999257091475192
2025,univariate_arima,0.339517140357808,0.383410740130003,real_gdp_per_capita_only,2020,5,-0.0438935997721955
2011,structural_ols,0.345055720415812,0.347158149042668,population_and_real_gdp_per_capita,2010,1,-0.00210242862685611
2011,arimax_level,0.348755979441914,0.347158149042668,population_and_real_gdp_per_capita,2010,1,0.00159783039924571
2011,arimax_diff,0.359648897657083,0.347158149042668,population_and_real_gdp_per_capita,2010,1,0.0124907486144146
2011,dynamic_diff,0.366213472544301,0.347158149042668,population_and_real_gdp_per_capita,2010,1,0.0190553235016334
2011,hybrid,0.370683321387621,0.347158149042668,population_and_real_gdp_per_capita,2010,1,0.0235251723449533
2011,ardl_ecm,0.352523873298582,0.347158149042668,population_and_real_gdp_per_capita,2010,1,0.00536572425591431
2011,univariate_arima,0.366046304243693,0.347158149042668,population_and_real_gdp_per_capita,2010,1,0.0188881552010246
2012,structural_ols,0.346329450261602,0.349874026949591,population_and_real_gdp_per_capita,2010,2,-0.00354457668798913
2012,arimax_level,0.353875496129944,0.349874026949591,population_and_real_gdp_per_capita,2010,2,0.00400146918035305
2012,arimax_diff,0.3621943980836,0.349874026949591,population_and_real_gdp_per_capita,2010,2,0.0123203711340088
2012,dynamic_diff,0.360184226673206,0.349874026949591,population_and_real_gdp_per_capita,2010,2,0.0103101997236154
2012,hybrid,0.361445421574637,0.349874026949591,population_and_real_gdp_per_capita,2010,2,0.0115713946250463
2012,ardl_ecm,0.327020863768229,0.349874026949591,population_and_real_gdp_per_capita,2010,2,-0.0228531631813618
2012,univariate_arima,0.363431491120029,0.349874026949591,population_and_real_gdp_per_capita,2010,2,0.013557464170438
2013,structural_ols,0.350482310524029,0.344430952357823,population_and_real_gdp_per_capita,2010,3,0.006051358166206
2013,arimax_level,0.355587706111415,0.344430952357823,population_and_real_gdp_per_capita,2010,3,0.0111567537535918
2013,arimax_diff,0.363963358762968,0.344430952357823,population_and_real_gdp_per_capita,2010,3,0.0195324064051449
2013,dynamic_diff,0.362546712633676,0.344430952357823,population_and_real_gdp_per_capita,2010,3,0.0181157602758531
2013,hybrid,0.359698949098256,0.344430952357823,population_and_real_gdp_per_capita,2010,3,0.0152679967404334
2013,ardl_ecm,0.316378196406109,0.344430952357823,population_and_real_gdp_per_capita,2010,3,-0.0280527559517139
2013,univariate_arima,0.3679224728231,0.344430952357823,population_and_real_gdp_per_capita,2010,3,0.0234915204652774
2014,structural_ols,0.350126020570114,0.346132712717135,population_and_real_gdp_per_capita,2010,4,0.00399330785297886
2014,arimax_level,0.355361286145148,0.346132712717135,population_and_real_gdp_per_capita,2010,4,0.00922857342801325
2014,arimax_diff,0.364646425526686,0.346132712717135,population_and_real_gdp_per_capita,2010,4,0.0185137128095514
2014,dynamic_diff,0.368481812914009,0.346132712717135,population_and_real_gdp_per_capita,2010,4,0.022349100196874
2014,hybrid,0.365320977321445,0.346132712717135,population_and_real_gdp_per_capita,2010,4,0.0191882646043104
2014,ardl_ecm,0.306646596991331,0.346132712717135,population_and_real_gdp_per_capita,2010,4,-0.0394861157258037
2014,univariate_arima,0.372848549305431,0.346132712717135,population_and_real_gdp_per_capita,2010,4,0.0267158365882962
2015,structural_ols,0.35819023424961,0.348893646518989,population_and_real_gdp_per_capita,2010,5,0.00929658773062092
2015,arimax_level,0.361009261926394,0.348893646518989,population_and_real_gdp_per_capita,2010,5,0.0121156154074045
2015,arimax_diff,0.369912822420926,0.348893646518989,population_and_real_gdp_per_capita,2010,5,0.0210191759019368
2015,dynamic_diff,0.376342919988782,0.348893646518989,population_and_real_gdp_per_capita,2010,5,0.027449273469793
2015,hybrid,0.370963256488909,0.348893646518989,population_and_real_gdp_per_capita,2010,5,0.0220696099699205
2015,ardl_ecm,0.293762272599072,0.348893646518989,population_and_real_gdp_per_capita,2010,5,-0.0551313739199172
2015,univariate_arima,0.379415444544692,0.348893646518989,population_and_real_gdp_per_capita,2010,5,0.0305217980257027
2012,structural_ols,0.348428506397076,0.349874026949591,population_and_real_gdp_per_capita,2011,1,-0.00144552055251468
2012,arimax_level,0.351939824125051,0.349874026949591,population_and_real_gdp_per_capita,2011,1,0.00206579717545963
2012,arimax_diff,0.347003264099283,0.349874026949591,population_and_real_gdp_per_capita,2011,1,-0.00287076285030802
2012,dynamic_diff,0.341779458538365,0.349874026949591,population_and_real_gdp_per_capita,2011,1,-0.00809456841122574
2012,hybrid,0.346305791148843,0.349874026949591,population_and_real_gdp_per_capita,2011,1,-0.00356823580074761
2012,ardl_ecm,0.321611674293409,0.349874026949591,population_and_real_gdp_per_capita,2011,1,-0.0282623526561823
2012,univariate_arima,0.342288837033091,0.349874026949591,population_and_real_gdp_per_capita,2011,1,-0.0075851899165002
2013,structural_ols,0.352320472970302,0.344430952357823,population_and_real_gdp_per_capita,2011,2,0.00788952061247889
2013,arimax_level,0.353998382673584,0.344430952357823,population_and_real_gdp_per_capita,2011,2,0.00956743031576113
2013,arimax_diff,0.351649698131009,0.344430952357823,population_and_real_gdp_per_capita,2011,2,0.00721874577318576
2013,dynamic_diff,0.348188325622346,0.344430952357823,population_and_real_gdp_per_capita,2011,2,0.00375737326452325
2013,hybrid,0.351555400177313,0.344430952357823,population_and_real_gdp_per_capita,2011,2,0.00712444781948962
2013,ardl_ecm,0.310760965462822,0.344430952357823,population_and_real_gdp_per_capita,2011,2,-0.0336699868950012
2013,univariate_arima,0.352936023373002,0.344430952357823,population_and_real_gdp_per_capita,2011,2,0.00850507101517906
2014,structural_ols,0.352058113660501,0.346132712717135,population_and_real_gdp_per_capita,2011,3,0.0059254009433663
2014,arimax_level,0.353613100837007,0.346132712717135,population_and_real_gdp_per_capita,2011,3,0.00748038811987212
2014,arimax_diff,0.352099737389305,0.346132712717135,population_and_real_gdp_per_capita,2011,3,0.00596702467217031
2014,dynamic_diff,0.351032705820124,0.346132712717135,population_and_real_gdp_per_capita,2011,3,0.00489999310298916
2014,hybrid,0.354756378430982,0.346132712717135,population_and_real_gdp_per_capita,2011,3,0.00862366571384737
2014,ardl_ecm,0.298896517072812,0.346132712717135,population_and_real_gdp_per_capita,2011,3,-0.0472361956443229
2014,univariate_arima,0.364746639647004,0.346132712717135,population_and_real_gdp_per_capita,2011,3,0.0186139269298691
2015,structural_ols,0.360047610644361,0.348893646518989,population_and_real_gdp_per_capita,2011,4,0.0111539641253721
2015,arimax_level,0.359252293079845,0.348893646518989,population_and_real_gdp_per_capita,2011,4,0.0103586465608562
2015,arimax_diff,0.359192767474233,0.348893646518989,population_and_real_gdp_per_capita,2011,4,0.0102991209552444
2015,dynamic_diff,0.360562617228848,0.348893646518989,population_and_real_gdp_per_capita,2011,4,0.011668970709859
2015,hybrid,0.365602708766502,0.348893646518989,population_and_real_gdp_per_capita,2011,4,0.0167090622475126
2015,ardl_ecm,0.284982230606502,0.348893646518989,population_and_real_gdp_per_capita,2011,4,-0.0639114159124867
2015,univariate_arima,0.368892217288456,0.348893646518989,population_and_real_gdp_per_capita,2011,4,0.0199985707694671
2016,structural_ols,0.364284286425979,0.354659808866871,population_and_real_gdp_per_capita,2011,5,0.00962447755910789
2016,arimax_level,0.361069309988799,0.354659808866871,population_and_real_gdp_per_capita,2011,5,0.00640950112192806
2016,arimax_diff,0.363026783476066,0.354659808866871,population_and_real_gdp_per_capita,2011,5,0.00836697460919533
2016,dynamic_diff,0.369009574450435,0.354659808866871,population_and_real_gdp_per_capita,2011,5,0.0143497655835635
2016,hybrid,0.375319610328809,0.354659808866871,population_and_real_gdp_per_capita,2011,5,0.0206598014619375
2016,ardl_ecm,0.264430511721858,0.354659808866871,population_and_real_gdp_per_capita,2011,5,-0.0902292971450126
2016,univariate_arima,0.372137943733343,0.354659808866871,population_and_real_gdp_per_capita,2011,5,0.0174781348664723
2013,structural_ols,0.353196088068584,0.344430952357823,population_and_real_gdp_per_capita,2012,1,0.00876513571076093
2013,arimax_level,0.351444893497014,0.344430952357823,population_and_real_gdp_per_capita,2012,1,0.00701394113919135
2013,arimax_diff,0.355787963109675,0.344430952357823,population_and_real_gdp_per_capita,2012,1,0.0113570107518517
2013,dynamic_diff,0.35763157428953,0.344430952357823,population_and_real_gdp_per_capita,2012,1,0.0132006219317072
2013,hybrid,0.355037783559548,0.344430952357823,population_and_real_gdp_per_capita,2012,1,0.0106068312017248
2013,ardl_ecm,0.350358943722829,0.344430952357823,population_and_real_gdp_per_capita,2012,1,0.00592799136500571
2013,univariate_arima,0.361159334055975,0.344430952357823,population_and_real_gdp_per_capita,2012,1,0.0167283816981519
2014,structural_ols,0.353040097394828,0.346132712717135,population_and_real_gdp_per_capita,2012,2,0.00690738467769308
2014,arimax_level,0.351377639512754,0.346132712717135,population_and_real_gdp_per_capita,2012,2,0.00524492679561889
2014,arimax_diff,0.357304597572741,0.346132712717135,population_and_real_gdp_per_capita,2012,2,0.0111718848556056
2014,dynamic_diff,0.359669308253069,0.346132712717135,population_and_real_gdp_per_capita,2012,2,0.013536595535934
2014,hybrid,0.357018340908078,0.346132712717135,population_and_real_gdp_per_capita,2012,2,0.0108856281909429
2014,ardl_ecm,0.342388295231071,0.346132712717135,population_and_real_gdp_per_capita,2012,2,-0.00374441748606386
2014,univariate_arima,0.370793469516828,0.346132712717135,population_and_real_gdp_per_capita,2012,2,0.0246607567996924
2015,structural_ols,0.361134546705582,0.348893646518989,population_and_real_gdp_per_capita,2012,3,0.0122409001865931
2015,arimax_level,0.356522744749927,0.348893646518989,population_and_real_gdp_per_capita,2012,3,0.00762909823093766
2015,arimax_diff,0.365584797907712,0.348893646518989,population_and_real_gdp_per_capita,2012,3,0.0166911513887225
2015,dynamic_diff,0.369758315538349,0.348893646518989,population_and_real_gdp_per_capita,2012,3,0.0208646690193596
2015,hybrid,0.367405819900609,0.348893646518989,population_and_real_gdp_per_capita,2012,3,0.01851217338162
2015,ardl_ecm,0.343444824266722,0.348893646518989,population_and_real_gdp_per_capita,2012,3,-0.00544882225226673
2015,univariate_arima,0.379244385319906,0.348893646518989,population_and_real_gdp_per_capita,2012,3,0.0303507388009166
2016,structural_ols,0.36549865846689,0.354659808866871,population_and_real_gdp_per_capita,2012,4,0.0108388496000191
2016,arimax_level,0.357801808443021,0.354659808866871,population_and_real_gdp_per_capita,2012,4,0.00314199957614969
2016,arimax_diff,0.370649961817746,0.354659808866871,population_and_real_gdp_per_capita,2012,4,0.015990152950875
2016,dynamic_diff,0.377005039872451,0.354659808866871,population_and_real_gdp_per_capita,2012,4,0.0223452310055798
2016,hybrid,0.375887106815297,0.354659808866871,population_and_real_gdp_per_capita,2012,4,0.0212272979484259
2016,ardl_ecm,0.338078823071398,0.354659808866871,population_and_real_gdp_per_capita,2012,4,-0.0165809857954732
2016,univariate_arima,0.383829301830237,0.354659808866871,population_and_real_gdp_per_capita,2012,4,0.0291694929633658
2017,structural_ols,0.352749216528489,0.350056716497443,population_and_real_gdp_per_capita,2012,5,0.00269250003104632
2017,arimax_level,0.348246412749141,0.350056716497443,population_and_real_gdp_per_capita,2012,5,-0.00181030374830221
2017,arimax_diff,0.362634744882886,0.350056716497443,population_and_real_gdp_per_capita,2012,5,0.012578028385443
2017,dynamic_diff,0.368779186953898,0.350056716497443,population_and_real_gdp_per_capita,2012,5,0.0187224704564545
2017,hybrid,0.366014307624538,0.350056716497443,population_and_real_gdp_per_capita,2012,5,0.0159575911270946
2017,ardl_ecm,0.319673744204321,0.350056716497443,population_and_real_gdp_per_capita,2012,5,-0.0303829722931225
2017,univariate_arima,0.388840161837961,0.350056716497443,population_and_real_gdp_per_capita,2012,5,0.0387834453405182
2014,structural_ols,0.346916794045971,0.346132712717135,population_and_real_gdp_per_capita,2013,1,0.000784081328835506
2014,arimax_level,0.342993109324461,0.346132712717135,population_and_real_gdp_per_capita,2013,1,-0.00313960339267377
2014,arimax_diff,0.342312657134735,0.346132712717135,population_and_real_gdp_per_capita,2013,1,-0.00382005558240034
2014,dynamic_diff,0.340286377891386,0.346132712717135,population_and_real_gdp_per_capita,2013,1,-0.00584633482574859
2014,hybrid,0.344417722163933,0.346132712717135,population_and_real_gdp_per_capita,2013,1,-0.00171499055320251
2014,ardl_ecm,0.33310908493072,0.346132712717135,population_and_real_gdp_per_capita,2013,1,-0.0130236277864154
2014,univariate_arima,0.347663148545054,0.346132712717135,population_and_real_gdp_per_capita,2013,1,0.00153043582791923
2015,structural_ols,0.352591304973888,0.348893646518989,population_and_real_gdp_per_capita,2013,2,0.00369765845489856
2015,arimax_level,0.349391981367332,0.348893646518989,population_and_real_gdp_per_capita,2013,2,0.000498334848342608
2015,arimax_diff,0.345918314597436,0.348893646518989,population_and_real_gdp_per_capita,2013,2,-0.00297533192155325
2015,dynamic_diff,0.343642035619911,0.348893646518989,population_and_real_gdp_per_capita,2013,2,-0.00525161089907772
2015,hybrid,0.351831716775653,0.348893646518989,population_and_real_gdp_per_capita,2013,2,0.00293807025666409
2015,ardl_ecm,0.331328596763845,0.348893646518989,population_and_real_gdp_per_capita,2013,2,-0.0175650497551438
2015,univariate_arima,0.357611707843719,0.348893646518989,population_and_real_gdp_per_capita,2013,2,0.00871806132472985
2016,structural_ols,0.354249724820336,0.354659808866871,population_and_real_gdp_per_capita,2013,3,-0.000410084046535086
2016,arimax_level,0.349028502335615,0.354659808866871,population_and_real_gdp_per_capita,2013,3,-0.00563130653125615
2016,arimax_diff,0.346141581545014,0.354659808866871,population_and_real_gdp_per_capita,2013,3,-0.00851822732185653
2016,dynamic_diff,0.342762682073475,0.354659808866871,population_and_real_gdp_per_capita,2013,3,-0.0118971267933958
2016,hybrid,0.357092553625443,0.354659808866871,population_and_real_gdp_per_capita,2013,3,0.00243274475857241
2016,ardl_ecm,0.322644335786999,0.354659808866871,population_and_real_gdp_per_capita,2013,3,-0.0320154730798719
2016,univariate_arima,0.367531713234013,0.354659808866871,population_and_real_gdp_per_capita,2013,3,0.0128719043671418
2017,structural_ols,0.341383223093985,0.350056716497443,population_and_real_gdp_per_capita,2013,4,-0.00867349340345774
2017,arimax_level,0.33842977847228,0.350056716497443,population_and_real_gdp_per_capita,2013,4,-0.0116269380251632
2017,arimax_diff,0.336834833972159,0.350056716497443,population_and_real_gdp_per_capita,2013,4,-0.0132218825252841
2017,dynamic_diff,0.331430151689063,0.350056716497443,population_and_real_gdp_per_capita,2013,4,-0.0186265648083803
2017,hybrid,0.347498805481551,0.350056716497443,population_and_real_gdp_per_capita,2013,4,-0.00255791101589237
2017,ardl_ecm,0.30288034752742,0.350056716497443,population_and_real_gdp_per_capita,2013,4,-0.0471763689700229
2017,univariate_arima,0.377374857050796,0.350056716497443,population_and_real_gdp_per_capita,2013,4,0.0273181405533532
2018,structural_ols,0.336126487147806,0.349966601492251,population_and_real_gdp_per_capita,2013,5,-0.0138401143444448
2018,arimax_level,0.333375257942829,0.349966601492251,population_and_real_gdp_per_capita,2013,5,-0.0165913435494222
2018,arimax_diff,0.332247678342331,0.349966601492251,population_and_real_gdp_per_capita,2013,5,-0.0177189231499196
2018,dynamic_diff,0.328042458927117,0.349966601492251,population_and_real_gdp_per_capita,2013,5,-0.021924142565134
2018,hybrid,0.343217085640344,0.349966601492251,population_and_real_gdp_per_capita,2013,5,-0.00674951585190659
2018,ardl_ecm,0.291039646984464,0.349966601492251,population_and_real_gdp_per_capita,2013,5,-0.0589269545077873
2018,univariate_arima,0.381174929526139,0.349966601492251,population_and_real_gdp_per_capita,2013,5,0.0312083280338876
2015,structural_ols,0.352041832695811,0.348893646518989,population_and_real_gdp_per_capita,2014,1,0.00314818617682194
2015,arimax_level,0.353214804828055,0.348893646518989,population_and_real_gdp_per_capita,2014,1,0.00432115830906615
2015,arimax_diff,0.350572263860547,0.348893646518989,population_and_real_gdp_per_capita,2014,1,0.00167861734155828
2015,dynamic_diff,0.351255249630699,0.348893646518989,population_and_real_gdp_per_capita,2014,1,0.00236160311171024
2015,hybrid,0.353036879612315,0.348893646518989,population_and_real_gdp_per_capita,2014,1,0.00414323309332587
2015,ardl_ecm,0.346627479624814,0.348893646518989,population_and_real_gdp_per_capita,2014,1,-0.00226616689417464
2015,univariate_arima,0.355521758447622,0.348893646518989,population_and_real_gdp_per_capita,2014,1,0.00662811192863261
2016,structural_ols,0.353511779031755,0.354659808866871,population_and_real_gdp_per_capita,2014,2,-0.00114802983511592
2016,arimax_level,0.352219502625011,0.354659808866871,population_and_real_gdp_per_capita,2014,2,-0.00244030624186015
2016,arimax_diff,0.351632577752272,0.354659808866871,population_and_real_gdp_per_capita,2014,2,-0.00302723111459868
2016,dynamic_diff,0.353014544638323,0.354659808866871,population_and_real_gdp_per_capita,2014,2,-0.00164526422854788
2016,hybrid,0.357759592277575,0.354659808866871,population_and_real_gdp_per_capita,2014,2,0.00309978341070399
2016,ardl_ecm,0.342662472289761,0.354659808866871,population_and_real_gdp_per_capita,2014,2,-0.01199733657711
2016,univariate_arima,0.365689020647563,0.354659808866871,population_and_real_gdp_per_capita,2014,2,0.0110292117806917
2017,structural_ols,0.340637795383542,0.350056716497443,population_and_real_gdp_per_capita,2014,3,-0.00941892111390141
2017,arimax_level,0.341887679349772,0.350056716497443,population_and_real_gdp_per_capita,2014,3,-0.00816903714767136
2017,arimax_diff,0.342872370781433,0.350056716497443,population_and_real_gdp_per_capita,2014,3,-0.0071843457160099
2017,dynamic_diff,0.343634049381708,0.350056716497443,population_and_real_gdp_per_capita,2014,3,-0.00642266711573508
2017,hybrid,0.34776574254286,0.350056716497443,population_and_real_gdp_per_capita,2014,3,-0.00229097395458322
2017,ardl_ecm,0.326544581105673,0.350056716497443,population_and_real_gdp_per_capita,2014,3,-0.0235121353917698
2017,univariate_arima,0.376135904522407,0.350056716497443,population_and_real_gdp_per_capita,2014,3,0.0260791880249638
2018,structural_ols,0.335312891065834,0.349966601492251,population_and_real_gdp_per_capita,2014,4,-0.0146537104264169
2018,arimax_level,0.337236617026151,0.349966601492251,population_and_real_gdp_per_capita,2014,4,-0.0127299844660996
2018,arimax_diff,0.338885729363658,0.349966601492251,population_and_real_gdp_per_capita,2014,4,-0.0110808721285932
2018,dynamic_diff,0.340071178719798,0.349966601492251,population_and_real_gdp_per_capita,2014,4,-0.00989542277245314
2018,hybrid,0.342909034739999,0.349966601492251,population_and_real_gdp_per_capita,2014,4,-0.00705756675225211
2018,ardl_ecm,0.314996626434619,0.349966601492251,population_and_real_gdp_per_capita,2014,4,-0.034969975057632
2018,univariate_arima,0.380515038992842,0.349966601492251,population_and_real_gdp_per_capita,2014,4,0.0305484375005906
2019,structural_ols,0.328846228538033,0.3489459716794,population_and_real_gdp_per_capita,2014,5,-0.0200997431413665
2019,arimax_level,0.332059048716298,0.3489459716794,population_and_real_gdp_per_capita,2014,5,-0.0168869229631018
2019,arimax_diff,0.334859655716991,0.3489459716794,population_and_real_gdp_per_capita,2014,5,-0.0140863159624086
2019,dynamic_diff,0.336254325757678,0.3489459716794,population_and_real_gdp_per_capita,2014,5,-0.0126916459217216
2019,hybrid,0.339225651943444,0.3489459716794,population_and_real_gdp_per_capita,2014,5,-0.00972031973595555
2019,ardl_ecm,0.299997604725328,0.3489459716794,population_and_real_gdp_per_capita,2014,5,-0.0489483669540718
2019,univariate_arima,0.38427870750449,0.3489459716794,population_and_real_gdp_per_capita,2014,5,0.0353327358250903
2016,structural_ols,0.351058573886703,0.354659808866871,population_and_real_gdp_per_capita,2015,1,-0.00360123498016846
2016,arimax_level,0.346864403156361,0.354659808866871,population_and_real_gdp_per_capita,2015,1,-0.00779540571050957
2016,arimax_diff,0.349537311343308,0.354659808866871,population_and_real_gdp_per_capita,2015,1,-0.00512249752356275
2016,dynamic_diff,0.349867313373782,0.354659808866871,population_and_real_gdp_per_capita,2015,1,-0.00479249549308874
2016,hybrid,0.352178177013773,0.354659808866871,population_and_real_gdp_per_capita,2015,1,-0.0024816318530978
2016,ardl_ecm,0.345460487379801,0.354659808866871,population_and_real_gdp_per_capita,2015,1,-0.00919932148706987
2016,univariate_arima,0.356502564900125,0.354659808866871,population_and_real_gdp_per_capita,2015,1,0.00184275603325379
2017,structural_ols,0.338363164117662,0.350056716497443,population_and_real_gdp_per_capita,2015,2,-0.011693552379781
2017,arimax_level,0.338031889966992,0.350056716497443,population_and_real_gdp_per_capita,2015,2,-0.0120248265304509
2017,arimax_diff,0.340748163616601,0.350056716497443,population_and_real_gdp_per_capita,2015,2,-0.00930855288084254
2017,dynamic_diff,0.340337542419821,0.350056716497443,population_and_real_gdp_per_capita,2015,2,-0.0097191740776223
2017,hybrid,0.341961333309143,0.350056716497443,population_and_real_gdp_per_capita,2015,2,-0.0080953831883005
2017,ardl_ecm,0.329992629215928,0.350056716497443,population_and_real_gdp_per_capita,2015,2,-0.0200640872815152
2017,univariate_arima,0.36754179483319,0.350056716497443,population_and_real_gdp_per_capita,2015,2,0.017485078335747
2018,structural_ols,0.33288081380403,0.349966601492251,population_and_real_gdp_per_capita,2015,3,-0.0170857876882206
2018,arimax_level,0.332929881219724,0.349966601492251,population_and_real_gdp_per_capita,2015,3,-0.0170367202725268
2018,arimax_diff,0.336585856987953,0.349966601492251,population_and_real_gdp_per_capita,2015,3,-0.0133807445042983
2018,dynamic_diff,0.3366768315128,0.349966601492251,population_and_real_gdp_per_capita,2015,3,-0.0132897699794515
2018,hybrid,0.33690464768813,0.349966601492251,population_and_real_gdp_per_capita,2015,3,-0.0130619538041211
2018,ardl_ecm,0.319099478905821,0.349966601492251,population_and_real_gdp_per_capita,2015,3,-0.0308671225864295
2018,univariate_arima,0.374205195174334,0.349966601492251,population_and_real_gdp_per_capita,2015,3,0.0242385936820833
2019,structural_ols,0.32631745637355,0.3489459716794,population_and_real_gdp_per_capita,2015,4,-0.0226285153058501
2019,arimax_level,0.327251761537709,0.3489459716794,population_and_real_gdp_per_capita,2015,4,-0.0216942101416909
2019,arimax_diff,0.332414858117176,0.3489459716794,population_and_real_gdp_per_capita,2015,4,-0.0165311135622238
2019,dynamic_diff,0.332677204611148,0.3489459716794,population_and_real_gdp_per_capita,2015,4,-0.0162687670682523
2019,hybrid,0.332773835912107,0.3489459716794,population_and_real_gdp_per_capita,2015,4,-0.0161721357672929
2019,ardl_ecm,0.304728535491924,0.3489459716794,population_and_real_gdp_per_capita,2015,4,-0.0442174361874764
2019,univariate_arima,0.380205560829652,0.3489459716794,population_and_real_gdp_per_capita,2015,4,0.0312595891502516
2020,structural_ols,0.32946204463719,0.397665294079763,population_and_real_gdp_per_capita,2015,5,-0.0682032494425732
2020,arimax_level,0.330895032997065,0.397665294079763,population_and_real_gdp_per_capita,2015,5,-0.0667702610826975
2020,arimax_diff,0.337252126139129,0.397665294079763,population_and_real_gdp_per_capita,2015,5,-0.060413167940634
2020,dynamic_diff,0.3371302151017,0.397665294079763,population_and_real_gdp_per_capita,2015,5,-0.0605350789780632
2020,hybrid,0.337574293115829,0.397665294079763,population_and_real_gdp_per_capita,2015,5,-0.0600910009639341
2020,ardl_ecm,0.2979949371021,0.397665294079763,population_and_real_gdp_per_capita,2015,5,-0.0996703569776635
2020,univariate_arima,0.389382915582572,0.397665294079763,population_and_real_gdp_per_capita,2015,5,-0.00828237849719132
2017,structural_ols,0.340071059147296,0.350056716497443,population_and_real_gdp_per_capita,2016,1,-0.00998565735014739
2017,arimax_level,0.345671117004948,0.350056716497443,population_and_real_gdp_per_capita,2016,1,-0.00438559949249456
2017,arimax_diff,0.34603641326674,0.350056716497443,population_and_real_gdp_per_capita,2016,1,-0.00402030323070285
2017,dynamic_diff,0.345797654803231,0.350056716497443,population_and_real_gdp_per_capita,2016,1,-0.00425906169421192
2017,hybrid,0.344206980333075,0.350056716497443,population_and_real_gdp_per_capita,2016,1,-0.00584973616436835
2017,ardl_ecm,0.341098934554112,0.350056716497443,population_and_real_gdp_per_capita,2016,1,-0.00895778194333069
2017,univariate_arima,0.365003282912701,0.350056716497443,population_and_real_gdp_per_capita,2016,1,0.0149465664152579
2018,structural_ols,0.334678600497624,0.349966601492251,population_and_real_gdp_per_capita,2016,2,-0.0152880009946268
2018,arimax_level,0.338302132977304,0.349966601492251,population_and_real_gdp_per_capita,2016,2,-0.0116644685149465
2018,arimax_diff,0.342345142968212,0.349966601492251,population_and_real_gdp_per_capita,2016,2,-0.00762145852403889
2018,dynamic_diff,0.341862189868233,0.349966601492251,population_and_real_gdp_per_capita,2016,2,-0.00810441162401848
2018,hybrid,0.338748787056549,0.349966601492251,population_and_real_gdp_per_capita,2016,2,-0.0112178144357016
2018,ardl_ecm,0.33102081540339,0.349966601492251,population_and_real_gdp_per_capita,2016,2,-0.0189457860888606
2018,univariate_arima,0.3718984417881,0.349966601492251,population_and_real_gdp_per_capita,2016,2,0.0219318402958492
2019,structural_ols,0.328129163360499,0.3489459716794,population_and_real_gdp_per_capita,2016,3,-0.0208168083189013
2019,arimax_level,0.333173781953608,0.3489459716794,population_and_real_gdp_per_capita,2016,3,-0.0157721897257917
2019,arimax_diff,0.338599387828526,0.3489459716794,population_and_real_gdp_per_capita,2016,3,-0.0103465838508742
2019,dynamic_diff,0.338102182044455,0.3489459716794,population_and_real_gdp_per_capita,2016,3,-0.0108437896349455
2019,hybrid,0.334217500005274,0.3489459716794,population_and_real_gdp_per_capita,2016,3,-0.0147284716741257
2019,ardl_ecm,0.318241933870328,0.3489459716794,population_and_real_gdp_per_capita,2016,3,-0.0307040378090723
2019,univariate_arima,0.378534146393124,0.3489459716794,population_and_real_gdp_per_capita,2016,3,0.0295881747137238
2020,structural_ols,0.331353884284417,0.397665294079763,population_and_real_gdp_per_capita,2016,4,-0.0663114097953461
2020,arimax_level,0.338029183977711,0.397665294079763,population_and_real_gdp_per_capita,2016,4,-0.0596361101020523
2020,arimax_diff,0.344108680198859,0.397665294079763,population_and_real_gdp_per_capita,2016,4,-0.0535566138809043
2020,dynamic_diff,0.342475577611021,0.397665294079763,population_and_real_gdp_per_capita,2016,4,-0.0551897164687417
2020,hybrid,0.338331185670519,0.397665294079763,population_and_real_gdp_per_capita,2016,4,-0.0593341084092439
2020,ardl_ecm,0.313061551173872,0.397665294079763,population_and_real_gdp_per_capita,2016,4,-0.0846037429058912
2020,univariate_arima,0.38829421586832,0.397665294079763,population_and_real_gdp_per_capita,2016,4,-0.00937107821144334
2021,structural_ols,0.319551999452956,0.420022274506502,population_and_real_gdp_per_capita,2016,5,-0.100470275053546
2021,arimax_level,0.328845798324876,0.420022274506502,population_and_real_gdp_per_capita,2016,5,-0.0911764761816258
2021,arimax_diff,0.332325548105549,0.420022274506502,population_and_real_gdp_per_capita,2016,5,-0.0876967264009526
2021,dynamic_diff,0.3276982585126,0.420022274506502,population_and_real_gdp_per_capita,2016,5,-0.0923240159939025
2021,hybrid,0.324093784606602,0.420022274506502,population_and_real_gdp_per_capita,2016,5,-0.0959284898999005
2021,ardl_ecm,0.280106961949844,0.420022274506502,population_and_real_gdp_per_capita,2016,5,-0.139915312556658
2021,univariate_arima,0.382284037043278,0.420022274506502,population_and_real_gdp_per_capita,2016,5,-0.0377382374632236
2018,structural_ols,0.338968962416179,0.349966601492251,population_and_real_gdp_per_capita,2017,1,-0.0109976390760724
2018,arimax_level,0.342743754987167,0.349966601492251,population_and_real_gdp_per_capita,2017,1,-0.00722284650508392
2018,arimax_diff,0.346908798742405,0.349966601492251,population_and_real_gdp_per_capita,2017,1,-0.00305780274984624
2018,dynamic_diff,0.346216208561456,0.349966601492251,population_and_real_gdp_per_capita,2017,1,-0.0037503929307946
2018,hybrid,0.344412942842862,0.349966601492251,population_and_real_gdp_per_capita,2017,1,-0.00555365864938889
2018,ardl_ecm,0.341542947523569,0.349966601492251,population_and_real_gdp_per_capita,2017,1,-0.00842365396868172
2018,univariate_arima,0.35185528341685,0.349966601492251,population_and_real_gdp_per_capita,2017,1,0.00188868192459946
2019,structural_ols,0.333104038785116,0.3489459716794,population_and_real_gdp_per_capita,2017,2,-0.0158419328942838
2019,arimax_level,0.33660989239693,0.3489459716794,population_and_real_gdp_per_capita,2017,2,-0.0123360792824697
2019,arimax_diff,0.343920480416693,0.3489459716794,population_and_real_gdp_per_capita,2017,2,-0.00502549126270696
2019,dynamic_diff,0.343096470593567,0.3489459716794,population_and_real_gdp_per_capita,2017,2,-0.00584950108583304
2019,hybrid,0.340476036736702,0.3489459716794,population_and_real_gdp_per_capita,2017,2,-0.00846993494269771
2019,ardl_ecm,0.330414113124885,0.3489459716794,population_and_real_gdp_per_capita,2017,2,-0.0185318585545146
2019,univariate_arima,0.359843917279837,0.3489459716794,population_and_real_gdp_per_capita,2017,2,0.0108979456004366
2020,structural_ols,0.337134411111154,0.397665294079763,population_and_real_gdp_per_capita,2017,3,-0.060530882968609
2020,arimax_level,0.342383996138034,0.397665294079763,population_and_real_gdp_per_capita,2017,3,-0.0552812979417292
2020,arimax_diff,0.350341591417873,0.397665294079763,population_and_real_gdp_per_capita,2017,3,-0.0473237026618904
2020,dynamic_diff,0.348000605577002,0.397665294079763,population_and_real_gdp_per_capita,2017,3,-0.0496646885027612
2020,hybrid,0.345010997646014,0.397665294079763,population_and_real_gdp_per_capita,2017,3,-0.0526542964337485
2020,ardl_ecm,0.326724344356262,0.397665294079763,population_and_real_gdp_per_capita,2017,3,-0.0709409497235011
2020,univariate_arima,0.373126292114983,0.397665294079763,population_and_real_gdp_per_capita,2017,3,-0.02453900196478
2021,structural_ols,0.325484490409463,0.420022274506502,population_and_real_gdp_per_capita,2017,4,-0.0945377840970392
2021,arimax_level,0.334345721822838,0.420022274506502,population_and_real_gdp_per_capita,2017,4,-0.0856765526836645
2021,arimax_diff,0.339848983365776,0.420022274506502,population_and_real_gdp_per_capita,2017,4,-0.0801732911407263
2021,dynamic_diff,0.334377821771108,0.420022274506502,population_and_real_gdp_per_capita,2017,4,-0.0856444527353937
2021,hybrid,0.332100053368731,0.420022274506502,population_and_real_gdp_per_capita,2017,4,-0.087922221137771
2021,ardl_ecm,0.29672552902275,0.420022274506502,population_and_real_gdp_per_capita,2017,4,-0.123296745483752
2021,univariate_arima,0.372257269160839,0.420022274506502,population_and_real_gdp_per_capita,2017,4,-0.0477650053456626
2022,structural_ols,0.299721069907922,0.378859989972692,population_and_real_gdp_per_capita,2017,5,-0.0791389200647705
2022,arimax_level,0.311338723011581,0.378859989972692,population_and_real_gdp_per_capita,2017,5,-0.0675212669611115
2022,arimax_diff,0.32030910190858,0.378859989972692,population_and_real_gdp_per_capita,2017,5,-0.0585508880641117
2022,dynamic_diff,0.316057602089566,0.378859989972692,population_and_real_gdp_per_capita,2017,5,-0.0628023878831264
2022,hybrid,0.310503353819356,0.378859989972692,population_and_real_gdp_per_capita,2017,5,-0.0683566361533358
2022,ardl_ecm,0.264903353853796,0.378859989972692,population_and_real_gdp_per_capita,2017,5,-0.113956636118896
2022,univariate_arima,0.370309652174205,0.378859989972692,population_and_real_gdp_per_capita,2017,5,-0.00855033779848746
2019,structural_ols,0.337721315685615,0.3489459716794,population_and_real_gdp_per_capita,2018,1,-0.0112246559937852
2019,arimax_level,0.344016218334872,0.3489459716794,population_and_real_gdp_per_capita,2018,1,-0.00492975334452805
2019,arimax_diff,0.347360397731444,0.3489459716794,population_and_real_gdp_per_capita,2018,1,-0.00158557394795611
2019,dynamic_diff,0.347444813172972,0.3489459716794,population_and_real_gdp_per_capita,2018,1,-0.00150115850642768
2019,hybrid,0.346596820296361,0.3489459716794,population_and_real_gdp_per_capita,2018,1,-0.00234915138303893
2019,ardl_ecm,0.339806442721109,0.3489459716794,population_and_real_gdp_per_capita,2018,1,-0.00913952895829145
2019,univariate_arima,0.357351295487904,0.3489459716794,population_and_real_gdp_per_capita,2018,1,0.00840532380850417
2020,structural_ols,0.342883664386176,0.397665294079763,population_and_real_gdp_per_capita,2018,2,-0.0547816296935869
2020,arimax_level,0.347499758477982,0.397665294079763,population_and_real_gdp_per_capita,2018,2,-0.0501655356017815
2020,arimax_diff,0.354397892794495,0.397665294079763,population_and_real_gdp_per_capita,2018,2,-0.0432674012852681
2020,dynamic_diff,0.353573128662396,0.397665294079763,population_and_real_gdp_per_capita,2018,2,-0.0440921654173671
2020,hybrid,0.352184288844771,0.397665294079763,population_and_real_gdp_per_capita,2018,2,-0.0454810052349922
2020,ardl_ecm,0.337805854994537,0.397665294079763,population_and_real_gdp_per_capita,2018,2,-0.0598594390852258
2020,univariate_arima,0.370913708215687,0.397665294079763,population_and_real_gdp_per_capita,2018,2,-0.0267515858640761
2021,structural_ols,0.332470307337653,0.420022274506502,population_and_real_gdp_per_capita,2018,3,-0.0875519671688493
2021,arimax_level,0.340197657459817,0.420022274506502,population_and_real_gdp_per_capita,2018,3,-0.0798246170466849
2021,arimax_diff,0.344707454684565,0.420022274506502,population_and_real_gdp_per_capita,2018,3,-0.0753148198219369
2021,dynamic_diff,0.341285122749947,0.420022274506502,population_and_real_gdp_per_capita,2018,3,-0.0787371517565548
2021,hybrid,0.340406239532325,0.420022274506502,population_and_real_gdp_per_capita,2018,3,-0.0796160349741773
2021,ardl_ecm,0.310403683729433,0.420022274506502,population_and_real_gdp_per_capita,2018,3,-0.109618590777069
2021,univariate_arima,0.370809326815642,0.420022274506502,population_and_real_gdp_per_capita,2018,3,-0.0492129476908598
2022,structural_ols,0.308165619129844,0.378859989972692,population_and_real_gdp_per_capita,2018,4,-0.070694370842848
2022,arimax_level,0.318054275389653,0.378859989972692,population_and_real_gdp_per_capita,2018,4,-0.0608057145830391
2022,arimax_diff,0.325663766236298,0.378859989972692,population_and_real_gdp_per_capita,2018,4,-0.0531962237363937
2022,dynamic_diff,0.324208531512469,0.378859989972692,population_and_real_gdp_per_capita,2018,4,-0.0546514584602235
2022,hybrid,0.320159083210716,0.378859989972692,population_and_real_gdp_per_capita,2018,4,-0.0587009067619758
2022,ardl_ecm,0.281313834485683,0.378859989972692,population_and_real_gdp_per_capita,2018,4,-0.0975461554870086
2022,univariate_arima,0.369512592410711,0.378859989972692,population_and_real_gdp_per_capita,2018,4,-0.00934739756198077
2023,structural_ols,0.305329288064941,0.357918223925394,population_and_real_gdp_per_capita,2018,5,-0.0525889358604533
2023,arimax_level,0.314968206389255,0.357918223925394,population_and_real_gdp_per_capita,2018,5,-0.0429500175361393
2023,arimax_diff,0.326488241563274,0.357918223925394,population_and_real_gdp_per_capita,2018,5,-0.03142998236212
2023,dynamic_diff,0.324934574771934,0.357918223925394,population_and_real_gdp_per_capita,2018,5,-0.0329836491534598
2023,hybrid,0.317620172848995,0.357918223925394,population_and_real_gdp_per_capita,2018,5,-0.040298051076399
2023,ardl_ecm,0.26399030877116,0.357918223925394,population_and_real_gdp_per_capita,2018,5,-0.0939279151542338
2023,univariate_arima,0.374918346731147,0.357918223925394,population_and_real_gdp_per_capita,2018,5,0.0170001228057534
2020,structural_ols,0.348664750269166,0.397665294079763,population_and_real_gdp_per_capita,2019,1,-0.049000543810597
2020,arimax_level,0.352905321114163,0.397665294079763,population_and_real_gdp_per_capita,2019,1,-0.0447599729656003
2020,arimax_diff,0.356410089776988,0.397665294079763,population_and_real_gdp_per_capita,2019,1,-0.0412552043027754
2020,dynamic_diff,0.355509241302551,0.397665294079763,population_and_real_gdp_per_capita,2019,1,-0.0421560527772119
2020,hybrid,0.355417033266637,0.397665294079763,population_and_real_gdp_per_capita,2019,1,-0.0422482608131257
2020,ardl_ecm,0.348584074024031,0.397665294079763,population_and_real_gdp_per_capita,2019,1,-0.0490812200557325
2020,univariate_arima,0.35938707253256,0.397665294079763,population_and_real_gdp_per_capita,2019,1,-0.0382782215472031
2021,structural_ols,0.340989030161403,0.420022274506502,population_and_real_gdp_per_capita,2019,2,-0.079033244345099
2021,arimax_level,0.344443337126642,0.420022274506502,population_and_real_gdp_per_capita,2019,2,-0.0755789373798599
2021,arimax_diff,0.347220769316224,0.420022274506502,population_and_real_gdp_per_capita,2019,2,-0.072801505190278
2021,dynamic_diff,0.343712306666005,0.420022274506502,population_and_real_gdp_per_capita,2019,2,-0.0763099678404966
2021,hybrid,0.344918492397603,0.420022274506502,population_and_real_gdp_per_capita,2019,2,-0.0751037821088991
2021,ardl_ecm,0.323325585155677,0.420022274506502,population_and_real_gdp_per_capita,2019,2,-0.0966966893508251
2021,univariate_arima,0.360830401384504,0.420022274506502,population_and_real_gdp_per_capita,2019,2,-0.0591918731219984
2022,structural_ols,0.318837937081508,0.378859989972692,population_and_real_gdp_per_capita,2019,3,-0.0600220528911837
2022,arimax_level,0.323386961250853,0.378859989972692,population_and_real_gdp_per_capita,2019,3,-0.0554730287218393
2022,arimax_diff,0.32852282317503,0.378859989972692,population_and_real_gdp_per_capita,2019,3,-0.0503371667976623
2022,dynamic_diff,0.327016918508574,0.378859989972692,population_and_real_gdp_per_capita,2019,3,-0.0518430714641179
2022,hybrid,0.325701573172391,0.378859989972692,population_and_real_gdp_per_capita,2019,3,-0.053158416800301
2022,ardl_ecm,0.297311517722894,0.378859989972692,population_and_real_gdp_per_capita,2019,3,-0.0815484722497977
2022,univariate_arima,0.362494297426336,0.378859989972692,population_and_real_gdp_per_capita,2019,3,-0.0163656925463564
2023,structural_ols,0.315637612141555,0.357918223925394,population_and_real_gdp_per_capita,2019,4,-0.0422806117838394
2023,arimax_level,0.320552289490891,0.357918223925394,population_and_real_gdp_per_capita,2019,4,-0.0373659344345031
2023,arimax_diff,0.329311646314443,0.357918223925394,population_and_real_gdp_per_capita,2019,4,-0.0286065776109513
2023,dynamic_diff,0.327751409195376,0.357918223925394,population_and_real_gdp_per_capita,2019,4,-0.0301668147300176
2023,hybrid,0.323339632120745,0.357918223925394,population_and_real_gdp_per_capita,2019,4,-0.034578591804649
2023,ardl_ecm,0.28272877284797,0.357918223925394,population_and_real_gdp_per_capita,2019,4,-0.0751894510774239
2023,univariate_arima,0.370056394131105,0.357918223925394,population_and_real_gdp_per_capita,2019,4,0.0121381702057113
2024,structural_ols,0.330149599252013,0.373326881738081,population_and_real_gdp_per_capita,2019,5,-0.0431772824860685
2024,arimax_level,0.334675318319247,0.373326881738081,population_and_real_gdp_per_capita,2019,5,-0.0386515634188335
2024,arimax_diff,0.344434694632416,0.373326881738081,population_and_real_gdp_per_capita,2019,5,-0.0288921871056646
2024,dynamic_diff,0.343080508338441,0.373326881738081,population_and_real_gdp_per_capita,2019,5,-0.0302463733996404
2024,hybrid,0.33894696098912,0.373326881738081,population_and_real_gdp_per_capita,2019,5,-0.0343799207489605
2024,ardl_ecm,0.278375729349456,0.373326881738081,population_and_real_gdp_per_capita,2019,5,-0.0949511523886255
2024,univariate_arima,0.378400339917588,0.373326881738081,population_and_real_gdp_per_capita,2019,5,0.00507345817950683
2021,structural_ols,0.340989030161403,0.420022274506502,population_and_real_gdp_per_capita,2020,1,-0.0790332443450993
2021,arimax_level,0.344444009283121,0.420022274506502,population_and_real_gdp_per_capita,2020,1,-0.0755782652233814
2021,arimax_diff,0.388475973618962,0.420022274506502,population_and_real_gdp_per_capita,2020,1,-0.0315463008875405
2021,dynamic_diff,0.385868359443215,0.420022274506502,population_and_real_gdp_per_capita,2020,1,-0.0341539150632873
2021,hybrid,0.338830258958529,0.420022274506502,population_and_real_gdp_per_capita,2020,1,-0.0811920155479725
2021,ardl_ecm,0.355335432535809,0.420022274506502,population_and_real_gdp_per_capita,2020,1,-0.0646868419706934
2021,univariate_arima,0.36083062963328,0.420022274506502,population_and_real_gdp_per_capita,2020,1,-0.0591916448732224
2022,structural_ols,0.318837937081508,0.378859989972692,population_and_real_gdp_per_capita,2020,2,-0.0600220528911842
2022,arimax_level,0.323385353619552,0.378859989972692,population_and_real_gdp_per_capita,2020,2,-0.0554746363531397
2022,arimax_diff,0.369778027477734,0.378859989972692,population_and_real_gdp_per_capita,2020,2,-0.0090819624949583
2022,dynamic_diff,0.369172971285755,0.378859989972692,population_and_real_gdp_per_capita,2020,2,-0.00968701868693689
2022,hybrid,0.319710941961843,0.378859989972692,population_and_real_gdp_per_capita,2020,2,-0.0591490480108493
2022,ardl_ecm,0.314531172048244,0.378859989972692,population_and_real_gdp_per_capita,2020,2,-0.0643288179244484
2022,univariate_arima,0.362500195475971,0.378859989972692,population_and_real_gdp_per_capita,2020,2,-0.0163597944967212
2023,structural_ols,0.315637612141554,0.357918223925394,population_and_real_gdp_per_capita,2020,3,-0.04228061178384
2023,arimax_level,0.320550231271832,0.357918223925394,population_and_real_gdp_per_capita,2020,3,-0.0373679926535619
2023,arimax_diff,0.370566850617147,0.357918223925394,population_and_real_gdp_per_capita,2020,3,0.0126486266917531
2023,dynamic_diff,0.369907461972569,0.357918223925394,population_and_real_gdp_per_capita,2020,3,0.0119892380471754
2023,hybrid,0.316981433913446,0.357918223925394,population_and_real_gdp_per_capita,2020,3,-0.0409367900119482
2023,ardl_ecm,0.29157436407927,0.357918223925394,population_and_real_gdp_per_capita,2020,3,-0.0663438598461245
2023,univariate_arima,0.370070728760969,0.357918223925394,population_and_real_gdp_per_capita,2020,3,0.0121525048355746
2024,structural_ols,0.330149599252012,0.373326881738081,population_and_real_gdp_per_capita,2020,4,-0.0431772824860689
2024,arimax_level,0.334674912450161,0.373326881738081,population_and_real_gdp_per_capita,2020,4,-0.0386519692879201
2024,arimax_diff,0.385689898935142,0.373326881738081,population_and_real_gdp_per_capita,2020,4,0.0123630171970609
2024,dynamic_diff,0.385236561115647,0.373326881738081,population_and_real_gdp_per_capita,2020,4,0.0119096793775658
2024,hybrid,0.332499043317009,0.373326881738081,population_and_real_gdp_per_capita,2020,4,-0.0408278384210723
2024,ardl_ecm,0.282861788061717,0.373326881738081,population_and_real_gdp_per_capita,2020,4,-0.0904650936763644
2024,univariate_arima,0.378420630401705,0.373326881738081,population_and_real_gdp_per_capita,2020,4,0.00509374866362361
2025,structural_ols,0.338813699088959,0.383410740130003,population_and_real_gdp_per_capita,2020,5,-0.0445970410410443
2025,arimax_level,0.343266811432194,0.383410740130003,population_and_real_gdp_per_capita,2020,5,-0.0401439286978088
2025,arimax_diff,0.39470939210201,0.383410740130003,population_and_real_gdp_per_capita,2020,5,0.0112986519720068
2025,dynamic_diff,0.394991232144177,0.383410740130003,population_and_real_gdp_per_capita,2020,5,0.0115804920141739
2025,hybrid,0.342955527593541,0.383410740130003,population_and_real_gdp_per_capita,2020,5,-0.0404552125364622
2025,ardl_ecm,0.274824866062212,0.383410740130003,population_and_real_gdp_per_capita,2020,5,-0.108585874067791
2025,univariate_arima,0.382959825340522,0.383410740130003,population_and_real_gdp_per_capita,2020,5,-0.000450914789481116
