y0,y1,d_actual,d_hat,unexplained,0_14,15_34,35_54,55_64,65p,tot,rp_g,unemp
1980,1989,-0.00762637203603062,-0.00401250237791567,-0.00361386965811494,-0.00909948691936889,0.00056418708991724,0.0041853119898237,-0.0019534199006962,0.00473990043613286,-0.000890924153020547,-0.00305859809621381,0.00150052717550998
1990,2000,0.00267292176654407,-0.00368002510269331,0.00635294686923738,-0.00434155073974113,-0.0117586169063132,0.00309049883430308,0.000165483484627562,0.00194394825090977,-0.0002942380224058,0.00602735568905025,0.00148709430687612
2001,2011,0.00656528812967255,0.00773541084032116,-0.00117012271064861,-0.00109273566182339,0.00247236843211553,-0.0027418878991311,0.00678492864939052,-0.00284857697338346,0.00472981785504118,0.00136917462744795,-0.000937678189336071
2012,2024,0.0144094170396763,0.00958537717038349,0.00482403986929284,-0.00161859759471464,0.0011715752124398,-0.000167264447438955,-0.00197093445476191,0.0160228649525262,-0.000573441843429627,0.00267591217340084,-0.00595473682763825
