y0,y1,d_actual,d_hat,unexplained,0_14,15_34,35_54,55_64,65p,tot,rp_g,dln_pop
1972,1984,0.13625004583192,0.140991363443316,-0.00474131761139607,0.00747067695187688,0.105489489417554,0.0366481381086388,0.0526829446333678,0.0444217279441437,0.005809305400953,0.00306724133567399,-0.114598160348892
1985,1997,-0.0556869321630771,-0.0126750287428284,-0.0430119034202487,-0.0115948631242272,-0.0348265919197128,0.0345110264784327,-0.0200830283186224,0.0398690934352255,-0.0020645859097115,-0.00254227466407003,-0.0159438047201428
1998,2010,0.0593654309908039,0.0133592598615241,0.0460061711292799,-0.0237978903372561,-0.00814676178534127,-0.0168892859490669,0.0481813809536276,-0.0297529722660887,0.00692381427017808,0.000518880691491661,0.0363220942839797
2011,2024,0.1133169960822,0.0987706467498776,0.0145463493323228,-0.0137456719259349,-0.0162964094001465,-0.0138153839438175,-0.0129774507945734,0.121226978114977,0.00359490641555954,0.000812858724230286,0.0299708195595828
