y0,y1,d_actual,d_hat,unexplained,0_14,15_34,35_54,55_64,65p,tot,rp_g,dln_pop
1980,1990,0.00494533258526828,0.0047699584117667,0.000175374173501572,-0.00691659760725141,0.00428552945838602,0.00730985925470958,-0.00515103005786178,0.00564471440716822,-0.000508002613009158,-0.00585663794380237,0.00596212351342761
1991,2001,-0.00118306655010086,-0.00432939227981929,0.00314632572971843,-0.00994590371589465,-0.0181782271567252,0.00556227744104486,0.00424605968375293,0.00607859146799232,-6.00483653019226e-05,0.0105278685800705,-0.00256001021475809
2002,2012,0.00571607247462852,-0.00153336772599949,0.00724944020062801,-0.00146090199572018,0.00208538123061187,-0.00917006502305249,-0.00129291858648984,-0.00894549326206546,0.00349217390642435,0.00290022661023636,0.0108582293940559
2013,2024,0.0337942698790561,0.0294848593403923,0.00430941053866383,-0.00321666470597766,-0.000197027825439772,0.000644391239017777,0.00333506706750197,0.0324959382926137,0.00139303564843115,-0.0124297428579027,0.00745986248214789
