y0,y1,d_actual,d_hat,unexplained,0_14,15_34,35_54,55_64,65p,tot,rp_g,dln_pop
1980,1990,0.00804051859244981,0.0239581531537005,-0.0159176345612507,-0.0116131246708061,0.00859121445189213,0.0234467488939921,-0.00994293186969056,0.00947857749228436,-0.00181168994090043,-0.00487431328334405,0.010683672080273
1991,2001,-0.00231392479983922,-0.00310243589687767,0.000788511097038449,-0.0183967754123855,-0.0337546233848146,0.0185371185047301,0.0069912399752978,0.00607015012423004,0.00441698946478531,0.0147320173851765,-0.00169855255389734
2002,2012,0.0098998812793949,0.0031969263763287,0.0067029549030662,-0.00332886463144708,0.00418259595817403,-0.00894626557584953,-0.00165639140316118,0.00182514528509801,-0.0115475816709239,0.00232909860581871,0.0203391898086197
2013,2024,-0.0522369841105462,-0.0334571581177943,-0.0187798259927519,-0.00978057741816754,-0.00447683748145122,-0.0247903475800345,-0.0106434454419996,0.00119144521288823,0.00345071711743978,0.00200829973279926,0.00958358774073131
