y0,y1,d_actual,d_hat,unexplained,0_14,15_34,35_54,55_64,65p,tot,rp_g,dln_pop
1980,1988,0.0216234351652806,0.022301427486147,-0.000677992320866398,-0.0151961454047614,0.0042103113757507,0.0118269980968943,-0.00702666495707205,0.00727693358673064,0.00185221970804399,0.00333944920629625,0.0160183258742646
1989,1998,0.00879505904022876,0.00416895436500501,0.00462610467522375,-0.00503831845349778,-0.0175914097691358,0.0223139181458348,0.00457438581601605,0.0137496008553494,0.00432936828739698,0.0120857810591583,-0.0302543715761169
1999,2008,-0.0105977793011831,-0.0117412051626629,0.00114342586147988,-0.0134208929763441,-0.010425089320612,-0.0114142320325598,0.0134806754315546,-0.00429092586580534,-0.0144975558243318,-0.00913196273736306,0.0379587781627987
2009,2019,0.00783103377250544,0.0211118990722777,-0.0132808652997723,0.00739390304255315,0.0091692347805208,-0.0143411459459537,0.00388281257556965,0.0235267313812068,0.00203127101768756,0.0151548924444287,-0.0257058002237353
