y0,y1,d_actual,d_hat,unexplained,0_14,15_34,35_54,55_64,65p,tot,rp_g,dln_pop
1980,1990,0.00494533258526828,0.00475836668655478,0.000186965898713492,-0.00691852221574775,0.00428617982788008,0.00730634506239575,-0.00515650509932129,0.005657306990366,-0.000509527289638784,-0.00585691100708613,0.00595000041770691
1991,2001,-0.00118306655010086,-0.00432990770647151,0.00314684115637065,-0.0099488085784755,-0.0181790044216404,0.00556086972733114,0.00424725303441519,0.00608377656077351,-6.19603359256077e-05,0.0105258056643373,-0.00255783935728709
2002,2012,0.00571607247462852,-0.00152971539878637,0.00724578787341489,-0.00146033224629481,0.0020831896629187,-0.00917219949334743,-0.00129623786792969,-0.00893469830946959,0.00350023790609802,0.00289896853727915,0.0108513564119593
2013,2024,0.0337942698790561,0.0294874697729137,0.00430680010614244,-0.00315165950188497,-0.000130938803833843,0.000694308585099585,0.00341553084844063,0.0324422342899702,0.00139732350206148,-0.0124190462704326,0.00723971712349319
