y0,y1,d_actual,d_hat,unexplained,0_14,15_34,35_54,55_64,65p,tot,rp_g,dln_pop
1980,1988,0.0332102187198751,0.0381714691544716,-0.0049612504345965,-0.0256384859933315,0.00937506097912722,0.00856990314970903,-0.0152321989879673,0.0099292897083571,0.00104072767955083,0.0200326093138404,0.0300945633051857
1989,1998,0.00626528120119418,-0.0151500003618379,0.0214152815630321,-0.0153151076377413,-0.0376643672842166,0.0457591544201347,0.0140760035493476,0.0355631066242185,0.00432185095774386,-0.00274578594374258,-0.0591448550475822
1999,2008,-0.00976511824279847,-0.00461145107239381,-0.00515366717040465,-0.0246702823522399,-0.0197484168387005,-0.0236299286489046,0.0262060085894948,-0.0155339521277944,-0.0215596490264561,-0.00213986159385848,0.0764646309260653
2009,2019,0.0747248983197832,0.0557383446200082,0.0189865536997751,0.0139490589707344,0.0177846793103252,-0.0100420435918984,0.0186298345603034,0.0713822931373119,0.00195674771116651,-0.011827211157369,-0.0460950143205658
