y0,y1,d_actual,d_hat,unexplained,0_14,15_34,35_54,55_64,65p,tot
1971,1983,0.16689139427594,0.11680840125422,0.0500829930217204,0.00755973370525065,0.0690923334804787,-0.000702083519699335,0.0127146655840709,0.0237349373863614,0.00440881461775726
1984,1996,0.0081911715063917,0.0124867271045918,-0.00429555559820007,-0.020662026610731,-0.0286521887032117,0.0387638042928451,-0.0229788039330891,0.0501820484648942,-0.00416610640611579
1997,2010,0.0168387690046915,0.00644260572009033,0.0103961632846012,-0.00897703702121365,-0.00550617272087449,-0.0105532480497897,0.050940998839084,-0.02631839889626,0.00685646356914419
2011,2024,0.107177974567227,0.121269601951972,-0.0140916273847443,-0.00700112006147139,-0.00531313653142088,-0.00423410806625845,0.00360766820612616,0.123204256005533,0.0110060423994635
