y0,y1,d_actual,d_hat,unexplained,0_14,15_34,35_54,55_64,65p,tot,rp_g,dln_pop
1980,1990,0.00955633088415103,0.00627892671074098,0.00327740417341005,-0.0164286103476232,0.00939805393195185,0.0148913198157326,-0.00930255541374256,0.00958090568235006,-0.00221528764897912,-0.00974636236432172,0.0101014630553731
1991,2001,-0.00645261239548334,-0.0281557143802949,0.0217031019848115,-0.0221285442695638,-0.0414207951856151,0.0100070460184132,0.00596091050720345,0.00839847254950769,0.00117356246230206,0.0176010226537151,-0.00774738911625736
2002,2012,0.00515153886352004,-0.00649279005138391,0.011644328914904,-0.00207232674759735,0.00580402051972812,-0.0162917599962678,-0.00137672338177814,-0.0119177078752134,-0.00342416428522581,0.00492387498810128,0.0178619967268692
2013,2024,0.0274847076849284,0.0253770017260281,0.00210770595890028,-0.00899012871237508,-0.0022173349176112,-0.00373942537550056,0.00316587969070034,0.044967906471343,0.00233401373399547,-0.0214158645550168,0.0112719553904929
