y0,y1,d_actual,d_hat,unexplained,0_14,15_34,35_54,55_64,65p,tot,rp_g,dln_pop
1972,1984,0.13625004583192,0.141014985496298,-0.00476493966437838,0.00747124322491555,0.105492548993239,0.0366459236004677,0.0526810838721915,0.0444166645603436,0.00580900319597255,0.00307604736541133,-0.114577529316243
1985,1997,-0.0556857456668297,-0.0126777431736782,-0.0430080024931516,-0.011595631825197,-0.0348302399639247,0.0345172894189229,-0.0200790223831965,0.0398733027824076,-0.00206056125733275,-0.00256274061481745,-0.0159401393305403
1998,2010,0.0593650465992884,0.0133647389323987,0.0460003076668897,-0.0237981341937354,-0.00814742889093777,-0.0168922834223766,0.0481829840214652,-0.0297497022901522,0.00692507581906152,0.000525158274326397,0.0363190696147476
2011,2024,0.11307962707969,0.098703728497806,0.0143758985818841,-0.0137368938508768,-0.0162705754170447,-0.0138334416647527,-0.0130101188802626,0.121198001320724,0.00358907209283895,0.000808659194347822,0.0299590257028326
