year,primary_fiscal_pp,model,model_label,path_type,underlying_model,income_case,income_case_label,anchor_type
2026,37.1,central_gdp,GDP PC model: 1.03% growth,PBO through 2029-30; deterministic model changes thereafter,with_income,central_gdp,GDP PC model: 1.03% growth,PBO forecast anchor
2027,37.1,central_gdp,GDP PC model: 1.03% growth,PBO through 2029-30; deterministic model changes thereafter,with_income,central_gdp,GDP PC model: 1.03% growth,PBO forecast anchor
2028,36.4,central_gdp,GDP PC model: 1.03% growth,PBO through 2029-30; deterministic model changes thereafter,with_income,central_gdp,GDP PC model: 1.03% growth,PBO forecast anchor
2029,35.7,central_gdp,GDP PC model: 1.03% growth,PBO through 2029-30; deterministic model changes thereafter,with_income,central_gdp,GDP PC model: 1.03% growth,PBO forecast anchor
2030,34.9,central_gdp,GDP PC model: 1.03% growth,PBO through 2029-30; deterministic model changes thereafter,with_income,central_gdp,GDP PC model: 1.03% growth,PBO forecast anchor
2031,35.6059054605676,central_gdp,GDP PC model: 1.03% growth,PBO through 2029-30; deterministic model changes thereafter,with_income,central_gdp,GDP PC model: 1.03% growth,PBO forecast anchor
2032,36.2440618445469,central_gdp,GDP PC model: 1.03% growth,PBO through 2029-30; deterministic model changes thereafter,with_income,central_gdp,GDP PC model: 1.03% growth,PBO forecast anchor
2033,36.8174152937029,central_gdp,GDP PC model: 1.03% growth,PBO through 2029-30; deterministic model changes thereafter,with_income,central_gdp,GDP PC model: 1.03% growth,PBO forecast anchor
2034,37.3408480420876,central_gdp,GDP PC model: 1.03% growth,PBO through 2029-30; deterministic model changes thereafter,with_income,central_gdp,GDP PC model: 1.03% growth,PBO forecast anchor
2035,37.8160704278326,central_gdp,GDP PC model: 1.03% growth,PBO through 2029-30; deterministic model changes thereafter,with_income,central_gdp,GDP PC model: 1.03% growth,PBO forecast anchor
2036,38.3009143219036,central_gdp,GDP PC model: 1.03% growth,PBO through 2029-30; deterministic model changes thereafter,with_income,central_gdp,GDP PC model: 1.03% growth,PBO forecast anchor
2037,38.3908590983177,central_gdp,GDP PC model: 1.03% growth,PBO through 2029-30; deterministic model changes thereafter,with_income,central_gdp,GDP PC model: 1.03% growth,PBO forecast anchor
2038,38.4781280345679,central_gdp,GDP PC model: 1.03% growth,PBO through 2029-30; deterministic model changes thereafter,with_income,central_gdp,GDP PC model: 1.03% growth,PBO forecast anchor
2039,38.5627738342123,central_gdp,GDP PC model: 1.03% growth,PBO through 2029-30; deterministic model changes thereafter,with_income,central_gdp,GDP PC model: 1.03% growth,PBO forecast anchor
2040,38.644847658902,central_gdp,GDP PC model: 1.03% growth,PBO through 2029-30; deterministic model changes thereafter,with_income,central_gdp,GDP PC model: 1.03% growth,PBO forecast anchor
2041,38.7243991879473,central_gdp,GDP PC model: 1.03% growth,PBO through 2029-30; deterministic model changes thereafter,with_income,central_gdp,GDP PC model: 1.03% growth,PBO forecast anchor
2042,38.8014766750352,central_gdp,GDP PC model: 1.03% growth,PBO through 2029-30; deterministic model changes thereafter,with_income,central_gdp,GDP PC model: 1.03% growth,PBO forecast anchor
2043,38.8761270022601,central_gdp,GDP PC model: 1.03% growth,PBO through 2029-30; deterministic model changes thereafter,with_income,central_gdp,GDP PC model: 1.03% growth,PBO forecast anchor
2044,38.9483957316195,central_gdp,GDP PC model: 1.03% growth,PBO through 2029-30; deterministic model changes thereafter,with_income,central_gdp,GDP PC model: 1.03% growth,PBO forecast anchor
2045,39.018327154114,central_gdp,GDP PC model: 1.03% growth,PBO through 2029-30; deterministic model changes thereafter,with_income,central_gdp,GDP PC model: 1.03% growth,PBO forecast anchor
2046,39.0859643365884,central_gdp,GDP PC model: 1.03% growth,PBO through 2029-30; deterministic model changes thereafter,with_income,central_gdp,GDP PC model: 1.03% growth,PBO forecast anchor
2047,39.1513491664292,central_gdp,GDP PC model: 1.03% growth,PBO through 2029-30; deterministic model changes thereafter,with_income,central_gdp,GDP PC model: 1.03% growth,PBO forecast anchor
2048,39.214522394247,central_gdp,GDP PC model: 1.03% growth,PBO through 2029-30; deterministic model changes thereafter,with_income,central_gdp,GDP PC model: 1.03% growth,PBO forecast anchor
2049,39.2755236746416,central_gdp,GDP PC model: 1.03% growth,PBO through 2029-30; deterministic model changes thereafter,with_income,central_gdp,GDP PC model: 1.03% growth,PBO forecast anchor
2050,39.3343916051557,central_gdp,GDP PC model: 1.03% growth,PBO through 2029-30; deterministic model changes thereafter,with_income,central_gdp,GDP PC model: 1.03% growth,PBO forecast anchor
2051,39.3911637635154,central_gdp,GDP PC model: 1.03% growth,PBO through 2029-30; deterministic model changes thereafter,with_income,central_gdp,GDP PC model: 1.03% growth,PBO forecast anchor
2052,39.4458767432441,central_gdp,GDP PC model: 1.03% growth,PBO through 2029-30; deterministic model changes thereafter,with_income,central_gdp,GDP PC model: 1.03% growth,PBO forecast anchor
2053,39.4985661877339,central_gdp,GDP PC model: 1.03% growth,PBO through 2029-30; deterministic model changes thereafter,with_income,central_gdp,GDP PC model: 1.03% growth,PBO forecast anchor
2054,39.549266822857,central_gdp,GDP PC model: 1.03% growth,PBO through 2029-30; deterministic model changes thereafter,with_income,central_gdp,GDP PC model: 1.03% growth,PBO forecast anchor
2055,39.5980124881912,central_gdp,GDP PC model: 1.03% growth,PBO through 2029-30; deterministic model changes thereafter,with_income,central_gdp,GDP PC model: 1.03% growth,PBO forecast anchor
2056,39.6448361669221,central_gdp,GDP PC model: 1.03% growth,PBO through 2029-30; deterministic model changes thereafter,with_income,central_gdp,GDP PC model: 1.03% growth,PBO forecast anchor
2057,39.6897700145037,central_gdp,GDP PC model: 1.03% growth,PBO through 2029-30; deterministic model changes thereafter,with_income,central_gdp,GDP PC model: 1.03% growth,PBO forecast anchor
2058,39.7328453861218,central_gdp,GDP PC model: 1.03% growth,PBO through 2029-30; deterministic model changes thereafter,with_income,central_gdp,GDP PC model: 1.03% growth,PBO forecast anchor
2059,39.7740928630324,central_gdp,GDP PC model: 1.03% growth,PBO through 2029-30; deterministic model changes thereafter,with_income,central_gdp,GDP PC model: 1.03% growth,PBO forecast anchor
2060,39.8135422778255,central_gdp,GDP PC model: 1.03% growth,PBO through 2029-30; deterministic model changes thereafter,with_income,central_gdp,GDP PC model: 1.03% growth,PBO forecast anchor
2061,39.8512227386627,central_gdp,GDP PC model: 1.03% growth,PBO through 2029-30; deterministic model changes thereafter,with_income,central_gdp,GDP PC model: 1.03% growth,PBO forecast anchor
2062,39.8871626525453,central_gdp,GDP PC model: 1.03% growth,PBO through 2029-30; deterministic model changes thereafter,with_income,central_gdp,GDP PC model: 1.03% growth,PBO forecast anchor
2063,39.9213897476558,central_gdp,GDP PC model: 1.03% growth,PBO through 2029-30; deterministic model changes thereafter,with_income,central_gdp,GDP PC model: 1.03% growth,PBO forecast anchor
2064,39.9539310948133,central_gdp,GDP PC model: 1.03% growth,PBO through 2029-30; deterministic model changes thereafter,with_income,central_gdp,GDP PC model: 1.03% growth,PBO forecast anchor
2065,39.9848131280898,central_gdp,GDP PC model: 1.03% growth,PBO through 2029-30; deterministic model changes thereafter,with_income,central_gdp,GDP PC model: 1.03% growth,PBO forecast anchor
2066,40.0140616646279,central_gdp,GDP PC model: 1.03% growth,PBO through 2029-30; deterministic model changes thereafter,with_income,central_gdp,GDP PC model: 1.03% growth,PBO forecast anchor
2026,37.1,midpoint_gdp,GDP PC model: 0.56% growth,PBO through 2029-30; deterministic model changes thereafter,with_income,midpoint_gdp,GDP PC model: 0.56% growth,PBO forecast anchor
2027,37.1,midpoint_gdp,GDP PC model: 0.56% growth,PBO through 2029-30; deterministic model changes thereafter,with_income,midpoint_gdp,GDP PC model: 0.56% growth,PBO forecast anchor
2028,36.4,midpoint_gdp,GDP PC model: 0.56% growth,PBO through 2029-30; deterministic model changes thereafter,with_income,midpoint_gdp,GDP PC model: 0.56% growth,PBO forecast anchor
2029,35.7,midpoint_gdp,GDP PC model: 0.56% growth,PBO through 2029-30; deterministic model changes thereafter,with_income,midpoint_gdp,GDP PC model: 0.56% growth,PBO forecast anchor
2030,34.9,midpoint_gdp,GDP PC model: 0.56% growth,PBO through 2029-30; deterministic model changes thereafter,with_income,midpoint_gdp,GDP PC model: 0.56% growth,PBO forecast anchor
2031,35.7286128691475,midpoint_gdp,GDP PC model: 0.56% growth,PBO through 2029-30; deterministic model changes thereafter,with_income,midpoint_gdp,GDP PC model: 0.56% growth,PBO forecast anchor
2032,36.4894766617068,midpoint_gdp,GDP PC model: 0.56% growth,PBO through 2029-30; deterministic model changes thereafter,with_income,midpoint_gdp,GDP PC model: 0.56% growth,PBO forecast anchor
2033,37.1855375194427,midpoint_gdp,GDP PC model: 0.56% growth,PBO through 2029-30; deterministic model changes thereafter,with_income,midpoint_gdp,GDP PC model: 0.56% growth,PBO forecast anchor
2034,37.8316776764072,midpoint_gdp,GDP PC model: 0.56% growth,PBO through 2029-30; deterministic model changes thereafter,with_income,midpoint_gdp,GDP PC model: 0.56% growth,PBO forecast anchor
2035,38.4296074707323,midpoint_gdp,GDP PC model: 0.56% growth,PBO through 2029-30; deterministic model changes thereafter,with_income,midpoint_gdp,GDP PC model: 0.56% growth,PBO forecast anchor
2036,39.0371587733832,midpoint_gdp,GDP PC model: 0.56% growth,PBO through 2029-30; deterministic model changes thereafter,with_income,midpoint_gdp,GDP PC model: 0.56% growth,PBO forecast anchor
2037,39.2498109583773,midpoint_gdp,GDP PC model: 0.56% growth,PBO through 2029-30; deterministic model changes thereafter,with_income,midpoint_gdp,GDP PC model: 0.56% growth,PBO forecast anchor
2038,39.4597873032073,midpoint_gdp,GDP PC model: 0.56% growth,PBO through 2029-30; deterministic model changes thereafter,with_income,midpoint_gdp,GDP PC model: 0.56% growth,PBO forecast anchor
2039,39.6671405114316,midpoint_gdp,GDP PC model: 0.56% growth,PBO through 2029-30; deterministic model changes thereafter,with_income,midpoint_gdp,GDP PC model: 0.56% growth,PBO forecast anchor
2040,39.8719217447011,midpoint_gdp,GDP PC model: 0.56% growth,PBO through 2029-30; deterministic model changes thereafter,with_income,midpoint_gdp,GDP PC model: 0.56% growth,PBO forecast anchor
2041,40.0741806823265,midpoint_gdp,GDP PC model: 0.56% growth,PBO through 2029-30; deterministic model changes thereafter,with_income,midpoint_gdp,GDP PC model: 0.56% growth,PBO forecast anchor
2042,40.2739655779943,midpoint_gdp,GDP PC model: 0.56% growth,PBO through 2029-30; deterministic model changes thereafter,with_income,midpoint_gdp,GDP PC model: 0.56% growth,PBO forecast anchor
2043,40.471323313799,midpoint_gdp,GDP PC model: 0.56% growth,PBO through 2029-30; deterministic model changes thereafter,with_income,midpoint_gdp,GDP PC model: 0.56% growth,PBO forecast anchor
2044,40.6662994517382,midpoint_gdp,GDP PC model: 0.56% growth,PBO through 2029-30; deterministic model changes thereafter,with_income,midpoint_gdp,GDP PC model: 0.56% growth,PBO forecast anchor
2045,40.8589382828127,midpoint_gdp,GDP PC model: 0.56% growth,PBO through 2029-30; deterministic model changes thereafter,with_income,midpoint_gdp,GDP PC model: 0.56% growth,PBO forecast anchor
2046,41.049282873867,midpoint_gdp,GDP PC model: 0.56% growth,PBO through 2029-30; deterministic model changes thereafter,with_income,midpoint_gdp,GDP PC model: 0.56% growth,PBO forecast anchor
2047,41.2373751122877,midpoint_gdp,GDP PC model: 0.56% growth,PBO through 2029-30; deterministic model changes thereafter,with_income,midpoint_gdp,GDP PC model: 0.56% growth,PBO forecast anchor
2048,41.4232557486855,midpoint_gdp,GDP PC model: 0.56% growth,PBO through 2029-30; deterministic model changes thereafter,with_income,midpoint_gdp,GDP PC model: 0.56% growth,PBO forecast anchor
2049,41.60696443766,midpoint_gdp,GDP PC model: 0.56% growth,PBO through 2029-30; deterministic model changes thereafter,with_income,midpoint_gdp,GDP PC model: 0.56% growth,PBO forecast anchor
2050,41.7885397767541,midpoint_gdp,GDP PC model: 0.56% growth,PBO through 2029-30; deterministic model changes thereafter,with_income,midpoint_gdp,GDP PC model: 0.56% growth,PBO forecast anchor
2051,41.9680193436935,midpoint_gdp,GDP PC model: 0.56% growth,PBO through 2029-30; deterministic model changes thereafter,with_income,midpoint_gdp,GDP PC model: 0.56% growth,PBO forecast anchor
2052,42.1454397320022,midpoint_gdp,GDP PC model: 0.56% growth,PBO through 2029-30; deterministic model changes thereafter,with_income,midpoint_gdp,GDP PC model: 0.56% growth,PBO forecast anchor
2053,42.3208365850719,midpoint_gdp,GDP PC model: 0.56% growth,PBO through 2029-30; deterministic model changes thereafter,with_income,midpoint_gdp,GDP PC model: 0.56% growth,PBO forecast anchor
2054,42.494244628775,midpoint_gdp,GDP PC model: 0.56% growth,PBO through 2029-30; deterministic model changes thereafter,with_income,midpoint_gdp,GDP PC model: 0.56% growth,PBO forecast anchor
2055,42.6656977026891,midpoint_gdp,GDP PC model: 0.56% growth,PBO through 2029-30; deterministic model changes thereafter,with_income,midpoint_gdp,GDP PC model: 0.56% growth,PBO forecast anchor
2056,42.8352287899998,midpoint_gdp,GDP PC model: 0.56% growth,PBO through 2029-30; deterministic model changes thereafter,with_income,midpoint_gdp,GDP PC model: 0.56% growth,PBO forecast anchor
2057,43.0028700461614,midpoint_gdp,GDP PC model: 0.56% growth,PBO through 2029-30; deterministic model changes thereafter,with_income,midpoint_gdp,GDP PC model: 0.56% growth,PBO forecast anchor
2058,43.1686528263594,midpoint_gdp,GDP PC model: 0.56% growth,PBO through 2029-30; deterministic model changes thereafter,with_income,midpoint_gdp,GDP PC model: 0.56% growth,PBO forecast anchor
2059,43.3326077118499,midpoint_gdp,GDP PC model: 0.56% growth,PBO through 2029-30; deterministic model changes thereafter,with_income,midpoint_gdp,GDP PC model: 0.56% growth,PBO forecast anchor
2060,43.4947645352229,midpoint_gdp,GDP PC model: 0.56% growth,PBO through 2029-30; deterministic model changes thereafter,with_income,midpoint_gdp,GDP PC model: 0.56% growth,PBO forecast anchor
2061,43.6551524046401,midpoint_gdp,GDP PC model: 0.56% growth,PBO through 2029-30; deterministic model changes thereafter,with_income,midpoint_gdp,GDP PC model: 0.56% growth,PBO forecast anchor
2062,43.8137997271025,midpoint_gdp,GDP PC model: 0.56% growth,PBO through 2029-30; deterministic model changes thereafter,with_income,midpoint_gdp,GDP PC model: 0.56% growth,PBO forecast anchor
2063,43.9707342307929,midpoint_gdp,GDP PC model: 0.56% growth,PBO through 2029-30; deterministic model changes thereafter,with_income,midpoint_gdp,GDP PC model: 0.56% growth,PBO forecast anchor
2064,44.1259829865303,midpoint_gdp,GDP PC model: 0.56% growth,PBO through 2029-30; deterministic model changes thereafter,with_income,midpoint_gdp,GDP PC model: 0.56% growth,PBO forecast anchor
2065,44.2795724283868,midpoint_gdp,GDP PC model: 0.56% growth,PBO through 2029-30; deterministic model changes thereafter,with_income,midpoint_gdp,GDP PC model: 0.56% growth,PBO forecast anchor
2066,44.4315283735047,midpoint_gdp,GDP PC model: 0.56% growth,PBO through 2029-30; deterministic model changes thereafter,with_income,midpoint_gdp,GDP PC model: 0.56% growth,PBO forecast anchor
2026,37.1,pressure_gdp,GDP PC model: 0.10% growth,PBO through 2029-30; deterministic model changes thereafter,with_income,pressure_gdp,GDP PC model: 0.10% growth,PBO forecast anchor
2027,37.1,pressure_gdp,GDP PC model: 0.10% growth,PBO through 2029-30; deterministic model changes thereafter,with_income,pressure_gdp,GDP PC model: 0.10% growth,PBO forecast anchor
2028,36.4,pressure_gdp,GDP PC model: 0.10% growth,PBO through 2029-30; deterministic model changes thereafter,with_income,pressure_gdp,GDP PC model: 0.10% growth,PBO forecast anchor
2029,35.7,pressure_gdp,GDP PC model: 0.10% growth,PBO through 2029-30; deterministic model changes thereafter,with_income,pressure_gdp,GDP PC model: 0.10% growth,PBO forecast anchor
2030,34.9,pressure_gdp,GDP PC model: 0.10% growth,PBO through 2029-30; deterministic model changes thereafter,with_income,pressure_gdp,GDP PC model: 0.10% growth,PBO forecast anchor
2031,35.8513202777275,pressure_gdp,GDP PC model: 0.10% growth,PBO through 2029-30; deterministic model changes thereafter,with_income,pressure_gdp,GDP PC model: 0.10% growth,PBO forecast anchor
2032,36.7348914788667,pressure_gdp,GDP PC model: 0.10% growth,PBO through 2029-30; deterministic model changes thereafter,with_income,pressure_gdp,GDP PC model: 0.10% growth,PBO forecast anchor
2033,37.5536597451825,pressure_gdp,GDP PC model: 0.10% growth,PBO through 2029-30; deterministic model changes thereafter,with_income,pressure_gdp,GDP PC model: 0.10% growth,PBO forecast anchor
2034,38.3225073107269,pressure_gdp,GDP PC model: 0.10% growth,PBO through 2029-30; deterministic model changes thereafter,with_income,pressure_gdp,GDP PC model: 0.10% growth,PBO forecast anchor
2035,39.043144513632,pressure_gdp,GDP PC model: 0.10% growth,PBO through 2029-30; deterministic model changes thereafter,with_income,pressure_gdp,GDP PC model: 0.10% growth,PBO forecast anchor
2036,39.7734032248628,pressure_gdp,GDP PC model: 0.10% growth,PBO through 2029-30; deterministic model changes thereafter,with_income,pressure_gdp,GDP PC model: 0.10% growth,PBO forecast anchor
2037,40.1087628184368,pressure_gdp,GDP PC model: 0.10% growth,PBO through 2029-30; deterministic model changes thereafter,with_income,pressure_gdp,GDP PC model: 0.10% growth,PBO forecast anchor
2038,40.4414465718467,pressure_gdp,GDP PC model: 0.10% growth,PBO through 2029-30; deterministic model changes thereafter,with_income,pressure_gdp,GDP PC model: 0.10% growth,PBO forecast anchor
2039,40.7715071886509,pressure_gdp,GDP PC model: 0.10% growth,PBO through 2029-30; deterministic model changes thereafter,with_income,pressure_gdp,GDP PC model: 0.10% growth,PBO forecast anchor
2040,41.0989958305002,pressure_gdp,GDP PC model: 0.10% growth,PBO through 2029-30; deterministic model changes thereafter,with_income,pressure_gdp,GDP PC model: 0.10% growth,PBO forecast anchor
2041,41.4239621767056,pressure_gdp,GDP PC model: 0.10% growth,PBO through 2029-30; deterministic model changes thereafter,with_income,pressure_gdp,GDP PC model: 0.10% growth,PBO forecast anchor
2042,41.7464544809534,pressure_gdp,GDP PC model: 0.10% growth,PBO through 2029-30; deterministic model changes thereafter,with_income,pressure_gdp,GDP PC model: 0.10% growth,PBO forecast anchor
2043,42.066519625338,pressure_gdp,GDP PC model: 0.10% growth,PBO through 2029-30; deterministic model changes thereafter,with_income,pressure_gdp,GDP PC model: 0.10% growth,PBO forecast anchor
2044,42.3842031718569,pressure_gdp,GDP PC model: 0.10% growth,PBO through 2029-30; deterministic model changes thereafter,with_income,pressure_gdp,GDP PC model: 0.10% growth,PBO forecast anchor
2045,42.6995494115115,pressure_gdp,GDP PC model: 0.10% growth,PBO through 2029-30; deterministic model changes thereafter,with_income,pressure_gdp,GDP PC model: 0.10% growth,PBO forecast anchor
2046,43.0126014111456,pressure_gdp,GDP PC model: 0.10% growth,PBO through 2029-30; deterministic model changes thereafter,with_income,pressure_gdp,GDP PC model: 0.10% growth,PBO forecast anchor
2047,43.3234010581462,pressure_gdp,GDP PC model: 0.10% growth,PBO through 2029-30; deterministic model changes thereafter,with_income,pressure_gdp,GDP PC model: 0.10% growth,PBO forecast anchor
2048,43.631989103124,pressure_gdp,GDP PC model: 0.10% growth,PBO through 2029-30; deterministic model changes thereafter,with_income,pressure_gdp,GDP PC model: 0.10% growth,PBO forecast anchor
2049,43.9384052006784,pressure_gdp,GDP PC model: 0.10% growth,PBO through 2029-30; deterministic model changes thereafter,with_income,pressure_gdp,GDP PC model: 0.10% growth,PBO forecast anchor
2050,44.2426879483524,pressure_gdp,GDP PC model: 0.10% growth,PBO through 2029-30; deterministic model changes thereafter,with_income,pressure_gdp,GDP PC model: 0.10% growth,PBO forecast anchor
2051,44.5448749238717,pressure_gdp,GDP PC model: 0.10% growth,PBO through 2029-30; deterministic model changes thereafter,with_income,pressure_gdp,GDP PC model: 0.10% growth,PBO forecast anchor
2052,44.8450027207603,pressure_gdp,GDP PC model: 0.10% growth,PBO through 2029-30; deterministic model changes thereafter,with_income,pressure_gdp,GDP PC model: 0.10% growth,PBO forecast anchor
2053,45.1431069824099,pressure_gdp,GDP PC model: 0.10% growth,PBO through 2029-30; deterministic model changes thereafter,with_income,pressure_gdp,GDP PC model: 0.10% growth,PBO forecast anchor
2054,45.439222434693,pressure_gdp,GDP PC model: 0.10% growth,PBO through 2029-30; deterministic model changes thereafter,with_income,pressure_gdp,GDP PC model: 0.10% growth,PBO forecast anchor
2055,45.733382917187,pressure_gdp,GDP PC model: 0.10% growth,PBO through 2029-30; deterministic model changes thereafter,with_income,pressure_gdp,GDP PC model: 0.10% growth,PBO forecast anchor
2056,46.0256214130775,pressure_gdp,GDP PC model: 0.10% growth,PBO through 2029-30; deterministic model changes thereafter,with_income,pressure_gdp,GDP PC model: 0.10% growth,PBO forecast anchor
2057,46.315970077819,pressure_gdp,GDP PC model: 0.10% growth,PBO through 2029-30; deterministic model changes thereafter,with_income,pressure_gdp,GDP PC model: 0.10% growth,PBO forecast anchor
2058,46.604460266597,pressure_gdp,GDP PC model: 0.10% growth,PBO through 2029-30; deterministic model changes thereafter,with_income,pressure_gdp,GDP PC model: 0.10% growth,PBO forecast anchor
2059,46.8911225606674,pressure_gdp,GDP PC model: 0.10% growth,PBO through 2029-30; deterministic model changes thereafter,with_income,pressure_gdp,GDP PC model: 0.10% growth,PBO forecast anchor
2060,47.1759867926204,pressure_gdp,GDP PC model: 0.10% growth,PBO through 2029-30; deterministic model changes thereafter,with_income,pressure_gdp,GDP PC model: 0.10% growth,PBO forecast anchor
2061,47.4590820706175,pressure_gdp,GDP PC model: 0.10% growth,PBO through 2029-30; deterministic model changes thereafter,with_income,pressure_gdp,GDP PC model: 0.10% growth,PBO forecast anchor
2062,47.7404368016597,pressure_gdp,GDP PC model: 0.10% growth,PBO through 2029-30; deterministic model changes thereafter,with_income,pressure_gdp,GDP PC model: 0.10% growth,PBO forecast anchor
2063,48.0200787139301,pressure_gdp,GDP PC model: 0.10% growth,PBO through 2029-30; deterministic model changes thereafter,with_income,pressure_gdp,GDP PC model: 0.10% growth,PBO forecast anchor
2064,48.2980348782474,pressure_gdp,GDP PC model: 0.10% growth,PBO through 2029-30; deterministic model changes thereafter,with_income,pressure_gdp,GDP PC model: 0.10% growth,PBO forecast anchor
2065,48.5743317286838,pressure_gdp,GDP PC model: 0.10% growth,PBO through 2029-30; deterministic model changes thereafter,with_income,pressure_gdp,GDP PC model: 0.10% growth,PBO forecast anchor
2066,48.8489950823815,pressure_gdp,GDP PC model: 0.10% growth,PBO through 2029-30; deterministic model changes thereafter,with_income,pressure_gdp,GDP PC model: 0.10% growth,PBO forecast anchor
2026,37.1,no_income,Model excluding GDP PC,PBO through 2029-30; deterministic model changes thereafter,no_income,no_income,Model excluding GDP PC,PBO forecast anchor
2027,37.1,no_income,Model excluding GDP PC,PBO through 2029-30; deterministic model changes thereafter,no_income,no_income,Model excluding GDP PC,PBO forecast anchor
2028,36.4,no_income,Model excluding GDP PC,PBO through 2029-30; deterministic model changes thereafter,no_income,no_income,Model excluding GDP PC,PBO forecast anchor
2029,35.7,no_income,Model excluding GDP PC,PBO through 2029-30; deterministic model changes thereafter,no_income,no_income,Model excluding GDP PC,PBO forecast anchor
2030,34.9,no_income,Model excluding GDP PC,PBO through 2029-30; deterministic model changes thereafter,no_income,no_income,Model excluding GDP PC,PBO forecast anchor
2031,35.3266014595131,no_income,Model excluding GDP PC,PBO through 2029-30; deterministic model changes thereafter,no_income,no_income,Model excluding GDP PC,PBO forecast anchor
2032,35.7571764953501,no_income,Model excluding GDP PC,PBO through 2029-30; deterministic model changes thereafter,no_income,no_income,Model excluding GDP PC,PBO forecast anchor
2033,36.1695368428243,no_income,Model excluding GDP PC,PBO through 2029-30; deterministic model changes thereafter,no_income,no_income,Model excluding GDP PC,PBO forecast anchor
2034,36.5543413857103,no_income,Model excluding GDP PC,PBO through 2029-30; deterministic model changes thereafter,no_income,no_income,Model excluding GDP PC,PBO forecast anchor
2035,36.9319499313992,no_income,Model excluding GDP PC,PBO through 2029-30; deterministic model changes thereafter,no_income,no_income,Model excluding GDP PC,PBO forecast anchor
2036,37.2973554176958,no_income,Model excluding GDP PC,PBO through 2029-30; deterministic model changes thereafter,no_income,no_income,Model excluding GDP PC,PBO forecast anchor
2037,37.4320131709708,no_income,Model excluding GDP PC,PBO through 2029-30; deterministic model changes thereafter,no_income,no_income,Model excluding GDP PC,PBO forecast anchor
2038,37.566670924246,no_income,Model excluding GDP PC,PBO through 2029-30; deterministic model changes thereafter,no_income,no_income,Model excluding GDP PC,PBO forecast anchor
2039,37.7013286775212,no_income,Model excluding GDP PC,PBO through 2029-30; deterministic model changes thereafter,no_income,no_income,Model excluding GDP PC,PBO forecast anchor
2040,37.8359864307961,no_income,Model excluding GDP PC,PBO through 2029-30; deterministic model changes thereafter,no_income,no_income,Model excluding GDP PC,PBO forecast anchor
2041,37.9706441840713,no_income,Model excluding GDP PC,PBO through 2029-30; deterministic model changes thereafter,no_income,no_income,Model excluding GDP PC,PBO forecast anchor
2042,38.1053019373465,no_income,Model excluding GDP PC,PBO through 2029-30; deterministic model changes thereafter,no_income,no_income,Model excluding GDP PC,PBO forecast anchor
2043,38.2399596906215,no_income,Model excluding GDP PC,PBO through 2029-30; deterministic model changes thereafter,no_income,no_income,Model excluding GDP PC,PBO forecast anchor
2044,38.3746174438966,no_income,Model excluding GDP PC,PBO through 2029-30; deterministic model changes thereafter,no_income,no_income,Model excluding GDP PC,PBO forecast anchor
2045,38.5092751971716,no_income,Model excluding GDP PC,PBO through 2029-30; deterministic model changes thereafter,no_income,no_income,Model excluding GDP PC,PBO forecast anchor
2046,38.6439329504468,no_income,Model excluding GDP PC,PBO through 2029-30; deterministic model changes thereafter,no_income,no_income,Model excluding GDP PC,PBO forecast anchor
2047,38.7785907037219,no_income,Model excluding GDP PC,PBO through 2029-30; deterministic model changes thereafter,no_income,no_income,Model excluding GDP PC,PBO forecast anchor
2048,38.9132484569969,no_income,Model excluding GDP PC,PBO through 2029-30; deterministic model changes thereafter,no_income,no_income,Model excluding GDP PC,PBO forecast anchor
2049,39.0479062102721,no_income,Model excluding GDP PC,PBO through 2029-30; deterministic model changes thereafter,no_income,no_income,Model excluding GDP PC,PBO forecast anchor
2050,39.1825639635473,no_income,Model excluding GDP PC,PBO through 2029-30; deterministic model changes thereafter,no_income,no_income,Model excluding GDP PC,PBO forecast anchor
2051,39.3172217168223,no_income,Model excluding GDP PC,PBO through 2029-30; deterministic model changes thereafter,no_income,no_income,Model excluding GDP PC,PBO forecast anchor
2052,39.4518794700974,no_income,Model excluding GDP PC,PBO through 2029-30; deterministic model changes thereafter,no_income,no_income,Model excluding GDP PC,PBO forecast anchor
2053,39.5865372233726,no_income,Model excluding GDP PC,PBO through 2029-30; deterministic model changes thereafter,no_income,no_income,Model excluding GDP PC,PBO forecast anchor
2054,39.7211949766476,no_income,Model excluding GDP PC,PBO through 2029-30; deterministic model changes thereafter,no_income,no_income,Model excluding GDP PC,PBO forecast anchor
2055,39.8558527299228,no_income,Model excluding GDP PC,PBO through 2029-30; deterministic model changes thereafter,no_income,no_income,Model excluding GDP PC,PBO forecast anchor
2056,39.9905104831978,no_income,Model excluding GDP PC,PBO through 2029-30; deterministic model changes thereafter,no_income,no_income,Model excluding GDP PC,PBO forecast anchor
2057,40.1251682364729,no_income,Model excluding GDP PC,PBO through 2029-30; deterministic model changes thereafter,no_income,no_income,Model excluding GDP PC,PBO forecast anchor
2058,40.2598259897481,no_income,Model excluding GDP PC,PBO through 2029-30; deterministic model changes thereafter,no_income,no_income,Model excluding GDP PC,PBO forecast anchor
2059,40.3944837430231,no_income,Model excluding GDP PC,PBO through 2029-30; deterministic model changes thereafter,no_income,no_income,Model excluding GDP PC,PBO forecast anchor
2060,40.5291414962982,no_income,Model excluding GDP PC,PBO through 2029-30; deterministic model changes thereafter,no_income,no_income,Model excluding GDP PC,PBO forecast anchor
2061,40.6637992495734,no_income,Model excluding GDP PC,PBO through 2029-30; deterministic model changes thereafter,no_income,no_income,Model excluding GDP PC,PBO forecast anchor
2062,40.7984570028484,no_income,Model excluding GDP PC,PBO through 2029-30; deterministic model changes thereafter,no_income,no_income,Model excluding GDP PC,PBO forecast anchor
2063,40.9331147561236,no_income,Model excluding GDP PC,PBO through 2029-30; deterministic model changes thereafter,no_income,no_income,Model excluding GDP PC,PBO forecast anchor
2064,41.0677725093987,no_income,Model excluding GDP PC,PBO through 2029-30; deterministic model changes thereafter,no_income,no_income,Model excluding GDP PC,PBO forecast anchor
2065,41.2024302626737,no_income,Model excluding GDP PC,PBO through 2029-30; deterministic model changes thereafter,no_income,no_income,Model excluding GDP PC,PBO forecast anchor
2066,41.3370880159489,no_income,Model excluding GDP PC,PBO through 2029-30; deterministic model changes thereafter,no_income,no_income,Model excluding GDP PC,PBO forecast anchor
2025,36.4354044063882,central_gdp,GDP PC model: 1.03% growth,Latest National Accounts actual; deterministic model changes thereafter,with_income,central_gdp,GDP PC model: 1.03% growth,Latest actual anchor
2026,37.0344019773997,central_gdp,GDP PC model: 1.03% growth,Latest National Accounts actual; deterministic model changes thereafter,with_income,central_gdp,GDP PC model: 1.03% growth,Latest actual anchor
2027,37.936733739043,central_gdp,GDP PC model: 1.03% growth,Latest National Accounts actual; deterministic model changes thereafter,with_income,central_gdp,GDP PC model: 1.03% growth,Latest actual anchor
2028,39.1610453868038,central_gdp,GDP PC model: 1.03% growth,Latest National Accounts actual; deterministic model changes thereafter,with_income,central_gdp,GDP PC model: 1.03% growth,Latest actual anchor
2029,39.8716697459313,central_gdp,GDP PC model: 1.03% growth,Latest National Accounts actual; deterministic model changes thereafter,with_income,central_gdp,GDP PC model: 1.03% growth,Latest actual anchor
2030,40.3420267133296,central_gdp,GDP PC model: 1.03% growth,Latest National Accounts actual; deterministic model changes thereafter,with_income,central_gdp,GDP PC model: 1.03% growth,Latest actual anchor
2031,41.0479321738972,central_gdp,GDP PC model: 1.03% growth,Latest National Accounts actual; deterministic model changes thereafter,with_income,central_gdp,GDP PC model: 1.03% growth,Latest actual anchor
2032,41.6860885578765,central_gdp,GDP PC model: 1.03% growth,Latest National Accounts actual; deterministic model changes thereafter,with_income,central_gdp,GDP PC model: 1.03% growth,Latest actual anchor
2033,42.2594420070325,central_gdp,GDP PC model: 1.03% growth,Latest National Accounts actual; deterministic model changes thereafter,with_income,central_gdp,GDP PC model: 1.03% growth,Latest actual anchor
2034,42.7828747554172,central_gdp,GDP PC model: 1.03% growth,Latest National Accounts actual; deterministic model changes thereafter,with_income,central_gdp,GDP PC model: 1.03% growth,Latest actual anchor
2035,43.2580971411621,central_gdp,GDP PC model: 1.03% growth,Latest National Accounts actual; deterministic model changes thereafter,with_income,central_gdp,GDP PC model: 1.03% growth,Latest actual anchor
2036,43.7429410352331,central_gdp,GDP PC model: 1.03% growth,Latest National Accounts actual; deterministic model changes thereafter,with_income,central_gdp,GDP PC model: 1.03% growth,Latest actual anchor
2037,43.8328858116473,central_gdp,GDP PC model: 1.03% growth,Latest National Accounts actual; deterministic model changes thereafter,with_income,central_gdp,GDP PC model: 1.03% growth,Latest actual anchor
2038,43.9201547478975,central_gdp,GDP PC model: 1.03% growth,Latest National Accounts actual; deterministic model changes thereafter,with_income,central_gdp,GDP PC model: 1.03% growth,Latest actual anchor
2039,44.0048005475419,central_gdp,GDP PC model: 1.03% growth,Latest National Accounts actual; deterministic model changes thereafter,with_income,central_gdp,GDP PC model: 1.03% growth,Latest actual anchor
2040,44.0868743722316,central_gdp,GDP PC model: 1.03% growth,Latest National Accounts actual; deterministic model changes thereafter,with_income,central_gdp,GDP PC model: 1.03% growth,Latest actual anchor
2041,44.1664259012769,central_gdp,GDP PC model: 1.03% growth,Latest National Accounts actual; deterministic model changes thereafter,with_income,central_gdp,GDP PC model: 1.03% growth,Latest actual anchor
2042,44.2435033883648,central_gdp,GDP PC model: 1.03% growth,Latest National Accounts actual; deterministic model changes thereafter,with_income,central_gdp,GDP PC model: 1.03% growth,Latest actual anchor
2043,44.3181537155897,central_gdp,GDP PC model: 1.03% growth,Latest National Accounts actual; deterministic model changes thereafter,with_income,central_gdp,GDP PC model: 1.03% growth,Latest actual anchor
2044,44.3904224449491,central_gdp,GDP PC model: 1.03% growth,Latest National Accounts actual; deterministic model changes thereafter,with_income,central_gdp,GDP PC model: 1.03% growth,Latest actual anchor
2045,44.4603538674435,central_gdp,GDP PC model: 1.03% growth,Latest National Accounts actual; deterministic model changes thereafter,with_income,central_gdp,GDP PC model: 1.03% growth,Latest actual anchor
2046,44.5279910499179,central_gdp,GDP PC model: 1.03% growth,Latest National Accounts actual; deterministic model changes thereafter,with_income,central_gdp,GDP PC model: 1.03% growth,Latest actual anchor
2047,44.5933758797587,central_gdp,GDP PC model: 1.03% growth,Latest National Accounts actual; deterministic model changes thereafter,with_income,central_gdp,GDP PC model: 1.03% growth,Latest actual anchor
2048,44.6565491075766,central_gdp,GDP PC model: 1.03% growth,Latest National Accounts actual; deterministic model changes thereafter,with_income,central_gdp,GDP PC model: 1.03% growth,Latest actual anchor
2049,44.7175503879712,central_gdp,GDP PC model: 1.03% growth,Latest National Accounts actual; deterministic model changes thereafter,with_income,central_gdp,GDP PC model: 1.03% growth,Latest actual anchor
2050,44.7764183184853,central_gdp,GDP PC model: 1.03% growth,Latest National Accounts actual; deterministic model changes thereafter,with_income,central_gdp,GDP PC model: 1.03% growth,Latest actual anchor
2051,44.833190476845,central_gdp,GDP PC model: 1.03% growth,Latest National Accounts actual; deterministic model changes thereafter,with_income,central_gdp,GDP PC model: 1.03% growth,Latest actual anchor
2052,44.8879034565737,central_gdp,GDP PC model: 1.03% growth,Latest National Accounts actual; deterministic model changes thereafter,with_income,central_gdp,GDP PC model: 1.03% growth,Latest actual anchor
2053,44.9405929010634,central_gdp,GDP PC model: 1.03% growth,Latest National Accounts actual; deterministic model changes thereafter,with_income,central_gdp,GDP PC model: 1.03% growth,Latest actual anchor
2054,44.9912935361866,central_gdp,GDP PC model: 1.03% growth,Latest National Accounts actual; deterministic model changes thereafter,with_income,central_gdp,GDP PC model: 1.03% growth,Latest actual anchor
2055,45.0400392015207,central_gdp,GDP PC model: 1.03% growth,Latest National Accounts actual; deterministic model changes thereafter,with_income,central_gdp,GDP PC model: 1.03% growth,Latest actual anchor
2056,45.0868628802517,central_gdp,GDP PC model: 1.03% growth,Latest National Accounts actual; deterministic model changes thereafter,with_income,central_gdp,GDP PC model: 1.03% growth,Latest actual anchor
2057,45.1317967278333,central_gdp,GDP PC model: 1.03% growth,Latest National Accounts actual; deterministic model changes thereafter,with_income,central_gdp,GDP PC model: 1.03% growth,Latest actual anchor
2058,45.1748720994514,central_gdp,GDP PC model: 1.03% growth,Latest National Accounts actual; deterministic model changes thereafter,with_income,central_gdp,GDP PC model: 1.03% growth,Latest actual anchor
2059,45.216119576362,central_gdp,GDP PC model: 1.03% growth,Latest National Accounts actual; deterministic model changes thereafter,with_income,central_gdp,GDP PC model: 1.03% growth,Latest actual anchor
2060,45.255568991155,central_gdp,GDP PC model: 1.03% growth,Latest National Accounts actual; deterministic model changes thereafter,with_income,central_gdp,GDP PC model: 1.03% growth,Latest actual anchor
2061,45.2932494519922,central_gdp,GDP PC model: 1.03% growth,Latest National Accounts actual; deterministic model changes thereafter,with_income,central_gdp,GDP PC model: 1.03% growth,Latest actual anchor
2062,45.3291893658749,central_gdp,GDP PC model: 1.03% growth,Latest National Accounts actual; deterministic model changes thereafter,with_income,central_gdp,GDP PC model: 1.03% growth,Latest actual anchor
2063,45.3634164609854,central_gdp,GDP PC model: 1.03% growth,Latest National Accounts actual; deterministic model changes thereafter,with_income,central_gdp,GDP PC model: 1.03% growth,Latest actual anchor
2064,45.3959578081428,central_gdp,GDP PC model: 1.03% growth,Latest National Accounts actual; deterministic model changes thereafter,with_income,central_gdp,GDP PC model: 1.03% growth,Latest actual anchor
2065,45.4268398414194,central_gdp,GDP PC model: 1.03% growth,Latest National Accounts actual; deterministic model changes thereafter,with_income,central_gdp,GDP PC model: 1.03% growth,Latest actual anchor
2066,45.4560883779574,central_gdp,GDP PC model: 1.03% growth,Latest National Accounts actual; deterministic model changes thereafter,with_income,central_gdp,GDP PC model: 1.03% growth,Latest actual anchor
2025,36.4354044063882,midpoint_gdp,GDP PC model: 0.56% growth,Latest National Accounts actual; deterministic model changes thereafter,with_income,midpoint_gdp,GDP PC model: 0.56% growth,Latest actual anchor
2026,37.066707712323,midpoint_gdp,GDP PC model: 0.56% growth,Latest National Accounts actual; deterministic model changes thereafter,with_income,midpoint_gdp,GDP PC model: 0.56% growth,Latest actual anchor
2027,38.0015018429092,midpoint_gdp,GDP PC model: 0.56% growth,Latest National Accounts actual; deterministic model changes thereafter,with_income,midpoint_gdp,GDP PC model: 0.56% growth,Latest actual anchor
2028,39.2583547475856,midpoint_gdp,GDP PC model: 0.56% growth,Latest National Accounts actual; deterministic model changes thereafter,with_income,midpoint_gdp,GDP PC model: 0.56% growth,Latest actual anchor
2029,40.0015599515717,midpoint_gdp,GDP PC model: 0.56% growth,Latest National Accounts actual; deterministic model changes thereafter,with_income,midpoint_gdp,GDP PC model: 0.56% growth,Latest actual anchor
2030,40.5045374482096,midpoint_gdp,GDP PC model: 0.56% growth,Latest National Accounts actual; deterministic model changes thereafter,with_income,midpoint_gdp,GDP PC model: 0.56% growth,Latest actual anchor
2031,41.3331503173571,midpoint_gdp,GDP PC model: 0.56% growth,Latest National Accounts actual; deterministic model changes thereafter,with_income,midpoint_gdp,GDP PC model: 0.56% growth,Latest actual anchor
2032,42.0940141099164,midpoint_gdp,GDP PC model: 0.56% growth,Latest National Accounts actual; deterministic model changes thereafter,with_income,midpoint_gdp,GDP PC model: 0.56% growth,Latest actual anchor
2033,42.7900749676523,midpoint_gdp,GDP PC model: 0.56% growth,Latest National Accounts actual; deterministic model changes thereafter,with_income,midpoint_gdp,GDP PC model: 0.56% growth,Latest actual anchor
2034,43.4362151246169,midpoint_gdp,GDP PC model: 0.56% growth,Latest National Accounts actual; deterministic model changes thereafter,with_income,midpoint_gdp,GDP PC model: 0.56% growth,Latest actual anchor
2035,44.0341449189419,midpoint_gdp,GDP PC model: 0.56% growth,Latest National Accounts actual; deterministic model changes thereafter,with_income,midpoint_gdp,GDP PC model: 0.56% growth,Latest actual anchor
2036,44.6416962215928,midpoint_gdp,GDP PC model: 0.56% growth,Latest National Accounts actual; deterministic model changes thereafter,with_income,midpoint_gdp,GDP PC model: 0.56% growth,Latest actual anchor
2037,44.8543484065869,midpoint_gdp,GDP PC model: 0.56% growth,Latest National Accounts actual; deterministic model changes thereafter,with_income,midpoint_gdp,GDP PC model: 0.56% growth,Latest actual anchor
2038,45.0643247514169,midpoint_gdp,GDP PC model: 0.56% growth,Latest National Accounts actual; deterministic model changes thereafter,with_income,midpoint_gdp,GDP PC model: 0.56% growth,Latest actual anchor
2039,45.2716779596412,midpoint_gdp,GDP PC model: 0.56% growth,Latest National Accounts actual; deterministic model changes thereafter,with_income,midpoint_gdp,GDP PC model: 0.56% growth,Latest actual anchor
2040,45.4764591929107,midpoint_gdp,GDP PC model: 0.56% growth,Latest National Accounts actual; deterministic model changes thereafter,with_income,midpoint_gdp,GDP PC model: 0.56% growth,Latest actual anchor
2041,45.6787181305361,midpoint_gdp,GDP PC model: 0.56% growth,Latest National Accounts actual; deterministic model changes thereafter,with_income,midpoint_gdp,GDP PC model: 0.56% growth,Latest actual anchor
2042,45.8785030262039,midpoint_gdp,GDP PC model: 0.56% growth,Latest National Accounts actual; deterministic model changes thereafter,with_income,midpoint_gdp,GDP PC model: 0.56% growth,Latest actual anchor
2043,46.0758607620086,midpoint_gdp,GDP PC model: 0.56% growth,Latest National Accounts actual; deterministic model changes thereafter,with_income,midpoint_gdp,GDP PC model: 0.56% growth,Latest actual anchor
2044,46.2708368999478,midpoint_gdp,GDP PC model: 0.56% growth,Latest National Accounts actual; deterministic model changes thereafter,with_income,midpoint_gdp,GDP PC model: 0.56% growth,Latest actual anchor
2045,46.4634757310224,midpoint_gdp,GDP PC model: 0.56% growth,Latest National Accounts actual; deterministic model changes thereafter,with_income,midpoint_gdp,GDP PC model: 0.56% growth,Latest actual anchor
2046,46.6538203220766,midpoint_gdp,GDP PC model: 0.56% growth,Latest National Accounts actual; deterministic model changes thereafter,with_income,midpoint_gdp,GDP PC model: 0.56% growth,Latest actual anchor
2047,46.8419125604973,midpoint_gdp,GDP PC model: 0.56% growth,Latest National Accounts actual; deterministic model changes thereafter,with_income,midpoint_gdp,GDP PC model: 0.56% growth,Latest actual anchor
2048,47.0277931968951,midpoint_gdp,GDP PC model: 0.56% growth,Latest National Accounts actual; deterministic model changes thereafter,with_income,midpoint_gdp,GDP PC model: 0.56% growth,Latest actual anchor
2049,47.2115018858696,midpoint_gdp,GDP PC model: 0.56% growth,Latest National Accounts actual; deterministic model changes thereafter,with_income,midpoint_gdp,GDP PC model: 0.56% growth,Latest actual anchor
2050,47.3930772249637,midpoint_gdp,GDP PC model: 0.56% growth,Latest National Accounts actual; deterministic model changes thereafter,with_income,midpoint_gdp,GDP PC model: 0.56% growth,Latest actual anchor
2051,47.5725567919032,midpoint_gdp,GDP PC model: 0.56% growth,Latest National Accounts actual; deterministic model changes thereafter,with_income,midpoint_gdp,GDP PC model: 0.56% growth,Latest actual anchor
2052,47.7499771802118,midpoint_gdp,GDP PC model: 0.56% growth,Latest National Accounts actual; deterministic model changes thereafter,with_income,midpoint_gdp,GDP PC model: 0.56% growth,Latest actual anchor
2053,47.9253740332815,midpoint_gdp,GDP PC model: 0.56% growth,Latest National Accounts actual; deterministic model changes thereafter,with_income,midpoint_gdp,GDP PC model: 0.56% growth,Latest actual anchor
2054,48.0987820769846,midpoint_gdp,GDP PC model: 0.56% growth,Latest National Accounts actual; deterministic model changes thereafter,with_income,midpoint_gdp,GDP PC model: 0.56% growth,Latest actual anchor
2055,48.2702351508987,midpoint_gdp,GDP PC model: 0.56% growth,Latest National Accounts actual; deterministic model changes thereafter,with_income,midpoint_gdp,GDP PC model: 0.56% growth,Latest actual anchor
2056,48.4397662382094,midpoint_gdp,GDP PC model: 0.56% growth,Latest National Accounts actual; deterministic model changes thereafter,with_income,midpoint_gdp,GDP PC model: 0.56% growth,Latest actual anchor
2057,48.607407494371,midpoint_gdp,GDP PC model: 0.56% growth,Latest National Accounts actual; deterministic model changes thereafter,with_income,midpoint_gdp,GDP PC model: 0.56% growth,Latest actual anchor
2058,48.773190274569,midpoint_gdp,GDP PC model: 0.56% growth,Latest National Accounts actual; deterministic model changes thereafter,with_income,midpoint_gdp,GDP PC model: 0.56% growth,Latest actual anchor
2059,48.9371451600595,midpoint_gdp,GDP PC model: 0.56% growth,Latest National Accounts actual; deterministic model changes thereafter,with_income,midpoint_gdp,GDP PC model: 0.56% growth,Latest actual anchor
2060,49.0993019834325,midpoint_gdp,GDP PC model: 0.56% growth,Latest National Accounts actual; deterministic model changes thereafter,with_income,midpoint_gdp,GDP PC model: 0.56% growth,Latest actual anchor
2061,49.2596898528497,midpoint_gdp,GDP PC model: 0.56% growth,Latest National Accounts actual; deterministic model changes thereafter,with_income,midpoint_gdp,GDP PC model: 0.56% growth,Latest actual anchor
2062,49.4183371753121,midpoint_gdp,GDP PC model: 0.56% growth,Latest National Accounts actual; deterministic model changes thereafter,with_income,midpoint_gdp,GDP PC model: 0.56% growth,Latest actual anchor
2063,49.5752716790025,midpoint_gdp,GDP PC model: 0.56% growth,Latest National Accounts actual; deterministic model changes thereafter,with_income,midpoint_gdp,GDP PC model: 0.56% growth,Latest actual anchor
2064,49.7305204347399,midpoint_gdp,GDP PC model: 0.56% growth,Latest National Accounts actual; deterministic model changes thereafter,with_income,midpoint_gdp,GDP PC model: 0.56% growth,Latest actual anchor
2065,49.8841098765964,midpoint_gdp,GDP PC model: 0.56% growth,Latest National Accounts actual; deterministic model changes thereafter,with_income,midpoint_gdp,GDP PC model: 0.56% growth,Latest actual anchor
2066,50.0360658217143,midpoint_gdp,GDP PC model: 0.56% growth,Latest National Accounts actual; deterministic model changes thereafter,with_income,midpoint_gdp,GDP PC model: 0.56% growth,Latest actual anchor
2025,36.4354044063882,pressure_gdp,GDP PC model: 0.10% growth,Latest National Accounts actual; deterministic model changes thereafter,with_income,pressure_gdp,GDP PC model: 0.10% growth,Latest actual anchor
2026,37.0990134472464,pressure_gdp,GDP PC model: 0.10% growth,Latest National Accounts actual; deterministic model changes thereafter,with_income,pressure_gdp,GDP PC model: 0.10% growth,Latest actual anchor
2027,38.0662699467753,pressure_gdp,GDP PC model: 0.10% growth,Latest National Accounts actual; deterministic model changes thereafter,with_income,pressure_gdp,GDP PC model: 0.10% growth,Latest actual anchor
2028,39.3556641083673,pressure_gdp,GDP PC model: 0.10% growth,Latest National Accounts actual; deterministic model changes thereafter,with_income,pressure_gdp,GDP PC model: 0.10% growth,Latest actual anchor
2029,40.1314501572121,pressure_gdp,GDP PC model: 0.10% growth,Latest National Accounts actual; deterministic model changes thereafter,with_income,pressure_gdp,GDP PC model: 0.10% growth,Latest actual anchor
2030,40.6670481830897,pressure_gdp,GDP PC model: 0.10% growth,Latest National Accounts actual; deterministic model changes thereafter,with_income,pressure_gdp,GDP PC model: 0.10% growth,Latest actual anchor
2031,41.6183684608171,pressure_gdp,GDP PC model: 0.10% growth,Latest National Accounts actual; deterministic model changes thereafter,with_income,pressure_gdp,GDP PC model: 0.10% growth,Latest actual anchor
2032,42.5019396619563,pressure_gdp,GDP PC model: 0.10% growth,Latest National Accounts actual; deterministic model changes thereafter,with_income,pressure_gdp,GDP PC model: 0.10% growth,Latest actual anchor
2033,43.3207079282722,pressure_gdp,GDP PC model: 0.10% growth,Latest National Accounts actual; deterministic model changes thereafter,with_income,pressure_gdp,GDP PC model: 0.10% growth,Latest actual anchor
2034,44.0895554938165,pressure_gdp,GDP PC model: 0.10% growth,Latest National Accounts actual; deterministic model changes thereafter,with_income,pressure_gdp,GDP PC model: 0.10% growth,Latest actual anchor
2035,44.8101926967216,pressure_gdp,GDP PC model: 0.10% growth,Latest National Accounts actual; deterministic model changes thereafter,with_income,pressure_gdp,GDP PC model: 0.10% growth,Latest actual anchor
2036,45.5404514079525,pressure_gdp,GDP PC model: 0.10% growth,Latest National Accounts actual; deterministic model changes thereafter,with_income,pressure_gdp,GDP PC model: 0.10% growth,Latest actual anchor
2037,45.8758110015265,pressure_gdp,GDP PC model: 0.10% growth,Latest National Accounts actual; deterministic model changes thereafter,with_income,pressure_gdp,GDP PC model: 0.10% growth,Latest actual anchor
2038,46.2084947549363,pressure_gdp,GDP PC model: 0.10% growth,Latest National Accounts actual; deterministic model changes thereafter,with_income,pressure_gdp,GDP PC model: 0.10% growth,Latest actual anchor
2039,46.5385553717406,pressure_gdp,GDP PC model: 0.10% growth,Latest National Accounts actual; deterministic model changes thereafter,with_income,pressure_gdp,GDP PC model: 0.10% growth,Latest actual anchor
2040,46.8660440135899,pressure_gdp,GDP PC model: 0.10% growth,Latest National Accounts actual; deterministic model changes thereafter,with_income,pressure_gdp,GDP PC model: 0.10% growth,Latest actual anchor
2041,47.1910103597953,pressure_gdp,GDP PC model: 0.10% growth,Latest National Accounts actual; deterministic model changes thereafter,with_income,pressure_gdp,GDP PC model: 0.10% growth,Latest actual anchor
2042,47.5135026640431,pressure_gdp,GDP PC model: 0.10% growth,Latest National Accounts actual; deterministic model changes thereafter,with_income,pressure_gdp,GDP PC model: 0.10% growth,Latest actual anchor
2043,47.8335678084276,pressure_gdp,GDP PC model: 0.10% growth,Latest National Accounts actual; deterministic model changes thereafter,with_income,pressure_gdp,GDP PC model: 0.10% growth,Latest actual anchor
2044,48.1512513549466,pressure_gdp,GDP PC model: 0.10% growth,Latest National Accounts actual; deterministic model changes thereafter,with_income,pressure_gdp,GDP PC model: 0.10% growth,Latest actual anchor
2045,48.4665975946012,pressure_gdp,GDP PC model: 0.10% growth,Latest National Accounts actual; deterministic model changes thereafter,with_income,pressure_gdp,GDP PC model: 0.10% growth,Latest actual anchor
2046,48.7796495942352,pressure_gdp,GDP PC model: 0.10% growth,Latest National Accounts actual; deterministic model changes thereafter,with_income,pressure_gdp,GDP PC model: 0.10% growth,Latest actual anchor
2047,49.0904492412359,pressure_gdp,GDP PC model: 0.10% growth,Latest National Accounts actual; deterministic model changes thereafter,with_income,pressure_gdp,GDP PC model: 0.10% growth,Latest actual anchor
2048,49.3990372862136,pressure_gdp,GDP PC model: 0.10% growth,Latest National Accounts actual; deterministic model changes thereafter,with_income,pressure_gdp,GDP PC model: 0.10% growth,Latest actual anchor
2049,49.7054533837681,pressure_gdp,GDP PC model: 0.10% growth,Latest National Accounts actual; deterministic model changes thereafter,with_income,pressure_gdp,GDP PC model: 0.10% growth,Latest actual anchor
2050,50.0097361314421,pressure_gdp,GDP PC model: 0.10% growth,Latest National Accounts actual; deterministic model changes thereafter,with_income,pressure_gdp,GDP PC model: 0.10% growth,Latest actual anchor
2051,50.3119231069613,pressure_gdp,GDP PC model: 0.10% growth,Latest National Accounts actual; deterministic model changes thereafter,with_income,pressure_gdp,GDP PC model: 0.10% growth,Latest actual anchor
2052,50.6120509038499,pressure_gdp,GDP PC model: 0.10% growth,Latest National Accounts actual; deterministic model changes thereafter,with_income,pressure_gdp,GDP PC model: 0.10% growth,Latest actual anchor
2053,50.9101551654996,pressure_gdp,GDP PC model: 0.10% growth,Latest National Accounts actual; deterministic model changes thereafter,with_income,pressure_gdp,GDP PC model: 0.10% growth,Latest actual anchor
2054,51.2062706177826,pressure_gdp,GDP PC model: 0.10% growth,Latest National Accounts actual; deterministic model changes thereafter,with_income,pressure_gdp,GDP PC model: 0.10% growth,Latest actual anchor
2055,51.5004311002766,pressure_gdp,GDP PC model: 0.10% growth,Latest National Accounts actual; deterministic model changes thereafter,with_income,pressure_gdp,GDP PC model: 0.10% growth,Latest actual anchor
2056,51.7926695961672,pressure_gdp,GDP PC model: 0.10% growth,Latest National Accounts actual; deterministic model changes thereafter,with_income,pressure_gdp,GDP PC model: 0.10% growth,Latest actual anchor
2057,52.0830182609087,pressure_gdp,GDP PC model: 0.10% growth,Latest National Accounts actual; deterministic model changes thereafter,with_income,pressure_gdp,GDP PC model: 0.10% growth,Latest actual anchor
2058,52.3715084496866,pressure_gdp,GDP PC model: 0.10% growth,Latest National Accounts actual; deterministic model changes thereafter,with_income,pressure_gdp,GDP PC model: 0.10% growth,Latest actual anchor
2059,52.6581707437571,pressure_gdp,GDP PC model: 0.10% growth,Latest National Accounts actual; deterministic model changes thereafter,with_income,pressure_gdp,GDP PC model: 0.10% growth,Latest actual anchor
2060,52.94303497571,pressure_gdp,GDP PC model: 0.10% growth,Latest National Accounts actual; deterministic model changes thereafter,with_income,pressure_gdp,GDP PC model: 0.10% growth,Latest actual anchor
2061,53.2261302537071,pressure_gdp,GDP PC model: 0.10% growth,Latest National Accounts actual; deterministic model changes thereafter,with_income,pressure_gdp,GDP PC model: 0.10% growth,Latest actual anchor
2062,53.5074849847494,pressure_gdp,GDP PC model: 0.10% growth,Latest National Accounts actual; deterministic model changes thereafter,with_income,pressure_gdp,GDP PC model: 0.10% growth,Latest actual anchor
2063,53.7871268970197,pressure_gdp,GDP PC model: 0.10% growth,Latest National Accounts actual; deterministic model changes thereafter,with_income,pressure_gdp,GDP PC model: 0.10% growth,Latest actual anchor
2064,54.065083061337,pressure_gdp,GDP PC model: 0.10% growth,Latest National Accounts actual; deterministic model changes thereafter,with_income,pressure_gdp,GDP PC model: 0.10% growth,Latest actual anchor
2065,54.3413799117734,pressure_gdp,GDP PC model: 0.10% growth,Latest National Accounts actual; deterministic model changes thereafter,with_income,pressure_gdp,GDP PC model: 0.10% growth,Latest actual anchor
2066,54.6160432654711,pressure_gdp,GDP PC model: 0.10% growth,Latest National Accounts actual; deterministic model changes thereafter,with_income,pressure_gdp,GDP PC model: 0.10% growth,Latest actual anchor
2025,36.4354044063882,no_income,Model excluding GDP PC,Latest National Accounts actual; deterministic model changes thereafter,no_income,no_income,Model excluding GDP PC,Latest actual anchor
2026,36.7749360334784,no_income,Model excluding GDP PC,Latest National Accounts actual; deterministic model changes thereafter,no_income,no_income,Model excluding GDP PC,Latest actual anchor
2027,37.1144823581054,no_income,Model excluding GDP PC,Latest National Accounts actual; deterministic model changes thereafter,no_income,no_income,Model excluding GDP PC,Latest actual anchor
2028,37.4625404879646,no_income,Model excluding GDP PC,Latest National Accounts actual; deterministic model changes thereafter,no_income,no_income,Model excluding GDP PC,Latest actual anchor
2029,37.8119918386308,no_income,Model excluding GDP PC,Latest National Accounts actual; deterministic model changes thereafter,no_income,no_income,Model excluding GDP PC,Latest actual anchor
2030,38.2113964251322,no_income,Model excluding GDP PC,Latest National Accounts actual; deterministic model changes thereafter,no_income,no_income,Model excluding GDP PC,Latest actual anchor
2031,38.6379978846453,no_income,Model excluding GDP PC,Latest National Accounts actual; deterministic model changes thereafter,no_income,no_income,Model excluding GDP PC,Latest actual anchor
2032,39.0685729204822,no_income,Model excluding GDP PC,Latest National Accounts actual; deterministic model changes thereafter,no_income,no_income,Model excluding GDP PC,Latest actual anchor
2033,39.4809332679564,no_income,Model excluding GDP PC,Latest National Accounts actual; deterministic model changes thereafter,no_income,no_income,Model excluding GDP PC,Latest actual anchor
2034,39.8657378108424,no_income,Model excluding GDP PC,Latest National Accounts actual; deterministic model changes thereafter,no_income,no_income,Model excluding GDP PC,Latest actual anchor
2035,40.2433463565314,no_income,Model excluding GDP PC,Latest National Accounts actual; deterministic model changes thereafter,no_income,no_income,Model excluding GDP PC,Latest actual anchor
2036,40.608751842828,no_income,Model excluding GDP PC,Latest National Accounts actual; deterministic model changes thereafter,no_income,no_income,Model excluding GDP PC,Latest actual anchor
2037,40.743409596103,no_income,Model excluding GDP PC,Latest National Accounts actual; deterministic model changes thereafter,no_income,no_income,Model excluding GDP PC,Latest actual anchor
2038,40.8780673493781,no_income,Model excluding GDP PC,Latest National Accounts actual; deterministic model changes thereafter,no_income,no_income,Model excluding GDP PC,Latest actual anchor
2039,41.0127251026533,no_income,Model excluding GDP PC,Latest National Accounts actual; deterministic model changes thereafter,no_income,no_income,Model excluding GDP PC,Latest actual anchor
2040,41.1473828559283,no_income,Model excluding GDP PC,Latest National Accounts actual; deterministic model changes thereafter,no_income,no_income,Model excluding GDP PC,Latest actual anchor
2041,41.2820406092034,no_income,Model excluding GDP PC,Latest National Accounts actual; deterministic model changes thereafter,no_income,no_income,Model excluding GDP PC,Latest actual anchor
2042,41.4166983624786,no_income,Model excluding GDP PC,Latest National Accounts actual; deterministic model changes thereafter,no_income,no_income,Model excluding GDP PC,Latest actual anchor
2043,41.5513561157536,no_income,Model excluding GDP PC,Latest National Accounts actual; deterministic model changes thereafter,no_income,no_income,Model excluding GDP PC,Latest actual anchor
2044,41.6860138690288,no_income,Model excluding GDP PC,Latest National Accounts actual; deterministic model changes thereafter,no_income,no_income,Model excluding GDP PC,Latest actual anchor
2045,41.8206716223038,no_income,Model excluding GDP PC,Latest National Accounts actual; deterministic model changes thereafter,no_income,no_income,Model excluding GDP PC,Latest actual anchor
2046,41.9553293755789,no_income,Model excluding GDP PC,Latest National Accounts actual; deterministic model changes thereafter,no_income,no_income,Model excluding GDP PC,Latest actual anchor
2047,42.0899871288541,no_income,Model excluding GDP PC,Latest National Accounts actual; deterministic model changes thereafter,no_income,no_income,Model excluding GDP PC,Latest actual anchor
2048,42.2246448821291,no_income,Model excluding GDP PC,Latest National Accounts actual; deterministic model changes thereafter,no_income,no_income,Model excluding GDP PC,Latest actual anchor
2049,42.3593026354043,no_income,Model excluding GDP PC,Latest National Accounts actual; deterministic model changes thereafter,no_income,no_income,Model excluding GDP PC,Latest actual anchor
2050,42.4939603886794,no_income,Model excluding GDP PC,Latest National Accounts actual; deterministic model changes thereafter,no_income,no_income,Model excluding GDP PC,Latest actual anchor
2051,42.6286181419544,no_income,Model excluding GDP PC,Latest National Accounts actual; deterministic model changes thereafter,no_income,no_income,Model excluding GDP PC,Latest actual anchor
2052,42.7632758952296,no_income,Model excluding GDP PC,Latest National Accounts actual; deterministic model changes thereafter,no_income,no_income,Model excluding GDP PC,Latest actual anchor
2053,42.8979336485048,no_income,Model excluding GDP PC,Latest National Accounts actual; deterministic model changes thereafter,no_income,no_income,Model excluding GDP PC,Latest actual anchor
2054,43.0325914017797,no_income,Model excluding GDP PC,Latest National Accounts actual; deterministic model changes thereafter,no_income,no_income,Model excluding GDP PC,Latest actual anchor
2055,43.1672491550549,no_income,Model excluding GDP PC,Latest National Accounts actual; deterministic model changes thereafter,no_income,no_income,Model excluding GDP PC,Latest actual anchor
2056,43.3019069083299,no_income,Model excluding GDP PC,Latest National Accounts actual; deterministic model changes thereafter,no_income,no_income,Model excluding GDP PC,Latest actual anchor
2057,43.4365646616051,no_income,Model excluding GDP PC,Latest National Accounts actual; deterministic model changes thereafter,no_income,no_income,Model excluding GDP PC,Latest actual anchor
2058,43.5712224148802,no_income,Model excluding GDP PC,Latest National Accounts actual; deterministic model changes thereafter,no_income,no_income,Model excluding GDP PC,Latest actual anchor
2059,43.7058801681552,no_income,Model excluding GDP PC,Latest National Accounts actual; deterministic model changes thereafter,no_income,no_income,Model excluding GDP PC,Latest actual anchor
2060,43.8405379214304,no_income,Model excluding GDP PC,Latest National Accounts actual; deterministic model changes thereafter,no_income,no_income,Model excluding GDP PC,Latest actual anchor
2061,43.9751956747056,no_income,Model excluding GDP PC,Latest National Accounts actual; deterministic model changes thereafter,no_income,no_income,Model excluding GDP PC,Latest actual anchor
2062,44.1098534279805,no_income,Model excluding GDP PC,Latest National Accounts actual; deterministic model changes thereafter,no_income,no_income,Model excluding GDP PC,Latest actual anchor
2063,44.2445111812557,no_income,Model excluding GDP PC,Latest National Accounts actual; deterministic model changes thereafter,no_income,no_income,Model excluding GDP PC,Latest actual anchor
2064,44.3791689345309,no_income,Model excluding GDP PC,Latest National Accounts actual; deterministic model changes thereafter,no_income,no_income,Model excluding GDP PC,Latest actual anchor
2065,44.5138266878059,no_income,Model excluding GDP PC,Latest National Accounts actual; deterministic model changes thereafter,no_income,no_income,Model excluding GDP PC,Latest actual anchor
2066,44.648484441081,no_income,Model excluding GDP PC,Latest National Accounts actual; deterministic model changes thereafter,no_income,no_income,Model excluding GDP PC,Latest actual anchor
2019,34.0792684143503,central_gdp,GDP PC model: 1.03% growth,FY2018-19 actual; deterministic structural changes thereafter,with_income,central_gdp,GDP PC model: 1.03% growth,FY2018-19 actual anchor
2020,35.1287305698394,central_gdp,GDP PC model: 1.03% growth,FY2018-19 actual; deterministic structural changes thereafter,with_income,central_gdp,GDP PC model: 1.03% growth,FY2018-19 actual anchor
2021,34.8865884128879,central_gdp,GDP PC model: 1.03% growth,FY2018-19 actual; deterministic structural changes thereafter,with_income,central_gdp,GDP PC model: 1.03% growth,FY2018-19 actual anchor
2022,33.8474994361937,central_gdp,GDP PC model: 1.03% growth,FY2018-19 actual; deterministic structural changes thereafter,with_income,central_gdp,GDP PC model: 1.03% growth,FY2018-19 actual anchor
2023,33.8568796810974,central_gdp,GDP PC model: 1.03% growth,FY2018-19 actual; deterministic structural changes thereafter,with_income,central_gdp,GDP PC model: 1.03% growth,FY2018-19 actual anchor
2024,35.6074967851715,central_gdp,GDP PC model: 1.03% growth,FY2018-19 actual; deterministic structural changes thereafter,with_income,central_gdp,GDP PC model: 1.03% growth,FY2018-19 actual anchor
2025,36.9794831052611,central_gdp,GDP PC model: 1.03% growth,FY2018-19 actual; deterministic structural changes thereafter,with_income,central_gdp,GDP PC model: 1.03% growth,FY2018-19 actual anchor
2026,37.5784806762726,central_gdp,GDP PC model: 1.03% growth,FY2018-19 actual; deterministic structural changes thereafter,with_income,central_gdp,GDP PC model: 1.03% growth,FY2018-19 actual anchor
2027,38.4808124379159,central_gdp,GDP PC model: 1.03% growth,FY2018-19 actual; deterministic structural changes thereafter,with_income,central_gdp,GDP PC model: 1.03% growth,FY2018-19 actual anchor
2028,39.7051240856766,central_gdp,GDP PC model: 1.03% growth,FY2018-19 actual; deterministic structural changes thereafter,with_income,central_gdp,GDP PC model: 1.03% growth,FY2018-19 actual anchor
2029,40.4157484448042,central_gdp,GDP PC model: 1.03% growth,FY2018-19 actual; deterministic structural changes thereafter,with_income,central_gdp,GDP PC model: 1.03% growth,FY2018-19 actual anchor
2030,40.8861054122024,central_gdp,GDP PC model: 1.03% growth,FY2018-19 actual; deterministic structural changes thereafter,with_income,central_gdp,GDP PC model: 1.03% growth,FY2018-19 actual anchor
2031,41.59201087277,central_gdp,GDP PC model: 1.03% growth,FY2018-19 actual; deterministic structural changes thereafter,with_income,central_gdp,GDP PC model: 1.03% growth,FY2018-19 actual anchor
2032,42.2301672567494,central_gdp,GDP PC model: 1.03% growth,FY2018-19 actual; deterministic structural changes thereafter,with_income,central_gdp,GDP PC model: 1.03% growth,FY2018-19 actual anchor
2033,42.8035207059053,central_gdp,GDP PC model: 1.03% growth,FY2018-19 actual; deterministic structural changes thereafter,with_income,central_gdp,GDP PC model: 1.03% growth,FY2018-19 actual anchor
2034,43.32695345429,central_gdp,GDP PC model: 1.03% growth,FY2018-19 actual; deterministic structural changes thereafter,with_income,central_gdp,GDP PC model: 1.03% growth,FY2018-19 actual anchor
2035,43.802175840035,central_gdp,GDP PC model: 1.03% growth,FY2018-19 actual; deterministic structural changes thereafter,with_income,central_gdp,GDP PC model: 1.03% growth,FY2018-19 actual anchor
2036,44.287019734106,central_gdp,GDP PC model: 1.03% growth,FY2018-19 actual; deterministic structural changes thereafter,with_income,central_gdp,GDP PC model: 1.03% growth,FY2018-19 actual anchor
2037,44.3769645105201,central_gdp,GDP PC model: 1.03% growth,FY2018-19 actual; deterministic structural changes thereafter,with_income,central_gdp,GDP PC model: 1.03% growth,FY2018-19 actual anchor
2038,44.4642334467703,central_gdp,GDP PC model: 1.03% growth,FY2018-19 actual; deterministic structural changes thereafter,with_income,central_gdp,GDP PC model: 1.03% growth,FY2018-19 actual anchor
2039,44.5488792464147,central_gdp,GDP PC model: 1.03% growth,FY2018-19 actual; deterministic structural changes thereafter,with_income,central_gdp,GDP PC model: 1.03% growth,FY2018-19 actual anchor
2040,44.6309530711044,central_gdp,GDP PC model: 1.03% growth,FY2018-19 actual; deterministic structural changes thereafter,with_income,central_gdp,GDP PC model: 1.03% growth,FY2018-19 actual anchor
2041,44.7105046001497,central_gdp,GDP PC model: 1.03% growth,FY2018-19 actual; deterministic structural changes thereafter,with_income,central_gdp,GDP PC model: 1.03% growth,FY2018-19 actual anchor
2042,44.7875820872376,central_gdp,GDP PC model: 1.03% growth,FY2018-19 actual; deterministic structural changes thereafter,with_income,central_gdp,GDP PC model: 1.03% growth,FY2018-19 actual anchor
2043,44.8622324144625,central_gdp,GDP PC model: 1.03% growth,FY2018-19 actual; deterministic structural changes thereafter,with_income,central_gdp,GDP PC model: 1.03% growth,FY2018-19 actual anchor
2044,44.9345011438219,central_gdp,GDP PC model: 1.03% growth,FY2018-19 actual; deterministic structural changes thereafter,with_income,central_gdp,GDP PC model: 1.03% growth,FY2018-19 actual anchor
2045,45.0044325663164,central_gdp,GDP PC model: 1.03% growth,FY2018-19 actual; deterministic structural changes thereafter,with_income,central_gdp,GDP PC model: 1.03% growth,FY2018-19 actual anchor
2046,45.0720697487908,central_gdp,GDP PC model: 1.03% growth,FY2018-19 actual; deterministic structural changes thereafter,with_income,central_gdp,GDP PC model: 1.03% growth,FY2018-19 actual anchor
2047,45.1374545786316,central_gdp,GDP PC model: 1.03% growth,FY2018-19 actual; deterministic structural changes thereafter,with_income,central_gdp,GDP PC model: 1.03% growth,FY2018-19 actual anchor
2048,45.2006278064494,central_gdp,GDP PC model: 1.03% growth,FY2018-19 actual; deterministic structural changes thereafter,with_income,central_gdp,GDP PC model: 1.03% growth,FY2018-19 actual anchor
2049,45.261629086844,central_gdp,GDP PC model: 1.03% growth,FY2018-19 actual; deterministic structural changes thereafter,with_income,central_gdp,GDP PC model: 1.03% growth,FY2018-19 actual anchor
2050,45.3204970173582,central_gdp,GDP PC model: 1.03% growth,FY2018-19 actual; deterministic structural changes thereafter,with_income,central_gdp,GDP PC model: 1.03% growth,FY2018-19 actual anchor
2051,45.3772691757178,central_gdp,GDP PC model: 1.03% growth,FY2018-19 actual; deterministic structural changes thereafter,with_income,central_gdp,GDP PC model: 1.03% growth,FY2018-19 actual anchor
2052,45.4319821554465,central_gdp,GDP PC model: 1.03% growth,FY2018-19 actual; deterministic structural changes thereafter,with_income,central_gdp,GDP PC model: 1.03% growth,FY2018-19 actual anchor
2053,45.4846715999363,central_gdp,GDP PC model: 1.03% growth,FY2018-19 actual; deterministic structural changes thereafter,with_income,central_gdp,GDP PC model: 1.03% growth,FY2018-19 actual anchor
2054,45.5353722350595,central_gdp,GDP PC model: 1.03% growth,FY2018-19 actual; deterministic structural changes thereafter,with_income,central_gdp,GDP PC model: 1.03% growth,FY2018-19 actual anchor
2055,45.5841179003936,central_gdp,GDP PC model: 1.03% growth,FY2018-19 actual; deterministic structural changes thereafter,with_income,central_gdp,GDP PC model: 1.03% growth,FY2018-19 actual anchor
2056,45.6309415791246,central_gdp,GDP PC model: 1.03% growth,FY2018-19 actual; deterministic structural changes thereafter,with_income,central_gdp,GDP PC model: 1.03% growth,FY2018-19 actual anchor
2057,45.6758754267062,central_gdp,GDP PC model: 1.03% growth,FY2018-19 actual; deterministic structural changes thereafter,with_income,central_gdp,GDP PC model: 1.03% growth,FY2018-19 actual anchor
2058,45.7189507983242,central_gdp,GDP PC model: 1.03% growth,FY2018-19 actual; deterministic structural changes thereafter,with_income,central_gdp,GDP PC model: 1.03% growth,FY2018-19 actual anchor
2059,45.7601982752348,central_gdp,GDP PC model: 1.03% growth,FY2018-19 actual; deterministic structural changes thereafter,with_income,central_gdp,GDP PC model: 1.03% growth,FY2018-19 actual anchor
2060,45.7996476900279,central_gdp,GDP PC model: 1.03% growth,FY2018-19 actual; deterministic structural changes thereafter,with_income,central_gdp,GDP PC model: 1.03% growth,FY2018-19 actual anchor
2061,45.8373281508651,central_gdp,GDP PC model: 1.03% growth,FY2018-19 actual; deterministic structural changes thereafter,with_income,central_gdp,GDP PC model: 1.03% growth,FY2018-19 actual anchor
2062,45.8732680647477,central_gdp,GDP PC model: 1.03% growth,FY2018-19 actual; deterministic structural changes thereafter,with_income,central_gdp,GDP PC model: 1.03% growth,FY2018-19 actual anchor
2063,45.9074951598582,central_gdp,GDP PC model: 1.03% growth,FY2018-19 actual; deterministic structural changes thereafter,with_income,central_gdp,GDP PC model: 1.03% growth,FY2018-19 actual anchor
2064,45.9400365070157,central_gdp,GDP PC model: 1.03% growth,FY2018-19 actual; deterministic structural changes thereafter,with_income,central_gdp,GDP PC model: 1.03% growth,FY2018-19 actual anchor
2065,45.9709185402922,central_gdp,GDP PC model: 1.03% growth,FY2018-19 actual; deterministic structural changes thereafter,with_income,central_gdp,GDP PC model: 1.03% growth,FY2018-19 actual anchor
2066,46.0001670768303,central_gdp,GDP PC model: 1.03% growth,FY2018-19 actual; deterministic structural changes thereafter,with_income,central_gdp,GDP PC model: 1.03% growth,FY2018-19 actual anchor
2019,34.0792684143503,midpoint_gdp,GDP PC model: 0.56% growth,FY2018-19 actual; deterministic structural changes thereafter,with_income,midpoint_gdp,GDP PC model: 0.56% growth,FY2018-19 actual anchor
2020,35.1287305698394,midpoint_gdp,GDP PC model: 0.56% growth,FY2018-19 actual; deterministic structural changes thereafter,with_income,midpoint_gdp,GDP PC model: 0.56% growth,FY2018-19 actual anchor
2021,34.8865884128879,midpoint_gdp,GDP PC model: 0.56% growth,FY2018-19 actual; deterministic structural changes thereafter,with_income,midpoint_gdp,GDP PC model: 0.56% growth,FY2018-19 actual anchor
2022,33.8474994361937,midpoint_gdp,GDP PC model: 0.56% growth,FY2018-19 actual; deterministic structural changes thereafter,with_income,midpoint_gdp,GDP PC model: 0.56% growth,FY2018-19 actual anchor
2023,33.8568796810974,midpoint_gdp,GDP PC model: 0.56% growth,FY2018-19 actual; deterministic structural changes thereafter,with_income,midpoint_gdp,GDP PC model: 0.56% growth,FY2018-19 actual anchor
2024,35.6074967851715,midpoint_gdp,GDP PC model: 0.56% growth,FY2018-19 actual; deterministic structural changes thereafter,with_income,midpoint_gdp,GDP PC model: 0.56% growth,FY2018-19 actual anchor
2025,36.9794831052611,midpoint_gdp,GDP PC model: 0.56% growth,FY2018-19 actual; deterministic structural changes thereafter,with_income,midpoint_gdp,GDP PC model: 0.56% growth,FY2018-19 actual anchor
2026,37.6107864111959,midpoint_gdp,GDP PC model: 0.56% growth,FY2018-19 actual; deterministic structural changes thereafter,with_income,midpoint_gdp,GDP PC model: 0.56% growth,FY2018-19 actual anchor
2027,38.545580541782,midpoint_gdp,GDP PC model: 0.56% growth,FY2018-19 actual; deterministic structural changes thereafter,with_income,midpoint_gdp,GDP PC model: 0.56% growth,FY2018-19 actual anchor
2028,39.8024334464584,midpoint_gdp,GDP PC model: 0.56% growth,FY2018-19 actual; deterministic structural changes thereafter,with_income,midpoint_gdp,GDP PC model: 0.56% growth,FY2018-19 actual anchor
2029,40.5456386504446,midpoint_gdp,GDP PC model: 0.56% growth,FY2018-19 actual; deterministic structural changes thereafter,with_income,midpoint_gdp,GDP PC model: 0.56% growth,FY2018-19 actual anchor
2030,41.0486161470825,midpoint_gdp,GDP PC model: 0.56% growth,FY2018-19 actual; deterministic structural changes thereafter,with_income,midpoint_gdp,GDP PC model: 0.56% growth,FY2018-19 actual anchor
2031,41.87722901623,midpoint_gdp,GDP PC model: 0.56% growth,FY2018-19 actual; deterministic structural changes thereafter,with_income,midpoint_gdp,GDP PC model: 0.56% growth,FY2018-19 actual anchor
2032,42.6380928087893,midpoint_gdp,GDP PC model: 0.56% growth,FY2018-19 actual; deterministic structural changes thereafter,with_income,midpoint_gdp,GDP PC model: 0.56% growth,FY2018-19 actual anchor
2033,43.3341536665252,midpoint_gdp,GDP PC model: 0.56% growth,FY2018-19 actual; deterministic structural changes thereafter,with_income,midpoint_gdp,GDP PC model: 0.56% growth,FY2018-19 actual anchor
2034,43.9802938234897,midpoint_gdp,GDP PC model: 0.56% growth,FY2018-19 actual; deterministic structural changes thereafter,with_income,midpoint_gdp,GDP PC model: 0.56% growth,FY2018-19 actual anchor
2035,44.5782236178147,midpoint_gdp,GDP PC model: 0.56% growth,FY2018-19 actual; deterministic structural changes thereafter,with_income,midpoint_gdp,GDP PC model: 0.56% growth,FY2018-19 actual anchor
2036,45.1857749204657,midpoint_gdp,GDP PC model: 0.56% growth,FY2018-19 actual; deterministic structural changes thereafter,with_income,midpoint_gdp,GDP PC model: 0.56% growth,FY2018-19 actual anchor
2037,45.3984271054598,midpoint_gdp,GDP PC model: 0.56% growth,FY2018-19 actual; deterministic structural changes thereafter,with_income,midpoint_gdp,GDP PC model: 0.56% growth,FY2018-19 actual anchor
2038,45.6084034502898,midpoint_gdp,GDP PC model: 0.56% growth,FY2018-19 actual; deterministic structural changes thereafter,with_income,midpoint_gdp,GDP PC model: 0.56% growth,FY2018-19 actual anchor
2039,45.8157566585141,midpoint_gdp,GDP PC model: 0.56% growth,FY2018-19 actual; deterministic structural changes thereafter,with_income,midpoint_gdp,GDP PC model: 0.56% growth,FY2018-19 actual anchor
2040,46.0205378917836,midpoint_gdp,GDP PC model: 0.56% growth,FY2018-19 actual; deterministic structural changes thereafter,with_income,midpoint_gdp,GDP PC model: 0.56% growth,FY2018-19 actual anchor
2041,46.2227968294089,midpoint_gdp,GDP PC model: 0.56% growth,FY2018-19 actual; deterministic structural changes thereafter,with_income,midpoint_gdp,GDP PC model: 0.56% growth,FY2018-19 actual anchor
2042,46.4225817250768,midpoint_gdp,GDP PC model: 0.56% growth,FY2018-19 actual; deterministic structural changes thereafter,with_income,midpoint_gdp,GDP PC model: 0.56% growth,FY2018-19 actual anchor
2043,46.6199394608815,midpoint_gdp,GDP PC model: 0.56% growth,FY2018-19 actual; deterministic structural changes thereafter,with_income,midpoint_gdp,GDP PC model: 0.56% growth,FY2018-19 actual anchor
2044,46.8149155988207,midpoint_gdp,GDP PC model: 0.56% growth,FY2018-19 actual; deterministic structural changes thereafter,with_income,midpoint_gdp,GDP PC model: 0.56% growth,FY2018-19 actual anchor
2045,47.0075544298952,midpoint_gdp,GDP PC model: 0.56% growth,FY2018-19 actual; deterministic structural changes thereafter,with_income,midpoint_gdp,GDP PC model: 0.56% growth,FY2018-19 actual anchor
2046,47.1978990209494,midpoint_gdp,GDP PC model: 0.56% growth,FY2018-19 actual; deterministic structural changes thereafter,with_income,midpoint_gdp,GDP PC model: 0.56% growth,FY2018-19 actual anchor
2047,47.3859912593702,midpoint_gdp,GDP PC model: 0.56% growth,FY2018-19 actual; deterministic structural changes thereafter,with_income,midpoint_gdp,GDP PC model: 0.56% growth,FY2018-19 actual anchor
2048,47.571871895768,midpoint_gdp,GDP PC model: 0.56% growth,FY2018-19 actual; deterministic structural changes thereafter,with_income,midpoint_gdp,GDP PC model: 0.56% growth,FY2018-19 actual anchor
2049,47.7555805847425,midpoint_gdp,GDP PC model: 0.56% growth,FY2018-19 actual; deterministic structural changes thereafter,with_income,midpoint_gdp,GDP PC model: 0.56% growth,FY2018-19 actual anchor
2050,47.9371559238366,midpoint_gdp,GDP PC model: 0.56% growth,FY2018-19 actual; deterministic structural changes thereafter,with_income,midpoint_gdp,GDP PC model: 0.56% growth,FY2018-19 actual anchor
2051,48.116635490776,midpoint_gdp,GDP PC model: 0.56% growth,FY2018-19 actual; deterministic structural changes thereafter,with_income,midpoint_gdp,GDP PC model: 0.56% growth,FY2018-19 actual anchor
2052,48.2940558790847,midpoint_gdp,GDP PC model: 0.56% growth,FY2018-19 actual; deterministic structural changes thereafter,with_income,midpoint_gdp,GDP PC model: 0.56% growth,FY2018-19 actual anchor
2053,48.4694527321544,midpoint_gdp,GDP PC model: 0.56% growth,FY2018-19 actual; deterministic structural changes thereafter,with_income,midpoint_gdp,GDP PC model: 0.56% growth,FY2018-19 actual anchor
2054,48.6428607758575,midpoint_gdp,GDP PC model: 0.56% growth,FY2018-19 actual; deterministic structural changes thereafter,with_income,midpoint_gdp,GDP PC model: 0.56% growth,FY2018-19 actual anchor
2055,48.8143138497715,midpoint_gdp,GDP PC model: 0.56% growth,FY2018-19 actual; deterministic structural changes thereafter,with_income,midpoint_gdp,GDP PC model: 0.56% growth,FY2018-19 actual anchor
2056,48.9838449370823,midpoint_gdp,GDP PC model: 0.56% growth,FY2018-19 actual; deterministic structural changes thereafter,with_income,midpoint_gdp,GDP PC model: 0.56% growth,FY2018-19 actual anchor
2057,49.1514861932439,midpoint_gdp,GDP PC model: 0.56% growth,FY2018-19 actual; deterministic structural changes thereafter,with_income,midpoint_gdp,GDP PC model: 0.56% growth,FY2018-19 actual anchor
2058,49.3172689734419,midpoint_gdp,GDP PC model: 0.56% growth,FY2018-19 actual; deterministic structural changes thereafter,with_income,midpoint_gdp,GDP PC model: 0.56% growth,FY2018-19 actual anchor
2059,49.4812238589324,midpoint_gdp,GDP PC model: 0.56% growth,FY2018-19 actual; deterministic structural changes thereafter,with_income,midpoint_gdp,GDP PC model: 0.56% growth,FY2018-19 actual anchor
2060,49.6433806823054,midpoint_gdp,GDP PC model: 0.56% growth,FY2018-19 actual; deterministic structural changes thereafter,with_income,midpoint_gdp,GDP PC model: 0.56% growth,FY2018-19 actual anchor
2061,49.8037685517225,midpoint_gdp,GDP PC model: 0.56% growth,FY2018-19 actual; deterministic structural changes thereafter,with_income,midpoint_gdp,GDP PC model: 0.56% growth,FY2018-19 actual anchor
2062,49.962415874185,midpoint_gdp,GDP PC model: 0.56% growth,FY2018-19 actual; deterministic structural changes thereafter,with_income,midpoint_gdp,GDP PC model: 0.56% growth,FY2018-19 actual anchor
2063,50.1193503778754,midpoint_gdp,GDP PC model: 0.56% growth,FY2018-19 actual; deterministic structural changes thereafter,with_income,midpoint_gdp,GDP PC model: 0.56% growth,FY2018-19 actual anchor
2064,50.2745991336128,midpoint_gdp,GDP PC model: 0.56% growth,FY2018-19 actual; deterministic structural changes thereafter,with_income,midpoint_gdp,GDP PC model: 0.56% growth,FY2018-19 actual anchor
2065,50.4281885754693,midpoint_gdp,GDP PC model: 0.56% growth,FY2018-19 actual; deterministic structural changes thereafter,with_income,midpoint_gdp,GDP PC model: 0.56% growth,FY2018-19 actual anchor
2066,50.5801445205871,midpoint_gdp,GDP PC model: 0.56% growth,FY2018-19 actual; deterministic structural changes thereafter,with_income,midpoint_gdp,GDP PC model: 0.56% growth,FY2018-19 actual anchor
2019,34.0792684143503,pressure_gdp,GDP PC model: 0.10% growth,FY2018-19 actual; deterministic structural changes thereafter,with_income,pressure_gdp,GDP PC model: 0.10% growth,FY2018-19 actual anchor
2020,35.1287305698394,pressure_gdp,GDP PC model: 0.10% growth,FY2018-19 actual; deterministic structural changes thereafter,with_income,pressure_gdp,GDP PC model: 0.10% growth,FY2018-19 actual anchor
2021,34.8865884128879,pressure_gdp,GDP PC model: 0.10% growth,FY2018-19 actual; deterministic structural changes thereafter,with_income,pressure_gdp,GDP PC model: 0.10% growth,FY2018-19 actual anchor
2022,33.8474994361937,pressure_gdp,GDP PC model: 0.10% growth,FY2018-19 actual; deterministic structural changes thereafter,with_income,pressure_gdp,GDP PC model: 0.10% growth,FY2018-19 actual anchor
2023,33.8568796810974,pressure_gdp,GDP PC model: 0.10% growth,FY2018-19 actual; deterministic structural changes thereafter,with_income,pressure_gdp,GDP PC model: 0.10% growth,FY2018-19 actual anchor
2024,35.6074967851715,pressure_gdp,GDP PC model: 0.10% growth,FY2018-19 actual; deterministic structural changes thereafter,with_income,pressure_gdp,GDP PC model: 0.10% growth,FY2018-19 actual anchor
2025,36.9794831052611,pressure_gdp,GDP PC model: 0.10% growth,FY2018-19 actual; deterministic structural changes thereafter,with_income,pressure_gdp,GDP PC model: 0.10% growth,FY2018-19 actual anchor
2026,37.6430921461192,pressure_gdp,GDP PC model: 0.10% growth,FY2018-19 actual; deterministic structural changes thereafter,with_income,pressure_gdp,GDP PC model: 0.10% growth,FY2018-19 actual anchor
2027,38.6103486456482,pressure_gdp,GDP PC model: 0.10% growth,FY2018-19 actual; deterministic structural changes thereafter,with_income,pressure_gdp,GDP PC model: 0.10% growth,FY2018-19 actual anchor
2028,39.8997428072402,pressure_gdp,GDP PC model: 0.10% growth,FY2018-19 actual; deterministic structural changes thereafter,with_income,pressure_gdp,GDP PC model: 0.10% growth,FY2018-19 actual anchor
2029,40.675528856085,pressure_gdp,GDP PC model: 0.10% growth,FY2018-19 actual; deterministic structural changes thereafter,with_income,pressure_gdp,GDP PC model: 0.10% growth,FY2018-19 actual anchor
2030,41.2111268819625,pressure_gdp,GDP PC model: 0.10% growth,FY2018-19 actual; deterministic structural changes thereafter,with_income,pressure_gdp,GDP PC model: 0.10% growth,FY2018-19 actual anchor
2031,42.16244715969,pressure_gdp,GDP PC model: 0.10% growth,FY2018-19 actual; deterministic structural changes thereafter,with_income,pressure_gdp,GDP PC model: 0.10% growth,FY2018-19 actual anchor
2032,43.0460183608292,pressure_gdp,GDP PC model: 0.10% growth,FY2018-19 actual; deterministic structural changes thereafter,with_income,pressure_gdp,GDP PC model: 0.10% growth,FY2018-19 actual anchor
2033,43.864786627145,pressure_gdp,GDP PC model: 0.10% growth,FY2018-19 actual; deterministic structural changes thereafter,with_income,pressure_gdp,GDP PC model: 0.10% growth,FY2018-19 actual anchor
2034,44.6336341926894,pressure_gdp,GDP PC model: 0.10% growth,FY2018-19 actual; deterministic structural changes thereafter,with_income,pressure_gdp,GDP PC model: 0.10% growth,FY2018-19 actual anchor
2035,45.3542713955945,pressure_gdp,GDP PC model: 0.10% growth,FY2018-19 actual; deterministic structural changes thereafter,with_income,pressure_gdp,GDP PC model: 0.10% growth,FY2018-19 actual anchor
2036,46.0845301068253,pressure_gdp,GDP PC model: 0.10% growth,FY2018-19 actual; deterministic structural changes thereafter,with_income,pressure_gdp,GDP PC model: 0.10% growth,FY2018-19 actual anchor
2037,46.4198897003993,pressure_gdp,GDP PC model: 0.10% growth,FY2018-19 actual; deterministic structural changes thereafter,with_income,pressure_gdp,GDP PC model: 0.10% growth,FY2018-19 actual anchor
2038,46.7525734538092,pressure_gdp,GDP PC model: 0.10% growth,FY2018-19 actual; deterministic structural changes thereafter,with_income,pressure_gdp,GDP PC model: 0.10% growth,FY2018-19 actual anchor
2039,47.0826340706134,pressure_gdp,GDP PC model: 0.10% growth,FY2018-19 actual; deterministic structural changes thereafter,with_income,pressure_gdp,GDP PC model: 0.10% growth,FY2018-19 actual anchor
2040,47.4101227124627,pressure_gdp,GDP PC model: 0.10% growth,FY2018-19 actual; deterministic structural changes thereafter,with_income,pressure_gdp,GDP PC model: 0.10% growth,FY2018-19 actual anchor
2041,47.7350890586681,pressure_gdp,GDP PC model: 0.10% growth,FY2018-19 actual; deterministic structural changes thereafter,with_income,pressure_gdp,GDP PC model: 0.10% growth,FY2018-19 actual anchor
2042,48.0575813629159,pressure_gdp,GDP PC model: 0.10% growth,FY2018-19 actual; deterministic structural changes thereafter,with_income,pressure_gdp,GDP PC model: 0.10% growth,FY2018-19 actual anchor
2043,48.3776465073005,pressure_gdp,GDP PC model: 0.10% growth,FY2018-19 actual; deterministic structural changes thereafter,with_income,pressure_gdp,GDP PC model: 0.10% growth,FY2018-19 actual anchor
2044,48.6953300538194,pressure_gdp,GDP PC model: 0.10% growth,FY2018-19 actual; deterministic structural changes thereafter,with_income,pressure_gdp,GDP PC model: 0.10% growth,FY2018-19 actual anchor
2045,49.010676293474,pressure_gdp,GDP PC model: 0.10% growth,FY2018-19 actual; deterministic structural changes thereafter,with_income,pressure_gdp,GDP PC model: 0.10% growth,FY2018-19 actual anchor
2046,49.3237282931081,pressure_gdp,GDP PC model: 0.10% growth,FY2018-19 actual; deterministic structural changes thereafter,with_income,pressure_gdp,GDP PC model: 0.10% growth,FY2018-19 actual anchor
2047,49.6345279401087,pressure_gdp,GDP PC model: 0.10% growth,FY2018-19 actual; deterministic structural changes thereafter,with_income,pressure_gdp,GDP PC model: 0.10% growth,FY2018-19 actual anchor
2048,49.9431159850865,pressure_gdp,GDP PC model: 0.10% growth,FY2018-19 actual; deterministic structural changes thereafter,with_income,pressure_gdp,GDP PC model: 0.10% growth,FY2018-19 actual anchor
2049,50.2495320826409,pressure_gdp,GDP PC model: 0.10% growth,FY2018-19 actual; deterministic structural changes thereafter,with_income,pressure_gdp,GDP PC model: 0.10% growth,FY2018-19 actual anchor
2050,50.5538148303149,pressure_gdp,GDP PC model: 0.10% growth,FY2018-19 actual; deterministic structural changes thereafter,with_income,pressure_gdp,GDP PC model: 0.10% growth,FY2018-19 actual anchor
2051,50.8560018058342,pressure_gdp,GDP PC model: 0.10% growth,FY2018-19 actual; deterministic structural changes thereafter,with_income,pressure_gdp,GDP PC model: 0.10% growth,FY2018-19 actual anchor
2052,51.1561296027228,pressure_gdp,GDP PC model: 0.10% growth,FY2018-19 actual; deterministic structural changes thereafter,with_income,pressure_gdp,GDP PC model: 0.10% growth,FY2018-19 actual anchor
2053,51.4542338643724,pressure_gdp,GDP PC model: 0.10% growth,FY2018-19 actual; deterministic structural changes thereafter,with_income,pressure_gdp,GDP PC model: 0.10% growth,FY2018-19 actual anchor
2054,51.7503493166555,pressure_gdp,GDP PC model: 0.10% growth,FY2018-19 actual; deterministic structural changes thereafter,with_income,pressure_gdp,GDP PC model: 0.10% growth,FY2018-19 actual anchor
2055,52.0445097991495,pressure_gdp,GDP PC model: 0.10% growth,FY2018-19 actual; deterministic structural changes thereafter,with_income,pressure_gdp,GDP PC model: 0.10% growth,FY2018-19 actual anchor
2056,52.33674829504,pressure_gdp,GDP PC model: 0.10% growth,FY2018-19 actual; deterministic structural changes thereafter,with_income,pressure_gdp,GDP PC model: 0.10% growth,FY2018-19 actual anchor
2057,52.6270969597815,pressure_gdp,GDP PC model: 0.10% growth,FY2018-19 actual; deterministic structural changes thereafter,with_income,pressure_gdp,GDP PC model: 0.10% growth,FY2018-19 actual anchor
2058,52.9155871485595,pressure_gdp,GDP PC model: 0.10% growth,FY2018-19 actual; deterministic structural changes thereafter,with_income,pressure_gdp,GDP PC model: 0.10% growth,FY2018-19 actual anchor
2059,53.2022494426299,pressure_gdp,GDP PC model: 0.10% growth,FY2018-19 actual; deterministic structural changes thereafter,with_income,pressure_gdp,GDP PC model: 0.10% growth,FY2018-19 actual anchor
2060,53.4871136745829,pressure_gdp,GDP PC model: 0.10% growth,FY2018-19 actual; deterministic structural changes thereafter,with_income,pressure_gdp,GDP PC model: 0.10% growth,FY2018-19 actual anchor
2061,53.77020895258,pressure_gdp,GDP PC model: 0.10% growth,FY2018-19 actual; deterministic structural changes thereafter,with_income,pressure_gdp,GDP PC model: 0.10% growth,FY2018-19 actual anchor
2062,54.0515636836222,pressure_gdp,GDP PC model: 0.10% growth,FY2018-19 actual; deterministic structural changes thereafter,with_income,pressure_gdp,GDP PC model: 0.10% growth,FY2018-19 actual anchor
2063,54.3312055958926,pressure_gdp,GDP PC model: 0.10% growth,FY2018-19 actual; deterministic structural changes thereafter,with_income,pressure_gdp,GDP PC model: 0.10% growth,FY2018-19 actual anchor
2064,54.6091617602099,pressure_gdp,GDP PC model: 0.10% growth,FY2018-19 actual; deterministic structural changes thereafter,with_income,pressure_gdp,GDP PC model: 0.10% growth,FY2018-19 actual anchor
2065,54.8854586106463,pressure_gdp,GDP PC model: 0.10% growth,FY2018-19 actual; deterministic structural changes thereafter,with_income,pressure_gdp,GDP PC model: 0.10% growth,FY2018-19 actual anchor
2066,55.160121964344,pressure_gdp,GDP PC model: 0.10% growth,FY2018-19 actual; deterministic structural changes thereafter,with_income,pressure_gdp,GDP PC model: 0.10% growth,FY2018-19 actual anchor
2019,34.0792684143503,no_income,Model excluding GDP PC,FY2018-19 actual; deterministic structural changes thereafter,no_income,no_income,Model excluding GDP PC,FY2018-19 actual anchor
2020,34.2812715172146,no_income,Model excluding GDP PC,FY2018-19 actual; deterministic structural changes thereafter,no_income,no_income,Model excluding GDP PC,FY2018-19 actual anchor
2021,34.2738955145477,no_income,Model excluding GDP PC,FY2018-19 actual; deterministic structural changes thereafter,no_income,no_income,Model excluding GDP PC,FY2018-19 actual anchor
2022,33.9742139473138,no_income,Model excluding GDP PC,FY2018-19 actual; deterministic structural changes thereafter,no_income,no_income,Model excluding GDP PC,FY2018-19 actual anchor
2023,33.9034586418276,no_income,Model excluding GDP PC,FY2018-19 actual; deterministic structural changes thereafter,no_income,no_income,Model excluding GDP PC,FY2018-19 actual anchor
2024,34.6063368768322,no_income,Model excluding GDP PC,FY2018-19 actual; deterministic structural changes thereafter,no_income,no_income,Model excluding GDP PC,FY2018-19 actual anchor
2025,35.1753832925128,no_income,Model excluding GDP PC,FY2018-19 actual; deterministic structural changes thereafter,no_income,no_income,Model excluding GDP PC,FY2018-19 actual anchor
2026,35.514914919603,no_income,Model excluding GDP PC,FY2018-19 actual; deterministic structural changes thereafter,no_income,no_income,Model excluding GDP PC,FY2018-19 actual anchor
2027,35.85446124423,no_income,Model excluding GDP PC,FY2018-19 actual; deterministic structural changes thereafter,no_income,no_income,Model excluding GDP PC,FY2018-19 actual anchor
2028,36.2025193740892,no_income,Model excluding GDP PC,FY2018-19 actual; deterministic structural changes thereafter,no_income,no_income,Model excluding GDP PC,FY2018-19 actual anchor
2029,36.5519707247554,no_income,Model excluding GDP PC,FY2018-19 actual; deterministic structural changes thereafter,no_income,no_income,Model excluding GDP PC,FY2018-19 actual anchor
2030,36.9513753112567,no_income,Model excluding GDP PC,FY2018-19 actual; deterministic structural changes thereafter,no_income,no_income,Model excluding GDP PC,FY2018-19 actual anchor
2031,37.3779767707698,no_income,Model excluding GDP PC,FY2018-19 actual; deterministic structural changes thereafter,no_income,no_income,Model excluding GDP PC,FY2018-19 actual anchor
2032,37.8085518066068,no_income,Model excluding GDP PC,FY2018-19 actual; deterministic structural changes thereafter,no_income,no_income,Model excluding GDP PC,FY2018-19 actual anchor
2033,38.220912154081,no_income,Model excluding GDP PC,FY2018-19 actual; deterministic structural changes thereafter,no_income,no_income,Model excluding GDP PC,FY2018-19 actual anchor
2034,38.605716696967,no_income,Model excluding GDP PC,FY2018-19 actual; deterministic structural changes thereafter,no_income,no_income,Model excluding GDP PC,FY2018-19 actual anchor
2035,38.983325242656,no_income,Model excluding GDP PC,FY2018-19 actual; deterministic structural changes thereafter,no_income,no_income,Model excluding GDP PC,FY2018-19 actual anchor
2036,39.3487307289526,no_income,Model excluding GDP PC,FY2018-19 actual; deterministic structural changes thereafter,no_income,no_income,Model excluding GDP PC,FY2018-19 actual anchor
2037,39.4833884822276,no_income,Model excluding GDP PC,FY2018-19 actual; deterministic structural changes thereafter,no_income,no_income,Model excluding GDP PC,FY2018-19 actual anchor
2038,39.6180462355027,no_income,Model excluding GDP PC,FY2018-19 actual; deterministic structural changes thereafter,no_income,no_income,Model excluding GDP PC,FY2018-19 actual anchor
2039,39.7527039887779,no_income,Model excluding GDP PC,FY2018-19 actual; deterministic structural changes thereafter,no_income,no_income,Model excluding GDP PC,FY2018-19 actual anchor
2040,39.8873617420529,no_income,Model excluding GDP PC,FY2018-19 actual; deterministic structural changes thereafter,no_income,no_income,Model excluding GDP PC,FY2018-19 actual anchor
2041,40.022019495328,no_income,Model excluding GDP PC,FY2018-19 actual; deterministic structural changes thereafter,no_income,no_income,Model excluding GDP PC,FY2018-19 actual anchor
2042,40.1566772486032,no_income,Model excluding GDP PC,FY2018-19 actual; deterministic structural changes thereafter,no_income,no_income,Model excluding GDP PC,FY2018-19 actual anchor
2043,40.2913350018782,no_income,Model excluding GDP PC,FY2018-19 actual; deterministic structural changes thereafter,no_income,no_income,Model excluding GDP PC,FY2018-19 actual anchor
2044,40.4259927551534,no_income,Model excluding GDP PC,FY2018-19 actual; deterministic structural changes thereafter,no_income,no_income,Model excluding GDP PC,FY2018-19 actual anchor
2045,40.5606505084283,no_income,Model excluding GDP PC,FY2018-19 actual; deterministic structural changes thereafter,no_income,no_income,Model excluding GDP PC,FY2018-19 actual anchor
2046,40.6953082617035,no_income,Model excluding GDP PC,FY2018-19 actual; deterministic structural changes thereafter,no_income,no_income,Model excluding GDP PC,FY2018-19 actual anchor
2047,40.8299660149787,no_income,Model excluding GDP PC,FY2018-19 actual; deterministic structural changes thereafter,no_income,no_income,Model excluding GDP PC,FY2018-19 actual anchor
2048,40.9646237682537,no_income,Model excluding GDP PC,FY2018-19 actual; deterministic structural changes thereafter,no_income,no_income,Model excluding GDP PC,FY2018-19 actual anchor
2049,41.0992815215288,no_income,Model excluding GDP PC,FY2018-19 actual; deterministic structural changes thereafter,no_income,no_income,Model excluding GDP PC,FY2018-19 actual anchor
2050,41.233939274804,no_income,Model excluding GDP PC,FY2018-19 actual; deterministic structural changes thereafter,no_income,no_income,Model excluding GDP PC,FY2018-19 actual anchor
2051,41.368597028079,no_income,Model excluding GDP PC,FY2018-19 actual; deterministic structural changes thereafter,no_income,no_income,Model excluding GDP PC,FY2018-19 actual anchor
2052,41.5032547813542,no_income,Model excluding GDP PC,FY2018-19 actual; deterministic structural changes thereafter,no_income,no_income,Model excluding GDP PC,FY2018-19 actual anchor
2053,41.6379125346294,no_income,Model excluding GDP PC,FY2018-19 actual; deterministic structural changes thereafter,no_income,no_income,Model excluding GDP PC,FY2018-19 actual anchor
2054,41.7725702879043,no_income,Model excluding GDP PC,FY2018-19 actual; deterministic structural changes thereafter,no_income,no_income,Model excluding GDP PC,FY2018-19 actual anchor
2055,41.9072280411795,no_income,Model excluding GDP PC,FY2018-19 actual; deterministic structural changes thereafter,no_income,no_income,Model excluding GDP PC,FY2018-19 actual anchor
2056,42.0418857944545,no_income,Model excluding GDP PC,FY2018-19 actual; deterministic structural changes thereafter,no_income,no_income,Model excluding GDP PC,FY2018-19 actual anchor
2057,42.1765435477297,no_income,Model excluding GDP PC,FY2018-19 actual; deterministic structural changes thereafter,no_income,no_income,Model excluding GDP PC,FY2018-19 actual anchor
2058,42.3112013010048,no_income,Model excluding GDP PC,FY2018-19 actual; deterministic structural changes thereafter,no_income,no_income,Model excluding GDP PC,FY2018-19 actual anchor
2059,42.4458590542798,no_income,Model excluding GDP PC,FY2018-19 actual; deterministic structural changes thereafter,no_income,no_income,Model excluding GDP PC,FY2018-19 actual anchor
2060,42.580516807555,no_income,Model excluding GDP PC,FY2018-19 actual; deterministic structural changes thereafter,no_income,no_income,Model excluding GDP PC,FY2018-19 actual anchor
2061,42.7151745608301,no_income,Model excluding GDP PC,FY2018-19 actual; deterministic structural changes thereafter,no_income,no_income,Model excluding GDP PC,FY2018-19 actual anchor
2062,42.8498323141051,no_income,Model excluding GDP PC,FY2018-19 actual; deterministic structural changes thereafter,no_income,no_income,Model excluding GDP PC,FY2018-19 actual anchor
2063,42.9844900673803,no_income,Model excluding GDP PC,FY2018-19 actual; deterministic structural changes thereafter,no_income,no_income,Model excluding GDP PC,FY2018-19 actual anchor
2064,43.1191478206555,no_income,Model excluding GDP PC,FY2018-19 actual; deterministic structural changes thereafter,no_income,no_income,Model excluding GDP PC,FY2018-19 actual anchor
2065,43.2538055739305,no_income,Model excluding GDP PC,FY2018-19 actual; deterministic structural changes thereafter,no_income,no_income,Model excluding GDP PC,FY2018-19 actual anchor
2066,43.3884633272056,no_income,Model excluding GDP PC,FY2018-19 actual; deterministic structural changes thereafter,no_income,no_income,Model excluding GDP PC,FY2018-19 actual anchor
