var,value
age_treat,39.619405791651
age_cont,41.145309234431586
gender_treat,0.4322592801959676
gender_cont,0.42413224192236193
