var,value
age_treat,39.11275565123789
age_cont,40.82294552660834
gender_treat,0.43434888110002695
gender_cont,0.42151397969334864
