var,value
age_treat,39.36678653154625
age_cont,40.82294552660834
gender_treat,0.43778650949574327
gender_cont,0.42151397969334864
