percentile,base_etr,final_baseline_etr,percentile_label,final_earnings_indexed_etr,after_tax_gain_baseline,after_tax_gain_earnings_indexed,income_gain_clawback
0.001,0,0,0.1,0,0.113331796340949,0.113331796340949,0
0.002,0,0,0.2,0,0.113331796340949,0.113331796340949,0
0.003,0,0,0.3,0,0.113331796340949,0.113331796340949,0
0.004,0,0,0.4,0,0.113331796340949,0.113331796340949,0
0.005,0,0,0.5,0,0.113331796340949,0.113331796340949,0
0.006,0,0,0.6,0,0.113331796340949,0.113331796340949,0
0.007,0,0,0.7,0,0.113331796340949,0.113331796340949,0
0.008,0,0,0.8,0,0.113331796340949,0.113331796340949,0
0.009,0,0,0.9,0,0.113331796340949,0.113331796340949,0
0.01,0,0,1,0,0.113331796340949,0.113331796340949,0
0.011,0,0,1.1,0,0.113331796340949,0.113331796340949,0
0.012,0,0,1.2,0,0.113331796340949,0.113331796340949,0
0.013,0,0,1.3,0,0.113331796340949,0.113331796340949,0
0.014,0,0,1.4,0,0.113331796340949,0.113331796340949,0
0.015,0,0,1.5,0,0.113331796340949,0.113331796340949,0
0.016,0,0,1.6,0,0.113331796340949,0.113331796340949,0
0.017,0,0,1.7,0,0.113331796340949,0.113331796340949,0
0.018,0,0,1.8,0,0.113331796340949,0.113331796340949,0
0.019,0,0,1.9,0,0.113331796340949,0.113331796340949,0
0.02,0,0,2,0,0.113331796340949,0.113331796340949,0
0.021,0,0,2.1,0,0.113331796340949,0.113331796340949,0
0.022,0,0,2.2,0,0.113331796340949,0.113331796340949,0
0.023,0,0,2.3,0,0.113331796340949,0.113331796340949,0
0.024,0,0,2.4,0,0.113331796340949,0.113331796340949,0
0.025,0,0,2.5,0,0.113331796340949,0.113331796340949,0
0.026,0,0,2.6,0,0.113331796340949,0.113331796340949,0
0.027,0,0,2.7,0,0.113331796340949,0.113331796340949,0
0.028,0,0,2.8,0,0.113331796340949,0.113331796340949,0
0.029,0,0,2.9,0,0.113331796340949,0.113331796340949,0
0.03,0,0,3,0,0.113331796340949,0.113331796340949,0
0.031,0,0,3.1,0,0.113331796340949,0.113331796340949,0
0.032,0,0,3.2,0,0.113331796340949,0.113331796340949,0
0.033,0,0,3.3,0,0.113331796340949,0.113331796340949,0
0.034,0,0,3.4,0,0.113331796340949,0.113331796340949,0
0.035,0,0,3.5,0,0.113331796340949,0.113331796340949,0
0.036,0,0,3.6,0,0.113331796340949,0.113331796340949,0
0.037,0,0,3.7,0,0.113331796340949,0.113331796340949,0
0.038,0,0,3.8,0,0.113331796340949,0.113331796340949,0
0.039,0,0,3.9,0,0.113331796340949,0.113331796340949,0
0.04,0,0,4,0,0.113331796340949,0.113331796340949,0
0.041,0,0,4.1,0,0.113331796340949,0.113331796340949,0
0.042,0,0,4.2,0,0.113331796340949,0.113331796340949,0
0.043,0,0,4.3,0,0.113331796340949,0.113331796340949,0
0.044,0,0,4.4,0,0.113331796340949,0.113331796340949,0
0.045,0,0,4.5,0,0.113331796340949,0.113331796340949,0
0.046,0,0,4.6,0,0.113331796340949,0.113331796340949,0
0.047,0,0,4.7,0,0.113331796340949,0.113331796340949,0
0.048,0,0,4.8,0,0.113331796340949,0.113331796340949,0
0.049,0,0,4.9,0,0.113331796340949,0.113331796340949,0
0.05,0,0,5,0,0.113331796340949,0.113331796340949,0
0.051,0,0,5.1,0,0.113331796340949,0.113331796340949,0
0.052,0,0,5.2,0,0.113331796340949,0.113331796340949,0
0.053,0,0,5.3,0,0.113331796340949,0.113331796340949,0
0.054,0,0,5.4,0,0.113331796340949,0.113331796340949,0
0.055,0,0,5.5,0,0.113331796340949,0.113331796340949,0
0.056,0,0,5.6,0,0.113331796340949,0.113331796340949,0
0.057,0,0,5.7,0,0.113331796340949,0.113331796340949,0
0.058,0,0,5.8,0,0.113331796340949,0.113331796340949,0
0.059,0,0,5.9,0,0.113331796340949,0.113331796340949,0
0.06,0,0,6,0,0.113331796340949,0.113331796340949,0
0.061,0,0,6.1,0,0.113331796340949,0.113331796340949,0
0.062,0,0,6.2,0,0.113331796340949,0.113331796340949,0
0.063,0,0,6.3,0,0.113331796340949,0.113331796340949,0
0.064,0,0,6.4,0,0.113331796340949,0.113331796340949,0
0.065,0,0,6.5,0,0.113331796340949,0.113331796340949,0
0.066,0,0,6.6,0,0.113331796340949,0.113331796340949,0
0.067,0,0,6.7,0,0.113331796340949,0.113331796340949,0
0.068,0,0,6.8,0,0.113331796340949,0.113331796340949,0
0.069,0,0,6.9,0,0.113331796340949,0.113331796340949,0
0.07,0,0,7,0,0.113331796340949,0.113331796340949,0
0.071,0,0,7.1,0,0.113331796340949,0.113331796340949,0
0.072,0,0,7.2,0,0.113331796340949,0.113331796340949,0
0.073,0,0,7.3,0,0.113331796340949,0.113331796340949,0
0.074,0,0,7.4,0,0.113331796340949,0.113331796340949,0
0.075,0,0,7.5,0,0.113331796340949,0.113331796340949,0
0.076,0,0,7.6,0,0.113331796340949,0.113331796340949,0
0.077,0,0,7.7,0,0.113331796340949,0.113331796340949,0
0.078,0,0,7.8,0,0.113331796340949,0.113331796340949,0
0.079,0,0,7.9,0,0.113331796340949,0.113331796340949,0
0.08,0,0,8,0,0.113331796340949,0.113331796340949,0
0.081,0,0,8.1,0,0.113331796340949,0.113331796340949,0
0.082,0,0,8.2,0,0.113331796340949,0.113331796340949,0
0.083,0,0,8.3,0,0.113331796340949,0.113331796340949,0
0.084,0,0,8.4,0,0.113331796340949,0.113331796340949,0
0.085,0,0,8.5,0,0.113331796340949,0.113331796340949,0
0.086,0,0,8.6,0,0.113331796340949,0.113331796340949,0
0.087,0,0,8.7,0,0.113331796340949,0.113331796340949,0
0.088,0,0,8.8,0,0.113331796340949,0.113331796340949,0
0.089,0,0,8.9,0,0.113331796340949,0.113331796340949,0
0.09,0,0,9,0,0.113331796340949,0.113331796340949,0
0.091,0,0,9.1,0,0.113331796340949,0.113331796340949,0
0.092,0,0,9.2,0,0.113331796340949,0.113331796340949,0
0.093,0,0,9.3,0,0.113331796340949,0.113331796340949,0
0.094,0,0,9.4,0,0.113331796340949,0.113331796340949,0
0.095,0,0,9.5,0,0.113331796340949,0.113331796340949,0
0.096,0,0,9.6,0,0.113331796340949,0.113331796340949,0
0.097,0,0,9.7,0,0.113331796340949,0.113331796340949,0
0.098,0,0,9.8,0,0.113331796340949,0.113331796340949,0
0.099,0,0,9.9,0,0.113331796340949,0.113331796340949,0
0.1,0,0,10,0,0.113331796340949,0.113331796340949,0
0.101,0,0,10.1,0,0.113331796340949,0.113331796340949,0
0.102,0,0,10.2,0,0.113331796340949,0.113331796340949,0
0.103,0,0,10.3,0,0.113331796340949,0.113331796340949,0
0.104,0,0,10.4,0,0.113331796340949,0.113331796340949,0
0.105,0,0,10.5,0,0.113331796340949,0.113331796340949,0
0.106,0,0,10.6,0,0.113331796340949,0.113331796340949,0
0.107,0,0,10.7,0,0.113331796340949,0.113331796340949,0
0.108,0,0,10.8,0,0.113331796340949,0.113331796340949,0
0.109,0,0,10.9,0,0.113331796340949,0.113331796340949,0
0.11,0,0,11,0,0.113331796340949,0.113331796340949,0
0.111,0,0,11.1,0,0.113331796340949,0.113331796340949,0
0.112,0,0,11.2,0,0.113331796340949,0.113331796340949,0
0.113,0,0,11.3,0,0.113331796340949,0.113331796340949,0
0.114,0,0,11.4,0,0.113331796340949,0.113331796340949,0
0.115,0,0,11.5,0,0.113331796340949,0.113331796340949,0
0.116,0,0,11.6,0,0.113331796340949,0.113331796340949,0
0.117,0,0,11.7,0,0.113331796340949,0.113331796340949,0
0.118,0,0,11.8,0,0.113331796340949,0.113331796340949,0
0.119,0,0,11.9,0,0.113331796340949,0.113331796340949,0
0.12,0,0,12,0,0.113331796340949,0.113331796340949,0
0.121,0,0,12.1,0,0.113331796340949,0.113331796340949,0
0.122,0,0,12.2,0,0.113331796340949,0.113331796340949,0
0.123,0,0,12.3,0,0.113331796340949,0.113331796340949,0
0.124,0,0.0009595527741103,12.4,0,0.112263495727264,0.113331796340949,0.00942630972221026
0.125,0,0.00194322865420737,12.5,0,0.111168338092659,0.113331796340949,0.0190895963722425
0.126,0,0.00295494239842079,12.6,0,0.110041965012431,0.113331796340949,0.0290283171601793
0.127,0,0.00384462940020268,12.7,0,0.109051448184556,0.113331796340949,0.0377682900526507
0.128,0,0.00483690789460583,12.8,0,0.107946712985912,0.113331796340949,0.0475160857667563
0.129,0,0.00576666956419075,12.9,0,0.106911579756144,0.113331796340949,0.0566497381325398
0.13,0,0.00666788555487735,13,0,0.105908227338341,0.113331796340949,0.0655029677662065
0.131,0,0.00750234290453685,13.1,0,0.104979199438275,0.113331796340949,0.0737003839376712
0.132,0,0.00832642033527787,13.2,0,0.104061727831984,0.113331796340949,0.0817958314282467
0.133,0,0.00920895103008163,13.3,0,0.103079178348212,0.113331796340949,0.0904655032722909
0.134,0,0.0100872514631319,13.4,0,0.102101338549357,0.113331796340949,0.0990936185093702
0.135,0,0.0109167202631085,13.5,0,0.10117786456027,0.113331796340949,0.107242028919353
0.136,0,0.0117576536815898,13.6,0,0.10024162664687,0.113331796340949,0.115503063718309
0.137,0,0.0125225620185265,13.7,0,0.0993900298740715,0.113331796340949,0.123017254795243
0.138,0,0.0133570644342066,13.8,0,0.0984609518005715,0.113331796340949,0.131215113679479
0.139,0,0.014215973419323,13.9,0,0.0975047011172785,0.113331796340949,0.139652734136991
0.14,0,0.0150006781491424,14,0,0.0966310643908315,0.113331796340949,0.147361398030562
0.141,0,0.0157962797085533,14.1,0,0.0957452958775209,0.113331796340949,0.155177108554075
0.142,0,0.0165410783833493,14.2,0,0.0949160878309978,0.113331796340949,0.162493749367113
0.143,0,0.0172904189509045,14.3,0,0.0940818231508505,0.113331796340949,0.169855008140754
0.144,0,0.0180373468355511,14.4,0,0.0932502445872998,0.113331796340949,0.177192565564171
0.145,0,0.018716272051783,14.5,0,0.0924943755567311,0.113331796340949,0.18386208863689
0.146,0,0.019413604609035,14.6,0,0.0917180130481188,0.113331796340949,0.190712438968202
0.147,0,0.0201029642450254,14.7,0,0.0909505270462565,0.113331796340949,0.197484466118935
0.148,0,0.0207528126773017,14.8,0,0.0902270301238011,0.113331796340949,0.203868349069831
0.149,0,0.0213893859288658,14.9,0,0.0895183128821346,0.113331796340949,0.210121821303999
0.15,0,0.0220811928839336,15,0,0.0887481022021277,0.113331796340949,0.216917890058524
0.151,0,0.0227343461239557,15.1,0,0.0880209259321281,0.113331796340949,0.223334238280977
0.152,0,0.0233924230591915,15.2,0,0.0872882679556915,0.113331796340949,0.229798955157364
0.153,0,0.0240131890517956,15.3,0,0.0865971494380382,0.113331796340949,0.235897142426664
0.154,0,0.0246451722922865,15.4,0,0.0858935424016451,0.113331796340949,0.242105524002795
0.155,0,0.0252351018601893,15.5,0,0.0852367550560973,0.113331796340949,0.247900785057089
0.156,0,0.0258015969555819,15.6,0,0.0846060580539254,0.113331796340949,0.253465834077176
0.157,0,0.0263395047495006,15.7,0,0.0840071882034561,0.113331796340949,0.258750051479569
0.158,0,0.0269293687597189,15.8,0,0.083350473845363,0.113331796340949,0.264544668518175
0.159,0,0.0274115583872236,15.9,0,0.082813636801196,0.113331796340949,0.269281530206593
0.16,0,0.0279400370405543,16,0,0.0822252647127557,0.113331796340949,0.274473119040765
0.161,0.00025039114771338,0.028441398974654,16.1,0.00025039114771338,0.0819174736777608,0.11330341906239,0.277007928307502
0.162,0.00107991040637963,0.0290206805684259,16.2,0.00107991040637963,0.0821020603190459,0.113209408154706,0.274777055570777
0.163,0.00179967844864876,0.0295233191441018,16.3,0.00179967844864876,0.0822622248529475,0.113127835549527,0.272838338563163
0.164,0.00252839066631069,0.0300322037425462,16.4,0.00252839066631069,0.082424379666493,0.113045249284884,0.270872679852505
0.165,0.0032733548735565,0.030552437659683,16.5,0.0032733548735565,0.0825901509122554,0.112960821153067,0.268860211273234
0.166,0.00398101026010596,0.0310466175546993,16.6,0.00398101026010596,0.0827476201085707,0.112880621296919,0.266945741812379
0.167,0.00473483443626626,0.0315730386903484,16.7,0.00473483443626626,0.0829153628961469,0.11279518904891,0.26490337402428
0.168,0.00547397905017323,0.0320892085869466,16.8,0.00547397905017323,0.083079839151857,0.11271142046206,0.262897771927
0.169,0.00622083879635367,0.0326107662235795,16.9,0.00622083879635367,0.0832460321975498,0.11262677750541,0.260868205222769
0.17,0.00698237552151815,0.0331425732952784,17,0.00698237552151815,0.0834154912002729,0.112540471180368,0.258795610811124
0.171,0.00768949766678424,0.0336363808097172,17.1,0.00768949766678424,0.0835728417384423,0.112460331757412,0.256868262502401
0.172,0.0084258699272394,0.0341506146773332,17.2,0.0084258699272394,0.0837367010833251,0.112376877366359,0.254858267592402
0.173,0.00919409021199505,0.0346870891066752,17.3,0.00919409021199505,0.0839076473279704,0.112289813581502,0.252758156312474
0.174,0.00991952495457699,0.0351936849324744,17.4,0.00991952495457699,0.0840690728297965,0.112207598758998,0.250772017585349
0.175,0.0105824550788121,0.0356566316512085,17.5,0.0105824550788121,0.0842165896520532,0.112132467697169,0.248954460901611
0.176,0.0112464411575893,0.0361203157790187,17.6,0.0112464411575893,0.0843643414478809,0.112057216962116,0.247131566042709
0.177,0.0118567614017796,0.03654652322396,17.7,0.0118567614017796,0.0845001513917806,0.111988048272499,0.245453843555095
0.178,0.0125365670120871,0.0370212546702524,17.8,0.0125365670120871,0.0846514233882077,0.11191100468152,0.243582669737337
0.179,0.0131967504946278,0.0378454961762852,17.9,0.0131967504946278,0.0843939525942183,0.111836184901529,0.24537883093449
0.18,0.0137978557018837,0.0386732443721057,18,0.0137978557018837,0.0840734994157034,0.111768060568601,0.247786004445333
0.181,0.0143676637509019,0.0394578950103726,18.1,0.0143676637509019,0.0837697309601199,0.111703483198836,0.250070556788217
0.182,0.0149526909649019,0.0402635031053434,18.2,0.0149526909649019,0.0834578490665993,0.111637181013765,0.252418877754458
0.183,0.0155719940821305,0.0411163106201745,18.3,0.0155719940821305,0.0831276944614078,0.11156699427901,0.254907824678691
0.184,0.0161602823654896,0.0419264093504714,18.4,0.0161602823654896,0.082814074070152,0.111500322511091,0.257275026608872
0.185,0.0167757217242681,0.0427738963007034,18.5,0.0167757217242681,0.0824859792602533,0.111430573663021,0.259754513068378
0.186,0.0174112290157254,0.0436490176731101,18.6,0.0174112290157254,0.0821471861021524,0.111358550480093,0.262318108955292
0.187,0.0180536626320687,0.0445336768982235,18.7,0.0180536626320687,0.0818047004742506,0.111285742324323,0.264913017915223
0.188,0.0186468227468726,0.0453504843537821,18.8,0.0186468227468726,0.0814884828772928,0.111218518422994,0.267311918619794
0.189,0.019204209092508,0.0461180297624817,18.9,0.019204209092508,0.0811913365142876,0.111155348827187,0.269568784849794
0.19,0.0198367369619838,0.046989048340336,19,0.0198367369619838,0.0808541317058344,0.111083663307504,0.272133009495623
0.191,0.0204211817889677,0.0477938544628798,19.1,0.0204211817889677,0.0805425602867005,0.1110174271254,0.274505252263471
0.192,0.0210278230728438,0.0486292260786592,19.2,0.0210278230728438,0.0802191557889687,0.110948675378963,0.276970585588634
0.193,0.0215517154938349,0.0493506488862558,19.3,0.0215517154938349,0.0799398652596568,0.110889301709803,0.279102095269216
0.194,0.0220864713242952,0.0500870310844549,19.4,0.0220864713242952,0.0796547833746026,0.110828696870933,0.281280159168835
0.195,0.0226112384919796,0.0508096584565576,19.5,0.0226112384919796,0.079375026512019,0.110769224065159,0.283419856174786
0.196,0.023213589934338,0.0516391227726932,19.6,0.023213589934338,0.0790539089572933,0.110700958494168,0.285878731018773
0.197,0.0237240519200798,0.052342051282765,19.7,0.0237240519200798,0.0787817782822175,0.11064310692036,0.287964876664898
0.198,0.024270859449544,0.0530950291982971,19.8,0.024270859449544,0.0784902715563773,0.110581136240793,0.290201979970048
0.199,0.024773475354629,0.053787153311685,19.9,0.024773475354629,0.0782223236790133,0.1105241738774,0.292260498904231
0.2,0.0253344872114739,0.0545596912080997,20,0.0253344872114739,0.0779232445319015,0.110460593395895,0.294560692312948
0.201,0.0259020559308714,0.0553412581914072,20.1,0.0259020559308714,0.0776206698778124,0.110396269813379,0.296890465510952
0.202,0.026414901410351,0.056047468876741,20.2,0.026414901410351,0.0773472685463941,0.110338148113944,0.298997945239042
0.203,0.0269899366029554,0.0570507967602822,20.3,0.0269899366029554,0.0768052669040966,0.110272978342607,0.303498753198901
0.204,0.0277173549042068,0.0580205782831877,20.4,0.0277173549042068,0.0764529966003934,0.110190538719835,0.306174581877862
0.205,0.028765776838495,0.0590676316001977,20.5,0.028765776838495,0.0763357007843901,0.110071719178699,0.306491246307685
0.206,0.0297953736654805,0.0600958843843308,20.6,0.0297953736654805,0.076220511092124,0.10995503312079,0.30680289088365
0.207,0.0308065213653393,0.061105712124956,20.7,0.0308065213653393,0.0761073854595179,0.109840437935599,0.307109595610491
0.208,0.0317256348414534,0.0620236257839518,20.8,0.0317256348414534,0.076004556472776,0.10973627315431,0.30738893997339
0.209,0.0327199333466812,0.0630166263250017,20.9,0.0327199333466812,0.0758933159018693,0.109623587518613,0.307691732958627
0.21,0.0336783432663037,0.0639737851296553,21,0.0336783432663037,0.0757860904901233,0.109514969200791,0.307984186607654
0.211,0.0346647505830286,0.0649589047834147,21.1,0.0346647505830286,0.0756757327731175,0.109403177887663,0.308285789917158
0.212,0.035499591559675,0.0657926559528491,21.2,0.035499591559675,0.0755823320625961,0.109308563860121,0.308541532397069
0.213,0.0363193914158515,0.0666113856365967,21.3,0.0363193914158515,0.0754906141292482,0.10921565446978,0.308793098427696
0.214,0.0371640698759608,0.0674549614475748,21.4,0.0371640698759608,0.0753961128163714,0.109119925542565,0.309052746860967
0.215,0.0380373684403073,0.068327120001907,21.5,0.0380373684403073,0.0752984095307292,0.109020953047526,0.309321672340326
0.216,0.0389428763711984,0.069231445876453,21.6,0.0389428763711984,0.0751971027112345,0.108918330207117,0.309601032551261
0.217,0.0397980129466615,0.0700854661506884,21.7,0.0397980129466615,0.0751014313606715,0.108821416042903,0.309865336331751
0.218,0.0406380205267015,0.0709243771789964,21.8,0.0406380205267015,0.0750074526185952,0.108726216474917,0.310125422823857
0.219,0.0414292653039197,0.0717145890597843,21.9,0.0414292653039197,0.0749189293830856,0.10863654328297,0.310370828092887
0.22,0.0423494031875082,0.0726335257889857,22,0.0423494031875082,0.0748159857872288,0.108532262403741,0.31065671966818
0.221,0.0431951197372739,0.0734781383344907,22.1,0.0431951197372739,0.0747213683344953,0.108436415827961,0.310919973110842
0.222,0.0440425655233172,0.0743244778589162,22.2,0.0440425655233172,0.0746265574174956,0.108340373274727,0.311184232047463
0.223,0.0448669878729132,0.0751478240018484,22.3,0.0448669878729132,0.0745343223267704,0.108246940008904,0.31144176158107
0.224,0.0456851396589071,0.0759649077668156,22.4,0.0456851396589071,0.0744427887769523,0.108154217397318,0.311697772233164
0.225,0.046537528307991,0.076816183701834,22.5,0.046537528307991,0.0743474248601204,0.108057614660536,0.311964963379182
0.226,0.0472868586921436,0.0775645359048963,22.6,0.0472868586921436,0.074263590941742,0.107972691702047,0.312200244607463
0.227,0.0480867426514858,0.0783633756901597,22.7,0.0480867426514858,0.0741741011679683,0.107882039416071,0.312451807831519
0.228,0.0489399354077557,0.079215454682677,22.8,0.0489399354077557,0.0740786472888745,0.107785345548378,0.312720603046863
0.229,0.0497706016313871,0.0800450365488479,22.9,0.0497706016313871,0.0739857136432302,0.107691204653094,0.312982765105463
0.23,0.050645320875658,0.0809186139285392,23,0.050645320875658,0.0738878514141265,0.107592071149846,0.313259326412438
0.231,0.0514973637461507,0.0817695445363482,23.1,0.0514973637461507,0.0737925261824655,0.107495507600774,0.313529208527278
0.232,0.0522468063414949,0.0825180088041207,23.2,0.0522468063414949,0.0737086797100734,0.107410571925189,0.313766993425833
0.233,0.0530516964977769,0.0833218482511997,23.3,0.0530516964977769,0.0736186298507694,0.107319352277921,0.314022790035835
0.234,0.0538616851024567,0.0839116438731318,23.4,0.0538616851024567,0.0737719802362096,0.107227554814337,0.312005385519189
0.235,0.0547251938706503,0.0844398251631398,23.5,0.0547251938706503,0.0740474479800048,0.107129691814481,0.308805554035995
0.236,0.0555258701937986,0.0849295738128542,23.6,0.0555258701937986,0.0743028715592111,0.107038949728491,0.305833327515979
0.237,0.0563350468858316,0.0854245218721965,23.7,0.0563350468858316,0.0745610068392409,0.106947244280426,0.302824422069866
0.238,0.0571049774016548,0.0858954642737597,23.8,0.0571049774016548,0.0748066222051587,0.10685998667201,0.299956657913817
0.239,0.0578110916809329,0.0863273722805567,23.9,0.0578110916809329,0.0750318795673755,0.106779961472317,0.297322470126312
0.24,0.0585987186780659,0.086809139065926,24,0.0585987186780659,0.0752831402839358,0.106690698289885,0.294379533636693
0.241,0.0593730907946513,0.0872827982556758,24.1,0.0593730907946513,0.0755301725639437,0.106602937306876,0.291481318694662
0.242,0.0599783753578108,0.0876530318805876,24.2,0.0599783753578108,0.0757232642604143,0.106534339320036,0.289212616854585
0.243,0.0607421945877577,0.088120236199833,24.3,0.0607421945877577,0.0759669300663577,0.106447774314627,0.286345529011973
0.244,0.0614372554642529,0.0885453831860638,24.4,0.0614372554642529,0.0761886612849635,0.106369001816927,0.283732478602247
0.245,0.0622420558874258,0.0890376544186996,24.5,0.0622420558874258,0.076445400492419,0.106277792339273,0.280702028055112
0.246,0.0629714966551626,0.0894838305084846,24.6,0.0629714966551626,0.076678099232631,0.106195123506741,0.277950844628343
0.247,0.0636442769104865,0.0898953491360166,24.7,0.0636442769104865,0.0768927227151369,0.106118876111862,0.275409563948996
0.248,0.064339655139607,0.0903206902369167,24.8,0.064339655139607,0.0771145551723348,0.10604006764802,0.272779083579029
0.249,0.0650537315798673,0.0909223223516883,24.9,0.0650537315798673,0.0771588154495199,0.10595914008232,0.271805949070796
0.25,0.0658161588963496,0.0918769007095649,25,0.0658161588963496,0.0768584803280793,0.105872732824964,0.274048394923866
0.251,0.0665560465237869,0.0928032588044858,25.1,0.0665560465237869,0.0765670240336434,0.105788880031056,0.276228049572263
0.252,0.0673100850485865,0.0937473341821884,25.2,0.0673100850485865,0.076269993422304,0.10570342349053,0.278452949736894
0.253,0.0680648052631369,0.0946922630527666,25.3,0.0680648052631369,0.0759726942799591,0.10561788969288,0.280683466590032
0.254,0.0688103932319847,0.0956257581198622,25.4,0.0688103932319847,0.075678992508882,0.105533390869041,0.282890544066814
0.255,0.069537337681863,0.0965359110278586,25.5,0.069537337681863,0.0753926347867559,0.105451004948696,0.285045838838275
0.256,0.0702044573397199,0.0973711617773232,25.6,0.0702044573397199,0.0751298432273161,0.105375399079497,0.287026726507227
0.257,0.0707843651523004,0.0980972210822375,25.7,0.0707843651523004,0.0749014061297062,0.105309677085385,0.288750965697327
0.258,0.0714554099277648,0.0989373861786035,25.8,0.0714554099277648,0.0746370683892107,0.105233626375556,0.290748870300762
0.259,0.0719461656932947,0.0995518248570855,25.9,0.0719461656932947,0.0744437500370849,0.105178008143084,0.292211828771165
0.26,0.0726277014008167,0.100405124866747,26,0.0726277014008167,0.0741752797120328,0.10510076847708,0.294246076533601
0.261,0.0732795714963375,0.101221282776988,26.1,0.0732795714963375,0.0739184952552467,0.105026890868174,0.296194577938837
0.262,0.073901111606161,0.102047165065118,26.2,0.073901111606161,0.0736205543536604,0.104956450611029,0.298560937178606
0.263,0.0742606978489488,0.102836679789815,26.3,0.0742606978489488,0.0731011487497637,0.104915698056195,0.303239171028444
0.264,0.0746040297909938,0.103590506247697,26.4,0.0746040297909938,0.0726052217273256,0.104876787630462,0.307709328558446
0.265,0.0749931989781199,0.104444973874858,26.5,0.0749931989781199,0.0720430849361894,0.104832682387404,0.312780296225202
0.266,0.0753965322849973,0.105330540525773,26.6,0.0753965322849973,0.0714604887328241,0.104786971899211,0.318040330418578
0.267,0.0757933999717038,0.106201911132119,26.7,0.0757933999717038,0.0708872318170886,0.104741994171367,0.323220525082704
0.268,0.0761570758200544,0.107000405076336,26.8,0.0761570758200544,0.0703619189681567,0.104700778134188,0.327971384529937
0.269,0.076558194435312,0.10788110910617,26.9,0.076558194435312,0.0697825217838345,0.104655318640975,0.33321571526406
0.27,0.0769264800438593,0.108689724331792,27,0.0769264800438593,0.0692505503506914,0.104613580171392,0.33803479206776
0.271,0.0772872282775849,0.109481790346962,27.1,0.0772872282775849,0.0687294663049272,0.104572695926037,0.342758970720821
0.272,0.0776617581709946,0.110304115648937,27.2,0.0776617581709946,0.0681884752927124,0.104530249780433,0.347667537043652
0.273,0.0780092950465724,0.111067174542728,27.3,0.0780092950465724,0.0676864744393519,0.104490862802029,0.352225901631302
0.274,0.0783641238638561,0.111846243769128,27.4,0.0783641238638561,0.0671739407153339,0.104450649414773,0.356883455567745
0.275,0.0787196844630276,0.112626919710431,27.5,0.0787196844630276,0.0666603499664142,0.104410353093361,0.361554213816246
0.276,0.0790664259164333,0.113388232159441,27.6,0.0790664259164333,0.0661594980633868,0.104371056261581,0.366112594495795
0.277,0.0794517167812078,0.114234184464715,27.7,0.0794517167812078,0.0656029633285119,0.104327390555762,0.371181786690546
0.278,0.0798122172510492,0.115025706484561,27.8,0.0798122172510492,0.0650822371661547,0.104286534389933,0.375928660906415
0.279,0.08018254545342,0.11583880646991,27.9,0.08018254545342,0.0645473153012321,0.104244564429523,0.380808815745294
0.28,0.0805131998491502,0.116564797854317,28,0.0805131998491502,0.0640697004048325,0.104207090772887,0.385169474268611
0.281,0.0808569669060995,0.117319579659158,28.1,0.0808569669060995,0.0635731448791527,0.1041681310348,0.389706388627491
0.282,0.0812196258553855,0.118115840879512,28.2,0.0812196258553855,0.0630493008936253,0.104127030244618,0.394496311423574
0.283,0.0815555208874001,0.118853338709441,28.3,0.0815555208874001,0.0625641161418475,0.104088962657258,0.398936116331013
0.284,0.0819130965242477,0.119638438907646,28.4,0.0819130965242477,0.0620476147647199,0.104048437968006,0.403666061918211
0.285,0.0822784858393616,0.120440694973654,28.5,0.0822784858393616,0.0615198268927396,0.10400702774056,0.408503173014449
0.286,0.0826116576757706,0.121172213701012,28.6,0.0826116576757706,0.0610385756703622,0.10396926877785,0.412917139960053
0.287,0.0829205748392062,0.121850478384759,28.7,0.0829205748392062,0.0605923591950471,0.103934258640797,0.417012638686751
0.288,0.0832712319645838,0.122620388161227,28.8,0.0832712319645838,0.0600858512859692,0.103894518038878,0.421664853736706
0.289,0.083604909509776,0.123353017232873,28.9,0.083604909509776,0.0596038695907741,0.103856701763283,0.426095104323387
0.29,0.0840736974900676,0.124086914043353,29,0.0840736974900676,0.0592555869167251,0.103803573179374,0.429156578123465
0.291,0.084573623752837,0.124809477344265,29.1,0.084573623752837,0.0589510604817202,0.103746915637976,0.431780114915133
0.292,0.0850529232499549,0.125502227960815,29.2,0.0850529232499549,0.0586590986904981,0.103692595764982,0.434298097585984
0.293,0.0855119695180025,0.126165705780272,29.3,0.0855119695180025,0.0583794740059772,0.103640571226821,0.436712155144227
0.294,0.0859978584700659,0.126867980398002,29.4,0.0859978584700659,0.0580834982963587,0.103585504559061,0.439270016170639
0.295,0.0865311056878632,0.127638703799808,29.5,0.0865311056878632,0.0577586746447413,0.103525070693975,0.442080316800953
0.296,0.0870101758094678,0.128331122890811,29.6,0.0870101758094678,0.0574668525759386,0.10347077681652,0.444607894673082
0.297,0.0874735745565161,0.12900089152119,29.7,0.0874735745565161,0.0571845766105944,0.103418259004095,0.447055315364279
0.298,0.0879381137309092,0.129672308456546,29.8,0.0879381137309092,0.0569016059622539,0.10336561194499,0.449511255324098
0.299,0.088424274299911,0.130374975653034,29.9,0.088424274299911,0.0566054647991597,0.103310514494395,0.452084184497689
0.3,0.0888459230319001,0.13098440132698,30,0.0888459230319001,0.0563486205508383,0.103262728286174,0.454317918129391
0.301,0.0892691248309281,0.131596071710456,30.1,0.0892691248309281,0.0560908302630624,0.103214766066075,0.456561959098424
0.302,0.0897341436696616,0.13226818192375,30.2,0.0897341436696616,0.0558075674306902,0.103162064645749,0.459030142307357
0.303,0.0901480376478322,0.132866399343731,30.3,0.0901480376478322,0.0555554469340709,0.103115157297708,0.461229091920267
0.304,0.0905833900367052,0.133495631457726,30.4,0.0905833900367052,0.0552902552031545,0.103065818029436,0.463544206408342
0.305,0.0910120833110848,0.134115238888827,30.5,0.0910120833110848,0.0550291198232401,0.103017233450571,0.465826076084215
0.306,0.0914617419796019,0.134765148437503,30.6,0.0914617419796019,0.0547552135264707,0.102966272825928,0.468221855334722
0.307,0.0919163126788457,0.135422157539453,30.7,0.0919163126788457,0.0544783151020282,0.102914755512019,0.470646217532276
0.308,0.0923873090752447,0.136102907354465,30.8,0.0923873090752447,0.054191411084021,0.102861376644345,0.473160744567961
0.309,0.0928589561224641,0.136784597580972,30.9,0.0928589561224641,0.0539041107268153,0.102807924037244,0.475681361805464
0.31,0.0933350336544018,0.137472691363166,31,0.0933350336544018,0.053614111572172,0.102753969315352,0.478228316342408
0.311,0.0937698108538046,0.138101092132954,31.1,0.0937698108538046,0.0533492702137247,0.102704695234336,0.480556657200525
0.312,0.0941942748048526,0.138714586754918,31.2,0.0941942748048526,0.053090711095256,0.102656589972282,0.482831924286683
0.313,0.0946311186882378,0.139345974585222,31.3,0.0946311186882378,0.0528246108313411,0.102607081670257,0.485175779571427
0.314,0.0949942587498336,0.139870835351981,31.4,0.0949942587498336,0.0526034067126522,0.102565926354753,0.4871259044577
0.315,0.0954148489781438,0.140478731128482,31.5,0.0954148489781438,0.0523472072441225,0.102518260108655,0.489386503549303
0.316,0.0958881154432756,0.141162761964074,31.6,0.0958881154432756,0.0520589204303119,0.102464623970014,0.49193274309437
0.317,0.0962995015922226,0.141757354718785,31.7,0.0962995015922226,0.0518083275595652,0.102418000838764,0.494148224576979
0.318,0.0966646837685795,0.142285167035187,31.8,0.0966646837685795,0.0515858795015715,0.102376614086726,0.496116569572503
0.319,0.0970677069448365,0.142867672453021,31.9,0.0970677069448365,0.0513403808746129,0.102330938746193,0.49829072708939
0.32,0.0974647029059602,0.143441466497225,32,0.0974647029059602,0.0510985536817733,0.102285946480779,0.500434268441996
0.321,0.0978915187847811,0.144058360453894,32.1,0.0978915187847811,0.050838561903664,0.102237574670526,0.502740924092751
0.322,0.0982836166999954,0.144625075157635,32.2,0.0982836166999954,0.0505997183197495,0.102193137509453,0.504861876708023
0.323,0.0987016514829272,0.145229277447345,32.3,0.0987016514829272,0.0503450754821251,0.10214576087657,0.507125160651938
0.324,0.0991082677872085,0.145816976155948,32.4,0.0991082677872085,0.0500973881274502,0.102099678320385,0.509328638918463
0.325,0.0995019087397143,0.146385921072826,32.5,0.0995019087397143,0.0498576046136292,0.102055066284124,0.511463698677884
0.326,0.0999018575842878,0.146963983036865,32.6,0.0999018575842878,0.0496139786933828,0.102009739363124,0.513634884245982
0.327,0.100295916309356,0.147533531777035,32.7,0.100295916309356,0.0493739406964537,0.101965079979948,0.515775982266052
0.328,0.100677318060168,0.148084786889167,32.8,0.100677318060168,0.0491416126030337,0.101921855034401,0.517850096169782
0.329,0.101107551410868,0.148706620253796,32.9,0.101107551410868,0.0488795390968666,0.10187309591592,0.520191875417148
0.33,0.101514644473739,0.14929500804054,33,0.101514644473739,0.0486315613281769,0.101826959327827,0.52240976604624
0.331,0.101912452826806,0.149869976267115,33.1,0.101912452826806,0.0483892392727122,0.101781874992575,0.524579014915549
0.332,0.102301124885823,0.150431739444708,33.2,0.102301124885823,0.0481524825241013,0.101737826089939,0.526700300421857
0.333,0.102674162809996,0.150970905985714,33.3,0.102674162809996,0.047925249194649,0.101695549031889,0.52873798656005
0.334,0.103051630575109,0.151516475151929,33.4,0.103051630575109,0.0476953174599117,0.101652769932008,0.530801595551074
0.335,0.10342686688797,0.152058819111499,33.5,0.10342686688797,0.0474667449980301,0.101610243726619,0.532854727464892
0.336,0.103796628891064,0.152593250833543,33.6,0.103796628891064,0.0472415071719992,0.10156833793459,0.534879588140717
0.337,0.10415774907546,0.15311519219149,33.7,0.10415774907546,0.0470215334467674,0.101527411535397,0.536858738584371
0.338,0.104503905039596,0.153615505167029,33.8,0.104503905039596,0.0468106750671139,0.101488181058167,0.538757374710611
0.339,0.104854578602728,0.154122347607985,33.9,0.104854578602728,0.0465970648249946,0.101448438593328,0.540682286774406
0.34,0.105212868152741,0.154640197737533,34,0.105212868152741,0.0463788153600425,0.101407832995015,0.542650562680672
0.341,0.10555325164135,0.155132167524722,34.1,0.10555325164135,0.0461714732417349,0.101369256722806,0.544521931654381
0.342,0.105923327626455,0.155667053057449,34.2,0.105923327626455,0.0459460441558521,0.101327315346632,0.546558161551258
0.343,0.106297478704995,0.156207828484714,34.3,0.106297478704995,0.045718132756538,0.101284912132798,0.548618527736929
0.344,0.10662574307863,0.156682282033266,34.4,0.10662574307863,0.0455181729086834,0.101247709341659,0.550427627403569
0.345,0.106983277527788,0.157199040785532,34.5,0.106983277527788,0.0453003834079062,0.101207189320282,0.552399550741917
0.346,0.107321791829226,0.157688308962199,34.6,0.107321791829226,0.045094179891323,0.101168824886413,0.554268027310267
0.347,0.107649249408136,0.158161596418263,34.7,0.107649249408136,0.0448947114965877,0.10113171353077,0.556076823686683
0.348,0.107982588535674,0.158643384710365,34.8,0.107982588535674,0.0446916603994237,0.101093935608655,0.557919472317017
0.349,0.108583640624292,0.159166385114568,34.9,0.108583640624292,0.0447104395085435,0.101025817295758,0.557435508018196
0.35,0.109253112044202,0.15968629268728,35,0.109253112044202,0.0448010812965947,0.10094994489714,0.556204995037458
0.351,0.109812639352872,0.160120818308935,35.1,0.109812639352872,0.0448768374143513,0.100886532662147,0.555175143498718
0.352,0.110480421769658,0.16063941421174,35.2,0.110480421769658,0.0449672505230924,0.100810851681288,0.553944344550765
0.353,0.111116673993518,0.161133523951906,35.3,0.111116673993518,0.0450533946623437,0.100738744073832,0.552769938948971
0.354,0.111688970070811,0.161577965724279,35.4,0.111688970070811,0.0451308795828319,0.100673884731353,0.551712147561773
0.355,0.112247425584891,0.16201165899655,35.5,0.112247425584891,0.0452064905870333,0.100610593964766,0.550678623337968
0.356,0.112819396149148,0.162455847977411,35.6,0.112819396149148,0.0452839314353136,0.100545771513264,0.549618738274443
0.357,0.113383031206239,0.162893563652363,35.7,0.113383031206239,0.0453602437137236,0.100481893739764,0.548572961500892
0.358,0.113922297725593,0.163312354864033,35.8,0.113922297725593,0.0454332566610973,0.100420777696419,0.547571153069077
0.359,0.11447768167072,0.163743662773895,35.9,0.11447768167072,0.0455084517961616,0.100357835036259,0.546538127494284
0.36,0.115024956353953,0.164168673078599,36,0.115024956353953,0.0455825489933951,0.100295811413316,0.545518916980981
0.361,0.11556157156078,0.164585405296531,36.1,0.11556157156078,0.0456552029714387,0.100234995847982,0.544518333290701
0.362,0.11614830532666,0.165041059293065,36.2,0.11614830532666,0.0457346426548475,0.100168500256321,0.543422907023495
0.363,0.116621737028434,0.165408723572067,36.3,0.116621737028434,0.0457987420244298,0.100114845391114,0.542537953831824
0.364,0.117208043612306,0.165864045821562,36.4,0.117208043612306,0.0458781238703575,0.100048398212758,0.54144069580409
0.365,0.117702895107291,0.166248344586168,36.5,0.117702895107291,0.0459451233314122,0.099992315803909,0.540513458839043
0.366,0.118293756644746,0.166707204185862,36.6,0.118293756644746,0.0460251218864716,0.0999253524044805,0.539404958011358
0.367,0.118871131320764,0.167155589968178,36.7,0.118871131320764,0.0461032944140098,0.0998599174952856,0.53832032340517
0.368,0.119430094133037,0.167589677205246,36.8,0.119430094133037,0.0461789741028693,0.0997965692356829,0.537268921601789
0.369,0.119986173170772,0.168021524919945,36.9,0.119986173170772,0.0462542633486527,0.0997335477994289,0.536221618811022
0.37,0.120534328242357,0.168447218929072,37,0.120534328242357,0.0463284797443648,0.0996714244004927,0.535187943555306
0.371,0.121074658519684,0.168866836248935,37.1,0.121074658519684,0.046401636717193,0.0996101877995459,0.534167761930426
0.372,0.121597236513622,0.169272667249783,37.2,0.121597236513622,0.046472390153946,0.0995509630967646,0.533179903957591
0.373,0.122167137072033,0.169715248676262,37.3,0.122167137072033,0.046549550737788,0.0994863752427442,0.532101248797051
0.374,0.122644697721834,0.170081016774102,37.4,0.122644697721834,0.0466198901341767,0.0994322524364405,0.531139152620753
0.375,0.12319421254997,0.170468964253717,37.5,0.12319421254997,0.046737490697947,0.0993699749338518,0.529661844746776
0.376,0.123696670635881,0.170823690528716,37.6,0.123696670635881,0.046845020742904,0.0993130304563895,0.528309421959743
0.377,0.124186967708448,0.171169831349356,37.7,0.124186967708448,0.0469499482338408,0.0992574642084149,0.5269882360156
0.378,0.124709072014882,0.171538427498917,37.8,0.124709072014882,0.0470616827269598,0.0991982931894892,0.52557971297891
0.379,0.125267336441999,0.171932552036363,37.9,0.125267336441999,0.0471811557748199,0.0991350240791309,0.524071777728533
0.38,0.125793744757552,0.172304186738123,38,0.125793744757552,0.0472938113602799,0.0990753652791204,0.522648125222236
0.381,0.12637022934075,0.172711174374557,38.1,0.12637022934075,0.0474171836671183,0.0990100312457437,0.521087075011334
0.382,0.126900656160951,0.173085646067551,38.2,0.126900656160951,0.0475306992446795,0.0989499170213829,0.519648922652374
0.383,0.127442618676603,0.173468261751838,38.3,0.127442618676603,0.047646683553236,0.0988884954359347,0.51817768747322
0.384,0.127892102382852,0.17378558907776,38.4,0.127892102382852,0.0477428766576881,0.0988375546400795,0.516956112162574
0.385,0.128391339139741,0.174138041153027,38.5,0.128391339139741,0.047849717312496,0.0987809752416218,0.515597844671468
0.386,0.128892850600734,0.174492099128041,38.6,0.128892850600734,0.0479570447721578,0.0987241380468619,0.514231820900844
0.387,0.129447754464501,0.174883851168851,38.7,0.129447754464501,0.0480757986326096,0.0986612497951846,0.512718532023339
0.388,0.129939528446056,0.175231034660389,38.8,0.129939528446056,0.0481810421938707,0.0986055161664613,0.51137579248068
0.389,0.130461193348138,0.175599320598465,38.9,0.130461193348138,0.0482926826509474,0.0985463949460202,0.509949778706768
0.39,0.130977920038301,0.175964120248691,39,0.130977920038301,0.0484032662912197,0.0984878333820068,0.50853557613074
0.391,0.13149660090337,0.176330299510879,39.1,0.13149660090337,0.0485142681405342,0.0984290503478409,0.507114332922157
0.392,0.131983168290377,0.176673807241312,39.2,0.131983168290377,0.0486183974489612,0.0983739067918304,0.505779540179868
0.393,0.132503527031693,0.177041171053629,39.3,0.132503527031693,0.0487297583771996,0.0983149336009354,0.504350391213243
0.394,0.132976312979876,0.177374949338771,39.4,0.132976312979876,0.048830938347606,0.0982613519201431,0.503050412055282
0.395,0.133464780003349,0.177719798178017,39.5,0.133464780003349,0.0489354741934152,0.0982059930749195,0.501705826078423
0.396,0.13393754281831,0.178053560131524,39.6,0.13393754281831,0.0490366492131279,0.0981524140158568,0.500403024166009
0.397,0.134425806285868,0.178398265263995,39.7,0.134425806285868,0.0491411414963439,0.0980970782399908,0.499056012900589
0.398,0.134964568734031,0.178778621758806,39.8,0.134964568734031,0.0492564409648892,0.0980360193239395,0.497567921417416
0.399,0.135480729661603,0.179143021990928,39.9,0.135480729661603,0.0493669035274456,0.0979775218788167,0.496140516918718
0.4,0.135959355635345,0.179480923227954,40,0.135959355635345,0.0494693333099837,0.0979232783374371,0.494815388640118
0.401,0.136429180996874,0.179812611392735,40.1,0.136429180996874,0.0495698796911921,0.0978700321852485,0.493513197202529
0.402,0.136970198725582,0.180194560074614,40.2,0.136970198725582,0.0496856618077937,0.0978087176742016,0.492011929107431
0.403,0.137413786858574,0.180507725232987,40.3,0.137413786858574,0.0497805932124628,0.0977584450342541,0.490779613004075
0.404,0.137898161347889,0.180849684817512,40.4,0.137898161347889,0.0498842532232625,0.0977035500032784,0.489432541380649
0.405,0.138380166796463,0.181189971902337,40.5,0.138380166796463,0.0499874062404168,0.0976489234599454,0.488090554721567
0.406,0.13884711661408,0.181519629985388,40.6,0.13884711661408,0.0500873372322522,0.0975960031983137,0.486789052923864
0.407,0.139309746298578,0.181846238132987,40.7,0.139309746298578,0.0501863436810841,0.0975435725451289,0.485498199711055
0.408,0.139791172432018,0.182186116231859,40.8,0.139791172432018,0.0502893727201702,0.0974890116566207,0.484153425441411
0.409,0.140276495934909,0.182528745802718,40.9,0.140276495934909,0.0503932358274571,0.0974340090722315,0.482796240170116
0.41,0.140717875873128,0.182840352015721,41,0.140717875873128,0.0504876946608025,0.0973839866909644,0.481560609948957
0.411,0.141161395048771,0.183153468491459,41.1,0.141161395048771,0.0505826113080483,0.097333721866077,0.480317711700723
0.412,0.141551420644968,0.183428819472511,41.2,0.141551420644968,0.0506660799018863,0.0972895195646412,0.479223660178292
0.413,0.141993196680283,0.183740705322864,41.3,0.141993196680283,0.0507606235031745,0.0972394522929785,0.477983243362635
0.414,0.142439081584735,0.184055491960137,41.4,0.142439081584735,0.0508560464352872,0.0971889193557957,0.476729993785506
0.415,0.14288697342745,0.184371695459342,41.5,0.14288697342745,0.0509518988682232,0.0971381589686943,0.475469790562492
0.416,0.143296388650876,0.184660735164754,41.6,0.143296388650876,0.0510395169972089,0.0970917592059741,0.474316693665714
0.417,0.143728226259599,0.184965604666594,41.7,0.143728226259599,0.0511319336957988,0.0970428182740499,0.473099250359757
0.418,0.144178164062231,0.185283252576308,41.8,0.144178164062231,0.051228223980505,0.096991826014636,0.471829471766263
0.419,0.144614022072693,0.185590960408692,41.9,0.144614022072693,0.0513215010771906,0.0969424294433607,0.470598154266646
0.42,0.145063777800957,0.185908479777213,42,0.145063777800957,0.0514177523965261,0.096891457818762,0.469326258949428
0.421,0.145511413588566,0.186224502506167,42.1,0.145511413588566,0.0515135500316242,0.0968407264508457,0.468059029299297
0.422,0.145921536436931,0.186514041781923,42.2,0.145921536436931,0.0516013195980006,0.09679424649172,0.466896830459704
0.423,0.14634947565056,0.186816159087691,42.3,0.14634947565056,0.0516929020088931,0.0967457473719147,0.4656829533791
0.424,0.146787179883389,0.187125170319506,42.4,0.146787179883389,0.0517865742119159,0.0966961415649422,0.464440117529039
0.425,0.14724226058259,0.187446449020711,42.5,0.14724226058259,0.0518839651175783,0.0966445664518216,0.463146589379724
0.426,0.147652660013011,0.187736183558371,42.6,0.147652660013011,0.0519717938747244,0.0965980551471547,0.461978879434456
0.427,0.148111259047414,0.188059946140272,42.7,0.148111259047414,0.0520699377322316,0.0965460812947856,0.46067269604402
0.428,0.148529354664757,0.188355114045999,42.8,0.148529354664757,0.0521594135348693,0.0964986977674298,0.459480648530843
0.429,0.148913192343402,0.188626096469743,42.9,0.148913192343402,0.0522415578649105,0.0964551967538057,0.458385243894604
0.43,0.149291657243647,0.188893285809603,43,0.149291657243647,0.0523225523774461,0.0964123046468088,0.45730420438427
0.431,0.149780044592085,0.189238078399723,43.1,0.149780044592085,0.0524270711721607,0.0963569548313002,0.455907762299577
0.432,0.150194474336499,0.189530658265799,43.2,0.150194474336499,0.0525157624487032,0.0963099867639087,0.454721527711984
0.433,0.150569622575839,0.189795506103349,43.3,0.150569622575839,0.0525960471693067,0.0962674705400501,0.453646731608834
0.434,0.150999164536747,0.190098754919562,43.4,0.150999164536747,0.052687972580922,0.0962187897780166,0.452414931610793
0.435,0.151385900594793,0.190371783546476,43.5,0.151385900594793,0.0527707371873133,0.0961749602858484,0.451304819565616
0.436,0.151804265583154,0.190667141623245,43.6,0.151804265583154,0.0528602706375011,0.0961275462301913,0.450102777918417
0.437,0.152209696349005,0.190953368374038,43.7,0.152209696349005,0.0529470360607309,0.0960815980332055,0.448936766825708
0.438,0.152591365791258,0.191222820062303,43.8,0.152591365791258,0.0530287163708608,0.0960383427497066,0.447838073288464
0.439,0.153015198047652,0.191522037930919,43.9,0.153015198047652,0.0531194198600912,0.0959903090787422,0.446616847368242
0.44,0.153433436865864,0.191817306933855,44,0.153433436865864,0.0532089263088607,0.0959429093221748,0.445410539613866
0.441,0.153759415654231,0.192047442032819,44.1,0.153759415654231,0.053278688374097,0.09590596556052,0.44446950653475
0.442,0.154163447059803,0.192332680860693,44.2,0.154163447059803,0.0533651543230459,0.0958601759555484,0.443302145118198
0.443,0.154544178348878,0.192601470229869,44.3,0.154544178348878,0.0534466338608988,0.0958170269946343,0.44220108328041
0.444,0.154948290672433,0.192886766184368,44.4,0.154948290672433,0.0535331171269425,0.0957712282190823,0.441031318879169
0.445,0.155357701380741,0.193175802702189,44.5,0.155357701380741,0.0536207342896569,0.0957248289680686,0.439845076061265
0.446,0.155740499720438,0.193446051371529,44.6,0.155740499720438,0.0537026561928587,0.0956814457445944,0.438734900220791
0.447,0.156123431016027,0.193716393905311,44.7,0.156123431016027,0.0537846065496849,0.0956380474529901,0.437623331068923
0.448,0.156508236524449,0.193988059599285,44.8,0.156508236524449,0.0538669580030307,0.0955944367534787,0.436505304781029
0.449,0.156921063669044,0.194279508059021,44.9,0.156921063669044,0.053955306310407,0.0955476503116035,0.435304728745856
0.45,0.157331985594207,0.194569611468471,45,0.157331985594207,0.0540432468856024,0.0955010797916689,0.434108525228247
0.451,0.157702965173112,0.194831516307533,45.1,0.157702965173112,0.054122639479564,0.0954590360095857,0.433027592336789
0.452,0.158093069052533,0.195106922555118,45.2,0.158093069052533,0.0542061248266378,0.0954148248361714,0.431889908934901
0.453,0.158495177124975,0.195390803544764,45.3,0.158495177124975,0.0542921791669301,0.0953692532059983,0.430716112983935
0.454,0.158902288049366,0.195678216456946,45.4,0.158902288049366,0.05437930415751,0.0953231145936271,0.429526569821654
0.455,0.159270144626428,0.195937916513475,45.5,0.159270144626428,0.0544580284041266,0.0952814247469528,0.428450733721126
0.456,0.159634775113828,0.196195339009348,45.6,0.159634775113828,0.0545360622417778,0.0952401005188151,0.42738340316006
0.457,0.15998778239229,0.196444555730996,45.7,0.15998778239229,0.0546116086198493,0.0952000935698256,0.426349212778938
0.458,0.160357836866981,0.196705807463299,45.8,0.160357836866981,0.0546908032341181,0.0951581546314648,0.425264146347431
0.459,0.160736357743804,0.196973036321605,45.9,0.160736357743804,0.0547718097260892,0.095115256180542,0.424153264938648
0.46,0.161101592414636,0.197230885359997,46,0.161101592414636,0.0548499728638234,0.0950738634792105,0.423080425507087
0.461,0.161468613861467,0.197489995829765,46.1,0.161468613861467,0.0549285183858969,0.0950322682793455,0.422001396152773
0.462,0.161806030487837,0.197728205834443,46.2,0.161806030487837,0.0550007282398525,0.0949940282469637,0.421008570171773
0.463,0.162148714800254,0.197970134729713,46.3,0.162148714800254,0.0550740654207116,0.0949551912182597,0.41999942589636
0.464,0.162532617311091,0.198241162923806,46.4,0.162532617311091,0.05515622362536,0.0949116828570867,0.418867920523425
0.465,0.162905039443316,0.198504086179289,46.5,0.162905039443316,0.0552359249372583,0.0948694755878445,0.417769260397013
0.466,0.163246639709081,0.198745249757329,46.6,0.163246639709081,0.0553090301234721,0.0948307614160948,0.416760666079762
0.467,0.163606288504423,0.198999155269166,46.7,0.163606288504423,0.0553859978392196,0.0947900017720669,0.415697892142661
0.468,0.163954774315774,0.199245179917224,46.8,0.163954774315774,0.0554605765872041,0.0947505072490671,0.414667232952992
0.469,0.164282601088539,0.19947661965958,46.9,0.164282601088539,0.0555307341358672,0.094713354052021,0.413696888979699
0.47,0.164653899828086,0.199738749820253,47,0.164653899828086,0.055610195032757,0.094671274098889,0.412596951270886
0.471,0.164950414526671,0.199948083807427,47.1,0.164950414526671,0.0556736515473664,0.0946376695554568,0.411717851793232
0.472,0.165315648120781,0.200205932085673,47.2,0.165315648120781,0.0557518144546733,0.0945962769761524,0.410634157740391
0.473,0.165717174349375,0.20048940230414,47.3,0.165717174349375,0.0558377442757323,0.0945507712873878,0.409441683918018
0.474,0.166075984443905,0.200742715708449,47.4,0.166075984443905,0.0559145325028057,0.0945101066948294,0.408375099148368
0.475,0.166411381257185,0.200979499761801,47.5,0.166411381257185,0.0559863101006225,0.0944720955714934,0.407377281493096
0.476,0.166736100515436,0.201208745655398,47.6,0.166736100515436,0.0560558026163512,0.0944352945546493,0.406410464639235
0.477,0.167056466918018,0.201434918512019,47.7,0.167056466918018,0.0561243635861879,0.0943989868547573,0.405455869218797
0.478,0.167418901546269,0.201690790771248,47.8,0.167418901546269,0.0562019274924377,0.0943579114872815,0.404375037486781
0.479,0.167745913133612,0.201921655007515,47.9,0.167745913133612,0.0562719105849066,0.0943208506766636,0.403399034453057
0.48,0.168071650969757,0.202151619998589,48,0.168071650969757,0.0563416210844437,0.0942839342225571,0.402426070262942
0.481,0.168380845571651,0.202369905767004,48.1,0.168380845571651,0.0564077911996725,0.0942488926429055,0.401501814844733
0.482,0.168740635130311,0.202623910655184,48.2,0.168740635130311,0.0564847890398957,0.0942081170459179,0.400425453654227
0.483,0.169080695922622,0.202863987392951,48.3,0.169080695922622,0.0565575647664889,0.0941695773454602,0.399407256984833
0.484,0.169395223421147,0.203086038089446,48.4,0.169395223421147,0.0566248761642063,0.0941339313790537,0.398464768923841
0.485,0.169744638716049,0.203332718935996,48.5,0.169744638716049,0.056699653829096,0.0940943315160134,0.397416901575558
0.486,0.170110539878965,0.203591038505684,48.6,0.170110539878965,0.056777959601461,0.0940528632799369,0.396318648668161
0.487,0.170445025489585,0.203827179266522,48.7,0.170445025489585,0.0568495421946281,0.0940149554248352,0.395313841954866
0.488,0.170769251230653,0.204056076745959,48.8,0.170769251230653,0.0569189290937366,0.09397821033918,0.394339082556386
0.489,0.171101072417711,0.204290336472195,48.9,0.171101072417711,0.056989941478974,0.0939406044479867,0.393340698477959
0.49,0.171434500185989,0.204525730415569,49,0.171434500185989,0.0570612976854276,0.0939028164800578,0.3923366750395
0.491,0.171756308839157,0.204752921474886,49.1,0.171756308839157,0.0571301673084135,0.0938663453273162,0.391366872661357
0.492,0.17205639993061,0.204964780330414,49.2,0.17205639993061,0.0571943891996708,0.0938323354648559,0.390461839020383
0.493,0.172385955993824,0.205197440920392,49.3,0.172385955993824,0.0572649168303069,0.0937949862842168,0.389467186905031
0.494,0.172717080420308,0.205431208746328,49.4,0.172717080420308,0.0573357801032148,0.0937574593581511,0.388467003097923
0.495,0.173064178724373,0.205676253839465,49.5,0.173064178724373,0.0574100619135531,0.0937181220838444,0.387417709221793
0.496,0.173406921373986,0.205918223919735,49.6,0.173406921373986,0.0574834115790383,0.0936792784436812,0.386380717977065
0.497,0.173762524798235,0.206169273473117,49.7,0.173762524798235,0.05755951355305,0.093638977268826,0.385303906216279
0.498,0.17407952226095,0.206393067919432,49.8,0.17407952226095,0.057627353542838,0.093603051376941,0.384343216432425
0.499,0.174412308175392,0.206628008725665,49.9,0.174412308175392,0.0576985723874428,0.0935653361514603,0.38333388452704
0.5,0.174704136405564,0.206834034151329,50,0.174704136405564,0.0577610259603684,0.0935322627339119,0.382448106439042
0.501,0.175017445806145,0.207055224892819,50.1,0.175017445806145,0.0578280766753923,0.0934967548167336,0.38149642959541
0.502,0.175340756477128,0.20728347634941,50.2,0.175340756477128,0.0578972677421914,0.0934601134376148,0.380513615780724
0.503,0.175643199749723,0.207496995802066,50.3,0.175643199749723,0.0579619930190071,0.0934258369982405,0.379593537705221
0.504,0.175957028763598,0.207718553381096,50.4,0.175957028763598,0.0580291549354277,0.093390270192354,0.378638108489179
0.505,0.176250209629938,0.207925533743307,50.5,0.176250209629938,0.0580918979833001,0.0933570434781189,0.37774488331011
0.506,0.176560273221334,0.208144433002515,50.6,0.176560273221334,0.0581582540692244,0.0933219034143261,0.376799529998696
0.507,0.176882888049617,0.208372193206808,50.7,0.176882888049617,0.0582272962201268,0.0932853408963106,0.375815153156291
0.508,0.177180893138533,0.208582579382463,50.8,0.177180893138533,0.0582910716901757,0.093251567444265,0.374905180816233
0.509,0.177513273484676,0.20881723386485,50.9,0.177513273484676,0.0583622037399233,0.0932138981825682,0.373889464148196
0.51,0.177818427516885,0.209032667064517,51,0.177818427516885,0.0584275091409554,0.0931793145279373,0.372956224920097
0.511,0.178114274444077,0.209241529617226,51.1,0.178114274444077,0.0584908227471516,0.0931457856642366,0.372050787590177
0.512,0.178414407420133,0.209453418042522,51.2,0.178414407420133,0.0585550536020489,0.0931117710549191,0.371131566517921
0.513,0.178721459118807,0.209670190960217,51.3,0.178721459118807,0.0586207651188675,0.0930769723343388,0.370190460124791
0.514,0.179064786958172,0.209912574173816,51.4,0.179064786958172,0.0586942400196333,0.0930380623735697,0.369137334524852
0.515,0.179382624177089,0.210136961472744,51.5,0.179382624177089,0.0587622597239589,0.0930020413106059,0.36816161348861
0.516,0.179704477426004,0.210364184015848,51.6,0.179704477426004,0.0588311388907907,0.0929655651037481,0.367172793225792
0.517,0.18003425376174,0.210597000114222,51.7,0.18003425376174,0.0589017136615069,0.0929281909592284,0.366158825933138
0.518,0.180325775844515,0.21080280940539,51.8,0.180325775844515,0.0589641017164422,0.0928951522379144,0.365261800040665
0.519,0.180643743583605,0.211027288849188,51.9,0.180643743583605,0.059032149353127,0.0928591163828649,0.364282671937852
0.52,0.18094212275462,0.211237939120005,52,0.18094212275462,0.0590960048797334,0.092825300535423,0.363363172121572
0.521,0.181252360640532,0.211456961427973,52.1,0.181252360640532,0.0591623982660767,0.0927901407185196,0.36240641723406
0.522,0.181563942839089,0.211676932796231,52.2,0.181563942839089,0.0592290793460674,0.0927548285482493,0.361444786507718
0.523,0.181875934721475,0.211901480073871,52.3,0.181875934721475,0.0592910756044751,0.0927194699477747,0.360532629901018
0.524,0.182129202836798,0.212099692516834,52.4,0.182129202836798,0.0593236675046169,0.0926907666173092,0.359982987846616
0.525,0.182411577931295,0.21232068463517,52.5,0.182411577931295,0.0593600050470298,0.0926587645406079,0.359369776390499
0.526,0.182687047524286,0.21253627237672,52.6,0.182687047524286,0.0593954539524517,0.0926275450767971,0.358771152757992
0.527,0.18296599890706,0.212754585033159,52.7,0.18296599890706,0.0594313509132686,0.0925959310154955,0.35816455149284
0.528,0.183233549647617,0.212963975330216,52.8,0.183233549647617,0.0594657807782668,0.0925656090094558,0.357582352510723
0.529,0.183504604334046,0.21317610788194,52.9,0.183504604334046,0.0595006615498226,0.0925348898949361,0.356992139749888
0.53,0.183779115143912,0.213390945261584,53,0.183779115143912,0.0595359870738883,0.092503779091739,0.356394001861864
0.531,0.1840457585494,0.213599625460962,53.1,0.1840457585494,0.0595703001781419,0.0924735599156126,0.355812621115666
0.532,0.184331575279481,0.21382331106875,53.2,0.184331575279481,0.0596070806086887,0.0924411677921683,0.355189013376585
0.533,0.184611719875005,0.214042557556177,53.3,0.184611719875005,0.0596431311185243,0.0924094185019223,0.354577357098253
0.534,0.184877344653831,0.214250440558961,53.4,0.184877344653831,0.0596773131404319,0.0923793147685853,0.353997014483962
0.535,0.185139710107179,0.214455772751649,53.5,0.185139710107179,0.059711075734848,0.0923495804204595,0.353423421492672
0.536,0.185409900197613,0.214667228654107,53.6,0.185409900197613,0.0597458452455515,0.0923189592921571,0.35283233581006
0.537,0.185683412478833,0.214881284566246,53.7,0.185683412478833,0.0597810422735924,0.0922879616540051,0.352233582775224
0.538,0.185936081373946,0.215079028048079,53.8,0.185936081373946,0.0598135570628615,0.0922593262342425,0.351680101033933
0.539,0.186214013428558,0.215296542958916,53.9,0.186214013428558,0.0598493228510605,0.0922278276952326,0.351070882328131
0.54,0.186486445591487,0.215509753549942,54,0.186486445591487,0.0598843808836835,0.0921969524688268,0.350473315222308
0.541,0.186755604263335,0.215720402244602,54.1,0.186755604263335,0.0599190176659089,0.0921664482330455,0.349882535188923
0.542,0.187021522303892,0.215928514759592,54.2,0.187021522303892,0.0599532374263111,0.0921363112638297,0.349298483910033
0.543,0.187281008252235,0.21613159339691,54.3,0.187281008252235,0.0599866294705703,0.0921069032551788,0.34872819136716
0.544,0.18753520167176,0.216330530000537,54.4,0.18753520167176,0.0600193404438212,0.092078095058326,0.348169177416165
0.545,0.187791622374755,0.216531209718559,54.5,0.187791622374755,0.0600523380358616,0.0920490344394366,0.347604910778582
0.546,0.188032179290117,0.216719474134729,54.6,0.188032179290117,0.0600832941905819,0.0920217716920964,0.347075229200979
0.547,0.188297264340315,0.216926934735625,54.7,0.188297264340315,0.0601174067573146,0.0919917291271742,0.346491175590307
0.548,0.188533877586716,0.217112112761476,54.8,0.188533877586716,0.0601478554195519,0.0919649133229216,0.345969530701873
0.549,0.188803253816028,0.217322931720745,54.9,0.188803253816028,0.0601825201982382,0.091934384430962,0.345375285093335
0.55,0.189063161417945,0.217526340352167,55,0.189063161417945,0.0602159665031429,0.0919049286355541,0.344801553114444
0.551,0.189340791101512,0.217743618621675,55.1,0.189340791101512,0.0602516933806128,0.0918734643647979,0.344188294224173
0.552,0.189613097389844,0.217956730700848,55.2,0.189613097389844,0.0602867352150172,0.0918426034039863,0.343586386049674
0.553,0.189876007599286,0.218162489230014,55.3,0.189876007599286,0.0603205679115703,0.0918128073176739,0.343004863113922
0.554,0.19011110435566,0.218346480421934,55.4,0.19011110435566,0.0603508214237332,0.0917861633799602,0.342484540138109
0.555,0.190353557052541,0.218536228512769,55.5,0.190353557052541,0.0603820215377925,0.0917586857802949,0.341947620279022
0.556,0.19059101974726,0.218722071333026,55.6,0.19059101974726,0.0604125795115976,0.0917317737065384,0.341421439152969
0.557,0.190823542266391,0.218904047877931,55.7,0.190823542266391,0.0604425017570977,0.0917054215117555,0.340905905444755
0.558,0.1910775426316,0.219102833393579,55.8,0.1910775426316,0.0604751878870838,0.0916766351940952,0.34034241375627
0.559,0.191328525985296,0.219299257738648,55.9,0.191328525985296,0.060507485771839,0.0916481907997692,0.339785267512435
0.56,0.191554382162356,0.219476017077487,56,0.191554382162356,0.0605365501566693,0.0916225941135083,0.339283604198409
0.561,0.191792484409697,0.219662360423787,56.1,0.191792484409697,0.0605671904315378,0.0915956095581042,0.338754436771157
0.562,0.192035699761635,0.219852705382972,56.2,0.192035699761635,0.0605984886881421,0.0915680455253715,0.338213583783967
0.563,0.192282969918397,0.220046223709514,56.3,0.192282969918397,0.0606303087387902,0.0915400219543241,0.337663379969004
0.564,0.192537216171845,0.220245201661973,56.4,0.192537216171845,0.0606630265109948,0.0915112077697079,0.3370973021834
0.565,0.192777616785646,0.220433343753569,56.5,0.192777616785646,0.0606939625519918,0.0914839627363043,0.336561723643984
0.566,0.19303481685231,0.220634633416418,56.6,0.19303481685231,0.0607270604367313,0.0914548137907303,0.335988364967985
0.567,0.193270406559872,0.220819010401311,56.7,0.193270406559872,0.0607573773844984,0.0914281139859728,0.335462859992716
0.568,0.193528547484429,0.221021036397438,56.8,0.193528547484429,0.0607905963438799,0.0913988584112837,0.334886699893673
0.569,0.193808959037884,0.221240491811218,56.9,0.193808959037884,0.0608266812072943,0.0913670788662159,0.334260414559607
0.57,0.194060074868034,0.22143701983488,57,0.194060074868034,0.0608589961398293,0.0913386194580953,0.333699189883745
0.571,0.194312120824964,0.221634275793445,57.1,0.194312120824964,0.0608914307660713,0.091310054637036,0.333135534655859
0.572,0.194541078018453,0.221813462046707,57.2,0.194541078018453,0.0609208942063365,0.0912841065070127,0.332623207505938
0.573,0.194792160695318,0.222009964123978,57.3,0.194792160695318,0.0609532048725287,0.0912556508562135,0.332061036213864
0.574,0.195002218534224,0.22217435938297,57.4,0.195002218534224,0.060980236242431,0.0912318446239948,0.331590449653227
0.575,0.195234368960305,0.222356044720778,57.5,0.195234368960305,0.0610101106050015,0.0912055345991857,0.33107008392508
0.576,0.195484578821857,0.222551863716188,57.6,0.195484578821857,0.0610423089526361,0.0911771778661138,0.330508901665374
0.577,0.195709288180671,0.222727725533261,57.7,0.195709288180671,0.0610712257587404,0.0911517111508248,0.330004615517437
0.578,0.195948211098331,0.222914711151758,57.8,0.195948211098331,0.0611019716418693,0.0911246335873793,0.32946812254363
0.579,0.196182476169831,0.223098051451281,57.9,0.196182476169831,0.0611321181283595,0.0910980839060063,0.328941778935386
0.58,0.196421448471554,0.223285075718685,58,0.196421448471554,0.0611628703664942,0.0910710007457763,0.328404542986965
0.581,0.196685481367299,0.2234917128835,58.1,0.196685481367299,0.061196847536345,0.0910410774234084,0.32781059639997
0.582,0.19694284564246,0.223693131059041,58.2,0.19694284564246,0.0612299665523153,0.0910119098677904,0.327231275101668
0.583,0.197187176787871,0.223884349259414,58.3,0.197187176787871,0.0612614083952119,0.090984219380179,0.326680947393414
0.584,0.197436038562465,0.224079113216336,58.4,0.197436038562465,0.0612934332637833,0.0909560154282236,0.326120070506475
0.585,0.197673852783377,0.224265231147677,58.5,0.197673852783377,0.0613240364738644,0.0909290635153722,0.325583767136267
0.586,0.197918020386895,0.224456321357055,58.6,0.197918020386895,0.0613554572713123,0.0909013915622573,0.325032805143685
0.587,0.198141287953989,0.224631054800511,58.7,0.198141287953989,0.0613841885399226,0.0908760882478139,0.324528710208879
0.588,0.19837998549643,0.224817864036078,58.8,0.19837998549643,0.0614149054205566,0.0908490362265468,0.323989466796229
0.589,0.198606962446803,0.224995500513422,58.9,0.198606962446803,0.0614441140325126,0.090823312521033,0.323476403502864
0.59,0.198842049857838,0.225179484391503,59,0.198842049857838,0.0614743663420659,0.0907966696424434,0.322944700679534
0.591,0.199070875756326,0.2253585678908,59.1,0.199070875756326,0.0615038128865866,0.0907707363923184,0.322426859899404
0.592,0.199305948937979,0.225542540632696,59.2,0.199305948937979,0.0615340633650269,0.09074409512637,0.321894573092225
0.593,0.199524173320301,0.225713327183854,59.3,0.199524173320301,0.0615621456495571,0.0907193633651161,0.32140015795978
0.594,0.199759253277291,0.225897305228257,59.4,0.199759253277291,0.0615923969998846,0.0906927213313067,0.320867252677496
0.595,0.199982873457027,0.226072314633072,59.5,0.199982873457027,0.0616211736445815,0.0906673780546391,0.320360035034358
0.596,0.20020478790601,0.226245989100565,59.6,0.20020478790601,0.0616497307866919,0.0906422280915018,0.319856405951787
0.597,0.20043809392883,0.226428578830355,59.7,0.20043809392883,0.0616797538576512,0.0906157871008385,0.319326622534182
0.598,0.200645294867017,0.226590738224521,59.8,0.200645294867017,0.061706417586238,0.0905923046463103,0.318855858373936
0.599,0.200891605206201,0.226783505379575,59.9,0.200891605206201,0.0617381141224102,0.0905643898531132,0.318295919372466
0.6,0.201120521923694,0.226962659955554,60,0.201120521923694,0.0617675723540058,0.0905384463103072,0.317775211844187
0.601,0.201341689049275,0.227135749553543,60.1,0.201341689049275,0.0617960333265297,0.0905133810426736,0.31727184848619
0.602,0.201581714530176,0.227323598058997,60.2,0.201581714530176,0.0618269210934138,0.0904861785237554,0.31672524907014
0.603,0.20180713654976,0.22750001761794,60.3,0.20180713654976,0.0618559296085299,0.0904606310413412,0.316211606126633
0.604,0.202033399965937,0.227677095669855,60.4,0.202033399965937,0.0618850463990758,0.0904349882019396,0.31569575416002
0.605,0.202258798739131,0.227853497035731,60.5,0.202258798739131,0.0619140519227222,0.0904094433540805,0.315181582522953
0.606,0.20249681662294,0.228039774357528,60.6,0.20249681662294,0.0619446813412373,0.0903824683597472,0.314638309116759
0.607,0.202728840308404,0.228221360505719,60.7,0.202728840308404,0.0619745393941451,0.0903561726986799,0.314108405179821
0.608,0.202973319187147,0.228412694325007,60.8,0.202973319187147,0.0620060002481596,0.0903284654681845,0.313549721820533
0.609,0.20319680850875,0.228587601317759,60.9,0.20319680850875,0.0620347600533293,0.0903031370219042,0.313038703868261
0.61,0.203427736788232,0.2287683301804,61,0.203427736788232,0.0620644771435166,0.0902769655051646,0.312510375196805
0.611,0.203649495494512,0.228941882760693,61.1,0.203649495494512,0.0620930142438194,0.0902518331926276,0.312002736705723
0.612,0.203885219707769,0.2291263650123,61.2,0.203885219707769,0.0621233485005017,0.0902251181440982,0.311462819020256
0.613,0.204097048063037,0.229292145911065,61.3,0.204097048063037,0.0621506077099486,0.0902011112560796,0.310977361093657
0.614,0.204305655209666,0.229455405830697,61.4,0.204305655209666,0.0621774523969834,0.0901774694334226,0.310499032766843
0.615,0.204518394570008,0.229621899699355,61.5,0.204518394570008,0.0622048288394526,0.0901533592995627,0.310010971052586
0.616,0.204734405898956,0.22979095427286,61.6,0.204734405898956,0.0622326263364006,0.090128878347623,0.309515135688561
0.617,0.204944765244107,0.229955585496374,61.7,0.204944765244107,0.0622596965057429,0.0901050379451599,0.309032015017455
0.618,0.205170449086257,0.230132209962636,61.8,0.205170449086257,0.0622887387135918,0.0900794607899239,0.308513415074092
0.619,0.205398454347108,0.230310651215314,61.9,0.205398454347108,0.0623180796540573,0.0900536205441366,0.307989181584161
0.62,0.205633536080956,0.23049463065032,62,0.205633536080956,0.0623483312330404,0.0900269783089526,0.307448362655528
0.621,0.205896257154461,0.230700241158105,62.1,0.205896257154461,0.0623821395905666,0.0899972036577557,0.306843578965015
0.622,0.20611585359982,0.230872101511885,62.2,0.20611585359982,0.0624103984395319,0.089972316398133,0.306337761013487
0.623,0.206340911724545,0.231048236279791,62.3,0.206340911724545,0.0624393601267059,0.0899468101565768,0.305819072204859
0.624,0.206561156885083,0.231220604330406,62.4,0.206561156885083,0.062467702455821,0.0899218493768976,0.305311190898728
0.625,0.206794624951772,0.23140332087881,62.5,0.206794624951772,0.0624977463794542,0.0898953900215115,0.304772509863979
0.626,0.207025576712847,0.231584068118591,62.6,0.207025576712847,0.0625274664913801,0.0898692158435608,0.304239322614939
0.627,0.207243954602302,0.231754974807351,62.7,0.207243954602302,0.0625555685300312,0.0898444666850677,0.303734878305778
0.628,0.20747076096542,0.231932477779866,62.8,0.20747076096542,0.0625847551899033,0.089818762312514,0.303210670258995
0.629,0.207698964957981,0.23211107456376,62.9,0.207698964957981,0.0626141217042309,0.0897928995441049,0.302682929027414
0.63,0.207912450425108,0.232278152349775,63,0.207912450425108,0.062641594159725,0.0897687048526227,0.30218895034114
0.631,0.208130470468823,0.232448778981654,63.1,0.208130470468823,0.0626696501488665,0.0897439962494301,0.301684204315066
0.632,0.208338516889199,0.232611600066258,63.2,0.208338516889199,0.0626964226786383,0.0897204179748866,0.301202289358622
0.633,0.208560187950526,0.232785084053943,63.3,0.208560187950526,0.0627249485003196,0.0896952955953097,0.30068853573632
0.634,0.20877192419838,0.232950792867694,63.4,0.20877192419838,0.0627521958568906,0.0896712991459898,0.300197538626862
0.635,0.208977593788412,0.233111753799675,63.5,0.208977593788412,0.0627786625233795,0.0896479902418989,0.299720357879941
0.636,0.209192992031711,0.233280328560694,63.6,0.209192992031711,0.0628063811251755,0.0896235787720571,0.299220339271285
0.637,0.209439631758603,0.233473353500832,63.7,0.209439631758603,0.062838120048725,0.0895956266487593,0.298647463061243
0.638,0.209651014024767,0.233638785281782,63.8,0.209651014024767,0.062865321853032,0.0895716703168203,0.298156195695876
0.639,0.20986306961907,0.233804744022136,63.9,0.20986306961907,0.0628926103048182,0.0895476376753939,0.297663099357226
0.64,0.210081683198324,0.233975835166213,64,0.210081683198324,0.062920742673299,0.0895228618057524,0.297154476475238
0.641,0.210308240037388,0.234153142856459,64.1,0.210308240037388,0.0629498972230764,0.089497185712208,0.296627075788712
0.642,0.210522166955644,0.234320566130523,64.2,0.210522166955644,0.0629774264868693,0.0894729409902764,0.296128798384827
0.643,0.210707576613016,0.23446567125396,64.3,0.210707576613016,0.063001285996507,0.0894519281807474,0.295696724734586
0.644,0.210919224354597,0.234631310801019,64.4,0.210919224354597,0.0630285219636158,0.0894279417620025,0.295203258380299
0.645,0.211130053966969,0.234796310064601,64.5,0.211130053966969,0.063055652649469,0.0894040480633106,0.294711436278403
0.646,0.211324941492189,0.234948832747639,64.6,0.211324941492189,0.0630807318219995,0.089381961109993,0.294256569909306
0.647,0.211539231150197,0.235116539908729,64.7,0.211539231150197,0.0631083077650921,0.0893576752781136,0.293756159516503
0.648,0.211761254937776,0.235290299946687,64.8,0.211761254937776,0.0631368789774789,0.0893325129234369,0.293237401352509
0.649,0.211985930588226,0.235466135382954,64.9,0.211985930588226,0.0631657914458094,0.0893070500283772,0.292712149536476
0.65,0.212196914996823,0.235631255793005,65,0.212196914996823,0.0631929420516718,0.0892831387863511,0.292218632648114
0.651,0.212412020198137,0.235799601213794,65.1,0.212412020198137,0.063220622943253,0.0892587605274838,0.291715204539652
0.652,0.212612199617834,0.235956265434075,65.2,0.212612199617834,0.0632463831051623,0.0892360738342591,0.291246461351138
0.653,0.212830557405189,0.236127156390549,65.3,0.212830557405189,0.0632744825569677,0.0892113269539732,0.290734879556125
0.654,0.213020107853197,0.236275502175476,65.4,0.213020107853197,0.0632988749257633,0.0891898448612032,0.290290559152013
0.655,0.213238897737745,0.236446731299428,65.5,0.213238897737745,0.0633270299821557,0.0891650490105661,0.289777433143659
0.656,0.213447098335003,0.236609673045792,65.6,0.213447098335003,0.0633538223522354,0.0891414532628796,0.289288877023309
0.657,0.21366759598955,0.236782238703019,65.7,0.21366759598955,0.0633821971736353,0.0891164638676009,0.288771182979148
0.658,0.213894051897742,0.236959467402846,65.8,0.213894051897742,0.0634113387350856,0.0890907992127334,0.288239197589076
0.659,0.214120229215222,0.237136478072284,65.9,0.214120229215222,0.0634404444459887,0.0890651661310519,0.287707560634407
0.66,0.214312745336808,0.237287144849745,66,0.214312745336808,0.0634652184535751,0.0890433479331679,0.287254804241982
0.661,0.214533071621478,0.237459576389649,66.1,0.214533071621478,0.0634935712221779,0.0890183779595452,0.286736371999129
0.662,0.214743695294974,0.237624414481551,66.2,0.214743695294974,0.0635206754067113,0.0889945076002758,0.286240498211214
0.663,0.214937320052218,0.237775948898359,66.3,0.214937320052218,0.0635455920794828,0.0889725637587213,0.285784410441315
0.664,0.215126878944496,0.237924301291932,66.4,0.215126878944496,0.0635699855349329,0.0889510807089471,0.285337681922748
0.665,0.215347836435803,0.238097226826151,66.5,0.215347836435803,0.0635984195305946,0.0889260391995422,0.284816684707104
0.666,0.215553890571385,0.238258488710792,66.6,0.215553890571385,0.0636249356824679,0.0889026867142133,0.284330563743291
0.667,0.215743222483284,0.238406663465205,66.7,0.215743222483284,0.0636492999288639,0.088881229388533,0.283883668500702
0.668,0.215957630947577,0.238574463606352,66.8,0.215957630947577,0.0636768911605874,0.088856930092124,0.28337732246017
0.669,0.216159319649209,0.238732309019375,66.9,0.216159319649209,0.0637028455449943,0.0888340723492664,0.282900762507706
0.67,0.216369401191531,0.238896722829113,67,0.216369401191531,0.0637298799651775,0.088810263430697,0.282404110703837
0.671,0.216574719062043,0.239057408498709,67.1,0.216574719062043,0.0637563013705121,0.088786994387611,0.281918463281054
0.672,0.216787024439381,0.239223562724016,67.2,0.216787024439381,0.0637836219657193,0.0887629334378244,0.281416020231038
0.673,0.216990692440374,0.239382957174355,67.3,0.216990692440374,0.0638098310569896,0.0887398513774147,0.280933762379166
0.674,0.217203873954363,0.239549797080865,67.4,0.217203873954363,0.0638372643981625,0.0887156911334877,0.280428709030642
0.675,0.217398195537613,0.239701876846955,67.5,0.217398195537613,0.0638622707422444,0.0886936683193901,0.279968097471475
0.676,0.217607137035974,0.239865398436611,67.6,0.217607137035974,0.0638891584554531,0.0886699886040507,0.279472576220288
0.677,0.217801212841777,0.240017285852597,67.7,0.217801212841777,0.0639141331715749,0.0886479936443527,0.279012072986194
0.678,0.218013594438017,0.240183499728266,67.8,0.218013594438017,0.0639414635750395,0.0886239240565411,0.278507871821998
0.679,0.218202973057146,0.240331711036645,67.9,0.218202973057146,0.0639658338319729,0.0886024614374467,0.278058049469283
0.68,0.21839416903416,0.240481344643862,68,0.21839416903416,0.0639904379562709,0.0885807928539185,0.277603689303169
0.681,0.218607859048811,0.240648582512658,68.1,0.218607859048811,0.0640179367340391,0.0885565749806979,0.277095610935804
0.682,0.218821901196665,0.240816095967596,68.2,0.218821901196665,0.0640454808261957,0.088532317199589,0.276586416666241
0.683,0.219016380963706,0.24096829953133,68.3,0.219016380963706,0.0640705075262151,0.0885102764582383,0.276123518194574
0.684,0.219207635465835,0.241117978941414,68.4,0.219207635465835,0.0640951191818402,0.0884886012419537,0.275668071567937
0.685,0.219427795248966,0.241290280174046,68.5,0.219427795248966,0.0641234505241333,0.0884636501382494,0.275143514608291
0.686,0.219621184384595,0.241441630188899,68.6,0.219621184384595,0.0641483368758497,0.0884417330001157,0.274682497732539
0.687,0.219838319127815,0.241611563967775,68.7,0.219838319127815,0.0641762789397747,0.0884171247296186,0.274164601755292
0.688,0.220044765000054,0.241773132432972,68.8,0.220044765000054,0.0642028455024238,0.0883937278480705,0.273671932778144
0.689,0.220274636635721,0.241953034346072,68.9,0.220274636635721,0.0642324266180141,0.0883676760826726,0.273123052846594
0.69,0.220496205505105,0.242126438356399,69,0.220496205505105,0.0642609392890878,0.0883425652846921,0.272593691591352
0.691,0.220697544771588,0.24228401029483,69.1,0.220697544771588,0.0642868487063045,0.0883197471439476,0.272112400848172
0.692,0.220899269206339,0.242441883673271,69.2,0.220899269206339,0.0643128076890415,0.0882968853513914,0.271629939911261
0.693,0.221107335899046,0.242604720623387,69.3,0.221107335899046,0.0643395828275651,0.0882733047793483,0.271132048489732
0.694,0.221315718996188,0.24276780519763,69.4,0.221315718996188,0.0643663986827097,0.088249688348622,0.270633133247606
0.695,0.22152322574507,0.242930203925061,69.5,0.22152322574507,0.0643931017646574,0.0882261712360183,0.270136050759857
0.696,0.221718077259065,0.243082698425029,69.6,0.221718077259065,0.064418176303071,0.0882040883639176,0.269669042581215
0.697,0.221919789165346,0.243240561998451,69.7,0.221919789165346,0.0644441336735772,0.0881812279912354,0.26918534543449
0.698,0.222118336848162,0.243395949190422,69.8,0.222118336848162,0.0644696838548278,0.0881587262256824,0.268708990987594
0.699,0.222296867848856,0.243535670946345,69.9,0.222296867848856,0.0644926581820121,0.0881384929866713,0.268280452766932
0.7,0.222502592910309,0.243696675291315,70,0.222502592910309,0.0645191319868611,0.0881151777959045,0.267786395026035
0.701,0.222677414875288,0.24383349428536,70.1,0.222677414875288,0.0645416290154264,0.0880953649085735,0.267366346885463
0.702,0.222882693004307,0.243994148852509,70.2,0.222882693004307,0.0645680453066109,0.0880721003694623,0.26687287988196
0.703,0.223072206997025,0.244142466106832,70.3,0.223072206997025,0.0645924329841452,0.0880506224082358,0.266417076705371
0.704,0.223273541710041,0.244300034481632,70.4,0.223273541710041,0.0646183418153986,0.0880278047835439,0.265932599656529
0.705,0.223475178577207,0.244457839328016,70.5,0.223475178577207,0.0646442895294686,0.0880049529151794,0.26544714373322
0.706,0.223688993817025,0.244625175200411,70.6,0.223688993817025,0.0646718044218808,0.0879807208499658,0.264932091973125
0.707,0.223884959102069,0.24477854135878,70.7,0.223884959102069,0.0646970222863299,0.0879585117521913,0.26445978908098
0.708,0.224071708210046,0.24492469476173,70.8,0.224071708210046,0.0647210541636591,0.0879373471403192,0.264009476424328
0.709,0.224272270777708,0.245081658840895,70.9,0.224272270777708,0.0647468636311034,0.0879146170242473,0.263525613570655
0.71,0.224451392998316,0.245221843296765,71,0.224451392998316,0.0647699140396387,0.0878943167812212,0.263093264598002
0.711,0.224660909946413,0.245385815244326,71.1,0.224660909946413,0.064796875804808,0.0878705718491295,0.262587298099507
0.712,0.224861227728057,0.245542587749297,71.2,0.224861227728057,0.0648226537718759,0.0878478694750968,0.262103291073532
0.713,0.22505960570673,0.245697842127578,71.3,0.22505960570673,0.0648481821146875,0.0878253869424193,0.261623724388442
0.714,0.225256062858807,0.245851593230441,71.4,0.225256062858807,0.0648734632752245,0.0878031221004704,0.261148559148138
0.715,0.225450617921061,0.246063511309707,71.5,0.225450617921061,0.0648320832016123,0.0877810728257779,0.261434371731971
0.716,0.22564003019519,0.246351861556462,71.6,0.22564003019519,0.0647004659775461,0.0877596063925018,0.262753462131821
0.717,0.225833013105608,0.246645647532551,71.7,0.225833013105608,0.0645663676194651,0.0877377352926011,0.264098082721882
0.718,0.226040291457059,0.246961196057919,71.8,0.226040291457059,0.0644223357643354,0.0877142440646885,0.265543054594138
0.719,0.226250412797371,0.247281072584432,71.9,0.226250412797371,0.0642763283967774,0.0876904306357413,0.267008635597014
0.72,0.226451054830365,0.247586518363959,72,0.226451054830365,0.064136907931366,0.0876676915137207,0.268408842254868
0.721,0.226638610954417,0.247872042915624,72.1,0.226638610954417,0.0640065804934131,0.0876464354412672,0.2697183841971
0.722,0.226854008076481,0.248199950985908,72.2,0.226854008076481,0.0638569071345533,0.087622024098497,0.27122309953978
0.723,0.227071047893212,0.248530359799158,72.3,0.227071047893212,0.0637060923137017,0.0875974265861893,0.272740138649853
0.724,0.227278687452721,0.248846458206696,72.4,0.227278687452721,0.063561809465326,0.0875738944219187,0.274192270597284
0.725,0.227505760909099,0.24919214165028,72.5,0.227505760909099,0.0634040225524932,0.087548159779206,0.275781207595952
0.726,0.22771821896403,0.249515575455435,72.6,0.22771821896403,0.0632563914681337,0.0875240815261936,0.277268720047034
0.727,0.227940045184929,0.249853270812437,72.7,0.227940045184929,0.0631022507106055,0.0874989415621036,0.27882269677722
0.728,0.228162865720551,0.250192479856436,72.8,0.228162865720551,0.0629474190319371,0.0874736889105399,0.280384538300265
0.729,0.22837027036619,0.250508220644739,72.9,0.22837027036619,0.0628032994185567,0.0874501833694802,0.281839134022047
0.73,0.228568580988347,0.250810117219796,73,0.228568580988347,0.0626654989844961,0.0874277084704377,0.283230681887476
0.731,0.228784312327584,0.251138534082894,73.1,0.228784312327584,0.0625155933875917,0.0874032592502348,0.284745283827345
0.732,0.228987911990244,0.251448482386071,73.2,0.228987911990244,0.0623741177491028,0.0873801849347312,0.286175489377903
0.733,0.229192617087702,0.251760113538991,73.3,0.229192617087702,0.0622318739752845,0.0873569853383162,0.28761422187049
0.734,0.229401411229394,0.252077969615397,73.4,0.229401411229394,0.0620867888404537,0.0873333223231727,0.289082480903399
0.735,0.229614231735687,0.252401955195457,73.5,0.229614231735687,0.0619389058989098,0.0873092029928964,0.290579872731752
0.736,0.229804222290334,0.25269118578289,73.6,0.229804222290334,0.0618068868440934,0.0872876710220504,0.291917333566158
0.737,0.229995392686428,0.252982212492429,73.7,0.229995392686428,0.0616740479508731,0.0872660053376538,0.293263766202648
0.738,0.230208386333974,0.253306461652677,73.8,0.230208386333974,0.0615260446983781,0.0872418663849682,0.294764689846445
0.739,0.230408623428693,0.253611290977689,73.9,0.230408623428693,0.0613869056131042,0.0872191731553297,0.296176478263793
0.74,0.230596267768798,0.253896949824351,74,0.230596267768798,0.0612565168763142,0.0871979070851924,0.297500147377774
0.741,0.230823414113464,0.254242744228833,74.1,0.230823414113464,0.0610986793154736,0.0871721641819191,0.299103333169896
0.742,0.231029131025038,0.254555915708806,74.2,0.231029131025038,0.0609557324606865,0.0871488499147927,0.300556088573925
0.743,0.231232458870911,0.25486545021389,74.3,0.231232458870911,0.0608144456999848,0.0871258064047737,0.301992736601486
0.744,0.231424330609475,0.255157544606476,74.4,0.231424330609475,0.0606811194637499,0.0871040612359753,0.303349136622258
0.745,0.23162109326281,0.255457084643691,74.5,0.23162109326281,0.0605443946693763,0.0870817617710199,0.30474081555014
0.746,0.231817932480105,0.255756741237431,74.6,0.231817932480105,0.0604076166728773,0.0870594536289335,0.306133749353082
0.747,0.232028063315194,0.256076632218242,74.7,0.232028063315194,0.0602616027076668,0.0870356391239263,0.30762152936152
0.748,0.232226856112338,0.256379262828497,74.8,0.232226856112338,0.0601234672238679,0.0870131095791263,0.309029782814578
0.749,0.232427559758019,0.256684802403599,74.9,0.232427559758019,0.0599840039455473,0.0869903634744291,0.31045231276474
0.75,0.232633867354235,0.25699887310757,75,0.232633867354235,0.0598406466407331,0.0869669822639512,0.311915337488516
0.751,0.232829007569039,0.25729594323858,75.1,0.232829007569039,0.0597050492329406,0.086944866672869,0.313299893165844
0.752,0.233029738768978,0.257601524760686,75.2,0.233029738768978,0.0595655668079448,0.0869221174453984,0.31472485302303
0.753,0.233236896313118,0.257916889376018,75.3,0.233236896313118,0.0594216188983947,0.0868986399087953,0.31619621479967
0.754,0.233449924888244,0.258241191707986,75.4,0.233449924888244,0.0592735913757133,0.0868744969977043,0.317710105679465
0.755,0.233643715493577,0.258536207271912,75.5,0.233643715493577,0.059138931773312,0.086852534360288,0.319088012699922
0.756,0.233844339279421,0.258841625273036,75.6,0.233844339279421,0.0589995239873297,0.0868297973062496,0.32051523995573
0.757,0.234036820459759,0.259134647444389,75.7,0.234036820459759,0.0588657742672676,0.08680798306832,0.321885243884324
0.758,0.234236970175635,0.259439343748923,75.8,0.234236970175635,0.0587266958990783,0.0867852997414826,0.323310559806623
0.759,0.234439763048298,0.259748063841861,75.9,0.234439763048298,0.058585780876104,0.0867623168609386,0.324755458409387
0.76,0.234626928016265,0.260032992920219,76,0.234626928016265,0.058455725241433,0.0867411051189069,0.326089687682669
0.761,0.234824785003777,0.260334198908234,76.1,0.234824785003777,0.0583182400252397,0.0867186816310935,0.327500846088402
0.762,0.235034060716299,0.260652788100105,76.2,0.235034060716299,0.0581728202604811,0.0866949640386628,0.328994239682271
0.763,0.235222583876804,0.260939784811911,76.3,0.235222583876804,0.0580418208562872,0.0866735983702309,0.330340242615076
0.764,0.235422493474164,0.261244115573962,76.4,0.235422493474164,0.0579029093396511,0.0866509422564563,0.331768266659133
0.765,0.235631451510505,0.261562221154064,76.5,0.235631451510505,0.0577577103190711,0.0866272606668379,0.333261725299118
0.766,0.2358203621881,0.261849807799384,76.6,0.2358203621881,0.0576264416402282,0.0866058510803981,0.334612605022121
0.767,0.236030802649206,0.262170170136863,76.7,0.236030802649206,0.0574802125246687,0.0865820014849181,0.336118228513332
0.768,0.236220500512481,0.262458955147948,76.8,0.236220500512481,0.0573483968527962,0.0865605026853111,0.337476157442325
0.769,0.236398258368442,0.262729563385269,76.9,0.236398258368442,0.0572248779537959,0.0865403570681814,0.338749227615147
0.77,0.236593092575293,0.263026167667542,77,0.236593092575293,0.0570894931822615,0.0865182761575303,0.340145276608211
0.771,0.236785753429779,0.263319463364384,77.1,0.236785753429779,0.0569556186117233,0.0864964415568068,0.341526453729111
0.772,0.236980890212148,0.263616528270055,77.2,0.236980890212148,0.0568200235890318,0.0864743263547288,0.342926091659288
0.773,0.237173858400961,0.263910291834828,77.3,0.237173858400961,0.0566859354605767,0.0864524569232539,0.344310879320662
0.774,0.237373429404511,0.264214107141325,77.4,0.237373429404511,0.0565472592231884,0.086429839182924,0.345743787588113
0.775,0.237562091620482,0.264501315543097,77.5,0.237562091620482,0.0564161631932902,0.0864084577550863,0.347099061145211
0.776,0.23775567192134,0.264796010951702,77.6,0.23775567192134,0.0562816497255128,0.0863865189518539,0.348490361593568
0.777,0.237959022829621,0.265105580565658,77.7,0.237959022829621,0.0561403469393956,0.0863634728281308,0.349952646634316
0.778,0.23815564982957,0.265404914092034,77.8,0.23815564982957,0.0560037164067192,0.0863411887370175,0.351367322758339
0.779,0.238368414651874,0.265728814902021,77.9,0.238368414651874,0.0558558721584042,0.0863170757175076,0.352898928814441
0.78,0.238545685019316,0.265998681015131,78,0.238545685019316,0.0557326920013658,0.0862969853483274,0.354175678600968
0.781,0.238731858466538,0.266282100659885,78.1,0.238731858466538,0.0556033253463756,0.0862758859771228,0.355517190966668
0.782,0.238929614642149,0.266583153177716,78.2,0.238929614642149,0.0554659101815167,0.0862534739145032,0.356942883987536
0.783,0.239122420315128,0.266876669337821,78.3,0.239122420315128,0.0553319349807109,0.0862316229012398,0.358333600608654
0.784,0.23932066528817,0.267178465972477,78.4,0.23932066528817,0.0551941801643617,0.0862091554423294,0.359764286273695
0.785,0.239527423659811,0.267493222910777,78.5,0.239527423659811,0.0550505096284746,0.0861857231446628,0.361257205719882
0.786,0.239720545231006,0.267787219975983,78.6,0.239720545231006,0.0549163149189448,0.0861638363300871,0.362652392721181
0.787,0.239915872371564,0.268084574671905,78.7,0.239915872371564,0.0547805876217414,0.0861416995543735,0.364064234799972
0.788,0.240102463126923,0.268368629602332,78.8,0.240102463126923,0.0546509309911486,0.0861205528888881,0.365413607345755
0.789,0.240303688970249,0.268674964140806,78.9,0.240303688970249,0.0545111048524741,0.0860977476025937,0.366869559653475
0.79,0.240496963367189,0.268969193859052,79,0.240496963367189,0.0543768039486624,0.0860758434680018,0.368268706319716
0.791,0.240699278786971,0.269277187105448,79.1,0.240699278786971,0.0542362206941735,0.0860529146980504,0.369734065551621
0.792,0.240915832434007,0.269606855802187,79.2,0.240915832434007,0.0540857436988716,0.0860283722842276,0.371303416968314
0.793,0.241108051291505,0.269899478628481,79.3,0.241108051291505,0.0539521762595214,0.0860065877758167,0.372697165940913
0.794,0.241303116509352,0.27019643458848,79.4,0.241303116509352,0.0538166309649886,0.0859844806842746,0.374112275416337
0.795,0.241502106780517,0.270499365821717,79.5,0.241502106780517,0.053678358262086,0.085961928759389,0.375556609341166
0.796,0.241680638947235,0.27077115282477,79.6,0.241680638947235,0.0535543013164729,0.0859416953882303,0.376853097038075
0.797,0.241876982333411,0.271070054594007,79.7,0.241876982333411,0.0534178678589749,0.0859194434395753,0.378279633566969
0.798,0.242084938040779,0.271386634286687,79.8,0.242084938040779,0.0532733653284062,0.0858958754456999,0.379791345603275
0.799,0.24227852501312,0.27168133985157,79.9,0.24227852501312,0.0531388472248043,0.0858739358863763,0.381199351394412
0.8,0.242472619167125,0.271976817520367,80,0.242472619167125,0.0530039766950291,0.0858519388472436,0.382611768508349
0.801,0.24265552888371,0.272255268651127,80.1,0.24265552888371,0.0528768779140117,0.0858312093604948,0.383943459401503
0.802,0.242860454912932,0.272567236137735,80.2,0.242860454912932,0.0527344806209688,0.085807984725486,0.38543620631955
0.803,0.243065020113336,0.272878654319503,80.3,0.243065020113336,0.0525923340576515,0.0857848009838554,0.386927130978024
0.804,0.243268862407743,0.273188971991162,80.4,0.243268862407743,0.0524506898212341,0.0857616991704601,0.388413588716531
0.805,0.243462336573561,0.273483505825945,80.5,0.243462336573561,0.0523162501036899,0.0857397723957023,0.389825180987858
0.806,0.243677588283373,0.27381119252906,80.6,0.243677588283373,0.0521666777876859,0.0857153775327638,0.391396511463235
0.807,0.243875373501573,0.274112289259643,80.7,0.243875373501573,0.0520292424419536,0.0856929621786955,0.392841125815478
0.808,0.244062990721902,0.274397906820733,80.8,0.244062990721902,0.0518988725499278,0.0856716991820912,0.394212172217816
0.809,0.244241282862523,0.274669328421993,80.9,0.244241282862523,0.0517749823916521,0.0856514930135212,0.395515704746924
0.81,0.244429890298321,0.27495645342961,81,0.244429890298321,0.0516439244269454,0.0856301177940189,0.39689532424592
0.811,0.244625880245677,0.275254817144114,81.1,0.244625880245677,0.0515077365640698,0.0856079059012203,0.398329675024376
0.812,0.244814649175131,0.275542188000294,81.2,0.244814649175131,0.051376566381997,0.0855865123793519,0.399711882705577
0.813,0.24500727865742,0.275835435937925,81.3,0.24500727865742,0.05124271361111,0.0855646813340958,0.401123070732564
0.814,0.245190047489215,0.276113672593863,81.4,0.245190047489215,0.0511157127269416,0.0855439678140734,0.402462686345813
0.815,0.245398080843839,0.276430370492216,81.5,0.245398080843839,0.0509711562414949,0.085520391020295,0.403988269541485
0.816,0.245583344343961,0.276712404886347,81.6,0.245583344343961,0.0508424218829691,0.0854993947750298,0.405347581503376
0.817,0.245747850210039,0.276962839063827,81.7,0.245747850210039,0.050728111416368,0.0854807510297185,0.40655515065922
0.818,0.245939749172112,0.277254974899904,81.8,0.245939749172112,0.0505947662632859,0.0854590027756308,0.4079644669372
0.819,0.246100685842111,0.27749997554054,81.9,0.246100685842111,0.0504829359299408,0.0854407635337227,0.40914694763916
0.82,0.246294413555115,0.277794895360835,82,0.246294413555115,0.0503483200296394,0.0854188080240069,0.410571030030189
0.821,0.246477895657544,0.278074217858567,82.1,0.246477895657544,0.0502208235139099,0.0853980136677422,0.411920472655209
0.822,0.246673261721691,0.278371631809502,82.2,0.246673261721691,0.0500850691698056,0.0853758724807484,0.413358039988413
0.823,0.246875422359527,0.278679389424853,82.3,0.246875422359527,0.0499445934689053,0.085352961252513,0.414846389205567
0.824,0.247072253551263,0.278979033800947,82.4,0.247072253551263,0.0498078210491411,0.0853306540199776,0.416296269831941
0.825,0.247266091556105,0.279274121523132,82.5,0.247266091556105,0.0496731285101647,0.0853086860106897,0.417724843353696
0.826,0.247436101311554,0.279532934502174,82.6,0.247436101311554,0.0495549935467405,0.0852894184997093,0.418978410001594
0.827,0.247627692969459,0.279824602516231,82.7,0.247627692969459,0.0494218619306202,0.0852677050729549,0.420391789736397
0.828,0.247832258729657,0.280136021550196,82.8,0.247832258729657,0.0492797149783192,0.0852445212678818,0.421901674789666
0.829,0.2480255595208,0.280430291449443,82.9,0.2480255595208,0.0491453957339244,0.0852226141419875,0.42332916880437
0.83,0.248218456266058,0.280723946252698,83,0.248218456266058,0.0490113572495704,0.0852007528073391,0.424754410792617
0.831,0.248409696479184,0.281015079247631,83.1,0.248409696479184,0.0488784698424735,0.0851790792104529,0.426168135467761
0.832,0.248622306375376,0.281338744207104,83.2,0.248622306375376,0.0487307332479228,0.0851549837489976,0.42774067820198
0.833,0.248810785249496,0.281625673499888,83.3,0.248810785249496,0.0485997646170849,0.0851336230996212,0.429135483166097
0.834,0.249011801117637,0.281931688384333,83.4,0.249011801117637,0.0484600843842196,0.0851108416101918,0.430623837487508
0.835,0.249201289403456,0.28222015434687,83.5,0.249201289403456,0.048328414341784,0.0850893665623743,0.432027569433636
0.836,0.249404974052573,0.282530232028494,83.6,0.249404974052573,0.0481868796486135,0.0850662826152028,0.433537258627055
0.837,0.249604769292394,0.282834388699268,83.7,0.249604769292394,0.0480480475957924,0.0850436394617735,0.435018916171977
0.838,0.249816661494087,0.283156961082312,83.8,0.249816661494087,0.0479008097068212,0.0850196253379251,0.436591145674528
0.839,0.249991718169213,0.283423457198791,83.9,0.249991718169213,0.0477791677818696,0.0849997858504715,0.437890727561114
0.84,0.250189697296707,0.283724849125622,84,0.250189697296707,0.0476415976940623,0.0849773485203146,0.439361211856673
0.841,0.250394836874573,0.284037141706283,84.1,0.250394836874573,0.0474990520121169,0.0849540996834545,0.440885699582456
0.842,0.250591721397641,0.284336867270902,84.2,0.250591721397641,0.0473622425339183,0.0849317864067834,0.442349625061748
0.843,0.250788664223023,0.284636681591576,84.3,0.250788664223023,0.0472253925430958,0.0849094665226065,0.443814753794003
0.844,0.250979261620756,0.284926836001685,84.4,0.250979261620756,0.0470929518102058,0.0848878657771435,0.44523341022804
0.845,0.25117517036835,0.285225076102385,84.5,0.25117517036835,0.0469568203707466,0.0848656630868597,0.446692352798959
0.846,0.251377440406536,0.285533000262476,84.6,0.251377440406536,0.0468162686506415,0.0848427394600861,0.448199469411688
0.847,0.251569384410008,0.285825204666962,84.7,0.251569384410008,0.0466828921995685,0.0848209861013758,0.449630399913362
0.848,0.251761962138408,0.286118373817477,84.8,0.251761962138408,0.0465490753909937,0.0847991609214809,0.451066792581881
0.849,0.252125982187995,0.286392693151209,84.9,0.252125982187995,0.0466076870039859,0.0847579058753571,0.450108086996321
0.85,0.252536922853588,0.286701500106373,85,0.252536922853588,0.0466748230674635,0.0847113332315359,0.44901323958755
0.851,0.252921658765748,0.28699061514298,85.1,0.252921658765748,0.0467376780165689,0.0846677304194939,0.44798711640193
0.852,0.25334362574097,0.287307707968559,85.2,0.25334362574097,0.0468066154666822,0.0846199081441955,0.44686047889674
0.853,0.253718272617786,0.287589241462268,85.3,0.253718272617786,0.0468678221532169,0.0845774487406524,0.445859116690407
0.854,0.254138692161864,0.288110776449386,85.4,0.254138692161864,0.0467076002132323,0.0845298018385052,0.447442213309958
0.855,0.254530002871407,0.288634657768198,85.5,0.254530002871407,0.0465156571930329,0.0844854538928652,0.449424071840595
0.856,0.254959716576047,0.289209952481091,85.6,0.254959716576047,0.0463048770015422,0.084436753666806,0.45160282707854
0.857,0.255373614694351,0.289764073507639,85.7,0.255373614694351,0.0461018545619693,0.0843898458495566,0.453703770899689
0.858,0.255835956728523,0.290383050572917,85.8,0.255835956728523,0.0458750697481614,0.0843374477962999,0.45605337905217
0.859,0.256261747388378,0.290953093168181,85.9,0.256261747388378,0.0456662138614402,0.0842891921759533,0.458219818193154
0.86,0.256704109321887,0.291545321153431,86,0.256704109321887,0.0454492295482875,0.0842390585033959,0.46047320143713
0.861,0.257144617618546,0.292135067515525,86.1,0.257144617618546,0.0452331544682508,0.0841891349068325,0.46271980917362
0.862,0.257566380737217,0.292699718094841,86.2,0.257566380737217,0.0450262741431471,0.0841413357349631,0.464873314051308
0.863,0.257972877262516,0.293243929971931,86.3,0.257972877262516,0.0448268822817355,0.0840952667535446,0.466951185099297
0.864,0.258359666782403,0.293761758385107,86.4,0.258359666782403,0.0446371569641848,0.08405143120245,0.468930435501214
0.865,0.258772206833791,0.294314061250614,86.5,0.258772206833791,0.0444348006741935,0.0840046772973636,0.471043731090102
0.866,0.259205356449255,0.294893955912984,86.6,0.259205356449255,0.0442223351235127,0.0839555876733586,0.473265135185926
0.867,0.2596213242114,0.295450847749832,86.7,0.2596213242114,0.0440182974965721,0.0839084452996548,0.47540086889498
0.868,0.260074318436692,0.296057310098992,86.8,0.260074318436692,0.0437960979052605,0.0838571066503704,0.477729441729229
0.869,0.260498928725947,0.296625772430564,86.9,0.260498928725947,0.0435878210057543,0.0838089848035443,0.479914699982012
0.87,0.260894676233845,0.297155593673117,87,0.260894676233845,0.0433937016779413,0.0837641340275768,0.481953676454707
0.871,0.261344862172031,0.297758296326676,87.1,0.261344862172031,0.0431728795881808,0.0837131136465147,0.484275787775834
0.872,0.26175181156388,0.298303114495187,87.2,0.26175181156388,0.0429732655898023,0.0836669933409165,0.486377317101622
0.873,0.262156194631788,0.298844496905007,87.3,0.262156194631788,0.0427749104068781,0.0836211638814207,0.488467889928736
0.874,0.262559502870887,0.299384440349013,87.4,0.262559502870887,0.0425770824415392,0.0835754562342045,0.490555189764983
0.875,0.262983599325451,0.299952214765869,87.5,0.262983599325451,0.0423690575846687,0.0835273926211869,0.492752541949673
0.876,0.263374952547837,0.300476153000283,87.6,0.263374952547837,0.0421770937113628,0.0834830398574902,0.494782487756061
0.877,0.263801801799004,0.301047612822829,87.7,0.263801801799004,0.0419677185717581,0.0834346642650886,0.496999011844547
0.878,0.264281019740319,0.301689183117155,87.8,0.264281019740319,0.041732655904812,0.0833803536349605,0.499490538412469
0.879,0.264741966571798,0.302306292304531,87.9,0.264741966571798,0.0415065554561713,0.0833281137025313,0.501890135130823
0.88,0.265184534535828,0.302898796120568,88,0.265184534535828,0.0412894700823538,0.0832779566801649,0.504196888008083
0.881,0.265635631404125,0.303502718314651,88.1,0.265635631404125,0.0410682011694623,0.0832268330617571,0.506550956480726
0.882,0.26609919967333,0.304123337046283,88.2,0.26609919967333,0.0408408148713365,0.0831742960370814,0.508973122500147
0.883,0.266553359205223,0.304731359491663,88.3,0.266553359205223,0.040618043681899,0.0831228253215065,0.511349096655526
0.884,0.267011490192632,0.305344698866281,88.4,0.267011490192632,0.0403933244415978,0.083070904513744,0.51374883085672
0.885,0.267506462152733,0.306007360421176,88.5,0.267506462152733,0.0401505342224217,0.0830148084523674,0.516344915191133
0.886,0.267980430315462,0.306641902385171,88.6,0.267980430315462,0.0399180466405225,0.0829610927890769,0.518834126956218
0.887,0.268400447876263,0.307204216035961,88.7,0.268400447876263,0.0397120225343823,0.0829134914444166,0.521042693504176
0.888,0.268860023880583,0.307819489979061,88.8,0.268860023880583,0.039486594494389,0.0828614068702918,0.523462176351895
0.889,0.269298592231709,0.30840663916914,88.9,0.269298592231709,0.0392714709830042,0.0828117031312404,0.525773900329443
0.89,0.269739223179443,0.308996549734782,89,0.269739223179443,0.0390553357410115,0.0827617656344103,0.528099292691102
0.891,0.270186160223885,0.309594902814722,89.1,0.270186160223885,0.0388361072761178,0.0827111134563123,0.530460833457032
0.892,0.270690690301341,0.310270360643788,89.2,0.270690690301341,0.0385886286753873,0.0826539341563262,0.533130164108059
0.893,0.271167179503324,0.310908277739965,89.3,0.271167179503324,0.0383549044907667,0.0825999327791285,0.535654531422835
0.894,0.271604007236549,0.311493096615081,89.4,0.271604007236549,0.0381406347752247,0.0825504263074305,0.537971680083358
0.895,0.272057746125172,0.312100555909118,89.5,0.272057746125172,0.0379180699168136,0.0824990032641131,0.540381478362565
0.896,0.272522568672301,0.312722853850536,89.6,0.272522568672301,0.0376900683789644,0.0824463240898672,0.54285325883199
0.897,0.272972194715204,0.313324806924103,89.7,0.272972194715204,0.03746952092516,0.0823953671627433,0.545247236399202
0.898,0.273429032879484,0.313936415485152,89.8,0.273429032879484,0.0372454358315099,0.0823435928729484,0.547682648618727
0.899,0.273905052318047,0.314573703668615,89.9,0.273905052318047,0.0370119420719913,0.0822896447348828,0.550223576839652
0.9,0.274413421837646,0.315254301689259,90,0.274413421837646,0.0367625801746804,0.0822320303040217,0.552940866974041
0.901,0.274918953886528,0.315931100943692,90.1,0.274918953886528,0.0365146100938624,0.082174737448814,0.555646768976816
0.902,0.275396356535116,0.31657024094944,90.2,0.275396356535116,0.0362804378517377,0.0821206325490715,0.55820557239305
0.903,0.27588118916925,0.317219328116184,90.3,0.27588118916925,0.0360426211045387,0.0820656855957205,0.56080765251758
0.904,0.276359603519605,0.317859822574144,90.4,0.276359603519605,0.0358079526094666,0.0820114660379995,0.563378703742777
0.905,0.276792742176057,0.318439702564742,90.5,0.276792742176057,0.0355954924343239,0.081962377655999,0.565709372369353
0.906,0.277286902366009,0.319101277333085,90.6,0.277286902366009,0.0353531003990227,0.0819063735939916,0.568371802489176
0.907,0.277796485531187,0.319783500165499,90.7,0.277796485531187,0.0351031431926846,0.0818486216184968,0.571121144149461
0.908,0.278280437055647,0.320431407714902,90.8,0.278280437055647,0.0348657586413048,0.0817937745228878,0.573735790472067
0.909,0.278847362997496,0.321190400256741,90.9,0.278847362997496,0.0345876740531389,0.0817295237875058,0.576803186287176
0.91,0.279345177466926,0.321856867323471,91,0.279345177466926,0.0343434895459643,0.0816731055794407,0.579500628728272
0.911,0.27985682260435,0.32254185069556,91.1,0.27985682260435,0.0340925209152768,0.0816151199169274,0.582276899795306
0.912,0.280380044782628,0.323242333248436,91.2,0.280380044782628,0.0338358735946558,0.0815558222075777,0.585120072622946
0.913,0.280862461648349,0.323888186218129,91.3,0.280862461648349,0.0335992418134564,0.0815011490376004,0.587745176476525
0.914,0.281341717732915,0.324529807578109,91.4,0.281341717732915,0.0333641604367451,0.0814468340846293,0.590356570495088
0.915,0.281887931245034,0.325261070607982,91.5,0.281887931245034,0.0330962355662179,0.0813849307261151,0.593337055509739
0.916,0.282442617816596,0.326003677251629,91.6,0.282442617816596,0.0328241545492336,0.0813220671005538,0.596368418566551
0.917,0.282940581575307,0.326670344184765,91.7,0.282940581575307,0.0325798968137153,0.0812656319732663,0.599093786356907
0.918,0.28346130794667,0.327367485386161,91.8,0.28346130794667,0.0323244737190247,0.0812066171181977,0.60194778620102
0.919,0.283991209052585,0.328076909594181,91.9,0.283991209052585,0.032064550297057,0.0811465624739812,0.604856332548429
0.92,0.284457528322675,0.328701211327418,92,0.284457528322675,0.0318358145970237,0.0810937136734335,0.607419451460476
0.921,0.284957324414369,0.329370331362389,92.1,0.284957324414369,0.0315906580782156,0.0810370708845577,0.610170287087271
0.922,0.285489920203849,0.330083363175173,92.2,0.285489920203849,0.0313294128787206,0.0809767108470123,0.613105885000557
0.923,0.286025281980304,0.33080009805273,92.3,0.286025281980304,0.0310668109264448,0.0809160373351944,0.616061142518007
0.924,0.286544229110483,0.33149485723085,92.4,0.286544229110483,0.0308122605728229,0.0808572241247252,0.618930022563056
0.925,0.287032485258458,0.332148527750163,92.5,0.287032485258458,0.0305727645473163,0.0808018891784007,0.621633047714821
0.926,0.287524377414193,0.332807066105938,92.6,0.287524377414193,0.0303314850124568,0.0807461421567852,0.624359948323451
0.927,0.288081710135383,0.333553215377793,92.7,0.288081710135383,0.030058106024474,0.0806829786383332,0.627454185111193
0.928,0.288614443757289,0.334266431718704,92.8,0.288614443757289,0.0297967932163739,0.0806226029799914,0.630416383061104
0.929,0.289115591550869,0.334937361393303,92.9,0.289115591550869,0.0295509736701141,0.0805658070003127,0.633207004678804
0.93,0.289614844179237,0.335605753847155,93,0.289614844179237,0.0293060837271743,0.0805092258031117,0.635990988177636
0.931,0.290128107028933,0.336292902989865,93.1,0.290128107028933,0.0290543215874629,0.0804510568023606,0.638857179230859
0.932,0.290635553359336,0.336972265057693,93.2,0.290635553359336,0.028805412526525,0.0803935469981895,0.641694966796604
0.933,0.291139046432016,0.337646334559232,93.3,0.291139046432016,0.028558442590198,0.0803364852238174,0.644514662165837
0.934,0.291663096140977,0.33834792499864,93.4,0.291663096140977,0.0283013893549571,0.0802770937289289,0.647453737544085
0.935,0.292602609056594,0.339110747936394,93.5,0.292602609056594,0.0283916272389946,0.0801706170425165,0.645859938636399
0.936,0.293569825073509,0.339824389666775,93.6,0.293569825073509,0.0285643232262806,0.0800610007138698,0.643218009123235
0.937,0.294506107676692,0.340515207772944,93.7,0.294506107676692,0.0287314960663775,0.0799548901245682,0.640653673319864
0.938,0.295573500320211,0.341302762900025,93.8,0.295573500320211,0.028922078545546,0.0798339205988772,0.637721931622725
0.939,0.296673870656551,0.342114649983316,93.9,0.296673870656551,0.0291185491770196,0.0797092136520194,0.634690296856518
0.94,0.297721538745508,0.342887651727284,94,0.297721538745508,0.0293056098457898,0.0795904795455289,0.631795033612961
0.941,0.298801381350702,0.34368439281907,94.1,0.298801381350702,0.0294984152600472,0.0794680990433168,0.62880180078338
0.942,0.299771157477654,0.344399923477389,94.2,0.299771157477654,0.0296715683538359,0.0793581925728006,0.62610579460191
0.943,0.300894384429091,0.345228674874405,94.3,0.300894384429091,0.029872120023713,0.0792308952446957,0.622973842066832
0.944,0.301983678629979,0.34603238964424,94.4,0.301983678629979,0.0300666130161548,0.0791074435761654,0.619926878471223
0.945,0.303018315793008,0.346795776770205,94.5,0.303018315793008,0.0302513470189296,0.0789901862879182,0.617023981831568
0.946,0.30410700095499,0.347599042172401,94.6,0.30410700095499,0.0304457312677462,0.078866803642861,0.61396012185791
0.947,0.30516174214927,0.348377262671056,94.7,0.30516174214927,0.0306340548363094,0.0787472679286384,0.610982632895019
0.948,0.306341966201982,0.349248068282713,94.8,0.306341966201982,0.0308447833131313,0.0786135110166598,0.607640176424703
0.949,0.307483495422374,0.35009032365677,94.9,0.307483495422374,0.0310486028449466,0.0784841394595371,0.604396467123732
0.95,0.308646379307092,0.350948335159071,95,0.308646379307092,0.0312562352425267,0.078352347739946,0.60108106337455
0.951,0.309846820406128,0.351834057529415,95.1,0.309846820406128,0.0314705734639283,0.0782162995937908,0.597646863539085
0.952,0.311017786645701,0.352698032441754,95.2,0.311017786645701,0.0316796489623534,0.0780835918864054,0.594285454895051
0.953,0.312202754483218,0.353572338163767,95.3,0.312202754483218,0.0318912244398305,0.0779492973527733,0.590872201252808
0.954,0.31340356935902,0.354458336318108,95.4,0.31340356935902,0.0321056293989054,0.0778132068458258,0.587401281860579
0.955,0.314412074020044,0.355202442080216,95.5,0.314412074020044,0.032285697455134,0.0776989112009737,0.584476835568201
0.956,0.315600991593049,0.356079662038573,95.6,0.315600991593049,0.0324979781561152,0.0775641690367237,0.581018161353232
0.957,0.316827190492404,0.356984389306343,95.7,0.316827190492404,0.0327169154212452,0.0774252017127886,0.577438421889946
0.958,0.318102259737044,0.357925174618193,95.8,0.318102259737044,0.032944578464672,0.0772806958248344,0.573702357192219
0.959,0.31932086347413,0.358824297941602,95.9,0.31932086347413,0.0331621596169751,0.0771425892742826,0.570118660406042
0.96,0.320673071439507,0.359821998574523,96,0.320673071439507,0.0334035957444916,0.0769893411165399,0.566127008491629
0.961,0.321987410179018,0.360791758127681,96.1,0.321987410179018,0.0336382703386665,0.0768403847461906,0.562231885618791
0.962,0.323444048415695,0.361866510627208,96.2,0.323444048415695,0.0338983524444232,0.0766753013182091,0.557897369014018
0.963,0.324883480717468,0.362928568058681,96.3,0.324883480717468,0.0341553624381971,0.076512167869738,0.55359567779668
0.964,0.326461976522398,0.364093230820597,96.4,0.326461976522398,0.0344372021582715,0.0763332741046486,0.548857263595689
0.965,0.328170947542886,0.365354162210176,96.5,0.328170947542886,0.034742338169737,0.0761395933490021,0.543702078753059
0.966,0.329660150281259,0.36645294180079,96.6,0.329660150281259,0.035008234652709,0.0759708193275465,0.539188402039318
0.967,0.331271892653041,0.367642134902446,96.7,0.331271892653041,0.035296010532428,0.0757881576693136,0.534280663128993
0.968,0.333047175511997,0.368951993206305,96.8,0.333047175511997,0.0356129864929966,0.0755869616738948,0.528847492949354
0.969,0.334801869841202,0.370246660659577,96.9,0.334801869841202,0.0359262863807862,0.0753880990135367,0.523448835414523
0.97,0.336566563085983,0.371548705620345,97,0.336566563085983,0.0362413715704786,0.075188103158115,0.517990612234682
0.971,0.338209724184148,0.372761080424817,97.1,0.338209724184148,0.0365347572497423,0.0750018807591824,0.512882118689145
0.972,0.339829221258602,0.373955995184651,97.2,0.339829221258602,0.0368239177281561,0.0748183402465655,0.507822311925097
0.973,0.341843187445382,0.375441961390057,97.3,0.341843187445382,0.0371835104901693,0.0745900938408478,0.501495324975627
0.974,0.343873982058147,0.376940344125824,97.4,0.343873982058147,0.0375461079601166,0.0743599402393836,0.495076141276525
0.975,0.346049329072611,0.378545382070225,97.5,0.346049329072611,0.0379345151967454,0.0741134042545696,0.488155812321811
0.976,0.348354110057608,0.380245920379681,97.6,0.348354110057608,0.0383460328109289,0.0738521992853674,0.480773312345669
0.977,0.350713294901,0.381986599529408,97.7,0.350713294901,0.0387672642097022,0.0735848286291654,0.473162268202432
0.978,0.353245289369979,0.383854782936794,97.8,0.353245289369979,0.0392193506898418,0.0732978731476707,0.464931941328939
0.979,0.355865641796621,0.385788159563373,97.9,0.355865641796621,0.0396872134438111,0.0730009039001129,0.456346273491146
0.98,0.358521726589405,0.387747900628877,98,0.358521726589405,0.0401614561957743,0.0726998850393129,0.44757194355869
0.981,0.36134461789417,0.389830716670154,98.1,0.36134461789417,0.0406654821758566,0.0723799616968687,0.438166569551861
0.982,0.364275200243347,0.391992990476745,98.2,0.364275200243347,0.0411887363437606,0.0720478335349113,0.428314019688013
0.983,0.367565013092149,0.39442031559646,98.3,0.367565013092149,0.0417761309567269,0.071674993135131,0.417144960475055
0.984,0.372463999820079,0.398034938704942,98.4,0.372463999820079,0.0426508428461951,0.0711197821690043,0.40029564847594
0.985,0.376857361205613,0.401276495881964,98.5,0.376857361205613,0.0434352755568933,0.0706218746312067,0.384960031382402
0.986,0.381149969029397,0.404443713981788,98.6,0.381149969029397,0.0442017187641968,0.0701353856755501,0.36976579884117
0.987,0.384170720707307,0.406672517492871,98.7,0.384170720707307,0.0447410726254218,0.0697930384615926,0.358946485041728
0.988,0.386012214922336,0.408031228572007,98.8,0.386012214922336,0.0450698705940078,0.069584338614252,0.352298642315804
0.989,0.386877277614634,0.408669498437087,98.9,0.386877277614634,0.045224327150866,0.0694862995053862,0.349161957496953
0.99,0.388525947438183,0.409885937748604,99,0.388525947438183,0.0455186964105842,0.0692994527927103,0.343159367408853
0.991,0.391067371907375,0.411761078900228,99.1,0.391067371907375,0.0459724666130457,0.069011428592352,0.33384270474093
0.992,0.395198424532407,0.414809096604718,99.2,0.395198424532407,0.0467100642118588,0.0685432489775781,0.318531512459549
0.993,0.400425133786661,0.418665523474386,99.3,0.400425133786661,0.0476432908118478,0.0679508966288417,0.298857069214512
0.994,0.407528078418596,0.423906294521689,99.4,0.407528078418596,0.0489115183994774,0.0671459071543942,0.27156366676213
0.995,0.418343527713191,0.431886265711643,99.5,0.418343527713191,0.0508426120344119,0.0659201728576032,0.228724534077921
0.996,0.432226258114477,0.442129371256553,99.6,0.432226258114477,0.0533213673392733,0.0643468180831084,0.171344148355478
0.997,0.436375207577635,0.445190593798747,99.7,0.436375207577635,0.054062160410531,0.0638766101875209,0.153647003937401
0.998,0.445897428383873,0.452216381228229,99.8,0.445897428383873,0.0557623486771943,0.0627974397983948,0.11202831108698
0.999,0.450432757358992,0.455562686459996,99.9,0.450432757358992,0.0565721296375249,0.0622834428186474,0.0916987392259658
