group,assumed_pre_replacement_rate,assumed_post_replacement_rate,assumed_replacement_rate_change,data_did_pp,model_full_did_pp,model_benefit_only_did_pp,full_gap_pp,benefit_only_gap_pp,pre_find_N,pre_find_R,post_find_N,post_find_R,pre_gap_pp,post_gap_pp
Low RR,0.14,0.28,0.14,-2.37,-1.081244033716247,-0.6944981415433773,1.288755966283753,1.6755018584566228,0.10021133405030382,0.09376177398753642,0.08229999990191031,0.06503799950198044,-0.6449560062767395,-1.7262000399929867
Mid RR,0.28,0.56,0.28,-4.25,-1.6624137889119734,-1.497296041330007,2.5875862110880266,2.752703958669993,0.10021133405030382,0.0867808133980439,0.08229999990191031,0.05224534136053066,-1.3430520652259914,-3.005465854137965
High RR,0.45,0.9,0.45,-6.04,-4.484722529518289,-2.4746911131052984,1.5552774704817107,3.5653088868947016,0.10021133405030382,0.0777524578711673,0.08229999990191031,0.014993898427590897,-2.2458876179136515,-6.730610147431941
