group,assumed_pre_replacement_rate,assumed_post_replacement_rate,assumed_replacement_rate_change,data_did_pp,model_full_did_pp,model_benefit_only_did_pp,full_gap_pp,benefit_only_gap_pp,pre_find_N,pre_find_R,post_find_N,post_find_R,pre_gap_pp,post_gap_pp
Low RR,0.14,0.28,0.14,-2.37,-0.7416847576589016,-0.6945398966047998,1.6283152423410985,1.6754601033952004,0.10021133405030382,0.09376234650622357,0.08229999956508058,0.06843416444441132,-0.6448987544080242,-1.3865835120669259
Mid RR,0.28,0.56,0.28,-4.25,-1.3058629579009744,-1.5035670258335272,2.9441370420990256,2.746432974166473,0.10021133405030382,0.0867808133980439,0.08229999956508058,0.05581084933381092,-1.3430520652259914,-2.648915023126966
High RR,0.45,0.9,0.45,-6.04,-4.520215209534085,-2.583888305298085,1.5197847904659154,3.456111694701915,0.10021133405030382,0.07773474753220318,0.08229999956508058,0.014621260951639094,-2.247658651810064,-6.767873861344148
