year,MW,AW
07,0.504768895,0.257716826
08,0.493060467,0.252836245
09,0.511414663,0.249631943
10,0.499046778,0.242171102
11,0.495805838,0.239178495
12,0.497533575,0.237412954
13,0.471566412,0.231287482
14,0.47183493,0.233060528
15,0.469470064,0.23368502
16,0.467002058,0.23318663
17,0.460409247,0.232517094
18,0.455981373,0.23133167
19,0.454020259,0.226519554
20,0.866194732,0.423076264
21,0.598077491,0.289052431
22,0.476912724,0.243061317
23,0.47860379,0.253541911
24,0.510016132,0.262317457
