year,primary_fiscal_pp,model,model_label,path_type,underlying_model,income_case,income_case_label,anchor_type
2026,37.1,central_gdp,GDP PC model: 1.03% growth,PBO through 2029-30; deterministic model changes thereafter,with_income,central_gdp,GDP PC model: 1.03% growth,PBO forecast anchor
2027,37.1,central_gdp,GDP PC model: 1.03% growth,PBO through 2029-30; deterministic model changes thereafter,with_income,central_gdp,GDP PC model: 1.03% growth,PBO forecast anchor
2028,36.4,central_gdp,GDP PC model: 1.03% growth,PBO through 2029-30; deterministic model changes thereafter,with_income,central_gdp,GDP PC model: 1.03% growth,PBO forecast anchor
2029,35.7,central_gdp,GDP PC model: 1.03% growth,PBO through 2029-30; deterministic model changes thereafter,with_income,central_gdp,GDP PC model: 1.03% growth,PBO forecast anchor
2030,34.9,central_gdp,GDP PC model: 1.03% growth,PBO through 2029-30; deterministic model changes thereafter,with_income,central_gdp,GDP PC model: 1.03% growth,PBO forecast anchor
2031,35.5819207044271,central_gdp,GDP PC model: 1.03% growth,PBO through 2029-30; deterministic model changes thereafter,with_income,central_gdp,GDP PC model: 1.03% growth,PBO forecast anchor
2032,36.1908550799658,central_gdp,GDP PC model: 1.03% growth,PBO through 2029-30; deterministic model changes thereafter,with_income,central_gdp,GDP PC model: 1.03% growth,PBO forecast anchor
2033,36.7286271861917,central_gdp,GDP PC model: 1.03% growth,PBO through 2029-30; deterministic model changes thereafter,with_income,central_gdp,GDP PC model: 1.03% growth,PBO forecast anchor
2034,37.2146287681641,central_gdp,GDP PC model: 1.03% growth,PBO through 2029-30; deterministic model changes thereafter,with_income,central_gdp,GDP PC model: 1.03% growth,PBO forecast anchor
2035,37.6501597421126,central_gdp,GDP PC model: 1.03% growth,PBO through 2029-30; deterministic model changes thereafter,with_income,central_gdp,GDP PC model: 1.03% growth,PBO forecast anchor
2036,38.0917355524198,central_gdp,GDP PC model: 1.03% growth,PBO through 2029-30; deterministic model changes thereafter,with_income,central_gdp,GDP PC model: 1.03% growth,PBO forecast anchor
2037,38.1634559276249,central_gdp,GDP PC model: 1.03% growth,PBO through 2029-30; deterministic model changes thereafter,with_income,central_gdp,GDP PC model: 1.03% growth,PBO forecast anchor
2038,38.2324877071258,central_gdp,GDP PC model: 1.03% growth,PBO through 2029-30; deterministic model changes thereafter,with_income,central_gdp,GDP PC model: 1.03% growth,PBO forecast anchor
2039,38.2988838457147,central_gdp,GDP PC model: 1.03% growth,PBO through 2029-30; deterministic model changes thereafter,with_income,central_gdp,GDP PC model: 1.03% growth,PBO forecast anchor
2040,38.3626957489268,central_gdp,GDP PC model: 1.03% growth,PBO through 2029-30; deterministic model changes thereafter,with_income,central_gdp,GDP PC model: 1.03% growth,PBO forecast anchor
2041,38.42397333289,central_gdp,GDP PC model: 1.03% growth,PBO through 2029-30; deterministic model changes thereafter,with_income,central_gdp,GDP PC model: 1.03% growth,PBO forecast anchor
2042,38.4827650813133,central_gdp,GDP PC model: 1.03% growth,PBO through 2029-30; deterministic model changes thereafter,with_income,central_gdp,GDP PC model: 1.03% growth,PBO forecast anchor
2043,38.5391180997748,central_gdp,GDP PC model: 1.03% growth,PBO through 2029-30; deterministic model changes thereafter,with_income,central_gdp,GDP PC model: 1.03% growth,PBO forecast anchor
2044,38.5930781674626,central_gdp,GDP PC model: 1.03% growth,PBO through 2029-30; deterministic model changes thereafter,with_income,central_gdp,GDP PC model: 1.03% growth,PBO forecast anchor
2045,38.6446897865094,central_gdp,GDP PC model: 1.03% growth,PBO through 2029-30; deterministic model changes thereafter,with_income,central_gdp,GDP PC model: 1.03% growth,PBO forecast anchor
2046,38.6939962290567,central_gdp,GDP PC model: 1.03% growth,PBO through 2029-30; deterministic model changes thereafter,with_income,central_gdp,GDP PC model: 1.03% growth,PBO forecast anchor
2047,38.7410395821652,central_gdp,GDP PC model: 1.03% growth,PBO through 2029-30; deterministic model changes thereafter,with_income,central_gdp,GDP PC model: 1.03% growth,PBO forecast anchor
2048,38.7858607907008,central_gdp,GDP PC model: 1.03% growth,PBO through 2029-30; deterministic model changes thereafter,with_income,central_gdp,GDP PC model: 1.03% growth,PBO forecast anchor
2049,38.8284996982937,central_gdp,GDP PC model: 1.03% growth,PBO through 2029-30; deterministic model changes thereafter,with_income,central_gdp,GDP PC model: 1.03% growth,PBO forecast anchor
2050,38.8689950864787,central_gdp,GDP PC model: 1.03% growth,PBO through 2029-30; deterministic model changes thereafter,with_income,central_gdp,GDP PC model: 1.03% growth,PBO forecast anchor
2051,38.907384712112,central_gdp,GDP PC model: 1.03% growth,PBO through 2029-30; deterministic model changes thereafter,with_income,central_gdp,GDP PC model: 1.03% growth,PBO forecast anchor
2052,38.9437053431558,central_gdp,GDP PC model: 1.03% growth,PBO through 2029-30; deterministic model changes thereafter,with_income,central_gdp,GDP PC model: 1.03% growth,PBO forecast anchor
2053,38.9779927929117,central_gdp,GDP PC model: 1.03% growth,PBO through 2029-30; deterministic model changes thereafter,with_income,central_gdp,GDP PC model: 1.03% growth,PBO forecast anchor
2054,39.0102819527879,central_gdp,GDP PC model: 1.03% growth,PBO through 2029-30; deterministic model changes thereafter,with_income,central_gdp,GDP PC model: 1.03% growth,PBO forecast anchor
2055,39.0406068236727,central_gdp,GDP PC model: 1.03% growth,PBO through 2029-30; deterministic model changes thereafter,with_income,central_gdp,GDP PC model: 1.03% growth,PBO forecast anchor
2056,39.0690005459806,central_gdp,GDP PC model: 1.03% growth,PBO through 2029-30; deterministic model changes thereafter,with_income,central_gdp,GDP PC model: 1.03% growth,PBO forecast anchor
2057,39.095495428448,central_gdp,GDP PC model: 1.03% growth,PBO through 2029-30; deterministic model changes thereafter,with_income,central_gdp,GDP PC model: 1.03% growth,PBO forecast anchor
2058,39.1201229757288,central_gdp,GDP PC model: 1.03% growth,PBO through 2029-30; deterministic model changes thereafter,with_income,central_gdp,GDP PC model: 1.03% growth,PBO forecast anchor
2059,39.1429139148577,central_gdp,GDP PC model: 1.03% growth,PBO through 2029-30; deterministic model changes thereafter,with_income,central_gdp,GDP PC model: 1.03% growth,PBO forecast anchor
2060,39.1638982206345,central_gdp,GDP PC model: 1.03% growth,PBO through 2029-30; deterministic model changes thereafter,with_income,central_gdp,GDP PC model: 1.03% growth,PBO forecast anchor
2061,39.1831051399774,central_gdp,GDP PC model: 1.03% growth,PBO through 2029-30; deterministic model changes thereafter,with_income,central_gdp,GDP PC model: 1.03% growth,PBO forecast anchor
2062,39.2005632153018,central_gdp,GDP PC model: 1.03% growth,PBO through 2029-30; deterministic model changes thereafter,with_income,central_gdp,GDP PC model: 1.03% growth,PBO forecast anchor
2063,39.2163003069685,central_gdp,GDP PC model: 1.03% growth,PBO through 2029-30; deterministic model changes thereafter,with_income,central_gdp,GDP PC model: 1.03% growth,PBO forecast anchor
2064,39.2303436148413,central_gdp,GDP PC model: 1.03% growth,PBO through 2029-30; deterministic model changes thereafter,with_income,central_gdp,GDP PC model: 1.03% growth,PBO forecast anchor
2065,39.2427196990015,central_gdp,GDP PC model: 1.03% growth,PBO through 2029-30; deterministic model changes thereafter,with_income,central_gdp,GDP PC model: 1.03% growth,PBO forecast anchor
2066,39.2534544996602,central_gdp,GDP PC model: 1.03% growth,PBO through 2029-30; deterministic model changes thereafter,with_income,central_gdp,GDP PC model: 1.03% growth,PBO forecast anchor
2026,37.1,midpoint_gdp,GDP PC model: 0.56% growth,PBO through 2029-30; deterministic model changes thereafter,with_income,midpoint_gdp,GDP PC model: 0.56% growth,PBO forecast anchor
2027,37.1,midpoint_gdp,GDP PC model: 0.56% growth,PBO through 2029-30; deterministic model changes thereafter,with_income,midpoint_gdp,GDP PC model: 0.56% growth,PBO forecast anchor
2028,36.4,midpoint_gdp,GDP PC model: 0.56% growth,PBO through 2029-30; deterministic model changes thereafter,with_income,midpoint_gdp,GDP PC model: 0.56% growth,PBO forecast anchor
2029,35.7,midpoint_gdp,GDP PC model: 0.56% growth,PBO through 2029-30; deterministic model changes thereafter,with_income,midpoint_gdp,GDP PC model: 0.56% growth,PBO forecast anchor
2030,34.9,midpoint_gdp,GDP PC model: 0.56% growth,PBO through 2029-30; deterministic model changes thereafter,with_income,midpoint_gdp,GDP PC model: 0.56% growth,PBO forecast anchor
2031,35.7052130505201,midpoint_gdp,GDP PC model: 0.56% growth,PBO through 2029-30; deterministic model changes thereafter,with_income,midpoint_gdp,GDP PC model: 0.56% growth,PBO forecast anchor
2032,36.4374397721519,midpoint_gdp,GDP PC model: 0.56% growth,PBO through 2029-30; deterministic model changes thereafter,with_income,midpoint_gdp,GDP PC model: 0.56% growth,PBO forecast anchor
2033,37.0985042244708,midpoint_gdp,GDP PC model: 0.56% growth,PBO through 2029-30; deterministic model changes thereafter,with_income,midpoint_gdp,GDP PC model: 0.56% growth,PBO forecast anchor
2034,37.7077981525362,midpoint_gdp,GDP PC model: 0.56% growth,PBO through 2029-30; deterministic model changes thereafter,with_income,midpoint_gdp,GDP PC model: 0.56% growth,PBO forecast anchor
2035,38.2666214725779,midpoint_gdp,GDP PC model: 0.56% growth,PBO through 2029-30; deterministic model changes thereafter,with_income,midpoint_gdp,GDP PC model: 0.56% growth,PBO forecast anchor
2036,38.8314896289781,midpoint_gdp,GDP PC model: 0.56% growth,PBO through 2029-30; deterministic model changes thereafter,with_income,midpoint_gdp,GDP PC model: 0.56% growth,PBO forecast anchor
2037,39.0265023502763,midpoint_gdp,GDP PC model: 0.56% growth,PBO through 2029-30; deterministic model changes thereafter,with_income,midpoint_gdp,GDP PC model: 0.56% growth,PBO forecast anchor
2038,39.2188264758701,midpoint_gdp,GDP PC model: 0.56% growth,PBO through 2029-30; deterministic model changes thereafter,with_income,midpoint_gdp,GDP PC model: 0.56% growth,PBO forecast anchor
2039,39.4085149605521,midpoint_gdp,GDP PC model: 0.56% growth,PBO through 2029-30; deterministic model changes thereafter,with_income,midpoint_gdp,GDP PC model: 0.56% growth,PBO forecast anchor
2040,39.5956192098571,midpoint_gdp,GDP PC model: 0.56% growth,PBO through 2029-30; deterministic model changes thereafter,with_income,midpoint_gdp,GDP PC model: 0.56% growth,PBO forecast anchor
2041,39.7801891399135,midpoint_gdp,GDP PC model: 0.56% growth,PBO through 2029-30; deterministic model changes thereafter,with_income,midpoint_gdp,GDP PC model: 0.56% growth,PBO forecast anchor
2042,39.9622732344299,midpoint_gdp,GDP PC model: 0.56% growth,PBO through 2029-30; deterministic model changes thereafter,with_income,midpoint_gdp,GDP PC model: 0.56% growth,PBO forecast anchor
2043,40.1419185989843,midpoint_gdp,GDP PC model: 0.56% growth,PBO through 2029-30; deterministic model changes thereafter,with_income,midpoint_gdp,GDP PC model: 0.56% growth,PBO forecast anchor
2044,40.319171012765,midpoint_gdp,GDP PC model: 0.56% growth,PBO through 2029-30; deterministic model changes thereafter,with_income,midpoint_gdp,GDP PC model: 0.56% growth,PBO forecast anchor
2045,40.494074977905,midpoint_gdp,GDP PC model: 0.56% growth,PBO through 2029-30; deterministic model changes thereafter,with_income,midpoint_gdp,GDP PC model: 0.56% growth,PBO forecast anchor
2046,40.6666737665453,midpoint_gdp,GDP PC model: 0.56% growth,PBO through 2029-30; deterministic model changes thereafter,with_income,midpoint_gdp,GDP PC model: 0.56% growth,PBO forecast anchor
2047,40.8370094657468,midpoint_gdp,GDP PC model: 0.56% growth,PBO through 2029-30; deterministic model changes thereafter,with_income,midpoint_gdp,GDP PC model: 0.56% growth,PBO forecast anchor
2048,41.0051230203754,midpoint_gdp,GDP PC model: 0.56% growth,PBO through 2029-30; deterministic model changes thereafter,with_income,midpoint_gdp,GDP PC model: 0.56% growth,PBO forecast anchor
2049,41.1710542740614,midpoint_gdp,GDP PC model: 0.56% growth,PBO through 2029-30; deterministic model changes thereafter,with_income,midpoint_gdp,GDP PC model: 0.56% growth,PBO forecast anchor
2050,41.3348420083394,midpoint_gdp,GDP PC model: 0.56% growth,PBO through 2029-30; deterministic model changes thereafter,with_income,midpoint_gdp,GDP PC model: 0.56% growth,PBO forecast anchor
2051,41.4965239800657,midpoint_gdp,GDP PC model: 0.56% growth,PBO through 2029-30; deterministic model changes thereafter,with_income,midpoint_gdp,GDP PC model: 0.56% growth,PBO forecast anchor
2052,41.6561369572026,midpoint_gdp,GDP PC model: 0.56% growth,PBO through 2029-30; deterministic model changes thereafter,with_income,midpoint_gdp,GDP PC model: 0.56% growth,PBO forecast anchor
2053,41.8137167530515,midpoint_gdp,GDP PC model: 0.56% growth,PBO through 2029-30; deterministic model changes thereafter,with_income,midpoint_gdp,GDP PC model: 0.56% growth,PBO forecast anchor
2054,41.9692982590208,midpoint_gdp,GDP PC model: 0.56% growth,PBO through 2029-30; deterministic model changes thereafter,with_income,midpoint_gdp,GDP PC model: 0.56% growth,PBO forecast anchor
2055,42.1229154759987,midpoint_gdp,GDP PC model: 0.56% growth,PBO through 2029-30; deterministic model changes thereafter,with_income,midpoint_gdp,GDP PC model: 0.56% growth,PBO forecast anchor
2056,42.2746015443994,midpoint_gdp,GDP PC model: 0.56% growth,PBO through 2029-30; deterministic model changes thereafter,with_income,midpoint_gdp,GDP PC model: 0.56% growth,PBO forecast anchor
2057,42.4243887729599,midpoint_gdp,GDP PC model: 0.56% growth,PBO through 2029-30; deterministic model changes thereafter,with_income,midpoint_gdp,GDP PC model: 0.56% growth,PBO forecast anchor
2058,42.5723086663337,midpoint_gdp,GDP PC model: 0.56% growth,PBO through 2029-30; deterministic model changes thereafter,with_income,midpoint_gdp,GDP PC model: 0.56% growth,PBO forecast anchor
2059,42.7183919515557,midpoint_gdp,GDP PC model: 0.56% growth,PBO through 2029-30; deterministic model changes thereafter,with_income,midpoint_gdp,GDP PC model: 0.56% growth,PBO forecast anchor
2060,42.8626686034256,midpoint_gdp,GDP PC model: 0.56% growth,PBO through 2029-30; deterministic model changes thereafter,with_income,midpoint_gdp,GDP PC model: 0.56% growth,PBO forecast anchor
2061,43.0051678688615,midpoint_gdp,GDP PC model: 0.56% growth,PBO through 2029-30; deterministic model changes thereafter,with_income,midpoint_gdp,GDP PC model: 0.56% growth,PBO forecast anchor
2062,43.1459182902789,midpoint_gdp,GDP PC model: 0.56% growth,PBO through 2029-30; deterministic model changes thereafter,with_income,midpoint_gdp,GDP PC model: 0.56% growth,PBO forecast anchor
2063,43.2849477280387,midpoint_gdp,GDP PC model: 0.56% growth,PBO through 2029-30; deterministic model changes thereafter,with_income,midpoint_gdp,GDP PC model: 0.56% growth,PBO forecast anchor
2064,43.4222833820045,midpoint_gdp,GDP PC model: 0.56% growth,PBO through 2029-30; deterministic model changes thereafter,with_income,midpoint_gdp,GDP PC model: 0.56% growth,PBO forecast anchor
2065,43.5579518122578,midpoint_gdp,GDP PC model: 0.56% growth,PBO through 2029-30; deterministic model changes thereafter,with_income,midpoint_gdp,GDP PC model: 0.56% growth,PBO forecast anchor
2066,43.6919789590094,midpoint_gdp,GDP PC model: 0.56% growth,PBO through 2029-30; deterministic model changes thereafter,with_income,midpoint_gdp,GDP PC model: 0.56% growth,PBO forecast anchor
2026,37.1,pressure_gdp,GDP PC model: 0.10% growth,PBO through 2029-30; deterministic model changes thereafter,with_income,pressure_gdp,GDP PC model: 0.10% growth,PBO forecast anchor
2027,37.1,pressure_gdp,GDP PC model: 0.10% growth,PBO through 2029-30; deterministic model changes thereafter,with_income,pressure_gdp,GDP PC model: 0.10% growth,PBO forecast anchor
2028,36.4,pressure_gdp,GDP PC model: 0.10% growth,PBO through 2029-30; deterministic model changes thereafter,with_income,pressure_gdp,GDP PC model: 0.10% growth,PBO forecast anchor
2029,35.7,pressure_gdp,GDP PC model: 0.10% growth,PBO through 2029-30; deterministic model changes thereafter,with_income,pressure_gdp,GDP PC model: 0.10% growth,PBO forecast anchor
2030,34.9,pressure_gdp,GDP PC model: 0.10% growth,PBO through 2029-30; deterministic model changes thereafter,with_income,pressure_gdp,GDP PC model: 0.10% growth,PBO forecast anchor
2031,35.8285053966132,pressure_gdp,GDP PC model: 0.10% growth,PBO through 2029-30; deterministic model changes thereafter,with_income,pressure_gdp,GDP PC model: 0.10% growth,PBO forecast anchor
2032,36.684024464338,pressure_gdp,GDP PC model: 0.10% growth,PBO through 2029-30; deterministic model changes thereafter,with_income,pressure_gdp,GDP PC model: 0.10% growth,PBO forecast anchor
2033,37.46838126275,pressure_gdp,GDP PC model: 0.10% growth,PBO through 2029-30; deterministic model changes thereafter,with_income,pressure_gdp,GDP PC model: 0.10% growth,PBO forecast anchor
2034,38.2009675369083,pressure_gdp,GDP PC model: 0.10% growth,PBO through 2029-30; deterministic model changes thereafter,with_income,pressure_gdp,GDP PC model: 0.10% growth,PBO forecast anchor
2035,38.8830832030432,pressure_gdp,GDP PC model: 0.10% growth,PBO through 2029-30; deterministic model changes thereafter,with_income,pressure_gdp,GDP PC model: 0.10% growth,PBO forecast anchor
2036,39.5712437055365,pressure_gdp,GDP PC model: 0.10% growth,PBO through 2029-30; deterministic model changes thereafter,with_income,pressure_gdp,GDP PC model: 0.10% growth,PBO forecast anchor
2037,39.8895487729277,pressure_gdp,GDP PC model: 0.10% growth,PBO through 2029-30; deterministic model changes thereafter,with_income,pressure_gdp,GDP PC model: 0.10% growth,PBO forecast anchor
2038,40.2051652446145,pressure_gdp,GDP PC model: 0.10% growth,PBO through 2029-30; deterministic model changes thereafter,with_income,pressure_gdp,GDP PC model: 0.10% growth,PBO forecast anchor
2039,40.5181460753895,pressure_gdp,GDP PC model: 0.10% growth,PBO through 2029-30; deterministic model changes thereafter,with_income,pressure_gdp,GDP PC model: 0.10% growth,PBO forecast anchor
2040,40.8285426707875,pressure_gdp,GDP PC model: 0.10% growth,PBO through 2029-30; deterministic model changes thereafter,with_income,pressure_gdp,GDP PC model: 0.10% growth,PBO forecast anchor
2041,41.1364049469371,pressure_gdp,GDP PC model: 0.10% growth,PBO through 2029-30; deterministic model changes thereafter,with_income,pressure_gdp,GDP PC model: 0.10% growth,PBO forecast anchor
2042,41.4417813875465,pressure_gdp,GDP PC model: 0.10% growth,PBO through 2029-30; deterministic model changes thereafter,with_income,pressure_gdp,GDP PC model: 0.10% growth,PBO forecast anchor
2043,41.7447190981938,pressure_gdp,GDP PC model: 0.10% growth,PBO through 2029-30; deterministic model changes thereafter,with_income,pressure_gdp,GDP PC model: 0.10% growth,PBO forecast anchor
2044,42.0452638580674,pressure_gdp,GDP PC model: 0.10% growth,PBO through 2029-30; deterministic model changes thereafter,with_income,pressure_gdp,GDP PC model: 0.10% growth,PBO forecast anchor
2045,42.3434601693006,pressure_gdp,GDP PC model: 0.10% growth,PBO through 2029-30; deterministic model changes thereafter,with_income,pressure_gdp,GDP PC model: 0.10% growth,PBO forecast anchor
2046,42.6393513040338,pressure_gdp,GDP PC model: 0.10% growth,PBO through 2029-30; deterministic model changes thereafter,with_income,pressure_gdp,GDP PC model: 0.10% growth,PBO forecast anchor
2047,42.9329793493284,pressure_gdp,GDP PC model: 0.10% growth,PBO through 2029-30; deterministic model changes thereafter,with_income,pressure_gdp,GDP PC model: 0.10% growth,PBO forecast anchor
2048,43.2243852500501,pressure_gdp,GDP PC model: 0.10% growth,PBO through 2029-30; deterministic model changes thereafter,with_income,pressure_gdp,GDP PC model: 0.10% growth,PBO forecast anchor
2049,43.5136088498291,pressure_gdp,GDP PC model: 0.10% growth,PBO through 2029-30; deterministic model changes thereafter,with_income,pressure_gdp,GDP PC model: 0.10% growth,PBO forecast anchor
2050,43.8006889302002,pressure_gdp,GDP PC model: 0.10% growth,PBO through 2029-30; deterministic model changes thereafter,with_income,pressure_gdp,GDP PC model: 0.10% growth,PBO forecast anchor
2051,44.0856632480194,pressure_gdp,GDP PC model: 0.10% growth,PBO through 2029-30; deterministic model changes thereafter,with_income,pressure_gdp,GDP PC model: 0.10% growth,PBO forecast anchor
2052,44.3685685712493,pressure_gdp,GDP PC model: 0.10% growth,PBO through 2029-30; deterministic model changes thereafter,with_income,pressure_gdp,GDP PC model: 0.10% growth,PBO forecast anchor
2053,44.6494407131914,pressure_gdp,GDP PC model: 0.10% growth,PBO through 2029-30; deterministic model changes thereafter,with_income,pressure_gdp,GDP PC model: 0.10% growth,PBO forecast anchor
2054,44.9283145652537,pressure_gdp,GDP PC model: 0.10% growth,PBO through 2029-30; deterministic model changes thereafter,with_income,pressure_gdp,GDP PC model: 0.10% growth,PBO forecast anchor
2055,45.2052241283246,pressure_gdp,GDP PC model: 0.10% growth,PBO through 2029-30; deterministic model changes thereafter,with_income,pressure_gdp,GDP PC model: 0.10% growth,PBO forecast anchor
2056,45.4802025428183,pressure_gdp,GDP PC model: 0.10% growth,PBO through 2029-30; deterministic model changes thereafter,with_income,pressure_gdp,GDP PC model: 0.10% growth,PBO forecast anchor
2057,45.7532821174718,pressure_gdp,GDP PC model: 0.10% growth,PBO through 2029-30; deterministic model changes thereafter,with_income,pressure_gdp,GDP PC model: 0.10% growth,PBO forecast anchor
2058,46.0244943569387,pressure_gdp,GDP PC model: 0.10% growth,PBO through 2029-30; deterministic model changes thereafter,with_income,pressure_gdp,GDP PC model: 0.10% growth,PBO forecast anchor
2059,46.2938699882538,pressure_gdp,GDP PC model: 0.10% growth,PBO through 2029-30; deterministic model changes thereafter,with_income,pressure_gdp,GDP PC model: 0.10% growth,PBO forecast anchor
2060,46.5614389862167,pressure_gdp,GDP PC model: 0.10% growth,PBO through 2029-30; deterministic model changes thereafter,with_income,pressure_gdp,GDP PC model: 0.10% growth,PBO forecast anchor
2061,46.8272305977457,pressure_gdp,GDP PC model: 0.10% growth,PBO through 2029-30; deterministic model changes thereafter,with_income,pressure_gdp,GDP PC model: 0.10% growth,PBO forecast anchor
2062,47.091273365256,pressure_gdp,GDP PC model: 0.10% growth,PBO through 2029-30; deterministic model changes thereafter,with_income,pressure_gdp,GDP PC model: 0.10% growth,PBO forecast anchor
2063,47.3535951491088,pressure_gdp,GDP PC model: 0.10% growth,PBO through 2029-30; deterministic model changes thereafter,with_income,pressure_gdp,GDP PC model: 0.10% growth,PBO forecast anchor
2064,47.6142231491677,pressure_gdp,GDP PC model: 0.10% growth,PBO through 2029-30; deterministic model changes thereafter,with_income,pressure_gdp,GDP PC model: 0.10% growth,PBO forecast anchor
2065,47.8731839255141,pressure_gdp,GDP PC model: 0.10% growth,PBO through 2029-30; deterministic model changes thereafter,with_income,pressure_gdp,GDP PC model: 0.10% growth,PBO forecast anchor
2066,48.1305034183586,pressure_gdp,GDP PC model: 0.10% growth,PBO through 2029-30; deterministic model changes thereafter,with_income,pressure_gdp,GDP PC model: 0.10% growth,PBO forecast anchor
2026,37.1,no_income,Model excluding GDP PC,PBO through 2029-30; deterministic model changes thereafter,no_income,no_income,Model excluding GDP PC,PBO forecast anchor
2027,37.1,no_income,Model excluding GDP PC,PBO through 2029-30; deterministic model changes thereafter,no_income,no_income,Model excluding GDP PC,PBO forecast anchor
2028,36.4,no_income,Model excluding GDP PC,PBO through 2029-30; deterministic model changes thereafter,no_income,no_income,Model excluding GDP PC,PBO forecast anchor
2029,35.7,no_income,Model excluding GDP PC,PBO through 2029-30; deterministic model changes thereafter,no_income,no_income,Model excluding GDP PC,PBO forecast anchor
2030,34.9,no_income,Model excluding GDP PC,PBO through 2029-30; deterministic model changes thereafter,no_income,no_income,Model excluding GDP PC,PBO forecast anchor
2031,34.8705042633832,no_income,Model excluding GDP PC,PBO through 2029-30; deterministic model changes thereafter,no_income,no_income,Model excluding GDP PC,PBO forecast anchor
2032,34.8300450792535,no_income,Model excluding GDP PC,PBO through 2029-30; deterministic model changes thereafter,no_income,no_income,Model excluding GDP PC,PBO forecast anchor
2033,34.7418314497253,no_income,Model excluding GDP PC,PBO through 2029-30; deterministic model changes thereafter,no_income,no_income,Model excluding GDP PC,PBO forecast anchor
2034,34.6316394488347,no_income,Model excluding GDP PC,PBO through 2029-30; deterministic model changes thereafter,no_income,no_income,Model excluding GDP PC,PBO forecast anchor
2035,34.5132910878989,no_income,Model excluding GDP PC,PBO through 2029-30; deterministic model changes thereafter,no_income,no_income,Model excluding GDP PC,PBO forecast anchor
2036,34.3582492232623,no_income,Model excluding GDP PC,PBO through 2029-30; deterministic model changes thereafter,no_income,no_income,Model excluding GDP PC,PBO forecast anchor
2037,34.2733559028955,no_income,Model excluding GDP PC,PBO through 2029-30; deterministic model changes thereafter,no_income,no_income,Model excluding GDP PC,PBO forecast anchor
2038,34.1884625825286,no_income,Model excluding GDP PC,PBO through 2029-30; deterministic model changes thereafter,no_income,no_income,Model excluding GDP PC,PBO forecast anchor
2039,34.1035692621617,no_income,Model excluding GDP PC,PBO through 2029-30; deterministic model changes thereafter,no_income,no_income,Model excluding GDP PC,PBO forecast anchor
2040,34.0186759417949,no_income,Model excluding GDP PC,PBO through 2029-30; deterministic model changes thereafter,no_income,no_income,Model excluding GDP PC,PBO forecast anchor
2041,33.933782621428,no_income,Model excluding GDP PC,PBO through 2029-30; deterministic model changes thereafter,no_income,no_income,Model excluding GDP PC,PBO forecast anchor
2042,33.848889301061,no_income,Model excluding GDP PC,PBO through 2029-30; deterministic model changes thereafter,no_income,no_income,Model excluding GDP PC,PBO forecast anchor
2043,33.7639959806942,no_income,Model excluding GDP PC,PBO through 2029-30; deterministic model changes thereafter,no_income,no_income,Model excluding GDP PC,PBO forecast anchor
2044,33.6791026603273,no_income,Model excluding GDP PC,PBO through 2029-30; deterministic model changes thereafter,no_income,no_income,Model excluding GDP PC,PBO forecast anchor
2045,33.5942093399605,no_income,Model excluding GDP PC,PBO through 2029-30; deterministic model changes thereafter,no_income,no_income,Model excluding GDP PC,PBO forecast anchor
2046,33.5093160195936,no_income,Model excluding GDP PC,PBO through 2029-30; deterministic model changes thereafter,no_income,no_income,Model excluding GDP PC,PBO forecast anchor
2047,33.4244226992267,no_income,Model excluding GDP PC,PBO through 2029-30; deterministic model changes thereafter,no_income,no_income,Model excluding GDP PC,PBO forecast anchor
2048,33.3395293788599,no_income,Model excluding GDP PC,PBO through 2029-30; deterministic model changes thereafter,no_income,no_income,Model excluding GDP PC,PBO forecast anchor
2049,33.2546360584929,no_income,Model excluding GDP PC,PBO through 2029-30; deterministic model changes thereafter,no_income,no_income,Model excluding GDP PC,PBO forecast anchor
2050,33.169742738126,no_income,Model excluding GDP PC,PBO through 2029-30; deterministic model changes thereafter,no_income,no_income,Model excluding GDP PC,PBO forecast anchor
2051,33.0848494177592,no_income,Model excluding GDP PC,PBO through 2029-30; deterministic model changes thereafter,no_income,no_income,Model excluding GDP PC,PBO forecast anchor
2052,32.9999560973923,no_income,Model excluding GDP PC,PBO through 2029-30; deterministic model changes thereafter,no_income,no_income,Model excluding GDP PC,PBO forecast anchor
2053,32.9150627770254,no_income,Model excluding GDP PC,PBO through 2029-30; deterministic model changes thereafter,no_income,no_income,Model excluding GDP PC,PBO forecast anchor
2054,32.8301694566586,no_income,Model excluding GDP PC,PBO through 2029-30; deterministic model changes thereafter,no_income,no_income,Model excluding GDP PC,PBO forecast anchor
2055,32.7452761362917,no_income,Model excluding GDP PC,PBO through 2029-30; deterministic model changes thereafter,no_income,no_income,Model excluding GDP PC,PBO forecast anchor
2056,32.6603828159248,no_income,Model excluding GDP PC,PBO through 2029-30; deterministic model changes thereafter,no_income,no_income,Model excluding GDP PC,PBO forecast anchor
2057,32.5754894955579,no_income,Model excluding GDP PC,PBO through 2029-30; deterministic model changes thereafter,no_income,no_income,Model excluding GDP PC,PBO forecast anchor
2058,32.490596175191,no_income,Model excluding GDP PC,PBO through 2029-30; deterministic model changes thereafter,no_income,no_income,Model excluding GDP PC,PBO forecast anchor
2059,32.4057028548242,no_income,Model excluding GDP PC,PBO through 2029-30; deterministic model changes thereafter,no_income,no_income,Model excluding GDP PC,PBO forecast anchor
2060,32.3208095344573,no_income,Model excluding GDP PC,PBO through 2029-30; deterministic model changes thereafter,no_income,no_income,Model excluding GDP PC,PBO forecast anchor
2061,32.2359162140904,no_income,Model excluding GDP PC,PBO through 2029-30; deterministic model changes thereafter,no_income,no_income,Model excluding GDP PC,PBO forecast anchor
2062,32.1510228937235,no_income,Model excluding GDP PC,PBO through 2029-30; deterministic model changes thereafter,no_income,no_income,Model excluding GDP PC,PBO forecast anchor
2063,32.0661295733566,no_income,Model excluding GDP PC,PBO through 2029-30; deterministic model changes thereafter,no_income,no_income,Model excluding GDP PC,PBO forecast anchor
2064,31.9812362529897,no_income,Model excluding GDP PC,PBO through 2029-30; deterministic model changes thereafter,no_income,no_income,Model excluding GDP PC,PBO forecast anchor
2065,31.8963429326228,no_income,Model excluding GDP PC,PBO through 2029-30; deterministic model changes thereafter,no_income,no_income,Model excluding GDP PC,PBO forecast anchor
2066,31.8114496122559,no_income,Model excluding GDP PC,PBO through 2029-30; deterministic model changes thereafter,no_income,no_income,Model excluding GDP PC,PBO forecast anchor
2025,36.4354044063882,central_gdp,GDP PC model: 1.03% growth,Latest National Accounts actual; deterministic model changes thereafter,with_income,central_gdp,GDP PC model: 1.03% growth,Latest actual anchor
2026,37.0260083783825,central_gdp,GDP PC model: 1.03% growth,Latest National Accounts actual; deterministic model changes thereafter,with_income,central_gdp,GDP PC model: 1.03% growth,Latest actual anchor
2027,37.9122249424123,central_gdp,GDP PC model: 1.03% growth,Latest National Accounts actual; deterministic model changes thereafter,with_income,central_gdp,GDP PC model: 1.03% growth,Latest actual anchor
2028,39.1209958369083,central_gdp,GDP PC model: 1.03% growth,Latest National Accounts actual; deterministic model changes thereafter,with_income,central_gdp,GDP PC model: 1.03% growth,Latest actual anchor
2029,39.8125454890758,central_gdp,GDP PC model: 1.03% growth,Latest National Accounts actual; deterministic model changes thereafter,with_income,central_gdp,GDP PC model: 1.03% growth,Latest actual anchor
2030,40.257833634794,central_gdp,GDP PC model: 1.03% growth,Latest National Accounts actual; deterministic model changes thereafter,with_income,central_gdp,GDP PC model: 1.03% growth,Latest actual anchor
2031,40.9397543392211,central_gdp,GDP PC model: 1.03% growth,Latest National Accounts actual; deterministic model changes thereafter,with_income,central_gdp,GDP PC model: 1.03% growth,Latest actual anchor
2032,41.5486887147598,central_gdp,GDP PC model: 1.03% growth,Latest National Accounts actual; deterministic model changes thereafter,with_income,central_gdp,GDP PC model: 1.03% growth,Latest actual anchor
2033,42.0864608209857,central_gdp,GDP PC model: 1.03% growth,Latest National Accounts actual; deterministic model changes thereafter,with_income,central_gdp,GDP PC model: 1.03% growth,Latest actual anchor
2034,42.5724624029581,central_gdp,GDP PC model: 1.03% growth,Latest National Accounts actual; deterministic model changes thereafter,with_income,central_gdp,GDP PC model: 1.03% growth,Latest actual anchor
2035,43.0079933769066,central_gdp,GDP PC model: 1.03% growth,Latest National Accounts actual; deterministic model changes thereafter,with_income,central_gdp,GDP PC model: 1.03% growth,Latest actual anchor
2036,43.4495691872138,central_gdp,GDP PC model: 1.03% growth,Latest National Accounts actual; deterministic model changes thereafter,with_income,central_gdp,GDP PC model: 1.03% growth,Latest actual anchor
2037,43.5212895624189,central_gdp,GDP PC model: 1.03% growth,Latest National Accounts actual; deterministic model changes thereafter,with_income,central_gdp,GDP PC model: 1.03% growth,Latest actual anchor
2038,43.5903213419198,central_gdp,GDP PC model: 1.03% growth,Latest National Accounts actual; deterministic model changes thereafter,with_income,central_gdp,GDP PC model: 1.03% growth,Latest actual anchor
2039,43.6567174805087,central_gdp,GDP PC model: 1.03% growth,Latest National Accounts actual; deterministic model changes thereafter,with_income,central_gdp,GDP PC model: 1.03% growth,Latest actual anchor
2040,43.7205293837208,central_gdp,GDP PC model: 1.03% growth,Latest National Accounts actual; deterministic model changes thereafter,with_income,central_gdp,GDP PC model: 1.03% growth,Latest actual anchor
2041,43.781806967684,central_gdp,GDP PC model: 1.03% growth,Latest National Accounts actual; deterministic model changes thereafter,with_income,central_gdp,GDP PC model: 1.03% growth,Latest actual anchor
2042,43.8405987161074,central_gdp,GDP PC model: 1.03% growth,Latest National Accounts actual; deterministic model changes thereafter,with_income,central_gdp,GDP PC model: 1.03% growth,Latest actual anchor
2043,43.8969517345688,central_gdp,GDP PC model: 1.03% growth,Latest National Accounts actual; deterministic model changes thereafter,with_income,central_gdp,GDP PC model: 1.03% growth,Latest actual anchor
2044,43.9509118022566,central_gdp,GDP PC model: 1.03% growth,Latest National Accounts actual; deterministic model changes thereafter,with_income,central_gdp,GDP PC model: 1.03% growth,Latest actual anchor
2045,44.0025234213034,central_gdp,GDP PC model: 1.03% growth,Latest National Accounts actual; deterministic model changes thereafter,with_income,central_gdp,GDP PC model: 1.03% growth,Latest actual anchor
2046,44.0518298638507,central_gdp,GDP PC model: 1.03% growth,Latest National Accounts actual; deterministic model changes thereafter,with_income,central_gdp,GDP PC model: 1.03% growth,Latest actual anchor
2047,44.0988732169592,central_gdp,GDP PC model: 1.03% growth,Latest National Accounts actual; deterministic model changes thereafter,with_income,central_gdp,GDP PC model: 1.03% growth,Latest actual anchor
2048,44.1436944254948,central_gdp,GDP PC model: 1.03% growth,Latest National Accounts actual; deterministic model changes thereafter,with_income,central_gdp,GDP PC model: 1.03% growth,Latest actual anchor
2049,44.1863333330877,central_gdp,GDP PC model: 1.03% growth,Latest National Accounts actual; deterministic model changes thereafter,with_income,central_gdp,GDP PC model: 1.03% growth,Latest actual anchor
2050,44.2268287212727,central_gdp,GDP PC model: 1.03% growth,Latest National Accounts actual; deterministic model changes thereafter,with_income,central_gdp,GDP PC model: 1.03% growth,Latest actual anchor
2051,44.265218346906,central_gdp,GDP PC model: 1.03% growth,Latest National Accounts actual; deterministic model changes thereafter,with_income,central_gdp,GDP PC model: 1.03% growth,Latest actual anchor
2052,44.3015389779498,central_gdp,GDP PC model: 1.03% growth,Latest National Accounts actual; deterministic model changes thereafter,with_income,central_gdp,GDP PC model: 1.03% growth,Latest actual anchor
2053,44.3358264277057,central_gdp,GDP PC model: 1.03% growth,Latest National Accounts actual; deterministic model changes thereafter,with_income,central_gdp,GDP PC model: 1.03% growth,Latest actual anchor
2054,44.3681155875819,central_gdp,GDP PC model: 1.03% growth,Latest National Accounts actual; deterministic model changes thereafter,with_income,central_gdp,GDP PC model: 1.03% growth,Latest actual anchor
2055,44.3984404584667,central_gdp,GDP PC model: 1.03% growth,Latest National Accounts actual; deterministic model changes thereafter,with_income,central_gdp,GDP PC model: 1.03% growth,Latest actual anchor
2056,44.4268341807746,central_gdp,GDP PC model: 1.03% growth,Latest National Accounts actual; deterministic model changes thereafter,with_income,central_gdp,GDP PC model: 1.03% growth,Latest actual anchor
2057,44.453329063242,central_gdp,GDP PC model: 1.03% growth,Latest National Accounts actual; deterministic model changes thereafter,with_income,central_gdp,GDP PC model: 1.03% growth,Latest actual anchor
2058,44.4779566105228,central_gdp,GDP PC model: 1.03% growth,Latest National Accounts actual; deterministic model changes thereafter,with_income,central_gdp,GDP PC model: 1.03% growth,Latest actual anchor
2059,44.5007475496517,central_gdp,GDP PC model: 1.03% growth,Latest National Accounts actual; deterministic model changes thereafter,with_income,central_gdp,GDP PC model: 1.03% growth,Latest actual anchor
2060,44.5217318554285,central_gdp,GDP PC model: 1.03% growth,Latest National Accounts actual; deterministic model changes thereafter,with_income,central_gdp,GDP PC model: 1.03% growth,Latest actual anchor
2061,44.5409387747714,central_gdp,GDP PC model: 1.03% growth,Latest National Accounts actual; deterministic model changes thereafter,with_income,central_gdp,GDP PC model: 1.03% growth,Latest actual anchor
2062,44.5583968500958,central_gdp,GDP PC model: 1.03% growth,Latest National Accounts actual; deterministic model changes thereafter,with_income,central_gdp,GDP PC model: 1.03% growth,Latest actual anchor
2063,44.5741339417625,central_gdp,GDP PC model: 1.03% growth,Latest National Accounts actual; deterministic model changes thereafter,with_income,central_gdp,GDP PC model: 1.03% growth,Latest actual anchor
2064,44.5881772496353,central_gdp,GDP PC model: 1.03% growth,Latest National Accounts actual; deterministic model changes thereafter,with_income,central_gdp,GDP PC model: 1.03% growth,Latest actual anchor
2065,44.6005533337955,central_gdp,GDP PC model: 1.03% growth,Latest National Accounts actual; deterministic model changes thereafter,with_income,central_gdp,GDP PC model: 1.03% growth,Latest actual anchor
2066,44.6112881344542,central_gdp,GDP PC model: 1.03% growth,Latest National Accounts actual; deterministic model changes thereafter,with_income,central_gdp,GDP PC model: 1.03% growth,Latest actual anchor
2025,36.4354044063882,midpoint_gdp,GDP PC model: 0.56% growth,Latest National Accounts actual; deterministic model changes thereafter,with_income,midpoint_gdp,GDP PC model: 0.56% growth,Latest actual anchor
2026,37.0584681124528,midpoint_gdp,GDP PC model: 0.56% growth,Latest National Accounts actual; deterministic model changes thereafter,with_income,midpoint_gdp,GDP PC model: 0.56% growth,Latest actual anchor
2027,37.9773017912356,midpoint_gdp,GDP PC model: 0.56% growth,Latest National Accounts actual; deterministic model changes thereafter,with_income,midpoint_gdp,GDP PC model: 0.56% growth,Latest actual anchor
2028,39.2187690645108,midpoint_gdp,GDP PC model: 0.56% growth,Latest National Accounts actual; deterministic model changes thereafter,with_income,midpoint_gdp,GDP PC model: 0.56% growth,Latest actual anchor
2029,39.9430548721134,midpoint_gdp,GDP PC model: 0.56% growth,Latest National Accounts actual; deterministic model changes thereafter,with_income,midpoint_gdp,GDP PC model: 0.56% growth,Latest actual anchor
2030,40.4211190468204,midpoint_gdp,GDP PC model: 0.56% growth,Latest National Accounts actual; deterministic model changes thereafter,with_income,midpoint_gdp,GDP PC model: 0.56% growth,Latest actual anchor
2031,41.2263320973405,midpoint_gdp,GDP PC model: 0.56% growth,Latest National Accounts actual; deterministic model changes thereafter,with_income,midpoint_gdp,GDP PC model: 0.56% growth,Latest actual anchor
2032,41.9585588189723,midpoint_gdp,GDP PC model: 0.56% growth,Latest National Accounts actual; deterministic model changes thereafter,with_income,midpoint_gdp,GDP PC model: 0.56% growth,Latest actual anchor
2033,42.6196232712913,midpoint_gdp,GDP PC model: 0.56% growth,Latest National Accounts actual; deterministic model changes thereafter,with_income,midpoint_gdp,GDP PC model: 0.56% growth,Latest actual anchor
2034,43.2289171993566,midpoint_gdp,GDP PC model: 0.56% growth,Latest National Accounts actual; deterministic model changes thereafter,with_income,midpoint_gdp,GDP PC model: 0.56% growth,Latest actual anchor
2035,43.7877405193983,midpoint_gdp,GDP PC model: 0.56% growth,Latest National Accounts actual; deterministic model changes thereafter,with_income,midpoint_gdp,GDP PC model: 0.56% growth,Latest actual anchor
2036,44.3526086757985,midpoint_gdp,GDP PC model: 0.56% growth,Latest National Accounts actual; deterministic model changes thereafter,with_income,midpoint_gdp,GDP PC model: 0.56% growth,Latest actual anchor
2037,44.5476213970967,midpoint_gdp,GDP PC model: 0.56% growth,Latest National Accounts actual; deterministic model changes thereafter,with_income,midpoint_gdp,GDP PC model: 0.56% growth,Latest actual anchor
2038,44.7399455226905,midpoint_gdp,GDP PC model: 0.56% growth,Latest National Accounts actual; deterministic model changes thereafter,with_income,midpoint_gdp,GDP PC model: 0.56% growth,Latest actual anchor
2039,44.9296340073725,midpoint_gdp,GDP PC model: 0.56% growth,Latest National Accounts actual; deterministic model changes thereafter,with_income,midpoint_gdp,GDP PC model: 0.56% growth,Latest actual anchor
2040,45.1167382566776,midpoint_gdp,GDP PC model: 0.56% growth,Latest National Accounts actual; deterministic model changes thereafter,with_income,midpoint_gdp,GDP PC model: 0.56% growth,Latest actual anchor
2041,45.301308186734,midpoint_gdp,GDP PC model: 0.56% growth,Latest National Accounts actual; deterministic model changes thereafter,with_income,midpoint_gdp,GDP PC model: 0.56% growth,Latest actual anchor
2042,45.4833922812503,midpoint_gdp,GDP PC model: 0.56% growth,Latest National Accounts actual; deterministic model changes thereafter,with_income,midpoint_gdp,GDP PC model: 0.56% growth,Latest actual anchor
2043,45.6630376458047,midpoint_gdp,GDP PC model: 0.56% growth,Latest National Accounts actual; deterministic model changes thereafter,with_income,midpoint_gdp,GDP PC model: 0.56% growth,Latest actual anchor
2044,45.8402900595854,midpoint_gdp,GDP PC model: 0.56% growth,Latest National Accounts actual; deterministic model changes thereafter,with_income,midpoint_gdp,GDP PC model: 0.56% growth,Latest actual anchor
2045,46.0151940247254,midpoint_gdp,GDP PC model: 0.56% growth,Latest National Accounts actual; deterministic model changes thereafter,with_income,midpoint_gdp,GDP PC model: 0.56% growth,Latest actual anchor
2046,46.1877928133657,midpoint_gdp,GDP PC model: 0.56% growth,Latest National Accounts actual; deterministic model changes thereafter,with_income,midpoint_gdp,GDP PC model: 0.56% growth,Latest actual anchor
2047,46.3581285125672,midpoint_gdp,GDP PC model: 0.56% growth,Latest National Accounts actual; deterministic model changes thereafter,with_income,midpoint_gdp,GDP PC model: 0.56% growth,Latest actual anchor
2048,46.5262420671958,midpoint_gdp,GDP PC model: 0.56% growth,Latest National Accounts actual; deterministic model changes thereafter,with_income,midpoint_gdp,GDP PC model: 0.56% growth,Latest actual anchor
2049,46.6921733208818,midpoint_gdp,GDP PC model: 0.56% growth,Latest National Accounts actual; deterministic model changes thereafter,with_income,midpoint_gdp,GDP PC model: 0.56% growth,Latest actual anchor
2050,46.8559610551599,midpoint_gdp,GDP PC model: 0.56% growth,Latest National Accounts actual; deterministic model changes thereafter,with_income,midpoint_gdp,GDP PC model: 0.56% growth,Latest actual anchor
2051,47.0176430268861,midpoint_gdp,GDP PC model: 0.56% growth,Latest National Accounts actual; deterministic model changes thereafter,with_income,midpoint_gdp,GDP PC model: 0.56% growth,Latest actual anchor
2052,47.177256004023,midpoint_gdp,GDP PC model: 0.56% growth,Latest National Accounts actual; deterministic model changes thereafter,with_income,midpoint_gdp,GDP PC model: 0.56% growth,Latest actual anchor
2053,47.334835799872,midpoint_gdp,GDP PC model: 0.56% growth,Latest National Accounts actual; deterministic model changes thereafter,with_income,midpoint_gdp,GDP PC model: 0.56% growth,Latest actual anchor
2054,47.4904173058412,midpoint_gdp,GDP PC model: 0.56% growth,Latest National Accounts actual; deterministic model changes thereafter,with_income,midpoint_gdp,GDP PC model: 0.56% growth,Latest actual anchor
2055,47.6440345228191,midpoint_gdp,GDP PC model: 0.56% growth,Latest National Accounts actual; deterministic model changes thereafter,with_income,midpoint_gdp,GDP PC model: 0.56% growth,Latest actual anchor
2056,47.7957205912198,midpoint_gdp,GDP PC model: 0.56% growth,Latest National Accounts actual; deterministic model changes thereafter,with_income,midpoint_gdp,GDP PC model: 0.56% growth,Latest actual anchor
2057,47.9455078197803,midpoint_gdp,GDP PC model: 0.56% growth,Latest National Accounts actual; deterministic model changes thereafter,with_income,midpoint_gdp,GDP PC model: 0.56% growth,Latest actual anchor
2058,48.0934277131542,midpoint_gdp,GDP PC model: 0.56% growth,Latest National Accounts actual; deterministic model changes thereafter,with_income,midpoint_gdp,GDP PC model: 0.56% growth,Latest actual anchor
2059,48.2395109983761,midpoint_gdp,GDP PC model: 0.56% growth,Latest National Accounts actual; deterministic model changes thereafter,with_income,midpoint_gdp,GDP PC model: 0.56% growth,Latest actual anchor
2060,48.383787650246,midpoint_gdp,GDP PC model: 0.56% growth,Latest National Accounts actual; deterministic model changes thereafter,with_income,midpoint_gdp,GDP PC model: 0.56% growth,Latest actual anchor
2061,48.5262869156819,midpoint_gdp,GDP PC model: 0.56% growth,Latest National Accounts actual; deterministic model changes thereafter,with_income,midpoint_gdp,GDP PC model: 0.56% growth,Latest actual anchor
2062,48.6670373370993,midpoint_gdp,GDP PC model: 0.56% growth,Latest National Accounts actual; deterministic model changes thereafter,with_income,midpoint_gdp,GDP PC model: 0.56% growth,Latest actual anchor
2063,48.8060667748591,midpoint_gdp,GDP PC model: 0.56% growth,Latest National Accounts actual; deterministic model changes thereafter,with_income,midpoint_gdp,GDP PC model: 0.56% growth,Latest actual anchor
2064,48.9434024288249,midpoint_gdp,GDP PC model: 0.56% growth,Latest National Accounts actual; deterministic model changes thereafter,with_income,midpoint_gdp,GDP PC model: 0.56% growth,Latest actual anchor
2065,49.0790708590782,midpoint_gdp,GDP PC model: 0.56% growth,Latest National Accounts actual; deterministic model changes thereafter,with_income,midpoint_gdp,GDP PC model: 0.56% growth,Latest actual anchor
2066,49.2130980058298,midpoint_gdp,GDP PC model: 0.56% growth,Latest National Accounts actual; deterministic model changes thereafter,with_income,midpoint_gdp,GDP PC model: 0.56% growth,Latest actual anchor
2025,36.4354044063882,pressure_gdp,GDP PC model: 0.10% growth,Latest National Accounts actual; deterministic model changes thereafter,with_income,pressure_gdp,GDP PC model: 0.10% growth,Latest actual anchor
2026,37.0909278465231,pressure_gdp,GDP PC model: 0.10% growth,Latest National Accounts actual; deterministic model changes thereafter,with_income,pressure_gdp,GDP PC model: 0.10% growth,Latest actual anchor
2027,38.0423786400589,pressure_gdp,GDP PC model: 0.10% growth,Latest National Accounts actual; deterministic model changes thereafter,with_income,pressure_gdp,GDP PC model: 0.10% growth,Latest actual anchor
2028,39.3165422921133,pressure_gdp,GDP PC model: 0.10% growth,Latest National Accounts actual; deterministic model changes thereafter,with_income,pressure_gdp,GDP PC model: 0.10% growth,Latest actual anchor
2029,40.073564255151,pressure_gdp,GDP PC model: 0.10% growth,Latest National Accounts actual; deterministic model changes thereafter,with_income,pressure_gdp,GDP PC model: 0.10% growth,Latest actual anchor
2030,40.5844044588468,pressure_gdp,GDP PC model: 0.10% growth,Latest National Accounts actual; deterministic model changes thereafter,with_income,pressure_gdp,GDP PC model: 0.10% growth,Latest actual anchor
2031,41.51290985546,pressure_gdp,GDP PC model: 0.10% growth,Latest National Accounts actual; deterministic model changes thereafter,with_income,pressure_gdp,GDP PC model: 0.10% growth,Latest actual anchor
2032,42.3684289231848,pressure_gdp,GDP PC model: 0.10% growth,Latest National Accounts actual; deterministic model changes thereafter,with_income,pressure_gdp,GDP PC model: 0.10% growth,Latest actual anchor
2033,43.1527857215968,pressure_gdp,GDP PC model: 0.10% growth,Latest National Accounts actual; deterministic model changes thereafter,with_income,pressure_gdp,GDP PC model: 0.10% growth,Latest actual anchor
2034,43.8853719957551,pressure_gdp,GDP PC model: 0.10% growth,Latest National Accounts actual; deterministic model changes thereafter,with_income,pressure_gdp,GDP PC model: 0.10% growth,Latest actual anchor
2035,44.56748766189,pressure_gdp,GDP PC model: 0.10% growth,Latest National Accounts actual; deterministic model changes thereafter,with_income,pressure_gdp,GDP PC model: 0.10% growth,Latest actual anchor
2036,45.2556481643833,pressure_gdp,GDP PC model: 0.10% growth,Latest National Accounts actual; deterministic model changes thereafter,with_income,pressure_gdp,GDP PC model: 0.10% growth,Latest actual anchor
2037,45.5739532317745,pressure_gdp,GDP PC model: 0.10% growth,Latest National Accounts actual; deterministic model changes thereafter,with_income,pressure_gdp,GDP PC model: 0.10% growth,Latest actual anchor
2038,45.8895697034613,pressure_gdp,GDP PC model: 0.10% growth,Latest National Accounts actual; deterministic model changes thereafter,with_income,pressure_gdp,GDP PC model: 0.10% growth,Latest actual anchor
2039,46.2025505342363,pressure_gdp,GDP PC model: 0.10% growth,Latest National Accounts actual; deterministic model changes thereafter,with_income,pressure_gdp,GDP PC model: 0.10% growth,Latest actual anchor
2040,46.5129471296343,pressure_gdp,GDP PC model: 0.10% growth,Latest National Accounts actual; deterministic model changes thereafter,with_income,pressure_gdp,GDP PC model: 0.10% growth,Latest actual anchor
2041,46.8208094057839,pressure_gdp,GDP PC model: 0.10% growth,Latest National Accounts actual; deterministic model changes thereafter,with_income,pressure_gdp,GDP PC model: 0.10% growth,Latest actual anchor
2042,47.1261858463933,pressure_gdp,GDP PC model: 0.10% growth,Latest National Accounts actual; deterministic model changes thereafter,with_income,pressure_gdp,GDP PC model: 0.10% growth,Latest actual anchor
2043,47.4291235570406,pressure_gdp,GDP PC model: 0.10% growth,Latest National Accounts actual; deterministic model changes thereafter,with_income,pressure_gdp,GDP PC model: 0.10% growth,Latest actual anchor
2044,47.7296683169142,pressure_gdp,GDP PC model: 0.10% growth,Latest National Accounts actual; deterministic model changes thereafter,with_income,pressure_gdp,GDP PC model: 0.10% growth,Latest actual anchor
2045,48.0278646281474,pressure_gdp,GDP PC model: 0.10% growth,Latest National Accounts actual; deterministic model changes thereafter,with_income,pressure_gdp,GDP PC model: 0.10% growth,Latest actual anchor
2046,48.3237557628806,pressure_gdp,GDP PC model: 0.10% growth,Latest National Accounts actual; deterministic model changes thereafter,with_income,pressure_gdp,GDP PC model: 0.10% growth,Latest actual anchor
2047,48.6173838081752,pressure_gdp,GDP PC model: 0.10% growth,Latest National Accounts actual; deterministic model changes thereafter,with_income,pressure_gdp,GDP PC model: 0.10% growth,Latest actual anchor
2048,48.9087897088969,pressure_gdp,GDP PC model: 0.10% growth,Latest National Accounts actual; deterministic model changes thereafter,with_income,pressure_gdp,GDP PC model: 0.10% growth,Latest actual anchor
2049,49.198013308676,pressure_gdp,GDP PC model: 0.10% growth,Latest National Accounts actual; deterministic model changes thereafter,with_income,pressure_gdp,GDP PC model: 0.10% growth,Latest actual anchor
2050,49.485093389047,pressure_gdp,GDP PC model: 0.10% growth,Latest National Accounts actual; deterministic model changes thereafter,with_income,pressure_gdp,GDP PC model: 0.10% growth,Latest actual anchor
2051,49.7700677068662,pressure_gdp,GDP PC model: 0.10% growth,Latest National Accounts actual; deterministic model changes thereafter,with_income,pressure_gdp,GDP PC model: 0.10% growth,Latest actual anchor
2052,50.0529730300961,pressure_gdp,GDP PC model: 0.10% growth,Latest National Accounts actual; deterministic model changes thereafter,with_income,pressure_gdp,GDP PC model: 0.10% growth,Latest actual anchor
2053,50.3338451720382,pressure_gdp,GDP PC model: 0.10% growth,Latest National Accounts actual; deterministic model changes thereafter,with_income,pressure_gdp,GDP PC model: 0.10% growth,Latest actual anchor
2054,50.6127190241005,pressure_gdp,GDP PC model: 0.10% growth,Latest National Accounts actual; deterministic model changes thereafter,with_income,pressure_gdp,GDP PC model: 0.10% growth,Latest actual anchor
2055,50.8896285871714,pressure_gdp,GDP PC model: 0.10% growth,Latest National Accounts actual; deterministic model changes thereafter,with_income,pressure_gdp,GDP PC model: 0.10% growth,Latest actual anchor
2056,51.1646070016651,pressure_gdp,GDP PC model: 0.10% growth,Latest National Accounts actual; deterministic model changes thereafter,with_income,pressure_gdp,GDP PC model: 0.10% growth,Latest actual anchor
2057,51.4376865763186,pressure_gdp,GDP PC model: 0.10% growth,Latest National Accounts actual; deterministic model changes thereafter,with_income,pressure_gdp,GDP PC model: 0.10% growth,Latest actual anchor
2058,51.7088988157855,pressure_gdp,GDP PC model: 0.10% growth,Latest National Accounts actual; deterministic model changes thereafter,with_income,pressure_gdp,GDP PC model: 0.10% growth,Latest actual anchor
2059,51.9782744471006,pressure_gdp,GDP PC model: 0.10% growth,Latest National Accounts actual; deterministic model changes thereafter,with_income,pressure_gdp,GDP PC model: 0.10% growth,Latest actual anchor
2060,52.2458434450635,pressure_gdp,GDP PC model: 0.10% growth,Latest National Accounts actual; deterministic model changes thereafter,with_income,pressure_gdp,GDP PC model: 0.10% growth,Latest actual anchor
2061,52.5116350565925,pressure_gdp,GDP PC model: 0.10% growth,Latest National Accounts actual; deterministic model changes thereafter,with_income,pressure_gdp,GDP PC model: 0.10% growth,Latest actual anchor
2062,52.7756778241028,pressure_gdp,GDP PC model: 0.10% growth,Latest National Accounts actual; deterministic model changes thereafter,with_income,pressure_gdp,GDP PC model: 0.10% growth,Latest actual anchor
2063,53.0379996079556,pressure_gdp,GDP PC model: 0.10% growth,Latest National Accounts actual; deterministic model changes thereafter,with_income,pressure_gdp,GDP PC model: 0.10% growth,Latest actual anchor
2064,53.2986276080145,pressure_gdp,GDP PC model: 0.10% growth,Latest National Accounts actual; deterministic model changes thereafter,with_income,pressure_gdp,GDP PC model: 0.10% growth,Latest actual anchor
2065,53.5575883843609,pressure_gdp,GDP PC model: 0.10% growth,Latest National Accounts actual; deterministic model changes thereafter,with_income,pressure_gdp,GDP PC model: 0.10% growth,Latest actual anchor
2066,53.8149078772054,pressure_gdp,GDP PC model: 0.10% growth,Latest National Accounts actual; deterministic model changes thereafter,with_income,pressure_gdp,GDP PC model: 0.10% growth,Latest actual anchor
2025,36.4354044063882,no_income,Model excluding GDP PC,Latest National Accounts actual; deterministic model changes thereafter,no_income,no_income,Model excluding GDP PC,Latest actual anchor
2026,36.3949826835836,no_income,Model excluding GDP PC,Latest National Accounts actual; deterministic model changes thereafter,no_income,no_income,Model excluding GDP PC,Latest actual anchor
2027,36.3146921036945,no_income,Model excluding GDP PC,Latest National Accounts actual; deterministic model changes thereafter,no_income,no_income,Model excluding GDP PC,Latest actual anchor
2028,36.2396349308223,no_income,Model excluding GDP PC,Latest National Accounts actual; deterministic model changes thereafter,no_income,no_income,Model excluding GDP PC,Latest actual anchor
2029,36.1729582198093,no_income,Model excluding GDP PC,Latest National Accounts actual; deterministic model changes thereafter,no_income,no_income,Model excluding GDP PC,Latest actual anchor
2030,36.1207350909866,no_income,Model excluding GDP PC,Latest National Accounts actual; deterministic model changes thereafter,no_income,no_income,Model excluding GDP PC,Latest actual anchor
2031,36.0912393543699,no_income,Model excluding GDP PC,Latest National Accounts actual; deterministic model changes thereafter,no_income,no_income,Model excluding GDP PC,Latest actual anchor
2032,36.0507801702402,no_income,Model excluding GDP PC,Latest National Accounts actual; deterministic model changes thereafter,no_income,no_income,Model excluding GDP PC,Latest actual anchor
2033,35.9625665407119,no_income,Model excluding GDP PC,Latest National Accounts actual; deterministic model changes thereafter,no_income,no_income,Model excluding GDP PC,Latest actual anchor
2034,35.8523745398213,no_income,Model excluding GDP PC,Latest National Accounts actual; deterministic model changes thereafter,no_income,no_income,Model excluding GDP PC,Latest actual anchor
2035,35.7340261788855,no_income,Model excluding GDP PC,Latest National Accounts actual; deterministic model changes thereafter,no_income,no_income,Model excluding GDP PC,Latest actual anchor
2036,35.578984314249,no_income,Model excluding GDP PC,Latest National Accounts actual; deterministic model changes thereafter,no_income,no_income,Model excluding GDP PC,Latest actual anchor
2037,35.4940909938821,no_income,Model excluding GDP PC,Latest National Accounts actual; deterministic model changes thereafter,no_income,no_income,Model excluding GDP PC,Latest actual anchor
2038,35.4091976735152,no_income,Model excluding GDP PC,Latest National Accounts actual; deterministic model changes thereafter,no_income,no_income,Model excluding GDP PC,Latest actual anchor
2039,35.3243043531483,no_income,Model excluding GDP PC,Latest National Accounts actual; deterministic model changes thereafter,no_income,no_income,Model excluding GDP PC,Latest actual anchor
2040,35.2394110327815,no_income,Model excluding GDP PC,Latest National Accounts actual; deterministic model changes thereafter,no_income,no_income,Model excluding GDP PC,Latest actual anchor
2041,35.1545177124146,no_income,Model excluding GDP PC,Latest National Accounts actual; deterministic model changes thereafter,no_income,no_income,Model excluding GDP PC,Latest actual anchor
2042,35.0696243920477,no_income,Model excluding GDP PC,Latest National Accounts actual; deterministic model changes thereafter,no_income,no_income,Model excluding GDP PC,Latest actual anchor
2043,34.9847310716808,no_income,Model excluding GDP PC,Latest National Accounts actual; deterministic model changes thereafter,no_income,no_income,Model excluding GDP PC,Latest actual anchor
2044,34.8998377513139,no_income,Model excluding GDP PC,Latest National Accounts actual; deterministic model changes thereafter,no_income,no_income,Model excluding GDP PC,Latest actual anchor
2045,34.8149444309471,no_income,Model excluding GDP PC,Latest National Accounts actual; deterministic model changes thereafter,no_income,no_income,Model excluding GDP PC,Latest actual anchor
2046,34.7300511105802,no_income,Model excluding GDP PC,Latest National Accounts actual; deterministic model changes thereafter,no_income,no_income,Model excluding GDP PC,Latest actual anchor
2047,34.6451577902133,no_income,Model excluding GDP PC,Latest National Accounts actual; deterministic model changes thereafter,no_income,no_income,Model excluding GDP PC,Latest actual anchor
2048,34.5602644698465,no_income,Model excluding GDP PC,Latest National Accounts actual; deterministic model changes thereafter,no_income,no_income,Model excluding GDP PC,Latest actual anchor
2049,34.4753711494795,no_income,Model excluding GDP PC,Latest National Accounts actual; deterministic model changes thereafter,no_income,no_income,Model excluding GDP PC,Latest actual anchor
2050,34.3904778291126,no_income,Model excluding GDP PC,Latest National Accounts actual; deterministic model changes thereafter,no_income,no_income,Model excluding GDP PC,Latest actual anchor
2051,34.3055845087458,no_income,Model excluding GDP PC,Latest National Accounts actual; deterministic model changes thereafter,no_income,no_income,Model excluding GDP PC,Latest actual anchor
2052,34.2206911883789,no_income,Model excluding GDP PC,Latest National Accounts actual; deterministic model changes thereafter,no_income,no_income,Model excluding GDP PC,Latest actual anchor
2053,34.135797868012,no_income,Model excluding GDP PC,Latest National Accounts actual; deterministic model changes thereafter,no_income,no_income,Model excluding GDP PC,Latest actual anchor
2054,34.0509045476452,no_income,Model excluding GDP PC,Latest National Accounts actual; deterministic model changes thereafter,no_income,no_income,Model excluding GDP PC,Latest actual anchor
2055,33.9660112272783,no_income,Model excluding GDP PC,Latest National Accounts actual; deterministic model changes thereafter,no_income,no_income,Model excluding GDP PC,Latest actual anchor
2056,33.8811179069114,no_income,Model excluding GDP PC,Latest National Accounts actual; deterministic model changes thereafter,no_income,no_income,Model excluding GDP PC,Latest actual anchor
2057,33.7962245865445,no_income,Model excluding GDP PC,Latest National Accounts actual; deterministic model changes thereafter,no_income,no_income,Model excluding GDP PC,Latest actual anchor
2058,33.7113312661776,no_income,Model excluding GDP PC,Latest National Accounts actual; deterministic model changes thereafter,no_income,no_income,Model excluding GDP PC,Latest actual anchor
2059,33.6264379458108,no_income,Model excluding GDP PC,Latest National Accounts actual; deterministic model changes thereafter,no_income,no_income,Model excluding GDP PC,Latest actual anchor
2060,33.5415446254439,no_income,Model excluding GDP PC,Latest National Accounts actual; deterministic model changes thereafter,no_income,no_income,Model excluding GDP PC,Latest actual anchor
2061,33.456651305077,no_income,Model excluding GDP PC,Latest National Accounts actual; deterministic model changes thereafter,no_income,no_income,Model excluding GDP PC,Latest actual anchor
2062,33.3717579847102,no_income,Model excluding GDP PC,Latest National Accounts actual; deterministic model changes thereafter,no_income,no_income,Model excluding GDP PC,Latest actual anchor
2063,33.2868646643432,no_income,Model excluding GDP PC,Latest National Accounts actual; deterministic model changes thereafter,no_income,no_income,Model excluding GDP PC,Latest actual anchor
2064,33.2019713439763,no_income,Model excluding GDP PC,Latest National Accounts actual; deterministic model changes thereafter,no_income,no_income,Model excluding GDP PC,Latest actual anchor
2065,33.1170780236095,no_income,Model excluding GDP PC,Latest National Accounts actual; deterministic model changes thereafter,no_income,no_income,Model excluding GDP PC,Latest actual anchor
2066,33.0321847032426,no_income,Model excluding GDP PC,Latest National Accounts actual; deterministic model changes thereafter,no_income,no_income,Model excluding GDP PC,Latest actual anchor
2019,34.0792684143503,central_gdp,GDP PC model: 1.03% growth,FY2018-19 actual; deterministic structural changes thereafter,with_income,central_gdp,GDP PC model: 1.03% growth,FY2018-19 actual anchor
2020,35.0930481601006,central_gdp,GDP PC model: 1.03% growth,FY2018-19 actual; deterministic structural changes thereafter,with_income,central_gdp,GDP PC model: 1.03% growth,FY2018-19 actual anchor
2021,34.729861993155,central_gdp,GDP PC model: 1.03% growth,FY2018-19 actual; deterministic structural changes thereafter,with_income,central_gdp,GDP PC model: 1.03% growth,FY2018-19 actual anchor
2022,33.5299356308699,central_gdp,GDP PC model: 1.03% growth,FY2018-19 actual; deterministic structural changes thereafter,with_income,central_gdp,GDP PC model: 1.03% growth,FY2018-19 actual anchor
2023,33.5175094780269,central_gdp,GDP PC model: 1.03% growth,FY2018-19 actual; deterministic structural changes thereafter,with_income,central_gdp,GDP PC model: 1.03% growth,FY2018-19 actual anchor
2024,35.3350659648415,central_gdp,GDP PC model: 1.03% growth,FY2018-19 actual; deterministic structural changes thereafter,with_income,central_gdp,GDP PC model: 1.03% growth,FY2018-19 actual anchor
2025,36.7220588322163,central_gdp,GDP PC model: 1.03% growth,FY2018-19 actual; deterministic structural changes thereafter,with_income,central_gdp,GDP PC model: 1.03% growth,FY2018-19 actual anchor
2026,37.3126628042106,central_gdp,GDP PC model: 1.03% growth,FY2018-19 actual; deterministic structural changes thereafter,with_income,central_gdp,GDP PC model: 1.03% growth,FY2018-19 actual anchor
2027,38.1988793682404,central_gdp,GDP PC model: 1.03% growth,FY2018-19 actual; deterministic structural changes thereafter,with_income,central_gdp,GDP PC model: 1.03% growth,FY2018-19 actual anchor
2028,39.4076502627363,central_gdp,GDP PC model: 1.03% growth,FY2018-19 actual; deterministic structural changes thereafter,with_income,central_gdp,GDP PC model: 1.03% growth,FY2018-19 actual anchor
2029,40.0991999149038,central_gdp,GDP PC model: 1.03% growth,FY2018-19 actual; deterministic structural changes thereafter,with_income,central_gdp,GDP PC model: 1.03% growth,FY2018-19 actual anchor
2030,40.5444880606221,central_gdp,GDP PC model: 1.03% growth,FY2018-19 actual; deterministic structural changes thereafter,with_income,central_gdp,GDP PC model: 1.03% growth,FY2018-19 actual anchor
2031,41.2264087650491,central_gdp,GDP PC model: 1.03% growth,FY2018-19 actual; deterministic structural changes thereafter,with_income,central_gdp,GDP PC model: 1.03% growth,FY2018-19 actual anchor
2032,41.8353431405878,central_gdp,GDP PC model: 1.03% growth,FY2018-19 actual; deterministic structural changes thereafter,with_income,central_gdp,GDP PC model: 1.03% growth,FY2018-19 actual anchor
2033,42.3731152468137,central_gdp,GDP PC model: 1.03% growth,FY2018-19 actual; deterministic structural changes thereafter,with_income,central_gdp,GDP PC model: 1.03% growth,FY2018-19 actual anchor
2034,42.8591168287861,central_gdp,GDP PC model: 1.03% growth,FY2018-19 actual; deterministic structural changes thereafter,with_income,central_gdp,GDP PC model: 1.03% growth,FY2018-19 actual anchor
2035,43.2946478027346,central_gdp,GDP PC model: 1.03% growth,FY2018-19 actual; deterministic structural changes thereafter,with_income,central_gdp,GDP PC model: 1.03% growth,FY2018-19 actual anchor
2036,43.7362236130418,central_gdp,GDP PC model: 1.03% growth,FY2018-19 actual; deterministic structural changes thereafter,with_income,central_gdp,GDP PC model: 1.03% growth,FY2018-19 actual anchor
2037,43.8079439882469,central_gdp,GDP PC model: 1.03% growth,FY2018-19 actual; deterministic structural changes thereafter,with_income,central_gdp,GDP PC model: 1.03% growth,FY2018-19 actual anchor
2038,43.8769757677478,central_gdp,GDP PC model: 1.03% growth,FY2018-19 actual; deterministic structural changes thereafter,with_income,central_gdp,GDP PC model: 1.03% growth,FY2018-19 actual anchor
2039,43.9433719063368,central_gdp,GDP PC model: 1.03% growth,FY2018-19 actual; deterministic structural changes thereafter,with_income,central_gdp,GDP PC model: 1.03% growth,FY2018-19 actual anchor
2040,44.0071838095489,central_gdp,GDP PC model: 1.03% growth,FY2018-19 actual; deterministic structural changes thereafter,with_income,central_gdp,GDP PC model: 1.03% growth,FY2018-19 actual anchor
2041,44.0684613935121,central_gdp,GDP PC model: 1.03% growth,FY2018-19 actual; deterministic structural changes thereafter,with_income,central_gdp,GDP PC model: 1.03% growth,FY2018-19 actual anchor
2042,44.1272531419354,central_gdp,GDP PC model: 1.03% growth,FY2018-19 actual; deterministic structural changes thereafter,with_income,central_gdp,GDP PC model: 1.03% growth,FY2018-19 actual anchor
2043,44.1836061603968,central_gdp,GDP PC model: 1.03% growth,FY2018-19 actual; deterministic structural changes thereafter,with_income,central_gdp,GDP PC model: 1.03% growth,FY2018-19 actual anchor
2044,44.2375662280846,central_gdp,GDP PC model: 1.03% growth,FY2018-19 actual; deterministic structural changes thereafter,with_income,central_gdp,GDP PC model: 1.03% growth,FY2018-19 actual anchor
2045,44.2891778471315,central_gdp,GDP PC model: 1.03% growth,FY2018-19 actual; deterministic structural changes thereafter,with_income,central_gdp,GDP PC model: 1.03% growth,FY2018-19 actual anchor
2046,44.3384842896788,central_gdp,GDP PC model: 1.03% growth,FY2018-19 actual; deterministic structural changes thereafter,with_income,central_gdp,GDP PC model: 1.03% growth,FY2018-19 actual anchor
2047,44.3855276427872,central_gdp,GDP PC model: 1.03% growth,FY2018-19 actual; deterministic structural changes thereafter,with_income,central_gdp,GDP PC model: 1.03% growth,FY2018-19 actual anchor
2048,44.4303488513228,central_gdp,GDP PC model: 1.03% growth,FY2018-19 actual; deterministic structural changes thereafter,with_income,central_gdp,GDP PC model: 1.03% growth,FY2018-19 actual anchor
2049,44.4729877589158,central_gdp,GDP PC model: 1.03% growth,FY2018-19 actual; deterministic structural changes thereafter,with_income,central_gdp,GDP PC model: 1.03% growth,FY2018-19 actual anchor
2050,44.5134831471007,central_gdp,GDP PC model: 1.03% growth,FY2018-19 actual; deterministic structural changes thereafter,with_income,central_gdp,GDP PC model: 1.03% growth,FY2018-19 actual anchor
2051,44.551872772734,central_gdp,GDP PC model: 1.03% growth,FY2018-19 actual; deterministic structural changes thereafter,with_income,central_gdp,GDP PC model: 1.03% growth,FY2018-19 actual anchor
2052,44.5881934037778,central_gdp,GDP PC model: 1.03% growth,FY2018-19 actual; deterministic structural changes thereafter,with_income,central_gdp,GDP PC model: 1.03% growth,FY2018-19 actual anchor
2053,44.6224808535338,central_gdp,GDP PC model: 1.03% growth,FY2018-19 actual; deterministic structural changes thereafter,with_income,central_gdp,GDP PC model: 1.03% growth,FY2018-19 actual anchor
2054,44.65477001341,central_gdp,GDP PC model: 1.03% growth,FY2018-19 actual; deterministic structural changes thereafter,with_income,central_gdp,GDP PC model: 1.03% growth,FY2018-19 actual anchor
2055,44.6850948842948,central_gdp,GDP PC model: 1.03% growth,FY2018-19 actual; deterministic structural changes thereafter,with_income,central_gdp,GDP PC model: 1.03% growth,FY2018-19 actual anchor
2056,44.7134886066026,central_gdp,GDP PC model: 1.03% growth,FY2018-19 actual; deterministic structural changes thereafter,with_income,central_gdp,GDP PC model: 1.03% growth,FY2018-19 actual anchor
2057,44.73998348907,central_gdp,GDP PC model: 1.03% growth,FY2018-19 actual; deterministic structural changes thereafter,with_income,central_gdp,GDP PC model: 1.03% growth,FY2018-19 actual anchor
2058,44.7646110363508,central_gdp,GDP PC model: 1.03% growth,FY2018-19 actual; deterministic structural changes thereafter,with_income,central_gdp,GDP PC model: 1.03% growth,FY2018-19 actual anchor
2059,44.7874019754797,central_gdp,GDP PC model: 1.03% growth,FY2018-19 actual; deterministic structural changes thereafter,with_income,central_gdp,GDP PC model: 1.03% growth,FY2018-19 actual anchor
2060,44.8083862812565,central_gdp,GDP PC model: 1.03% growth,FY2018-19 actual; deterministic structural changes thereafter,with_income,central_gdp,GDP PC model: 1.03% growth,FY2018-19 actual anchor
2061,44.8275932005994,central_gdp,GDP PC model: 1.03% growth,FY2018-19 actual; deterministic structural changes thereafter,with_income,central_gdp,GDP PC model: 1.03% growth,FY2018-19 actual anchor
2062,44.8450512759239,central_gdp,GDP PC model: 1.03% growth,FY2018-19 actual; deterministic structural changes thereafter,with_income,central_gdp,GDP PC model: 1.03% growth,FY2018-19 actual anchor
2063,44.8607883675906,central_gdp,GDP PC model: 1.03% growth,FY2018-19 actual; deterministic structural changes thereafter,with_income,central_gdp,GDP PC model: 1.03% growth,FY2018-19 actual anchor
2064,44.8748316754633,central_gdp,GDP PC model: 1.03% growth,FY2018-19 actual; deterministic structural changes thereafter,with_income,central_gdp,GDP PC model: 1.03% growth,FY2018-19 actual anchor
2065,44.8872077596236,central_gdp,GDP PC model: 1.03% growth,FY2018-19 actual; deterministic structural changes thereafter,with_income,central_gdp,GDP PC model: 1.03% growth,FY2018-19 actual anchor
2066,44.8979425602823,central_gdp,GDP PC model: 1.03% growth,FY2018-19 actual; deterministic structural changes thereafter,with_income,central_gdp,GDP PC model: 1.03% growth,FY2018-19 actual anchor
2019,34.0792684143503,midpoint_gdp,GDP PC model: 0.56% growth,FY2018-19 actual; deterministic structural changes thereafter,with_income,midpoint_gdp,GDP PC model: 0.56% growth,FY2018-19 actual anchor
2020,35.0930481601006,midpoint_gdp,GDP PC model: 0.56% growth,FY2018-19 actual; deterministic structural changes thereafter,with_income,midpoint_gdp,GDP PC model: 0.56% growth,FY2018-19 actual anchor
2021,34.729861993155,midpoint_gdp,GDP PC model: 0.56% growth,FY2018-19 actual; deterministic structural changes thereafter,with_income,midpoint_gdp,GDP PC model: 0.56% growth,FY2018-19 actual anchor
2022,33.5299356308699,midpoint_gdp,GDP PC model: 0.56% growth,FY2018-19 actual; deterministic structural changes thereafter,with_income,midpoint_gdp,GDP PC model: 0.56% growth,FY2018-19 actual anchor
2023,33.5175094780269,midpoint_gdp,GDP PC model: 0.56% growth,FY2018-19 actual; deterministic structural changes thereafter,with_income,midpoint_gdp,GDP PC model: 0.56% growth,FY2018-19 actual anchor
2024,35.3350659648415,midpoint_gdp,GDP PC model: 0.56% growth,FY2018-19 actual; deterministic structural changes thereafter,with_income,midpoint_gdp,GDP PC model: 0.56% growth,FY2018-19 actual anchor
2025,36.7220588322163,midpoint_gdp,GDP PC model: 0.56% growth,FY2018-19 actual; deterministic structural changes thereafter,with_income,midpoint_gdp,GDP PC model: 0.56% growth,FY2018-19 actual anchor
2026,37.3451225382808,midpoint_gdp,GDP PC model: 0.56% growth,FY2018-19 actual; deterministic structural changes thereafter,with_income,midpoint_gdp,GDP PC model: 0.56% growth,FY2018-19 actual anchor
2027,38.2639562170637,midpoint_gdp,GDP PC model: 0.56% growth,FY2018-19 actual; deterministic structural changes thereafter,with_income,midpoint_gdp,GDP PC model: 0.56% growth,FY2018-19 actual anchor
2028,39.5054234903389,midpoint_gdp,GDP PC model: 0.56% growth,FY2018-19 actual; deterministic structural changes thereafter,with_income,midpoint_gdp,GDP PC model: 0.56% growth,FY2018-19 actual anchor
2029,40.2297092979415,midpoint_gdp,GDP PC model: 0.56% growth,FY2018-19 actual; deterministic structural changes thereafter,with_income,midpoint_gdp,GDP PC model: 0.56% growth,FY2018-19 actual anchor
2030,40.7077734726485,midpoint_gdp,GDP PC model: 0.56% growth,FY2018-19 actual; deterministic structural changes thereafter,with_income,midpoint_gdp,GDP PC model: 0.56% growth,FY2018-19 actual anchor
2031,41.5129865231686,midpoint_gdp,GDP PC model: 0.56% growth,FY2018-19 actual; deterministic structural changes thereafter,with_income,midpoint_gdp,GDP PC model: 0.56% growth,FY2018-19 actual anchor
2032,42.2452132448003,midpoint_gdp,GDP PC model: 0.56% growth,FY2018-19 actual; deterministic structural changes thereafter,with_income,midpoint_gdp,GDP PC model: 0.56% growth,FY2018-19 actual anchor
2033,42.9062776971193,midpoint_gdp,GDP PC model: 0.56% growth,FY2018-19 actual; deterministic structural changes thereafter,with_income,midpoint_gdp,GDP PC model: 0.56% growth,FY2018-19 actual anchor
2034,43.5155716251846,midpoint_gdp,GDP PC model: 0.56% growth,FY2018-19 actual; deterministic structural changes thereafter,with_income,midpoint_gdp,GDP PC model: 0.56% growth,FY2018-19 actual anchor
2035,44.0743949452263,midpoint_gdp,GDP PC model: 0.56% growth,FY2018-19 actual; deterministic structural changes thereafter,with_income,midpoint_gdp,GDP PC model: 0.56% growth,FY2018-19 actual anchor
2036,44.6392631016266,midpoint_gdp,GDP PC model: 0.56% growth,FY2018-19 actual; deterministic structural changes thereafter,with_income,midpoint_gdp,GDP PC model: 0.56% growth,FY2018-19 actual anchor
2037,44.8342758229248,midpoint_gdp,GDP PC model: 0.56% growth,FY2018-19 actual; deterministic structural changes thereafter,with_income,midpoint_gdp,GDP PC model: 0.56% growth,FY2018-19 actual anchor
2038,45.0265999485186,midpoint_gdp,GDP PC model: 0.56% growth,FY2018-19 actual; deterministic structural changes thereafter,with_income,midpoint_gdp,GDP PC model: 0.56% growth,FY2018-19 actual anchor
2039,45.2162884332006,midpoint_gdp,GDP PC model: 0.56% growth,FY2018-19 actual; deterministic structural changes thereafter,with_income,midpoint_gdp,GDP PC model: 0.56% growth,FY2018-19 actual anchor
2040,45.4033926825056,midpoint_gdp,GDP PC model: 0.56% growth,FY2018-19 actual; deterministic structural changes thereafter,with_income,midpoint_gdp,GDP PC model: 0.56% growth,FY2018-19 actual anchor
2041,45.587962612562,midpoint_gdp,GDP PC model: 0.56% growth,FY2018-19 actual; deterministic structural changes thereafter,with_income,midpoint_gdp,GDP PC model: 0.56% growth,FY2018-19 actual anchor
2042,45.7700467070784,midpoint_gdp,GDP PC model: 0.56% growth,FY2018-19 actual; deterministic structural changes thereafter,with_income,midpoint_gdp,GDP PC model: 0.56% growth,FY2018-19 actual anchor
2043,45.9496920716327,midpoint_gdp,GDP PC model: 0.56% growth,FY2018-19 actual; deterministic structural changes thereafter,with_income,midpoint_gdp,GDP PC model: 0.56% growth,FY2018-19 actual anchor
2044,46.1269444854134,midpoint_gdp,GDP PC model: 0.56% growth,FY2018-19 actual; deterministic structural changes thereafter,with_income,midpoint_gdp,GDP PC model: 0.56% growth,FY2018-19 actual anchor
2045,46.3018484505535,midpoint_gdp,GDP PC model: 0.56% growth,FY2018-19 actual; deterministic structural changes thereafter,with_income,midpoint_gdp,GDP PC model: 0.56% growth,FY2018-19 actual anchor
2046,46.4744472391937,midpoint_gdp,GDP PC model: 0.56% growth,FY2018-19 actual; deterministic structural changes thereafter,with_income,midpoint_gdp,GDP PC model: 0.56% growth,FY2018-19 actual anchor
2047,46.6447829383953,midpoint_gdp,GDP PC model: 0.56% growth,FY2018-19 actual; deterministic structural changes thereafter,with_income,midpoint_gdp,GDP PC model: 0.56% growth,FY2018-19 actual anchor
2048,46.8128964930239,midpoint_gdp,GDP PC model: 0.56% growth,FY2018-19 actual; deterministic structural changes thereafter,with_income,midpoint_gdp,GDP PC model: 0.56% growth,FY2018-19 actual anchor
2049,46.9788277467099,midpoint_gdp,GDP PC model: 0.56% growth,FY2018-19 actual; deterministic structural changes thereafter,with_income,midpoint_gdp,GDP PC model: 0.56% growth,FY2018-19 actual anchor
2050,47.1426154809879,midpoint_gdp,GDP PC model: 0.56% growth,FY2018-19 actual; deterministic structural changes thereafter,with_income,midpoint_gdp,GDP PC model: 0.56% growth,FY2018-19 actual anchor
2051,47.3042974527141,midpoint_gdp,GDP PC model: 0.56% growth,FY2018-19 actual; deterministic structural changes thereafter,with_income,midpoint_gdp,GDP PC model: 0.56% growth,FY2018-19 actual anchor
2052,47.463910429851,midpoint_gdp,GDP PC model: 0.56% growth,FY2018-19 actual; deterministic structural changes thereafter,with_income,midpoint_gdp,GDP PC model: 0.56% growth,FY2018-19 actual anchor
2053,47.6214902257,midpoint_gdp,GDP PC model: 0.56% growth,FY2018-19 actual; deterministic structural changes thereafter,with_income,midpoint_gdp,GDP PC model: 0.56% growth,FY2018-19 actual anchor
2054,47.7770717316693,midpoint_gdp,GDP PC model: 0.56% growth,FY2018-19 actual; deterministic structural changes thereafter,with_income,midpoint_gdp,GDP PC model: 0.56% growth,FY2018-19 actual anchor
2055,47.9306889486471,midpoint_gdp,GDP PC model: 0.56% growth,FY2018-19 actual; deterministic structural changes thereafter,with_income,midpoint_gdp,GDP PC model: 0.56% growth,FY2018-19 actual anchor
2056,48.0823750170479,midpoint_gdp,GDP PC model: 0.56% growth,FY2018-19 actual; deterministic structural changes thereafter,with_income,midpoint_gdp,GDP PC model: 0.56% growth,FY2018-19 actual anchor
2057,48.2321622456084,midpoint_gdp,GDP PC model: 0.56% growth,FY2018-19 actual; deterministic structural changes thereafter,with_income,midpoint_gdp,GDP PC model: 0.56% growth,FY2018-19 actual anchor
2058,48.3800821389822,midpoint_gdp,GDP PC model: 0.56% growth,FY2018-19 actual; deterministic structural changes thereafter,with_income,midpoint_gdp,GDP PC model: 0.56% growth,FY2018-19 actual anchor
2059,48.5261654242042,midpoint_gdp,GDP PC model: 0.56% growth,FY2018-19 actual; deterministic structural changes thereafter,with_income,midpoint_gdp,GDP PC model: 0.56% growth,FY2018-19 actual anchor
2060,48.670442076074,midpoint_gdp,GDP PC model: 0.56% growth,FY2018-19 actual; deterministic structural changes thereafter,with_income,midpoint_gdp,GDP PC model: 0.56% growth,FY2018-19 actual anchor
2061,48.81294134151,midpoint_gdp,GDP PC model: 0.56% growth,FY2018-19 actual; deterministic structural changes thereafter,with_income,midpoint_gdp,GDP PC model: 0.56% growth,FY2018-19 actual anchor
2062,48.9536917629274,midpoint_gdp,GDP PC model: 0.56% growth,FY2018-19 actual; deterministic structural changes thereafter,with_income,midpoint_gdp,GDP PC model: 0.56% growth,FY2018-19 actual anchor
2063,49.0927212006871,midpoint_gdp,GDP PC model: 0.56% growth,FY2018-19 actual; deterministic structural changes thereafter,with_income,midpoint_gdp,GDP PC model: 0.56% growth,FY2018-19 actual anchor
2064,49.2300568546529,midpoint_gdp,GDP PC model: 0.56% growth,FY2018-19 actual; deterministic structural changes thereafter,with_income,midpoint_gdp,GDP PC model: 0.56% growth,FY2018-19 actual anchor
2065,49.3657252849063,midpoint_gdp,GDP PC model: 0.56% growth,FY2018-19 actual; deterministic structural changes thereafter,with_income,midpoint_gdp,GDP PC model: 0.56% growth,FY2018-19 actual anchor
2066,49.4997524316579,midpoint_gdp,GDP PC model: 0.56% growth,FY2018-19 actual; deterministic structural changes thereafter,with_income,midpoint_gdp,GDP PC model: 0.56% growth,FY2018-19 actual anchor
2019,34.0792684143503,pressure_gdp,GDP PC model: 0.10% growth,FY2018-19 actual; deterministic structural changes thereafter,with_income,pressure_gdp,GDP PC model: 0.10% growth,FY2018-19 actual anchor
2020,35.0930481601006,pressure_gdp,GDP PC model: 0.10% growth,FY2018-19 actual; deterministic structural changes thereafter,with_income,pressure_gdp,GDP PC model: 0.10% growth,FY2018-19 actual anchor
2021,34.729861993155,pressure_gdp,GDP PC model: 0.10% growth,FY2018-19 actual; deterministic structural changes thereafter,with_income,pressure_gdp,GDP PC model: 0.10% growth,FY2018-19 actual anchor
2022,33.5299356308699,pressure_gdp,GDP PC model: 0.10% growth,FY2018-19 actual; deterministic structural changes thereafter,with_income,pressure_gdp,GDP PC model: 0.10% growth,FY2018-19 actual anchor
2023,33.5175094780269,pressure_gdp,GDP PC model: 0.10% growth,FY2018-19 actual; deterministic structural changes thereafter,with_income,pressure_gdp,GDP PC model: 0.10% growth,FY2018-19 actual anchor
2024,35.3350659648415,pressure_gdp,GDP PC model: 0.10% growth,FY2018-19 actual; deterministic structural changes thereafter,with_income,pressure_gdp,GDP PC model: 0.10% growth,FY2018-19 actual anchor
2025,36.7220588322163,pressure_gdp,GDP PC model: 0.10% growth,FY2018-19 actual; deterministic structural changes thereafter,with_income,pressure_gdp,GDP PC model: 0.10% growth,FY2018-19 actual anchor
2026,37.3775822723511,pressure_gdp,GDP PC model: 0.10% growth,FY2018-19 actual; deterministic structural changes thereafter,with_income,pressure_gdp,GDP PC model: 0.10% growth,FY2018-19 actual anchor
2027,38.329033065887,pressure_gdp,GDP PC model: 0.10% growth,FY2018-19 actual; deterministic structural changes thereafter,with_income,pressure_gdp,GDP PC model: 0.10% growth,FY2018-19 actual anchor
2028,39.6031967179414,pressure_gdp,GDP PC model: 0.10% growth,FY2018-19 actual; deterministic structural changes thereafter,with_income,pressure_gdp,GDP PC model: 0.10% growth,FY2018-19 actual anchor
2029,40.3602186809791,pressure_gdp,GDP PC model: 0.10% growth,FY2018-19 actual; deterministic structural changes thereafter,with_income,pressure_gdp,GDP PC model: 0.10% growth,FY2018-19 actual anchor
2030,40.8710588846749,pressure_gdp,GDP PC model: 0.10% growth,FY2018-19 actual; deterministic structural changes thereafter,with_income,pressure_gdp,GDP PC model: 0.10% growth,FY2018-19 actual anchor
2031,41.7995642812881,pressure_gdp,GDP PC model: 0.10% growth,FY2018-19 actual; deterministic structural changes thereafter,with_income,pressure_gdp,GDP PC model: 0.10% growth,FY2018-19 actual anchor
2032,42.6550833490129,pressure_gdp,GDP PC model: 0.10% growth,FY2018-19 actual; deterministic structural changes thereafter,with_income,pressure_gdp,GDP PC model: 0.10% growth,FY2018-19 actual anchor
2033,43.4394401474249,pressure_gdp,GDP PC model: 0.10% growth,FY2018-19 actual; deterministic structural changes thereafter,with_income,pressure_gdp,GDP PC model: 0.10% growth,FY2018-19 actual anchor
2034,44.1720264215831,pressure_gdp,GDP PC model: 0.10% growth,FY2018-19 actual; deterministic structural changes thereafter,with_income,pressure_gdp,GDP PC model: 0.10% growth,FY2018-19 actual anchor
2035,44.854142087718,pressure_gdp,GDP PC model: 0.10% growth,FY2018-19 actual; deterministic structural changes thereafter,with_income,pressure_gdp,GDP PC model: 0.10% growth,FY2018-19 actual anchor
2036,45.5423025902113,pressure_gdp,GDP PC model: 0.10% growth,FY2018-19 actual; deterministic structural changes thereafter,with_income,pressure_gdp,GDP PC model: 0.10% growth,FY2018-19 actual anchor
2037,45.8606076576026,pressure_gdp,GDP PC model: 0.10% growth,FY2018-19 actual; deterministic structural changes thereafter,with_income,pressure_gdp,GDP PC model: 0.10% growth,FY2018-19 actual anchor
2038,46.1762241292893,pressure_gdp,GDP PC model: 0.10% growth,FY2018-19 actual; deterministic structural changes thereafter,with_income,pressure_gdp,GDP PC model: 0.10% growth,FY2018-19 actual anchor
2039,46.4892049600644,pressure_gdp,GDP PC model: 0.10% growth,FY2018-19 actual; deterministic structural changes thereafter,with_income,pressure_gdp,GDP PC model: 0.10% growth,FY2018-19 actual anchor
2040,46.7996015554623,pressure_gdp,GDP PC model: 0.10% growth,FY2018-19 actual; deterministic structural changes thereafter,with_income,pressure_gdp,GDP PC model: 0.10% growth,FY2018-19 actual anchor
2041,47.1074638316119,pressure_gdp,GDP PC model: 0.10% growth,FY2018-19 actual; deterministic structural changes thereafter,with_income,pressure_gdp,GDP PC model: 0.10% growth,FY2018-19 actual anchor
2042,47.4128402722214,pressure_gdp,GDP PC model: 0.10% growth,FY2018-19 actual; deterministic structural changes thereafter,with_income,pressure_gdp,GDP PC model: 0.10% growth,FY2018-19 actual anchor
2043,47.7157779828686,pressure_gdp,GDP PC model: 0.10% growth,FY2018-19 actual; deterministic structural changes thereafter,with_income,pressure_gdp,GDP PC model: 0.10% growth,FY2018-19 actual anchor
2044,48.0163227427423,pressure_gdp,GDP PC model: 0.10% growth,FY2018-19 actual; deterministic structural changes thereafter,with_income,pressure_gdp,GDP PC model: 0.10% growth,FY2018-19 actual anchor
2045,48.3145190539755,pressure_gdp,GDP PC model: 0.10% growth,FY2018-19 actual; deterministic structural changes thereafter,with_income,pressure_gdp,GDP PC model: 0.10% growth,FY2018-19 actual anchor
2046,48.6104101887087,pressure_gdp,GDP PC model: 0.10% growth,FY2018-19 actual; deterministic structural changes thereafter,with_income,pressure_gdp,GDP PC model: 0.10% growth,FY2018-19 actual anchor
2047,48.9040382340033,pressure_gdp,GDP PC model: 0.10% growth,FY2018-19 actual; deterministic structural changes thereafter,with_income,pressure_gdp,GDP PC model: 0.10% growth,FY2018-19 actual anchor
2048,49.195444134725,pressure_gdp,GDP PC model: 0.10% growth,FY2018-19 actual; deterministic structural changes thereafter,with_income,pressure_gdp,GDP PC model: 0.10% growth,FY2018-19 actual anchor
2049,49.484667734504,pressure_gdp,GDP PC model: 0.10% growth,FY2018-19 actual; deterministic structural changes thereafter,with_income,pressure_gdp,GDP PC model: 0.10% growth,FY2018-19 actual anchor
2050,49.7717478148751,pressure_gdp,GDP PC model: 0.10% growth,FY2018-19 actual; deterministic structural changes thereafter,with_income,pressure_gdp,GDP PC model: 0.10% growth,FY2018-19 actual anchor
2051,50.0567221326942,pressure_gdp,GDP PC model: 0.10% growth,FY2018-19 actual; deterministic structural changes thereafter,with_income,pressure_gdp,GDP PC model: 0.10% growth,FY2018-19 actual anchor
2052,50.3396274559242,pressure_gdp,GDP PC model: 0.10% growth,FY2018-19 actual; deterministic structural changes thereafter,with_income,pressure_gdp,GDP PC model: 0.10% growth,FY2018-19 actual anchor
2053,50.6204995978662,pressure_gdp,GDP PC model: 0.10% growth,FY2018-19 actual; deterministic structural changes thereafter,with_income,pressure_gdp,GDP PC model: 0.10% growth,FY2018-19 actual anchor
2054,50.8993734499285,pressure_gdp,GDP PC model: 0.10% growth,FY2018-19 actual; deterministic structural changes thereafter,with_income,pressure_gdp,GDP PC model: 0.10% growth,FY2018-19 actual anchor
2055,51.1762830129995,pressure_gdp,GDP PC model: 0.10% growth,FY2018-19 actual; deterministic structural changes thereafter,with_income,pressure_gdp,GDP PC model: 0.10% growth,FY2018-19 actual anchor
2056,51.4512614274932,pressure_gdp,GDP PC model: 0.10% growth,FY2018-19 actual; deterministic structural changes thereafter,with_income,pressure_gdp,GDP PC model: 0.10% growth,FY2018-19 actual anchor
2057,51.7243410021467,pressure_gdp,GDP PC model: 0.10% growth,FY2018-19 actual; deterministic structural changes thereafter,with_income,pressure_gdp,GDP PC model: 0.10% growth,FY2018-19 actual anchor
2058,51.9955532416136,pressure_gdp,GDP PC model: 0.10% growth,FY2018-19 actual; deterministic structural changes thereafter,with_income,pressure_gdp,GDP PC model: 0.10% growth,FY2018-19 actual anchor
2059,52.2649288729286,pressure_gdp,GDP PC model: 0.10% growth,FY2018-19 actual; deterministic structural changes thereafter,with_income,pressure_gdp,GDP PC model: 0.10% growth,FY2018-19 actual anchor
2060,52.5324978708915,pressure_gdp,GDP PC model: 0.10% growth,FY2018-19 actual; deterministic structural changes thereafter,with_income,pressure_gdp,GDP PC model: 0.10% growth,FY2018-19 actual anchor
2061,52.7982894824206,pressure_gdp,GDP PC model: 0.10% growth,FY2018-19 actual; deterministic structural changes thereafter,with_income,pressure_gdp,GDP PC model: 0.10% growth,FY2018-19 actual anchor
2062,53.0623322499309,pressure_gdp,GDP PC model: 0.10% growth,FY2018-19 actual; deterministic structural changes thereafter,with_income,pressure_gdp,GDP PC model: 0.10% growth,FY2018-19 actual anchor
2063,53.3246540337837,pressure_gdp,GDP PC model: 0.10% growth,FY2018-19 actual; deterministic structural changes thereafter,with_income,pressure_gdp,GDP PC model: 0.10% growth,FY2018-19 actual anchor
2064,53.5852820338425,pressure_gdp,GDP PC model: 0.10% growth,FY2018-19 actual; deterministic structural changes thereafter,with_income,pressure_gdp,GDP PC model: 0.10% growth,FY2018-19 actual anchor
2065,53.8442428101889,pressure_gdp,GDP PC model: 0.10% growth,FY2018-19 actual; deterministic structural changes thereafter,with_income,pressure_gdp,GDP PC model: 0.10% growth,FY2018-19 actual anchor
2066,54.1015623030335,pressure_gdp,GDP PC model: 0.10% growth,FY2018-19 actual; deterministic structural changes thereafter,with_income,pressure_gdp,GDP PC model: 0.10% growth,FY2018-19 actual anchor
2019,34.0792684143503,no_income,Model excluding GDP PC,FY2018-19 actual; deterministic structural changes thereafter,no_income,no_income,Model excluding GDP PC,FY2018-19 actual anchor
2020,33.8169203699233,no_income,Model excluding GDP PC,FY2018-19 actual; deterministic structural changes thereafter,no_income,no_income,Model excluding GDP PC,FY2018-19 actual anchor
2021,32.8038955396154,no_income,Model excluding GDP PC,FY2018-19 actual; deterministic structural changes thereafter,no_income,no_income,Model excluding GDP PC,FY2018-19 actual anchor
2022,31.2279544587353,no_income,Model excluding GDP PC,FY2018-19 actual; deterministic structural changes thereafter,no_income,no_income,Model excluding GDP PC,FY2018-19 actual anchor
2023,30.7946864682916,no_income,Model excluding GDP PC,FY2018-19 actual; deterministic structural changes thereafter,no_income,no_income,Model excluding GDP PC,FY2018-19 actual anchor
2024,31.5528791083626,no_income,Model excluding GDP PC,FY2018-19 actual; deterministic structural changes thereafter,no_income,no_income,Model excluding GDP PC,FY2018-19 actual anchor
2025,31.851078519628,no_income,Model excluding GDP PC,FY2018-19 actual; deterministic structural changes thereafter,no_income,no_income,Model excluding GDP PC,FY2018-19 actual anchor
2026,31.8106567968234,no_income,Model excluding GDP PC,FY2018-19 actual; deterministic structural changes thereafter,no_income,no_income,Model excluding GDP PC,FY2018-19 actual anchor
2027,31.7303662169343,no_income,Model excluding GDP PC,FY2018-19 actual; deterministic structural changes thereafter,no_income,no_income,Model excluding GDP PC,FY2018-19 actual anchor
2028,31.6553090440621,no_income,Model excluding GDP PC,FY2018-19 actual; deterministic structural changes thereafter,no_income,no_income,Model excluding GDP PC,FY2018-19 actual anchor
2029,31.5886323330491,no_income,Model excluding GDP PC,FY2018-19 actual; deterministic structural changes thereafter,no_income,no_income,Model excluding GDP PC,FY2018-19 actual anchor
2030,31.5364092042264,no_income,Model excluding GDP PC,FY2018-19 actual; deterministic structural changes thereafter,no_income,no_income,Model excluding GDP PC,FY2018-19 actual anchor
2031,31.5069134676097,no_income,Model excluding GDP PC,FY2018-19 actual; deterministic structural changes thereafter,no_income,no_income,Model excluding GDP PC,FY2018-19 actual anchor
2032,31.46645428348,no_income,Model excluding GDP PC,FY2018-19 actual; deterministic structural changes thereafter,no_income,no_income,Model excluding GDP PC,FY2018-19 actual anchor
2033,31.3782406539517,no_income,Model excluding GDP PC,FY2018-19 actual; deterministic structural changes thereafter,no_income,no_income,Model excluding GDP PC,FY2018-19 actual anchor
2034,31.2680486530611,no_income,Model excluding GDP PC,FY2018-19 actual; deterministic structural changes thereafter,no_income,no_income,Model excluding GDP PC,FY2018-19 actual anchor
2035,31.1497002921253,no_income,Model excluding GDP PC,FY2018-19 actual; deterministic structural changes thereafter,no_income,no_income,Model excluding GDP PC,FY2018-19 actual anchor
2036,30.9946584274888,no_income,Model excluding GDP PC,FY2018-19 actual; deterministic structural changes thereafter,no_income,no_income,Model excluding GDP PC,FY2018-19 actual anchor
2037,30.9097651071219,no_income,Model excluding GDP PC,FY2018-19 actual; deterministic structural changes thereafter,no_income,no_income,Model excluding GDP PC,FY2018-19 actual anchor
2038,30.824871786755,no_income,Model excluding GDP PC,FY2018-19 actual; deterministic structural changes thereafter,no_income,no_income,Model excluding GDP PC,FY2018-19 actual anchor
2039,30.7399784663881,no_income,Model excluding GDP PC,FY2018-19 actual; deterministic structural changes thereafter,no_income,no_income,Model excluding GDP PC,FY2018-19 actual anchor
2040,30.6550851460213,no_income,Model excluding GDP PC,FY2018-19 actual; deterministic structural changes thereafter,no_income,no_income,Model excluding GDP PC,FY2018-19 actual anchor
2041,30.5701918256544,no_income,Model excluding GDP PC,FY2018-19 actual; deterministic structural changes thereafter,no_income,no_income,Model excluding GDP PC,FY2018-19 actual anchor
2042,30.4852985052875,no_income,Model excluding GDP PC,FY2018-19 actual; deterministic structural changes thereafter,no_income,no_income,Model excluding GDP PC,FY2018-19 actual anchor
2043,30.4004051849206,no_income,Model excluding GDP PC,FY2018-19 actual; deterministic structural changes thereafter,no_income,no_income,Model excluding GDP PC,FY2018-19 actual anchor
2044,30.3155118645537,no_income,Model excluding GDP PC,FY2018-19 actual; deterministic structural changes thereafter,no_income,no_income,Model excluding GDP PC,FY2018-19 actual anchor
2045,30.2306185441869,no_income,Model excluding GDP PC,FY2018-19 actual; deterministic structural changes thereafter,no_income,no_income,Model excluding GDP PC,FY2018-19 actual anchor
2046,30.14572522382,no_income,Model excluding GDP PC,FY2018-19 actual; deterministic structural changes thereafter,no_income,no_income,Model excluding GDP PC,FY2018-19 actual anchor
2047,30.0608319034531,no_income,Model excluding GDP PC,FY2018-19 actual; deterministic structural changes thereafter,no_income,no_income,Model excluding GDP PC,FY2018-19 actual anchor
2048,29.9759385830863,no_income,Model excluding GDP PC,FY2018-19 actual; deterministic structural changes thereafter,no_income,no_income,Model excluding GDP PC,FY2018-19 actual anchor
2049,29.8910452627193,no_income,Model excluding GDP PC,FY2018-19 actual; deterministic structural changes thereafter,no_income,no_income,Model excluding GDP PC,FY2018-19 actual anchor
2050,29.8061519423524,no_income,Model excluding GDP PC,FY2018-19 actual; deterministic structural changes thereafter,no_income,no_income,Model excluding GDP PC,FY2018-19 actual anchor
2051,29.7212586219856,no_income,Model excluding GDP PC,FY2018-19 actual; deterministic structural changes thereafter,no_income,no_income,Model excluding GDP PC,FY2018-19 actual anchor
2052,29.6363653016187,no_income,Model excluding GDP PC,FY2018-19 actual; deterministic structural changes thereafter,no_income,no_income,Model excluding GDP PC,FY2018-19 actual anchor
2053,29.5514719812518,no_income,Model excluding GDP PC,FY2018-19 actual; deterministic structural changes thereafter,no_income,no_income,Model excluding GDP PC,FY2018-19 actual anchor
2054,29.466578660885,no_income,Model excluding GDP PC,FY2018-19 actual; deterministic structural changes thereafter,no_income,no_income,Model excluding GDP PC,FY2018-19 actual anchor
2055,29.3816853405181,no_income,Model excluding GDP PC,FY2018-19 actual; deterministic structural changes thereafter,no_income,no_income,Model excluding GDP PC,FY2018-19 actual anchor
2056,29.2967920201512,no_income,Model excluding GDP PC,FY2018-19 actual; deterministic structural changes thereafter,no_income,no_income,Model excluding GDP PC,FY2018-19 actual anchor
2057,29.2118986997843,no_income,Model excluding GDP PC,FY2018-19 actual; deterministic structural changes thereafter,no_income,no_income,Model excluding GDP PC,FY2018-19 actual anchor
2058,29.1270053794174,no_income,Model excluding GDP PC,FY2018-19 actual; deterministic structural changes thereafter,no_income,no_income,Model excluding GDP PC,FY2018-19 actual anchor
2059,29.0421120590506,no_income,Model excluding GDP PC,FY2018-19 actual; deterministic structural changes thereafter,no_income,no_income,Model excluding GDP PC,FY2018-19 actual anchor
2060,28.9572187386837,no_income,Model excluding GDP PC,FY2018-19 actual; deterministic structural changes thereafter,no_income,no_income,Model excluding GDP PC,FY2018-19 actual anchor
2061,28.8723254183168,no_income,Model excluding GDP PC,FY2018-19 actual; deterministic structural changes thereafter,no_income,no_income,Model excluding GDP PC,FY2018-19 actual anchor
2062,28.78743209795,no_income,Model excluding GDP PC,FY2018-19 actual; deterministic structural changes thereafter,no_income,no_income,Model excluding GDP PC,FY2018-19 actual anchor
2063,28.702538777583,no_income,Model excluding GDP PC,FY2018-19 actual; deterministic structural changes thereafter,no_income,no_income,Model excluding GDP PC,FY2018-19 actual anchor
2064,28.6176454572161,no_income,Model excluding GDP PC,FY2018-19 actual; deterministic structural changes thereafter,no_income,no_income,Model excluding GDP PC,FY2018-19 actual anchor
2065,28.5327521368493,no_income,Model excluding GDP PC,FY2018-19 actual; deterministic structural changes thereafter,no_income,no_income,Model excluding GDP PC,FY2018-19 actual anchor
2066,28.4478588164824,no_income,Model excluding GDP PC,FY2018-19 actual; deterministic structural changes thereafter,no_income,no_income,Model excluding GDP PC,FY2018-19 actual anchor
