mean,sd,min,max
-0.000585732468774188,0.00597460338155704,-0.0130107404179254,0.0136533770367089
