component,root,modulus,near_unit_circle
AR,1,1.19792865760196,FALSE
AR,2,1.19792865760196,FALSE
MA,1,1.0000139688797,TRUE
MA,2,1.0000139688797,TRUE
