lag,statistic,p_value
4,0.833891368928429,0
8,8.36010755971773,0.0792428301643957
12,11.4473046357883,0.177619037032828
