feature,r_squared,vif
d_tot,0.474381381420733,1.90252012514886
d_rp_g,0.491647488298127,1.96713889865947
d_unemp,0.109111318866434,1.12247469428796
