feature,d_tot,d_rp_g,d_unemp
d_tot,1,-0.686717637539579,-0.271928228947245
d_rp_g,-0.686717637539579,1,0.323055801533835
d_unemp,-0.271928228947245,0.323055801533835,1
