mean,sd,min,max
0.000303845441302828,0.00460536496261689,-0.0101437476297458,0.0117260724131496
