lag,statistic,p_value
4,2.29840723458895,0
8,3.43200678924348,0.488291881029752
12,6.45654368834693,0.596231761473441
