component,root,modulus,near_unit_circle
AR,1,1.10938648753564,FALSE
AR,2,1.10938648753564,FALSE
MA,1,1.00001715163479,TRUE
MA,2,1.00001715163479,TRUE
